payment_id,amount,payment_method,failure_reason,attempt_number,customer_success_rate,action,recovery_success,simulated_probability
pay_009367,1396.24,WALLET,INSUFFICIENT_FUNDS,1,0.507,RETRY,0,0.2535
pay_009367,1396.24,WALLET,INSUFFICIENT_FUNDS,1,0.507,SEND_REMINDER,1,0.5535000000000001
pay_000580,4514.29,WALLET,INSUFFICIENT_FUNDS,2,0.926,RETRY,1,0.393
pay_000580,4514.29,WALLET,INSUFFICIENT_FUNDS,2,0.926,SEND_REMINDER,1,0.6930000000000001
pay_006722,4311.77,WALLET,CARD_EXPIRED,1,0.564,RETRY,0,0.132
pay_006722,4311.77,WALLET,CARD_EXPIRED,1,0.564,SEND_REMINDER,1,0.6519999999999999
pay_009010,4529.98,UPI,NETWORK_ERROR,3,0.635,RETRY,0,0.5475
pay_009010,4529.98,UPI,NETWORK_ERROR,3,0.635,SEND_REMINDER,0,0.2775
pay_001999,1586.91,CARD,BANK_ERROR,4,0.658,RETRY,1,0.5190000000000001
pay_001999,1586.91,CARD,BANK_ERROR,4,0.658,SEND_REMINDER,0,0.189
pay_005027,791.89,NETBANKING,FRAUD_SUSPECTED,3,0.635,RETRY,0,0.01
pay_005027,791.89,NETBANKING,FRAUD_SUSPECTED,3,0.635,SEND_REMINDER,0,0.01
pay_008349,2884.5,CARD,INSUFFICIENT_FUNDS,2,0.756,RETRY,0,0.308
pay_008349,2884.5,CARD,INSUFFICIENT_FUNDS,2,0.756,SEND_REMINDER,1,0.6080000000000001
pay_009436,580.62,WALLET,TIMEOUT,4,0.504,RETRY,0,0.37199999999999994
pay_009436,580.62,WALLET,TIMEOUT,4,0.504,SEND_REMINDER,0,0.14200000000000002
pay_002098,767.02,CARD,INSUFFICIENT_FUNDS,1,0.464,RETRY,1,0.232
pay_002098,767.02,CARD,INSUFFICIENT_FUNDS,1,0.464,SEND_REMINDER,1,0.532
pay_001334,5958.54,CARD,INSUFFICIENT_FUNDS,3,0.8,RETRY,0,0.26
pay_001334,5958.54,CARD,INSUFFICIENT_FUNDS,3,0.8,SEND_REMINDER,1,0.56
pay_008781,1004.52,UPI,TIMEOUT,3,0.547,RETRY,0,0.4634999999999999
pay_008781,1004.52,UPI,TIMEOUT,3,0.547,SEND_REMINDER,0,0.23350000000000004
pay_009000,3432.16,NETBANKING,TIMEOUT,2,0.864,RETRY,0,0.692
pay_009000,3432.16,NETBANKING,TIMEOUT,2,0.864,SEND_REMINDER,0,0.462
pay_001817,323.29,NETBANKING,USER_CANCELLED,1,0.502,RETRY,0,0.45100000000000007
pay_001817,323.29,NETBANKING,USER_CANCELLED,1,0.502,SEND_REMINDER,1,0.581
pay_007378,2943.36,NETBANKING,LIMIT_EXCEEDED,2,0.737,RETRY,0,0.2485
pay_007378,2943.36,NETBANKING,LIMIT_EXCEEDED,2,0.737,SEND_REMINDER,1,0.5485
pay_000516,3308.71,NETBANKING,NETWORK_ERROR,4,0.884,RETRY,1,0.6020000000000001
pay_000516,3308.71,NETBANKING,NETWORK_ERROR,4,0.884,SEND_REMINDER,0,0.332
pay_002096,1701.71,WALLET,USER_CANCELLED,3,0.595,RETRY,1,0.35750000000000004
pay_002096,1701.71,WALLET,USER_CANCELLED,3,0.595,SEND_REMINDER,1,0.48749999999999993
pay_005559,1766.27,CARD,USER_CANCELLED,4,0.732,RETRY,0,0.35600000000000004
pay_005559,1766.27,CARD,USER_CANCELLED,4,0.732,SEND_REMINDER,0,0.48599999999999993
pay_003847,4327.26,UPI,NETWORK_ERROR,2,0.974,RETRY,1,0.7869999999999999
pay_003847,4327.26,UPI,NETWORK_ERROR,2,0.974,SEND_REMINDER,1,0.5169999999999999
pay_003360,825.69,UPI,BANK_ERROR,1,0.989,RETRY,1,0.8945000000000001
pay_003360,825.69,UPI,BANK_ERROR,1,0.989,SEND_REMINDER,0,0.5645
pay_008620,6422.71,NETBANKING,INSUFFICIENT_FUNDS,4,0.741,RETRY,0,0.16049999999999998
pay_008620,6422.71,NETBANKING,INSUFFICIENT_FUNDS,4,0.741,SEND_REMINDER,0,0.4605000000000001
pay_002895,2715.18,WALLET,LIMIT_EXCEEDED,3,0.768,RETRY,0,0.194
pay_002895,2715.18,WALLET,LIMIT_EXCEEDED,3,0.768,SEND_REMINDER,1,0.494
pay_007844,1317.87,CARD,USER_CANCELLED,1,0.821,RETRY,1,0.6105
pay_007844,1317.87,CARD,USER_CANCELLED,1,0.821,SEND_REMINDER,1,0.7404999999999999
pay_001160,1394.28,UPI,CARD_EXPIRED,1,0.562,RETRY,0,0.13100000000000006
pay_001160,1394.28,UPI,CARD_EXPIRED,1,0.562,SEND_REMINDER,1,0.651
pay_008745,9330.07,NETBANKING,INSUFFICIENT_FUNDS,2,0.733,RETRY,0,0.2965
pay_008745,9330.07,NETBANKING,INSUFFICIENT_FUNDS,2,0.733,SEND_REMINDER,0,0.5965
pay_002167,945.12,CARD,BANK_ERROR,1,0.707,RETRY,1,0.7535000000000001
pay_002167,945.12,CARD,BANK_ERROR,1,0.707,SEND_REMINDER,0,0.4235
pay_009990,975.89,CARD,USER_CANCELLED,3,0.743,RETRY,1,0.4315000000000001
pay_009990,975.89,CARD,USER_CANCELLED,3,0.743,SEND_REMINDER,0,0.5615
pay_004630,2540.86,WALLET,USER_CANCELLED,4,0.785,RETRY,0,0.3825
pay_004630,2540.86,WALLET,USER_CANCELLED,4,0.785,SEND_REMINDER,0,0.5125
pay_008655,3375.04,NETBANKING,CARD_EXPIRED,3,0.658,RETRY,0,0.039000000000000035
pay_008655,3375.04,NETBANKING,CARD_EXPIRED,3,0.658,SEND_REMINDER,1,0.559
pay_008937,819.9,CARD,NETWORK_ERROR,2,0.776,RETRY,1,0.688
pay_008937,819.9,CARD,NETWORK_ERROR,2,0.776,SEND_REMINDER,0,0.41800000000000004
pay_006582,2199.6,WALLET,CARD_EXPIRED,3,0.466,RETRY,0,0.01
pay_006582,2199.6,WALLET,CARD_EXPIRED,3,0.466,SEND_REMINDER,0,0.46299999999999997
pay_008831,1331.08,CARD,TIMEOUT,1,0.716,RETRY,1,0.688
pay_008831,1331.08,CARD,TIMEOUT,1,0.716,SEND_REMINDER,0,0.458
pay_003784,707.84,CARD,BANK_ERROR,3,0.695,RETRY,0,0.6075
pay_003784,707.84,CARD,BANK_ERROR,3,0.695,SEND_REMINDER,0,0.27749999999999997
pay_009991,5692.47,WALLET,TIMEOUT,1,0.677,RETRY,0,0.6685
pay_009991,5692.47,WALLET,TIMEOUT,1,0.677,SEND_REMINDER,1,0.43850000000000006
pay_009424,1982.03,CARD,LIMIT_EXCEEDED,3,0.832,RETRY,0,0.22599999999999998
pay_009424,1982.03,CARD,LIMIT_EXCEEDED,3,0.832,SEND_REMINDER,1,0.5259999999999999
pay_002823,1738.68,WALLET,BANK_ERROR,2,0.775,RETRY,1,0.7175
pay_002823,1738.68,WALLET,BANK_ERROR,2,0.775,SEND_REMINDER,0,0.3875
pay_001901,3157.59,WALLET,NETWORK_ERROR,3,0.517,RETRY,1,0.48850000000000005
pay_001901,3157.59,WALLET,NETWORK_ERROR,3,0.517,SEND_REMINDER,0,0.21850000000000003
pay_003227,918.3,UPI,NETWORK_ERROR,1,0.92,RETRY,1,0.8300000000000001
pay_003227,918.3,UPI,NETWORK_ERROR,1,0.92,SEND_REMINDER,0,0.56
pay_003468,2009.3,CARD,INSUFFICIENT_FUNDS,4,0.871,RETRY,1,0.22549999999999998
pay_003468,2009.3,CARD,INSUFFICIENT_FUNDS,4,0.871,SEND_REMINDER,0,0.5255000000000001
pay_005612,7429.47,UPI,BANK_ERROR,3,0.88,RETRY,1,0.7000000000000001
pay_005612,7429.47,UPI,BANK_ERROR,3,0.88,SEND_REMINDER,1,0.37
pay_002216,2236.58,WALLET,BANK_ERROR,4,0.498,RETRY,1,0.439
pay_002216,2236.58,WALLET,BANK_ERROR,4,0.498,SEND_REMINDER,0,0.10899999999999999
pay_005866,1118.95,CARD,NETWORK_ERROR,2,0.557,RETRY,1,0.5785
pay_005866,1118.95,CARD,NETWORK_ERROR,2,0.557,SEND_REMINDER,0,0.30850000000000005
pay_007344,873.28,NETBANKING,INSUFFICIENT_FUNDS,1,0.921,RETRY,0,0.4605
pay_007344,873.28,NETBANKING,INSUFFICIENT_FUNDS,1,0.921,SEND_REMINDER,1,0.7605000000000001
pay_005237,590.96,UPI,NETWORK_ERROR,3,0.867,RETRY,0,0.6635
pay_005237,590.96,UPI,NETWORK_ERROR,3,0.867,SEND_REMINDER,0,0.39350000000000007
pay_000660,1610.84,CARD,FRAUD_SUSPECTED,1,0.887,RETRY,0,0.10350000000000002
pay_000660,1610.84,CARD,FRAUD_SUSPECTED,1,0.887,SEND_REMINDER,1,0.10350000000000002
pay_008736,1086.26,UPI,LIMIT_EXCEEDED,3,0.649,RETRY,0,0.1345
pay_008736,1086.26,UPI,LIMIT_EXCEEDED,3,0.649,SEND_REMINDER,1,0.4345
pay_004912,5219.83,CARD,FRAUD_SUSPECTED,3,0.853,RETRY,0,0.01
pay_004912,5219.83,CARD,FRAUD_SUSPECTED,3,0.853,SEND_REMINDER,0,0.01
pay_002475,2305.5,NETBANKING,INSUFFICIENT_FUNDS,2,0.707,RETRY,0,0.2835
pay_002475,2305.5,NETBANKING,INSUFFICIENT_FUNDS,2,0.707,SEND_REMINDER,0,0.5834999999999999
pay_009232,3049.65,WALLET,USER_CANCELLED,1,0.765,RETRY,0,0.5825
pay_009232,3049.65,WALLET,USER_CANCELLED,1,0.765,SEND_REMINDER,1,0.7124999999999999
pay_006376,4353.73,UPI,CARD_EXPIRED,1,0.478,RETRY,0,0.08900000000000002
pay_006376,4353.73,UPI,CARD_EXPIRED,1,0.478,SEND_REMINDER,1,0.609
pay_009146,462.28,WALLET,INSUFFICIENT_FUNDS,4,0.535,RETRY,0,0.057499999999999996
pay_009146,462.28,WALLET,INSUFFICIENT_FUNDS,4,0.535,SEND_REMINDER,1,0.3575000000000001
pay_002290,5641.45,CARD,LIMIT_EXCEEDED,4,0.965,RETRY,0,0.22249999999999998
pay_002290,5641.45,CARD,LIMIT_EXCEEDED,4,0.965,SEND_REMINDER,0,0.5225
pay_002471,4265.79,CARD,CARD_EXPIRED,2,0.74,RETRY,1,0.15000000000000002
pay_002471,4265.79,CARD,CARD_EXPIRED,2,0.74,SEND_REMINDER,1,0.6699999999999999
pay_002415,4081.13,UPI,INSUFFICIENT_FUNDS,4,0.526,RETRY,0,0.05299999999999999
pay_002415,4081.13,UPI,INSUFFICIENT_FUNDS,4,0.526,SEND_REMINDER,0,0.35300000000000004
pay_002049,1390.87,WALLET,FRAUD_SUSPECTED,4,0.579,RETRY,0,0.01
pay_002049,1390.87,WALLET,FRAUD_SUSPECTED,4,0.579,SEND_REMINDER,0,0.01
pay_008632,1435.36,UPI,BANK_ERROR,3,0.835,RETRY,0,0.6775
pay_008632,1435.36,UPI,BANK_ERROR,3,0.835,SEND_REMINDER,0,0.3475
pay_003125,1617.25,WALLET,USER_CANCELLED,4,0.487,RETRY,0,0.23350000000000004
pay_003125,1617.25,WALLET,USER_CANCELLED,4,0.487,SEND_REMINDER,1,0.3634999999999999
pay_002238,842.9,WALLET,NETWORK_ERROR,2,0.703,RETRY,1,0.6515
pay_002238,842.9,WALLET,NETWORK_ERROR,2,0.703,SEND_REMINDER,0,0.3815
pay_003043,1130.91,WALLET,USER_CANCELLED,1,0.554,RETRY,1,0.4770000000000001
pay_003043,1130.91,WALLET,USER_CANCELLED,1,0.554,SEND_REMINDER,1,0.607
pay_008447,3078.72,NETBANKING,BANK_ERROR,1,0.736,RETRY,1,0.768
pay_008447,3078.72,NETBANKING,BANK_ERROR,1,0.736,SEND_REMINDER,0,0.438
pay_009681,1315.49,UPI,LIMIT_EXCEEDED,4,0.834,RETRY,1,0.15699999999999997
pay_009681,1315.49,UPI,LIMIT_EXCEEDED,4,0.834,SEND_REMINDER,0,0.457
pay_003758,9261.87,UPI,INSUFFICIENT_FUNDS,4,0.836,RETRY,0,0.20799999999999996
pay_003758,9261.87,UPI,INSUFFICIENT_FUNDS,4,0.836,SEND_REMINDER,1,0.508
pay_000223,3130.69,CARD,NETWORK_ERROR,4,0.513,RETRY,1,0.41650000000000004
pay_000223,3130.69,CARD,NETWORK_ERROR,4,0.513,SEND_REMINDER,0,0.14650000000000002
pay_001969,1547.0,NETBANKING,BANK_ERROR,2,0.85,RETRY,0,0.7549999999999999
pay_001969,1547.0,NETBANKING,BANK_ERROR,2,0.85,SEND_REMINDER,0,0.425
pay_000146,3379.42,NETBANKING,CARD_EXPIRED,2,0.794,RETRY,0,0.17700000000000005
pay_000146,3379.42,NETBANKING,CARD_EXPIRED,2,0.794,SEND_REMINDER,1,0.6970000000000001
pay_003196,401.82,WALLET,USER_CANCELLED,3,0.739,RETRY,0,0.4295000000000001
pay_003196,401.82,WALLET,USER_CANCELLED,3,0.739,SEND_REMINDER,1,0.5595
pay_002152,6830.66,UPI,BANK_ERROR,3,0.821,RETRY,0,0.6705
pay_002152,6830.66,UPI,BANK_ERROR,3,0.821,SEND_REMINDER,1,0.34049999999999997
pay_004062,2260.66,NETBANKING,NETWORK_ERROR,2,0.553,RETRY,0,0.5765
pay_004062,2260.66,NETBANKING,NETWORK_ERROR,2,0.553,SEND_REMINDER,0,0.30650000000000005
pay_009381,1804.81,CARD,LIMIT_EXCEEDED,1,0.828,RETRY,0,0.364
pay_009381,1804.81,CARD,LIMIT_EXCEEDED,1,0.828,SEND_REMINDER,1,0.6639999999999999
pay_007580,576.44,UPI,INSUFFICIENT_FUNDS,2,0.618,RETRY,0,0.239
pay_007580,576.44,UPI,INSUFFICIENT_FUNDS,2,0.618,SEND_REMINDER,1,0.5389999999999999
pay_009566,1963.94,CARD,TIMEOUT,1,0.695,RETRY,1,0.6775
pay_009566,1963.94,CARD,TIMEOUT,1,0.695,SEND_REMINDER,0,0.4475
pay_007396,416.29,NETBANKING,FRAUD_SUSPECTED,4,0.812,RETRY,0,0.01
pay_007396,416.29,NETBANKING,FRAUD_SUSPECTED,4,0.812,SEND_REMINDER,0,0.01
pay_004444,3115.62,WALLET,BANK_ERROR,1,0.99,RETRY,0,0.895
pay_004444,3115.62,WALLET,BANK_ERROR,1,0.99,SEND_REMINDER,0,0.565
pay_007035,6530.8,NETBANKING,LIMIT_EXCEEDED,1,0.56,RETRY,0,0.23000000000000004
pay_007035,6530.8,NETBANKING,LIMIT_EXCEEDED,1,0.56,SEND_REMINDER,0,0.53
pay_004346,1847.98,WALLET,BANK_ERROR,2,0.86,RETRY,1,0.76
pay_004346,1847.98,WALLET,BANK_ERROR,2,0.86,SEND_REMINDER,1,0.43
pay_006526,2267.52,WALLET,TIMEOUT,1,0.942,RETRY,1,0.8009999999999999
pay_006526,2267.52,WALLET,TIMEOUT,1,0.942,SEND_REMINDER,0,0.571
pay_002613,1538.87,WALLET,NETWORK_ERROR,2,0.976,RETRY,1,0.788
pay_002613,1538.87,WALLET,NETWORK_ERROR,2,0.976,SEND_REMINDER,0,0.518
pay_004781,2260.33,CARD,CARD_EXPIRED,4,0.612,RETRY,0,0.01
pay_004781,2260.33,CARD,CARD_EXPIRED,4,0.612,SEND_REMINDER,1,0.4659999999999999
pay_005624,2647.37,NETBANKING,LIMIT_EXCEEDED,2,0.741,RETRY,0,0.2505
pay_005624,2647.37,NETBANKING,LIMIT_EXCEEDED,2,0.741,SEND_REMINDER,1,0.5505
pay_006299,1370.02,CARD,LIMIT_EXCEEDED,1,0.885,RETRY,0,0.3925
pay_006299,1370.02,CARD,LIMIT_EXCEEDED,1,0.885,SEND_REMINDER,0,0.6925
pay_000054,2949.35,CARD,BANK_ERROR,2,0.487,RETRY,0,0.5734999999999999
pay_000054,2949.35,CARD,BANK_ERROR,2,0.487,SEND_REMINDER,0,0.2435
pay_004854,2036.73,WALLET,INSUFFICIENT_FUNDS,4,0.757,RETRY,0,0.16849999999999998
pay_004854,2036.73,WALLET,INSUFFICIENT_FUNDS,4,0.757,SEND_REMINDER,0,0.4685000000000001
pay_009811,1152.2,WALLET,CARD_EXPIRED,4,0.964,RETRY,0,0.122
pay_009811,1152.2,WALLET,CARD_EXPIRED,4,0.964,SEND_REMINDER,1,0.6419999999999999
pay_008582,1102.64,WALLET,FRAUD_SUSPECTED,3,0.562,RETRY,0,0.01
pay_008582,1102.64,WALLET,FRAUD_SUSPECTED,3,0.562,SEND_REMINDER,0,0.01
pay_008686,2348.98,WALLET,CARD_EXPIRED,3,0.904,RETRY,0,0.16200000000000003
pay_008686,2348.98,WALLET,CARD_EXPIRED,3,0.904,SEND_REMINDER,0,0.682
pay_008087,369.54,NETBANKING,BANK_ERROR,4,0.965,RETRY,0,0.6725000000000001
pay_008087,369.54,NETBANKING,BANK_ERROR,4,0.965,SEND_REMINDER,0,0.34249999999999997
pay_006116,792.49,NETBANKING,NETWORK_ERROR,1,0.602,RETRY,0,0.671
pay_006116,792.49,NETBANKING,NETWORK_ERROR,1,0.602,SEND_REMINDER,1,0.401
pay_009036,2480.58,WALLET,NETWORK_ERROR,3,0.769,RETRY,0,0.6144999999999999
pay_009036,2480.58,WALLET,NETWORK_ERROR,3,0.769,SEND_REMINDER,0,0.34450000000000003
pay_004371,448.64,CARD,BANK_ERROR,4,0.821,RETRY,0,0.6005
pay_004371,448.64,CARD,BANK_ERROR,4,0.821,SEND_REMINDER,1,0.27049999999999996
pay_009313,4283.39,UPI,INSUFFICIENT_FUNDS,4,0.647,RETRY,1,0.11349999999999999
pay_009313,4283.39,UPI,INSUFFICIENT_FUNDS,4,0.647,SEND_REMINDER,1,0.41350000000000003
pay_007270,927.58,NETBANKING,USER_CANCELLED,3,0.905,RETRY,1,0.5125000000000001
pay_007270,927.58,NETBANKING,USER_CANCELLED,3,0.905,SEND_REMINDER,1,0.6425
pay_003428,5473.24,NETBANKING,BANK_ERROR,4,0.575,RETRY,0,0.4775
pay_003428,5473.24,NETBANKING,BANK_ERROR,4,0.575,SEND_REMINDER,1,0.14749999999999996
pay_008980,1512.29,CARD,INSUFFICIENT_FUNDS,2,0.488,RETRY,0,0.174
pay_008980,1512.29,CARD,INSUFFICIENT_FUNDS,2,0.488,SEND_REMINDER,0,0.47400000000000003
pay_003457,4320.02,CARD,BANK_ERROR,4,0.973,RETRY,1,0.6765000000000001
pay_003457,4320.02,CARD,BANK_ERROR,4,0.973,SEND_REMINDER,0,0.3465
pay_006612,3904.96,NETBANKING,TIMEOUT,4,0.843,RETRY,1,0.5414999999999999
pay_006612,3904.96,NETBANKING,TIMEOUT,4,0.843,SEND_REMINDER,0,0.31150000000000005
pay_005365,1552.79,CARD,USER_CANCELLED,1,0.47,RETRY,0,0.43500000000000005
pay_005365,1552.79,CARD,USER_CANCELLED,1,0.47,SEND_REMINDER,0,0.565
pay_007155,1328.23,CARD,LIMIT_EXCEEDED,2,0.613,RETRY,0,0.1865
pay_007155,1328.23,CARD,LIMIT_EXCEEDED,2,0.613,SEND_REMINDER,0,0.4865
pay_004185,1232.74,NETBANKING,BANK_ERROR,3,0.511,RETRY,1,0.5155
pay_004185,1232.74,NETBANKING,BANK_ERROR,3,0.511,SEND_REMINDER,0,0.1855
pay_005485,268.42,UPI,USER_CANCELLED,2,0.691,RETRY,1,0.4755000000000001
pay_005485,268.42,UPI,USER_CANCELLED,2,0.691,SEND_REMINDER,0,0.6054999999999999
pay_009403,507.88,UPI,TIMEOUT,2,0.831,RETRY,1,0.6755
pay_009403,507.88,UPI,TIMEOUT,2,0.831,SEND_REMINDER,0,0.44550000000000006
pay_008482,1761.67,CARD,FRAUD_SUSPECTED,2,0.861,RETRY,0,0.020500000000000004
pay_008482,1761.67,CARD,FRAUD_SUSPECTED,2,0.861,SEND_REMINDER,0,0.020500000000000004
pay_009654,6092.04,WALLET,FRAUD_SUSPECTED,2,0.888,RETRY,0,0.034000000000000016
pay_009654,6092.04,WALLET,FRAUD_SUSPECTED,2,0.888,SEND_REMINDER,0,0.034000000000000016
pay_009444,1926.89,WALLET,LIMIT_EXCEEDED,1,0.515,RETRY,0,0.20750000000000002
pay_009444,1926.89,WALLET,LIMIT_EXCEEDED,1,0.515,SEND_REMINDER,0,0.5075000000000001
pay_005761,1851.12,CARD,NETWORK_ERROR,3,0.819,RETRY,0,0.6395
pay_005761,1851.12,CARD,NETWORK_ERROR,3,0.819,SEND_REMINDER,0,0.36950000000000005
pay_007822,3578.43,CARD,LIMIT_EXCEEDED,4,0.938,RETRY,1,0.20899999999999996
pay_007822,3578.43,CARD,LIMIT_EXCEEDED,4,0.938,SEND_REMINDER,0,0.5089999999999999
pay_005135,509.9,CARD,BANK_ERROR,1,0.672,RETRY,1,0.736
pay_005135,509.9,CARD,BANK_ERROR,1,0.672,SEND_REMINDER,1,0.406
pay_005333,2219.28,UPI,NETWORK_ERROR,1,0.474,RETRY,0,0.607
pay_005333,2219.28,UPI,NETWORK_ERROR,1,0.474,SEND_REMINDER,0,0.337
pay_002039,1771.43,NETBANKING,CARD_EXPIRED,4,0.475,RETRY,0,0.01
pay_002039,1771.43,NETBANKING,CARD_EXPIRED,4,0.475,SEND_REMINDER,0,0.3974999999999999
pay_007399,2453.04,WALLET,TIMEOUT,1,0.732,RETRY,1,0.696
pay_007399,2453.04,WALLET,TIMEOUT,1,0.732,SEND_REMINDER,0,0.466
pay_006271,1353.06,UPI,BANK_ERROR,3,0.973,RETRY,1,0.7465
pay_006271,1353.06,UPI,BANK_ERROR,3,0.973,SEND_REMINDER,1,0.4165
pay_007046,1159.7,CARD,INSUFFICIENT_FUNDS,4,0.585,RETRY,0,0.08249999999999996
pay_007046,1159.7,CARD,INSUFFICIENT_FUNDS,4,0.585,SEND_REMINDER,1,0.3825
pay_008638,728.87,UPI,BANK_ERROR,1,0.878,RETRY,1,0.839
pay_008638,728.87,UPI,BANK_ERROR,1,0.878,SEND_REMINDER,0,0.509
pay_005354,4581.62,UPI,BANK_ERROR,1,0.768,RETRY,1,0.784
pay_005354,4581.62,UPI,BANK_ERROR,1,0.768,SEND_REMINDER,0,0.454
pay_003392,951.22,WALLET,NETWORK_ERROR,3,0.763,RETRY,0,0.6115
pay_003392,951.22,WALLET,NETWORK_ERROR,3,0.763,SEND_REMINDER,1,0.3415
pay_000212,4484.81,CARD,NETWORK_ERROR,4,0.545,RETRY,0,0.43250000000000005
pay_000212,4484.81,CARD,NETWORK_ERROR,4,0.545,SEND_REMINDER,0,0.16250000000000003
pay_001459,5073.58,NETBANKING,FRAUD_SUSPECTED,3,0.564,RETRY,0,0.01
pay_001459,5073.58,NETBANKING,FRAUD_SUSPECTED,3,0.564,SEND_REMINDER,0,0.01
pay_004779,752.79,NETBANKING,NETWORK_ERROR,4,0.833,RETRY,1,0.5765
pay_004779,752.79,NETBANKING,NETWORK_ERROR,4,0.833,SEND_REMINDER,1,0.30649999999999994
pay_005290,3745.59,UPI,CARD_EXPIRED,2,0.93,RETRY,1,0.24500000000000005
pay_005290,3745.59,UPI,CARD_EXPIRED,2,0.93,SEND_REMINDER,0,0.7649999999999999
pay_003980,780.77,WALLET,CARD_EXPIRED,4,0.475,RETRY,0,0.01
pay_003980,780.77,WALLET,CARD_EXPIRED,4,0.475,SEND_REMINDER,1,0.3974999999999999
pay_009119,1691.65,UPI,BANK_ERROR,1,0.602,RETRY,1,0.7010000000000001
pay_009119,1691.65,UPI,BANK_ERROR,1,0.602,SEND_REMINDER,0,0.371
pay_008739,5898.76,CARD,INSUFFICIENT_FUNDS,4,0.964,RETRY,0,0.27199999999999996
pay_008739,5898.76,CARD,INSUFFICIENT_FUNDS,4,0.964,SEND_REMINDER,0,0.5720000000000001
pay_003956,1108.64,WALLET,CARD_EXPIRED,3,0.534,RETRY,1,0.01
pay_003956,1108.64,WALLET,CARD_EXPIRED,3,0.534,SEND_REMINDER,1,0.497
pay_002652,6096.24,UPI,INSUFFICIENT_FUNDS,1,0.538,RETRY,0,0.269
pay_002652,6096.24,UPI,INSUFFICIENT_FUNDS,1,0.538,SEND_REMINDER,1,0.5690000000000001
pay_006389,3547.55,NETBANKING,TIMEOUT,2,0.698,RETRY,1,0.609
pay_006389,3547.55,NETBANKING,TIMEOUT,2,0.698,SEND_REMINDER,0,0.379
pay_002604,698.03,NETBANKING,INSUFFICIENT_FUNDS,2,0.555,RETRY,0,0.20750000000000002
pay_002604,698.03,NETBANKING,INSUFFICIENT_FUNDS,2,0.555,SEND_REMINDER,1,0.5075000000000001
pay_005055,683.16,UPI,INSUFFICIENT_FUNDS,2,0.561,RETRY,0,0.21050000000000002
pay_005055,683.16,UPI,INSUFFICIENT_FUNDS,2,0.561,SEND_REMINDER,0,0.5105
pay_008178,6140.52,NETBANKING,USER_CANCELLED,3,0.826,RETRY,1,0.473
pay_008178,6140.52,NETBANKING,USER_CANCELLED,3,0.826,SEND_REMINDER,1,0.6029999999999999
pay_005059,1618.4,UPI,FRAUD_SUSPECTED,1,0.909,RETRY,0,0.11450000000000003
pay_005059,1618.4,UPI,FRAUD_SUSPECTED,1,0.909,SEND_REMINDER,0,0.11450000000000003
pay_004530,1163.53,UPI,USER_CANCELLED,2,0.816,RETRY,1,0.538
pay_004530,1163.53,UPI,USER_CANCELLED,2,0.816,SEND_REMINDER,0,0.6679999999999999
pay_007061,6178.61,WALLET,USER_CANCELLED,2,0.621,RETRY,0,0.44050000000000006
pay_007061,6178.61,WALLET,USER_CANCELLED,2,0.621,SEND_REMINDER,0,0.5705
pay_002752,6364.02,CARD,USER_CANCELLED,4,0.739,RETRY,1,0.3595000000000001
pay_002752,6364.02,CARD,USER_CANCELLED,4,0.739,SEND_REMINDER,1,0.4895
pay_001224,2517.54,UPI,LIMIT_EXCEEDED,4,0.78,RETRY,0,0.13
pay_001224,2517.54,UPI,LIMIT_EXCEEDED,4,0.78,SEND_REMINDER,1,0.43
pay_000228,763.42,NETBANKING,NETWORK_ERROR,3,0.483,RETRY,0,0.4714999999999999
pay_000228,763.42,NETBANKING,NETWORK_ERROR,3,0.483,SEND_REMINDER,0,0.2015
pay_009636,586.77,WALLET,NETWORK_ERROR,4,0.76,RETRY,1,0.54
pay_009636,586.77,WALLET,NETWORK_ERROR,4,0.76,SEND_REMINDER,1,0.27
pay_003833,4141.74,CARD,TIMEOUT,4,0.871,RETRY,1,0.5554999999999999
pay_003833,4141.74,CARD,TIMEOUT,4,0.871,SEND_REMINDER,1,0.32550000000000007
pay_004899,3092.48,NETBANKING,BANK_ERROR,4,0.683,RETRY,1,0.5315000000000001
pay_004899,3092.48,NETBANKING,BANK_ERROR,4,0.683,SEND_REMINDER,0,0.2015
pay_003379,2710.19,CARD,FRAUD_SUSPECTED,3,0.935,RETRY,0,0.01
pay_003379,2710.19,CARD,FRAUD_SUSPECTED,3,0.935,SEND_REMINDER,0,0.01
pay_002001,1053.48,CARD,NETWORK_ERROR,1,0.782,RETRY,1,0.761
pay_002001,1053.48,CARD,NETWORK_ERROR,1,0.782,SEND_REMINDER,1,0.49100000000000005
pay_006099,2178.59,NETBANKING,USER_CANCELLED,2,0.867,RETRY,1,0.5635000000000001
pay_006099,2178.59,NETBANKING,USER_CANCELLED,2,0.867,SEND_REMINDER,1,0.6935
pay_005288,5381.39,UPI,INSUFFICIENT_FUNDS,3,0.656,RETRY,0,0.188
pay_005288,5381.39,UPI,INSUFFICIENT_FUNDS,3,0.656,SEND_REMINDER,1,0.4880000000000001
pay_002718,3670.87,NETBANKING,USER_CANCELLED,4,0.753,RETRY,0,0.3665
pay_002718,3670.87,NETBANKING,USER_CANCELLED,4,0.753,SEND_REMINDER,1,0.4964999999999999
pay_008605,2953.1,UPI,CARD_EXPIRED,3,0.852,RETRY,0,0.136
pay_008605,2953.1,UPI,CARD_EXPIRED,3,0.852,SEND_REMINDER,1,0.656
pay_006733,2034.16,UPI,USER_CANCELLED,1,0.55,RETRY,1,0.4750000000000001
pay_006733,2034.16,UPI,USER_CANCELLED,1,0.55,SEND_REMINDER,0,0.605
pay_000487,1077.87,CARD,INSUFFICIENT_FUNDS,2,0.554,RETRY,1,0.20700000000000002
pay_000487,1077.87,CARD,INSUFFICIENT_FUNDS,2,0.554,SEND_REMINDER,0,0.5070000000000001
pay_002933,887.68,NETBANKING,INSUFFICIENT_FUNDS,2,0.831,RETRY,0,0.3455
pay_002933,887.68,NETBANKING,INSUFFICIENT_FUNDS,2,0.831,SEND_REMINDER,0,0.6455
pay_007777,4154.91,UPI,BANK_ERROR,2,0.76,RETRY,0,0.71
pay_007777,4154.91,UPI,BANK_ERROR,2,0.76,SEND_REMINDER,0,0.38
pay_005281,1082.62,UPI,NETWORK_ERROR,1,0.707,RETRY,1,0.7235
pay_005281,1082.62,UPI,NETWORK_ERROR,1,0.707,SEND_REMINDER,0,0.4535
pay_001935,14995.04,NETBANKING,LIMIT_EXCEEDED,4,0.537,RETRY,0,0.01
pay_001935,14995.04,NETBANKING,LIMIT_EXCEEDED,4,0.537,SEND_REMINDER,0,0.30849999999999994
pay_008847,1373.33,NETBANKING,NETWORK_ERROR,2,0.876,RETRY,1,0.738
pay_008847,1373.33,NETBANKING,NETWORK_ERROR,2,0.876,SEND_REMINDER,0,0.468
pay_005384,6957.81,WALLET,USER_CANCELLED,3,0.711,RETRY,0,0.4155000000000001
pay_005384,6957.81,WALLET,USER_CANCELLED,3,0.711,SEND_REMINDER,0,0.5455
pay_002200,2671.24,NETBANKING,INSUFFICIENT_FUNDS,2,0.702,RETRY,1,0.28099999999999997
pay_002200,2671.24,NETBANKING,INSUFFICIENT_FUNDS,2,0.702,SEND_REMINDER,0,0.581
pay_002602,2968.37,WALLET,TIMEOUT,4,0.454,RETRY,1,0.3469999999999999
pay_002602,2968.37,WALLET,TIMEOUT,4,0.454,SEND_REMINDER,0,0.11700000000000005
pay_006855,1840.65,UPI,LIMIT_EXCEEDED,4,0.64,RETRY,1,0.06
pay_006855,1840.65,UPI,LIMIT_EXCEEDED,4,0.64,SEND_REMINDER,1,0.36000000000000004
pay_002087,1204.1,NETBANKING,INSUFFICIENT_FUNDS,3,0.546,RETRY,0,0.133
pay_002087,1204.1,NETBANKING,INSUFFICIENT_FUNDS,3,0.546,SEND_REMINDER,0,0.43300000000000005
pay_000522,2792.49,NETBANKING,BANK_ERROR,2,0.818,RETRY,1,0.7389999999999999
pay_000522,2792.49,NETBANKING,BANK_ERROR,2,0.818,SEND_REMINDER,0,0.409
pay_007167,8252.82,CARD,BANK_ERROR,1,0.723,RETRY,1,0.7615000000000001
pay_007167,8252.82,CARD,BANK_ERROR,1,0.723,SEND_REMINDER,1,0.4315
pay_002118,816.09,UPI,TIMEOUT,4,0.987,RETRY,1,0.6134999999999999
pay_002118,816.09,UPI,TIMEOUT,4,0.987,SEND_REMINDER,0,0.3835
pay_001377,1058.64,WALLET,BANK_ERROR,3,0.81,RETRY,1,0.665
pay_001377,1058.64,WALLET,BANK_ERROR,3,0.81,SEND_REMINDER,0,0.335
pay_006934,1794.12,NETBANKING,USER_CANCELLED,3,0.472,RETRY,0,0.29600000000000004
pay_006934,1794.12,NETBANKING,USER_CANCELLED,3,0.472,SEND_REMINDER,0,0.42599999999999993
pay_000945,7921.29,UPI,LIMIT_EXCEEDED,4,0.781,RETRY,0,0.1305
pay_000945,7921.29,UPI,LIMIT_EXCEEDED,4,0.781,SEND_REMINDER,0,0.43050000000000005
pay_008008,5993.37,UPI,BANK_ERROR,4,0.54,RETRY,0,0.46
pay_008008,5993.37,UPI,BANK_ERROR,4,0.54,SEND_REMINDER,0,0.13
pay_003280,2816.49,WALLET,LIMIT_EXCEEDED,4,0.932,RETRY,1,0.20600000000000002
pay_003280,2816.49,WALLET,LIMIT_EXCEEDED,4,0.932,SEND_REMINDER,1,0.506
pay_000705,520.45,CARD,INSUFFICIENT_FUNDS,2,0.975,RETRY,0,0.4175
pay_000705,520.45,CARD,INSUFFICIENT_FUNDS,2,0.975,SEND_REMINDER,1,0.7175
pay_002971,391.58,CARD,FRAUD_SUSPECTED,1,0.925,RETRY,1,0.12250000000000004
pay_002971,391.58,CARD,FRAUD_SUSPECTED,1,0.925,SEND_REMINDER,0,0.12250000000000004
pay_005314,2102.29,UPI,INSUFFICIENT_FUNDS,2,0.622,RETRY,0,0.241
pay_005314,2102.29,UPI,INSUFFICIENT_FUNDS,2,0.622,SEND_REMINDER,0,0.5409999999999999
pay_007407,1338.9,NETBANKING,TIMEOUT,1,0.69,RETRY,1,0.6749999999999999
pay_007407,1338.9,NETBANKING,TIMEOUT,1,0.69,SEND_REMINDER,0,0.445
pay_007695,2965.17,UPI,INSUFFICIENT_FUNDS,4,0.797,RETRY,0,0.1885
pay_007695,2965.17,UPI,INSUFFICIENT_FUNDS,4,0.797,SEND_REMINDER,0,0.4885000000000001
pay_005811,4370.24,UPI,LIMIT_EXCEEDED,4,0.696,RETRY,0,0.08799999999999997
pay_005811,4370.24,UPI,LIMIT_EXCEEDED,4,0.696,SEND_REMINDER,0,0.38799999999999996
pay_005312,4851.19,WALLET,USER_CANCELLED,4,0.863,RETRY,1,0.42150000000000004
pay_005312,4851.19,WALLET,USER_CANCELLED,4,0.863,SEND_REMINDER,1,0.5514999999999999
pay_000359,2340.63,UPI,LIMIT_EXCEEDED,4,0.702,RETRY,0,0.09099999999999997
pay_000359,2340.63,UPI,LIMIT_EXCEEDED,4,0.702,SEND_REMINDER,0,0.39099999999999996
pay_006009,4501.0,NETBANKING,USER_CANCELLED,2,0.979,RETRY,1,0.6194999999999999
pay_006009,4501.0,NETBANKING,USER_CANCELLED,2,0.979,SEND_REMINDER,1,0.7494999999999998
pay_006184,8624.26,CARD,FRAUD_SUSPECTED,2,0.925,RETRY,0,0.05250000000000003
pay_006184,8624.26,CARD,FRAUD_SUSPECTED,2,0.925,SEND_REMINDER,0,0.05250000000000003
pay_000360,932.82,NETBANKING,USER_CANCELLED,2,0.865,RETRY,1,0.5625
pay_000360,932.82,NETBANKING,USER_CANCELLED,2,0.865,SEND_REMINDER,1,0.6924999999999999
pay_002101,2443.36,WALLET,NETWORK_ERROR,2,0.668,RETRY,1,0.6339999999999999
pay_002101,2443.36,WALLET,NETWORK_ERROR,2,0.668,SEND_REMINDER,1,0.36400000000000005
pay_006305,380.74,NETBANKING,NETWORK_ERROR,1,0.843,RETRY,1,0.7915
pay_006305,380.74,NETBANKING,NETWORK_ERROR,1,0.843,SEND_REMINDER,1,0.5215000000000001
pay_001548,2301.77,WALLET,LIMIT_EXCEEDED,4,0.968,RETRY,0,0.22399999999999998
pay_001548,2301.77,WALLET,LIMIT_EXCEEDED,4,0.968,SEND_REMINDER,0,0.524
pay_004714,2405.66,UPI,NETWORK_ERROR,4,0.622,RETRY,0,0.47100000000000003
pay_004714,2405.66,UPI,NETWORK_ERROR,4,0.622,SEND_REMINDER,0,0.201
pay_009975,6076.93,WALLET,BANK_ERROR,1,0.566,RETRY,1,0.683
pay_009975,6076.93,WALLET,BANK_ERROR,1,0.566,SEND_REMINDER,1,0.353
pay_003717,24208.87,WALLET,INSUFFICIENT_FUNDS,3,0.91,RETRY,1,0.315
pay_003717,24208.87,WALLET,INSUFFICIENT_FUNDS,3,0.91,SEND_REMINDER,1,0.6150000000000001
pay_000568,807.17,UPI,USER_CANCELLED,1,0.986,RETRY,1,0.6930000000000001
pay_000568,807.17,UPI,USER_CANCELLED,1,0.986,SEND_REMINDER,1,0.823
pay_003512,896.57,UPI,BANK_ERROR,1,0.473,RETRY,1,0.6365000000000001
pay_003512,896.57,UPI,BANK_ERROR,1,0.473,SEND_REMINDER,0,0.3065
pay_003805,885.16,UPI,BANK_ERROR,3,0.453,RETRY,0,0.48650000000000004
pay_003805,885.16,UPI,BANK_ERROR,3,0.453,SEND_REMINDER,0,0.15649999999999997
pay_006177,1594.6,UPI,USER_CANCELLED,1,0.475,RETRY,0,0.43750000000000006
pay_006177,1594.6,UPI,USER_CANCELLED,1,0.475,SEND_REMINDER,1,0.5674999999999999
pay_009751,1226.96,CARD,LIMIT_EXCEEDED,3,0.984,RETRY,1,0.302
pay_009751,1226.96,CARD,LIMIT_EXCEEDED,3,0.984,SEND_REMINDER,0,0.602
pay_003591,4250.12,UPI,TIMEOUT,4,0.516,RETRY,0,0.37799999999999995
pay_003591,4250.12,UPI,TIMEOUT,4,0.516,SEND_REMINDER,0,0.14800000000000002
pay_005852,1241.2,UPI,USER_CANCELLED,4,0.682,RETRY,0,0.3310000000000001
pay_005852,1241.2,UPI,USER_CANCELLED,4,0.682,SEND_REMINDER,0,0.461
pay_003988,1166.12,CARD,TIMEOUT,1,0.793,RETRY,0,0.7264999999999999
pay_003988,1166.12,CARD,TIMEOUT,1,0.793,SEND_REMINDER,0,0.49650000000000005
pay_009178,1179.96,UPI,NETWORK_ERROR,4,0.493,RETRY,1,0.40650000000000003
pay_009178,1179.96,UPI,NETWORK_ERROR,4,0.493,SEND_REMINDER,0,0.1365
pay_007570,1133.45,NETBANKING,NETWORK_ERROR,1,0.55,RETRY,0,0.645
pay_007570,1133.45,NETBANKING,NETWORK_ERROR,1,0.55,SEND_REMINDER,1,0.37500000000000006
pay_008445,2101.61,CARD,TIMEOUT,1,0.795,RETRY,0,0.7275
pay_008445,2101.61,CARD,TIMEOUT,1,0.795,SEND_REMINDER,1,0.49750000000000005
pay_006400,574.19,NETBANKING,FRAUD_SUSPECTED,1,0.502,RETRY,0,0.01
pay_006400,574.19,NETBANKING,FRAUD_SUSPECTED,1,0.502,SEND_REMINDER,0,0.01
pay_006557,1658.2,CARD,INSUFFICIENT_FUNDS,1,0.589,RETRY,0,0.2945
pay_006557,1658.2,CARD,INSUFFICIENT_FUNDS,1,0.589,SEND_REMINDER,0,0.5945
pay_005551,830.3,CARD,FRAUD_SUSPECTED,3,0.507,RETRY,0,0.01
pay_005551,830.3,CARD,FRAUD_SUSPECTED,3,0.507,SEND_REMINDER,0,0.01
pay_007210,4553.97,CARD,USER_CANCELLED,3,0.663,RETRY,0,0.39150000000000007
pay_007210,4553.97,CARD,USER_CANCELLED,3,0.663,SEND_REMINDER,1,0.5215
pay_002192,2616.88,UPI,USER_CANCELLED,2,0.643,RETRY,0,0.45150000000000007
pay_002192,2616.88,UPI,USER_CANCELLED,2,0.643,SEND_REMINDER,0,0.5814999999999999
pay_001987,3229.48,NETBANKING,BANK_ERROR,2,0.698,RETRY,1,0.679
pay_001987,3229.48,NETBANKING,BANK_ERROR,2,0.698,SEND_REMINDER,1,0.349
pay_001519,796.84,NETBANKING,LIMIT_EXCEEDED,3,0.904,RETRY,1,0.262
pay_001519,796.84,NETBANKING,LIMIT_EXCEEDED,3,0.904,SEND_REMINDER,1,0.5619999999999999
pay_000776,514.82,WALLET,FRAUD_SUSPECTED,1,0.841,RETRY,0,0.0805
pay_000776,514.82,WALLET,FRAUD_SUSPECTED,1,0.841,SEND_REMINDER,0,0.0805
pay_004395,3539.47,UPI,NETWORK_ERROR,1,0.737,RETRY,1,0.7384999999999999
pay_004395,3539.47,UPI,NETWORK_ERROR,1,0.737,SEND_REMINDER,1,0.4685
pay_005961,943.85,UPI,BANK_ERROR,2,0.845,RETRY,1,0.7525
pay_005961,943.85,UPI,BANK_ERROR,2,0.845,SEND_REMINDER,1,0.4225
pay_004387,1044.17,NETBANKING,BANK_ERROR,3,0.885,RETRY,1,0.7025
pay_004387,1044.17,NETBANKING,BANK_ERROR,3,0.885,SEND_REMINDER,0,0.37249999999999994
pay_001320,1556.85,WALLET,INSUFFICIENT_FUNDS,1,0.608,RETRY,0,0.304
pay_001320,1556.85,WALLET,INSUFFICIENT_FUNDS,1,0.608,SEND_REMINDER,1,0.6040000000000001
pay_003753,4925.96,UPI,TIMEOUT,4,0.466,RETRY,0,0.3529999999999999
pay_003753,4925.96,UPI,TIMEOUT,4,0.466,SEND_REMINDER,0,0.12300000000000005
pay_003669,1613.7,WALLET,FRAUD_SUSPECTED,4,0.775,RETRY,0,0.01
pay_003669,1613.7,WALLET,FRAUD_SUSPECTED,4,0.775,SEND_REMINDER,0,0.01
pay_002344,1186.99,UPI,CARD_EXPIRED,3,0.814,RETRY,0,0.11699999999999999
pay_002344,1186.99,UPI,CARD_EXPIRED,3,0.814,SEND_REMINDER,1,0.6369999999999999
pay_007996,10592.32,NETBANKING,FRAUD_SUSPECTED,2,0.637,RETRY,0,0.01
pay_007996,10592.32,NETBANKING,FRAUD_SUSPECTED,2,0.637,SEND_REMINDER,0,0.01
pay_001731,1512.06,CARD,TIMEOUT,4,0.979,RETRY,1,0.6094999999999999
pay_001731,1512.06,CARD,TIMEOUT,4,0.979,SEND_REMINDER,1,0.3795
pay_009671,2099.99,WALLET,NETWORK_ERROR,3,0.951,RETRY,0,0.7054999999999999
pay_009671,2099.99,WALLET,NETWORK_ERROR,3,0.951,SEND_REMINDER,0,0.4355
pay_004959,1735.03,UPI,LIMIT_EXCEEDED,4,0.908,RETRY,0,0.194
pay_004959,1735.03,UPI,LIMIT_EXCEEDED,4,0.908,SEND_REMINDER,0,0.49399999999999994
pay_004733,782.98,UPI,INSUFFICIENT_FUNDS,1,0.452,RETRY,1,0.226
pay_004733,782.98,UPI,INSUFFICIENT_FUNDS,1,0.452,SEND_REMINDER,1,0.526
pay_004540,3337.56,UPI,CARD_EXPIRED,3,0.509,RETRY,0,0.01
pay_004540,3337.56,UPI,CARD_EXPIRED,3,0.509,SEND_REMINDER,0,0.48450000000000004
pay_008428,876.0,WALLET,USER_CANCELLED,4,0.671,RETRY,0,0.32550000000000007
pay_008428,876.0,WALLET,USER_CANCELLED,4,0.671,SEND_REMINDER,1,0.45549999999999996
pay_001738,769.51,WALLET,BANK_ERROR,4,0.708,RETRY,0,0.544
pay_001738,769.51,WALLET,BANK_ERROR,4,0.708,SEND_REMINDER,0,0.21399999999999997
pay_008331,1522.09,WALLET,USER_CANCELLED,1,0.821,RETRY,1,0.6105
pay_008331,1522.09,WALLET,USER_CANCELLED,1,0.821,SEND_REMINDER,0,0.7404999999999999
pay_009076,6212.04,CARD,BANK_ERROR,3,0.458,RETRY,0,0.489
pay_009076,6212.04,CARD,BANK_ERROR,3,0.458,SEND_REMINDER,0,0.15900000000000003
pay_009718,770.75,CARD,USER_CANCELLED,2,0.732,RETRY,0,0.49600000000000005
pay_009718,770.75,CARD,USER_CANCELLED,2,0.732,SEND_REMINDER,1,0.6259999999999999
pay_007258,3038.46,WALLET,BANK_ERROR,4,0.845,RETRY,1,0.6125
pay_007258,3038.46,WALLET,BANK_ERROR,4,0.845,SEND_REMINDER,1,0.2825
pay_004467,3569.08,CARD,BANK_ERROR,1,0.876,RETRY,1,0.8380000000000001
pay_004467,3569.08,CARD,BANK_ERROR,1,0.876,SEND_REMINDER,1,0.508
pay_002300,543.23,NETBANKING,INSUFFICIENT_FUNDS,2,0.521,RETRY,0,0.1905
pay_002300,543.23,NETBANKING,INSUFFICIENT_FUNDS,2,0.521,SEND_REMINDER,1,0.4905
pay_007986,922.77,CARD,NETWORK_ERROR,1,0.792,RETRY,0,0.766
pay_007986,922.77,CARD,NETWORK_ERROR,1,0.792,SEND_REMINDER,1,0.49600000000000005
pay_007659,3320.36,UPI,USER_CANCELLED,3,0.898,RETRY,0,0.509
pay_007659,3320.36,UPI,USER_CANCELLED,3,0.898,SEND_REMINDER,1,0.6389999999999999
pay_009757,3357.14,CARD,BANK_ERROR,4,0.599,RETRY,1,0.4895
pay_009757,3357.14,CARD,BANK_ERROR,4,0.599,SEND_REMINDER,0,0.15949999999999998
pay_007884,1727.36,WALLET,BANK_ERROR,4,0.571,RETRY,0,0.4755
pay_007884,1727.36,WALLET,BANK_ERROR,4,0.571,SEND_REMINDER,0,0.14549999999999996
pay_000846,2681.04,UPI,FRAUD_SUSPECTED,1,0.789,RETRY,1,0.05450000000000004
pay_000846,2681.04,UPI,FRAUD_SUSPECTED,1,0.789,SEND_REMINDER,0,0.05450000000000004
pay_001841,1631.36,WALLET,TIMEOUT,4,0.808,RETRY,0,0.524
pay_001841,1631.36,WALLET,TIMEOUT,4,0.808,SEND_REMINDER,1,0.294
pay_004934,4437.73,CARD,INSUFFICIENT_FUNDS,3,0.84,RETRY,0,0.27999999999999997
pay_004934,4437.73,CARD,INSUFFICIENT_FUNDS,3,0.84,SEND_REMINDER,1,0.58
pay_006694,2625.81,CARD,BANK_ERROR,4,0.595,RETRY,1,0.4875
pay_006694,2625.81,CARD,BANK_ERROR,4,0.595,SEND_REMINDER,0,0.15749999999999997
pay_000687,1491.8,NETBANKING,BANK_ERROR,1,0.745,RETRY,1,0.7725
pay_000687,1491.8,NETBANKING,BANK_ERROR,1,0.745,SEND_REMINDER,0,0.4425
pay_008747,1669.95,UPI,NETWORK_ERROR,1,0.977,RETRY,0,0.8585
pay_008747,1669.95,UPI,NETWORK_ERROR,1,0.977,SEND_REMINDER,1,0.5885
pay_000351,2318.62,WALLET,INSUFFICIENT_FUNDS,1,0.888,RETRY,1,0.444
pay_000351,2318.62,WALLET,INSUFFICIENT_FUNDS,1,0.888,SEND_REMINDER,1,0.744
pay_004556,1421.73,CARD,NETWORK_ERROR,2,0.584,RETRY,0,0.5919999999999999
pay_004556,1421.73,CARD,NETWORK_ERROR,2,0.584,SEND_REMINDER,0,0.322
pay_003018,187.59,WALLET,NETWORK_ERROR,2,0.472,RETRY,1,0.536
pay_003018,187.59,WALLET,NETWORK_ERROR,2,0.472,SEND_REMINDER,0,0.266
pay_006256,309.75,WALLET,FRAUD_SUSPECTED,2,0.772,RETRY,0,0.01
pay_006256,309.75,WALLET,FRAUD_SUSPECTED,2,0.772,SEND_REMINDER,0,0.01
pay_005675,629.44,WALLET,BANK_ERROR,1,0.641,RETRY,1,0.7205
pay_005675,629.44,WALLET,BANK_ERROR,1,0.641,SEND_REMINDER,1,0.3905
pay_007687,1212.09,NETBANKING,INSUFFICIENT_FUNDS,4,0.543,RETRY,0,0.0615
pay_007687,1212.09,NETBANKING,INSUFFICIENT_FUNDS,4,0.543,SEND_REMINDER,1,0.3615000000000001
pay_000727,1834.9,WALLET,INSUFFICIENT_FUNDS,3,0.636,RETRY,1,0.178
pay_000727,1834.9,WALLET,INSUFFICIENT_FUNDS,3,0.636,SEND_REMINDER,0,0.4780000000000001
pay_000496,2782.56,UPI,NETWORK_ERROR,2,0.767,RETRY,1,0.6835
pay_000496,2782.56,UPI,NETWORK_ERROR,2,0.767,SEND_REMINDER,0,0.41350000000000003
pay_001747,3944.82,CARD,FRAUD_SUSPECTED,4,0.658,RETRY,0,0.01
pay_001747,3944.82,CARD,FRAUD_SUSPECTED,4,0.658,SEND_REMINDER,0,0.01
pay_007526,960.43,UPI,INSUFFICIENT_FUNDS,1,0.633,RETRY,0,0.3165
pay_007526,960.43,UPI,INSUFFICIENT_FUNDS,1,0.633,SEND_REMINDER,1,0.6165
pay_003549,743.03,UPI,CARD_EXPIRED,4,0.451,RETRY,0,0.01
pay_003549,743.03,UPI,CARD_EXPIRED,4,0.451,SEND_REMINDER,1,0.3855
pay_003708,5333.5,NETBANKING,USER_CANCELLED,4,0.971,RETRY,0,0.4755
pay_003708,5333.5,NETBANKING,USER_CANCELLED,4,0.971,SEND_REMINDER,1,0.6054999999999999
pay_007688,2791.76,WALLET,BANK_ERROR,4,0.467,RETRY,1,0.42350000000000004
pay_007688,2791.76,WALLET,BANK_ERROR,4,0.467,SEND_REMINDER,0,0.09349999999999997
pay_003478,335.45,NETBANKING,NETWORK_ERROR,4,0.556,RETRY,0,0.438
pay_003478,335.45,NETBANKING,NETWORK_ERROR,4,0.556,SEND_REMINDER,0,0.16800000000000004
pay_000942,3633.55,NETBANKING,LIMIT_EXCEEDED,2,0.719,RETRY,1,0.2395
pay_000942,3633.55,NETBANKING,LIMIT_EXCEEDED,2,0.719,SEND_REMINDER,1,0.5394999999999999
pay_004213,3423.01,CARD,BANK_ERROR,1,0.629,RETRY,1,0.7145
pay_004213,3423.01,CARD,BANK_ERROR,1,0.629,SEND_REMINDER,1,0.3845
pay_006966,2779.38,NETBANKING,NETWORK_ERROR,4,0.82,RETRY,0,0.5700000000000001
pay_006966,2779.38,NETBANKING,NETWORK_ERROR,4,0.82,SEND_REMINDER,1,0.3
pay_000425,3029.95,UPI,INSUFFICIENT_FUNDS,2,0.454,RETRY,0,0.157
pay_000425,3029.95,UPI,INSUFFICIENT_FUNDS,2,0.454,SEND_REMINDER,0,0.457
pay_005874,872.61,WALLET,INSUFFICIENT_FUNDS,1,0.602,RETRY,0,0.301
pay_005874,872.61,WALLET,INSUFFICIENT_FUNDS,1,0.602,SEND_REMINDER,1,0.601
pay_000995,811.35,UPI,NETWORK_ERROR,2,0.836,RETRY,1,0.718
pay_000995,811.35,UPI,NETWORK_ERROR,2,0.836,SEND_REMINDER,0,0.448
pay_000418,1983.34,WALLET,TIMEOUT,3,0.923,RETRY,0,0.6515
pay_000418,1983.34,WALLET,TIMEOUT,3,0.923,SEND_REMINDER,0,0.4215000000000001
pay_007715,5111.87,UPI,INSUFFICIENT_FUNDS,4,0.876,RETRY,0,0.22799999999999998
pay_007715,5111.87,UPI,INSUFFICIENT_FUNDS,4,0.876,SEND_REMINDER,0,0.528
pay_008083,1184.25,NETBANKING,FRAUD_SUSPECTED,2,0.641,RETRY,0,0.01
pay_008083,1184.25,NETBANKING,FRAUD_SUSPECTED,2,0.641,SEND_REMINDER,0,0.01
pay_008803,2690.03,WALLET,USER_CANCELLED,2,0.546,RETRY,0,0.4030000000000001
pay_008803,2690.03,WALLET,USER_CANCELLED,2,0.546,SEND_REMINDER,1,0.5329999999999999
pay_001318,1416.32,UPI,INSUFFICIENT_FUNDS,1,0.661,RETRY,0,0.3305
pay_001318,1416.32,UPI,INSUFFICIENT_FUNDS,1,0.661,SEND_REMINDER,1,0.6305000000000001
pay_006586,1964.18,NETBANKING,TIMEOUT,4,0.468,RETRY,0,0.3539999999999999
pay_006586,1964.18,NETBANKING,TIMEOUT,4,0.468,SEND_REMINDER,0,0.12400000000000005
pay_006737,3461.18,UPI,CARD_EXPIRED,3,0.47,RETRY,0,0.01
pay_006737,3461.18,UPI,CARD_EXPIRED,3,0.47,SEND_REMINDER,0,0.46499999999999997
pay_009857,910.34,NETBANKING,TIMEOUT,1,0.545,RETRY,0,0.6025
pay_009857,910.34,NETBANKING,TIMEOUT,1,0.545,SEND_REMINDER,0,0.37250000000000005
pay_001000,2858.54,CARD,NETWORK_ERROR,4,0.897,RETRY,0,0.6085
pay_001000,2858.54,CARD,NETWORK_ERROR,4,0.897,SEND_REMINDER,1,0.33849999999999997
pay_007395,1872.91,WALLET,NETWORK_ERROR,1,0.851,RETRY,1,0.7955
pay_007395,1872.91,WALLET,NETWORK_ERROR,1,0.851,SEND_REMINDER,0,0.5255000000000001
pay_005461,1755.88,NETBANKING,INSUFFICIENT_FUNDS,2,0.799,RETRY,0,0.3295
pay_005461,1755.88,NETBANKING,INSUFFICIENT_FUNDS,2,0.799,SEND_REMINDER,0,0.6295
pay_003577,929.3,CARD,FRAUD_SUSPECTED,2,0.47,RETRY,0,0.01
pay_003577,929.3,CARD,FRAUD_SUSPECTED,2,0.47,SEND_REMINDER,0,0.01
pay_002883,1112.66,CARD,TIMEOUT,2,0.5,RETRY,0,0.51
pay_002883,1112.66,CARD,TIMEOUT,2,0.5,SEND_REMINDER,0,0.28
pay_004692,2196.18,UPI,FRAUD_SUSPECTED,1,0.707,RETRY,0,0.013500000000000003
pay_004692,2196.18,UPI,FRAUD_SUSPECTED,1,0.707,SEND_REMINDER,0,0.013500000000000003
pay_004407,1648.83,CARD,BANK_ERROR,4,0.487,RETRY,1,0.43349999999999994
pay_004407,1648.83,CARD,BANK_ERROR,4,0.487,SEND_REMINDER,0,0.10349999999999998
pay_004109,1540.28,CARD,NETWORK_ERROR,4,0.924,RETRY,1,0.6220000000000001
pay_004109,1540.28,CARD,NETWORK_ERROR,4,0.924,SEND_REMINDER,1,0.35200000000000004
pay_009261,387.43,UPI,TIMEOUT,4,0.8,RETRY,0,0.52
pay_009261,387.43,UPI,TIMEOUT,4,0.8,SEND_REMINDER,0,0.29
pay_004859,2007.31,CARD,INSUFFICIENT_FUNDS,1,0.966,RETRY,1,0.483
pay_004859,2007.31,CARD,INSUFFICIENT_FUNDS,1,0.966,SEND_REMINDER,0,0.783
pay_008955,1442.61,NETBANKING,NETWORK_ERROR,4,0.824,RETRY,0,0.5720000000000001
pay_008955,1442.61,NETBANKING,NETWORK_ERROR,4,0.824,SEND_REMINDER,1,0.302
pay_005273,692.44,CARD,BANK_ERROR,4,0.815,RETRY,0,0.5974999999999999
pay_005273,692.44,CARD,BANK_ERROR,4,0.815,SEND_REMINDER,0,0.26749999999999996
pay_002805,1675.1,NETBANKING,LIMIT_EXCEEDED,3,0.671,RETRY,1,0.14550000000000002
pay_002805,1675.1,NETBANKING,LIMIT_EXCEEDED,3,0.671,SEND_REMINDER,0,0.4455
pay_009568,2733.83,CARD,CARD_EXPIRED,4,0.96,RETRY,0,0.12
pay_009568,2733.83,CARD,CARD_EXPIRED,4,0.96,SEND_REMINDER,0,0.6399999999999999
pay_002801,2094.49,WALLET,BANK_ERROR,3,0.453,RETRY,1,0.48650000000000004
pay_002801,2094.49,WALLET,BANK_ERROR,3,0.453,SEND_REMINDER,0,0.15649999999999997
pay_005517,2707.19,WALLET,INSUFFICIENT_FUNDS,4,0.465,RETRY,0,0.022499999999999992
pay_005517,2707.19,WALLET,INSUFFICIENT_FUNDS,4,0.465,SEND_REMINDER,0,0.32250000000000006
pay_006074,2597.24,WALLET,NETWORK_ERROR,1,0.722,RETRY,1,0.731
pay_006074,2597.24,WALLET,NETWORK_ERROR,1,0.722,SEND_REMINDER,0,0.461
pay_000018,2324.82,UPI,CARD_EXPIRED,3,0.565,RETRY,0,0.01
pay_000018,2324.82,UPI,CARD_EXPIRED,3,0.565,SEND_REMINDER,1,0.5125
pay_000468,3314.31,UPI,TIMEOUT,1,0.853,RETRY,1,0.7565
pay_000468,3314.31,UPI,TIMEOUT,1,0.853,SEND_REMINDER,0,0.5265
pay_008264,1687.38,UPI,NETWORK_ERROR,2,0.704,RETRY,1,0.6519999999999999
pay_008264,1687.38,UPI,NETWORK_ERROR,2,0.704,SEND_REMINDER,1,0.382
pay_005084,768.62,NETBANKING,NETWORK_ERROR,3,0.72,RETRY,1,0.59
pay_005084,768.62,NETBANKING,NETWORK_ERROR,3,0.72,SEND_REMINDER,0,0.32
pay_003819,1315.35,UPI,LIMIT_EXCEEDED,1,0.469,RETRY,1,0.1845
pay_003819,1315.35,UPI,LIMIT_EXCEEDED,1,0.469,SEND_REMINDER,0,0.4845
pay_003671,4119.83,UPI,BANK_ERROR,2,0.643,RETRY,1,0.6515
pay_003671,4119.83,UPI,BANK_ERROR,2,0.643,SEND_REMINDER,0,0.3215
pay_007043,2614.0,NETBANKING,TIMEOUT,2,0.702,RETRY,1,0.611
pay_007043,2614.0,NETBANKING,TIMEOUT,2,0.702,SEND_REMINDER,1,0.381
pay_006922,1091.52,NETBANKING,INSUFFICIENT_FUNDS,3,0.596,RETRY,0,0.15799999999999997
pay_006922,1091.52,NETBANKING,INSUFFICIENT_FUNDS,3,0.596,SEND_REMINDER,1,0.4580000000000001
pay_009337,5503.65,NETBANKING,BANK_ERROR,2,0.496,RETRY,0,0.5780000000000001
pay_009337,5503.65,NETBANKING,BANK_ERROR,2,0.496,SEND_REMINDER,0,0.248
pay_006961,4417.57,WALLET,NETWORK_ERROR,4,0.774,RETRY,0,0.5469999999999999
pay_006961,4417.57,WALLET,NETWORK_ERROR,4,0.774,SEND_REMINDER,0,0.277
pay_008251,1303.13,WALLET,BANK_ERROR,4,0.558,RETRY,1,0.46900000000000003
pay_008251,1303.13,WALLET,BANK_ERROR,4,0.558,SEND_REMINDER,0,0.139
pay_000576,308.31,WALLET,USER_CANCELLED,4,0.595,RETRY,0,0.28750000000000003
pay_000576,308.31,WALLET,USER_CANCELLED,4,0.595,SEND_REMINDER,0,0.4174999999999999
pay_000840,1523.57,NETBANKING,CARD_EXPIRED,4,0.988,RETRY,0,0.134
pay_000840,1523.57,NETBANKING,CARD_EXPIRED,4,0.988,SEND_REMINDER,1,0.6539999999999999
pay_002163,2693.45,CARD,NETWORK_ERROR,4,0.919,RETRY,1,0.6194999999999999
pay_002163,2693.45,CARD,NETWORK_ERROR,4,0.919,SEND_REMINDER,0,0.3495000000000001
pay_009214,2769.2,WALLET,FRAUD_SUSPECTED,2,0.888,RETRY,0,0.034000000000000016
pay_009214,2769.2,WALLET,FRAUD_SUSPECTED,2,0.888,SEND_REMINDER,0,0.034000000000000016
pay_000021,5840.19,NETBANKING,BANK_ERROR,4,0.499,RETRY,0,0.43949999999999995
pay_000021,5840.19,NETBANKING,BANK_ERROR,4,0.499,SEND_REMINDER,0,0.10949999999999999
pay_001768,1570.72,UPI,BANK_ERROR,2,0.841,RETRY,0,0.7505
pay_001768,1570.72,UPI,BANK_ERROR,2,0.841,SEND_REMINDER,0,0.4205
pay_002497,1446.4,UPI,BANK_ERROR,2,0.649,RETRY,0,0.6545000000000001
pay_002497,1446.4,UPI,BANK_ERROR,2,0.649,SEND_REMINDER,0,0.3245
pay_005995,3607.69,NETBANKING,USER_CANCELLED,1,0.901,RETRY,0,0.6505000000000001
pay_005995,3607.69,NETBANKING,USER_CANCELLED,1,0.901,SEND_REMINDER,1,0.7805
pay_008387,6661.53,UPI,NETWORK_ERROR,3,0.655,RETRY,0,0.5575
pay_008387,6661.53,UPI,NETWORK_ERROR,3,0.655,SEND_REMINDER,0,0.28750000000000003
pay_006680,1164.64,WALLET,INSUFFICIENT_FUNDS,4,0.501,RETRY,0,0.04049999999999998
pay_006680,1164.64,WALLET,INSUFFICIENT_FUNDS,4,0.501,SEND_REMINDER,0,0.34049999999999997
pay_002224,1564.03,CARD,LIMIT_EXCEEDED,2,0.612,RETRY,0,0.186
pay_002224,1564.03,CARD,LIMIT_EXCEEDED,2,0.612,SEND_REMINDER,1,0.48600000000000004
pay_006096,3263.61,CARD,NETWORK_ERROR,3,0.656,RETRY,1,0.5579999999999999
pay_006096,3263.61,CARD,NETWORK_ERROR,3,0.656,SEND_REMINDER,0,0.28800000000000003
pay_000403,1815.64,NETBANKING,TIMEOUT,3,0.831,RETRY,1,0.6054999999999999
pay_000403,1815.64,NETBANKING,TIMEOUT,3,0.831,SEND_REMINDER,1,0.37550000000000006
pay_008585,1461.57,UPI,BANK_ERROR,2,0.526,RETRY,1,0.593
pay_008585,1461.57,UPI,BANK_ERROR,2,0.526,SEND_REMINDER,0,0.263
pay_002000,996.33,NETBANKING,LIMIT_EXCEEDED,1,0.716,RETRY,0,0.308
pay_002000,996.33,NETBANKING,LIMIT_EXCEEDED,1,0.716,SEND_REMINDER,1,0.608
pay_000299,3464.38,CARD,BANK_ERROR,3,0.906,RETRY,1,0.713
pay_000299,3464.38,CARD,BANK_ERROR,3,0.906,SEND_REMINDER,1,0.383
pay_003810,3458.67,NETBANKING,USER_CANCELLED,4,0.479,RETRY,0,0.22950000000000004
pay_003810,3458.67,NETBANKING,USER_CANCELLED,4,0.479,SEND_REMINDER,0,0.3594999999999999
pay_009418,2458.65,NETBANKING,CARD_EXPIRED,3,0.597,RETRY,0,0.01
pay_009418,2458.65,NETBANKING,CARD_EXPIRED,3,0.597,SEND_REMINDER,0,0.5285
pay_009816,2131.09,WALLET,BANK_ERROR,3,0.474,RETRY,1,0.497
pay_009816,2131.09,WALLET,BANK_ERROR,3,0.474,SEND_REMINDER,0,0.16699999999999998
pay_002610,5013.55,NETBANKING,INSUFFICIENT_FUNDS,3,0.65,RETRY,0,0.185
pay_002610,5013.55,NETBANKING,INSUFFICIENT_FUNDS,3,0.65,SEND_REMINDER,1,0.485
pay_007982,1207.97,UPI,BANK_ERROR,1,0.66,RETRY,1,0.73
pay_007982,1207.97,UPI,BANK_ERROR,1,0.66,SEND_REMINDER,1,0.4
pay_002658,3685.63,NETBANKING,BANK_ERROR,4,0.923,RETRY,0,0.6515
pay_002658,3685.63,NETBANKING,BANK_ERROR,4,0.923,SEND_REMINDER,1,0.32150000000000006
pay_001073,1922.65,WALLET,INSUFFICIENT_FUNDS,1,0.938,RETRY,0,0.469
pay_001073,1922.65,WALLET,INSUFFICIENT_FUNDS,1,0.938,SEND_REMINDER,0,0.769
pay_004798,380.13,NETBANKING,BANK_ERROR,4,0.49,RETRY,1,0.435
pay_004798,380.13,NETBANKING,BANK_ERROR,4,0.49,SEND_REMINDER,0,0.10499999999999998
pay_006661,3521.09,CARD,BANK_ERROR,1,0.791,RETRY,1,0.7955000000000001
pay_006661,3521.09,CARD,BANK_ERROR,1,0.791,SEND_REMINDER,0,0.4655
pay_008001,1760.9,NETBANKING,LIMIT_EXCEEDED,1,0.72,RETRY,0,0.31
pay_008001,1760.9,NETBANKING,LIMIT_EXCEEDED,1,0.72,SEND_REMINDER,1,0.61
pay_001648,3978.2,CARD,TIMEOUT,1,0.602,RETRY,0,0.631
pay_001648,3978.2,CARD,TIMEOUT,1,0.602,SEND_REMINDER,0,0.401
pay_004222,3553.97,WALLET,LIMIT_EXCEEDED,4,0.717,RETRY,0,0.09849999999999998
pay_004222,3553.97,WALLET,LIMIT_EXCEEDED,4,0.717,SEND_REMINDER,0,0.3985
pay_007257,1691.77,CARD,BANK_ERROR,1,0.988,RETRY,1,0.894
pay_007257,1691.77,CARD,BANK_ERROR,1,0.988,SEND_REMINDER,1,0.5640000000000001
pay_001274,1403.71,WALLET,CARD_EXPIRED,1,0.772,RETRY,0,0.23600000000000004
pay_001274,1403.71,WALLET,CARD_EXPIRED,1,0.772,SEND_REMINDER,1,0.756
pay_008849,1212.5,CARD,FRAUD_SUSPECTED,2,0.557,RETRY,0,0.01
pay_008849,1212.5,CARD,FRAUD_SUSPECTED,2,0.557,SEND_REMINDER,0,0.01
pay_009277,1287.32,CARD,FRAUD_SUSPECTED,1,0.687,RETRY,0,0.01
pay_009277,1287.32,CARD,FRAUD_SUSPECTED,1,0.687,SEND_REMINDER,0,0.01
pay_001064,449.54,UPI,TIMEOUT,3,0.457,RETRY,1,0.4185
pay_001064,449.54,UPI,TIMEOUT,3,0.457,SEND_REMINDER,0,0.1885
pay_004153,1936.99,NETBANKING,USER_CANCELLED,1,0.955,RETRY,1,0.6775
pay_004153,1936.99,NETBANKING,USER_CANCELLED,1,0.955,SEND_REMINDER,1,0.8074999999999999
pay_004605,754.67,CARD,BANK_ERROR,2,0.771,RETRY,1,0.7155
pay_004605,754.67,CARD,BANK_ERROR,2,0.771,SEND_REMINDER,0,0.3855
pay_009631,8987.04,CARD,LIMIT_EXCEEDED,3,0.491,RETRY,0,0.055499999999999994
pay_009631,8987.04,CARD,LIMIT_EXCEEDED,3,0.491,SEND_REMINDER,1,0.3555
pay_009196,531.76,WALLET,INSUFFICIENT_FUNDS,1,0.64,RETRY,1,0.32
pay_009196,531.76,WALLET,INSUFFICIENT_FUNDS,1,0.64,SEND_REMINDER,0,0.6200000000000001
pay_000375,10122.8,WALLET,TIMEOUT,3,0.954,RETRY,0,0.6669999999999999
pay_000375,10122.8,WALLET,TIMEOUT,3,0.954,SEND_REMINDER,0,0.43699999999999994
pay_007945,2513.05,UPI,NETWORK_ERROR,3,0.653,RETRY,1,0.5565
pay_007945,2513.05,UPI,NETWORK_ERROR,3,0.653,SEND_REMINDER,1,0.28650000000000003
pay_000348,586.42,NETBANKING,BANK_ERROR,2,0.719,RETRY,0,0.6895
pay_000348,586.42,NETBANKING,BANK_ERROR,2,0.719,SEND_REMINDER,0,0.3595
pay_005176,7639.93,WALLET,TIMEOUT,4,0.772,RETRY,1,0.506
pay_005176,7639.93,WALLET,TIMEOUT,4,0.772,SEND_REMINDER,0,0.276
pay_001014,1041.74,CARD,INSUFFICIENT_FUNDS,4,0.752,RETRY,0,0.16599999999999998
pay_001014,1041.74,CARD,INSUFFICIENT_FUNDS,4,0.752,SEND_REMINDER,1,0.466
pay_006660,2296.79,CARD,BANK_ERROR,4,0.456,RETRY,1,0.418
pay_006660,2296.79,CARD,BANK_ERROR,4,0.456,SEND_REMINDER,0,0.08800000000000002
pay_009637,1701.06,WALLET,BANK_ERROR,3,0.869,RETRY,0,0.6945
pay_009637,1701.06,WALLET,BANK_ERROR,3,0.869,SEND_REMINDER,1,0.36449999999999994
pay_003989,8423.3,NETBANKING,NETWORK_ERROR,2,0.837,RETRY,1,0.7184999999999999
pay_003989,8423.3,NETBANKING,NETWORK_ERROR,2,0.837,SEND_REMINDER,0,0.44849999999999995
pay_005733,4098.08,UPI,LIMIT_EXCEEDED,3,0.685,RETRY,0,0.15250000000000002
pay_005733,4098.08,UPI,LIMIT_EXCEEDED,3,0.685,SEND_REMINDER,0,0.4525
pay_005445,3309.43,WALLET,BANK_ERROR,4,0.466,RETRY,1,0.423
pay_005445,3309.43,WALLET,BANK_ERROR,4,0.466,SEND_REMINDER,0,0.09300000000000003
pay_003932,6139.05,CARD,TIMEOUT,1,0.887,RETRY,1,0.7735
pay_003932,6139.05,CARD,TIMEOUT,1,0.887,SEND_REMINDER,0,0.5435000000000001
pay_002502,3922.75,UPI,INSUFFICIENT_FUNDS,2,0.665,RETRY,0,0.2625
pay_002502,3922.75,UPI,INSUFFICIENT_FUNDS,2,0.665,SEND_REMINDER,0,0.5625
pay_004249,2682.19,WALLET,NETWORK_ERROR,1,0.822,RETRY,1,0.7809999999999999
pay_004249,2682.19,WALLET,NETWORK_ERROR,1,0.822,SEND_REMINDER,0,0.511
pay_008306,3423.69,NETBANKING,LIMIT_EXCEEDED,4,0.485,RETRY,0,0.01
pay_008306,3423.69,NETBANKING,LIMIT_EXCEEDED,4,0.485,SEND_REMINDER,0,0.2825
pay_006952,4614.39,NETBANKING,TIMEOUT,1,0.688,RETRY,1,0.6739999999999999
pay_006952,4614.39,NETBANKING,TIMEOUT,1,0.688,SEND_REMINDER,1,0.444
pay_006717,4182.73,CARD,NETWORK_ERROR,2,0.643,RETRY,0,0.6214999999999999
pay_006717,4182.73,CARD,NETWORK_ERROR,2,0.643,SEND_REMINDER,0,0.35150000000000003
pay_004392,3484.01,CARD,LIMIT_EXCEEDED,2,0.831,RETRY,0,0.2955
pay_004392,3484.01,CARD,LIMIT_EXCEEDED,2,0.831,SEND_REMINDER,1,0.5954999999999999
pay_004355,2498.31,CARD,USER_CANCELLED,3,0.766,RETRY,0,0.44300000000000006
pay_004355,2498.31,CARD,USER_CANCELLED,3,0.766,SEND_REMINDER,1,0.573
pay_008415,1138.46,NETBANKING,USER_CANCELLED,3,0.867,RETRY,0,0.49350000000000005
pay_008415,1138.46,NETBANKING,USER_CANCELLED,3,0.867,SEND_REMINDER,1,0.6234999999999999
pay_001859,2277.78,UPI,LIMIT_EXCEEDED,4,0.791,RETRY,0,0.1355
pay_001859,2277.78,UPI,LIMIT_EXCEEDED,4,0.791,SEND_REMINDER,1,0.43549999999999994
pay_008521,1499.84,CARD,INSUFFICIENT_FUNDS,2,0.574,RETRY,0,0.21699999999999997
pay_008521,1499.84,CARD,INSUFFICIENT_FUNDS,2,0.574,SEND_REMINDER,1,0.5169999999999999
pay_004267,2281.79,UPI,NETWORK_ERROR,1,0.929,RETRY,1,0.8345
pay_004267,2281.79,UPI,NETWORK_ERROR,1,0.929,SEND_REMINDER,0,0.5645
pay_003800,802.15,WALLET,INSUFFICIENT_FUNDS,2,0.897,RETRY,0,0.3785
pay_003800,802.15,WALLET,INSUFFICIENT_FUNDS,2,0.897,SEND_REMINDER,1,0.6785000000000001
pay_006826,1121.05,UPI,NETWORK_ERROR,4,0.953,RETRY,1,0.6365000000000001
pay_006826,1121.05,UPI,NETWORK_ERROR,4,0.953,SEND_REMINDER,1,0.3665
pay_008330,1636.09,NETBANKING,LIMIT_EXCEEDED,4,0.83,RETRY,0,0.15499999999999997
pay_008330,1636.09,NETBANKING,LIMIT_EXCEEDED,4,0.83,SEND_REMINDER,0,0.455
pay_006597,1207.81,WALLET,INSUFFICIENT_FUNDS,4,0.838,RETRY,0,0.20899999999999996
pay_006597,1207.81,WALLET,INSUFFICIENT_FUNDS,4,0.838,SEND_REMINDER,0,0.5090000000000001
pay_008525,447.73,CARD,INSUFFICIENT_FUNDS,3,0.529,RETRY,0,0.1245
pay_008525,447.73,CARD,INSUFFICIENT_FUNDS,3,0.529,SEND_REMINDER,0,0.4245
pay_003871,594.56,UPI,NETWORK_ERROR,4,0.63,RETRY,0,0.47500000000000003
pay_003871,594.56,UPI,NETWORK_ERROR,4,0.63,SEND_REMINDER,0,0.20500000000000002
pay_004139,3688.75,WALLET,NETWORK_ERROR,3,0.869,RETRY,1,0.6645
pay_004139,3688.75,WALLET,NETWORK_ERROR,3,0.869,SEND_REMINDER,0,0.39449999999999996
pay_002357,1345.58,CARD,CARD_EXPIRED,4,0.731,RETRY,0,0.01
pay_002357,1345.58,CARD,CARD_EXPIRED,4,0.731,SEND_REMINDER,1,0.5255000000000001
pay_008635,742.59,UPI,CARD_EXPIRED,2,0.914,RETRY,0,0.23700000000000004
pay_008635,742.59,UPI,CARD_EXPIRED,2,0.914,SEND_REMINDER,1,0.7569999999999999
pay_006510,5651.65,UPI,INSUFFICIENT_FUNDS,3,0.498,RETRY,0,0.10899999999999999
pay_006510,5651.65,UPI,INSUFFICIENT_FUNDS,3,0.498,SEND_REMINDER,1,0.40900000000000003
pay_007067,1329.41,UPI,NETWORK_ERROR,2,0.474,RETRY,0,0.5369999999999999
pay_007067,1329.41,UPI,NETWORK_ERROR,2,0.474,SEND_REMINDER,0,0.267
pay_003500,1359.21,UPI,USER_CANCELLED,1,0.869,RETRY,1,0.6345000000000001
pay_003500,1359.21,UPI,USER_CANCELLED,1,0.869,SEND_REMINDER,1,0.7645
pay_005860,1091.0,NETBANKING,BANK_ERROR,1,0.881,RETRY,1,0.8405
pay_005860,1091.0,NETBANKING,BANK_ERROR,1,0.881,SEND_REMINDER,0,0.5105
pay_003634,3279.18,WALLET,INSUFFICIENT_FUNDS,3,0.584,RETRY,0,0.15199999999999997
pay_003634,3279.18,WALLET,INSUFFICIENT_FUNDS,3,0.584,SEND_REMINDER,1,0.45200000000000007
pay_008611,1252.35,UPI,NETWORK_ERROR,2,0.474,RETRY,0,0.5369999999999999
pay_008611,1252.35,UPI,NETWORK_ERROR,2,0.474,SEND_REMINDER,0,0.267
pay_005262,969.5,UPI,TIMEOUT,4,0.913,RETRY,1,0.5765
pay_005262,969.5,UPI,TIMEOUT,4,0.913,SEND_REMINDER,0,0.3465
pay_005077,1868.76,CARD,FRAUD_SUSPECTED,3,0.949,RETRY,0,0.01
pay_005077,1868.76,CARD,FRAUD_SUSPECTED,3,0.949,SEND_REMINDER,0,0.01
pay_006574,1241.64,CARD,LIMIT_EXCEEDED,3,0.602,RETRY,0,0.11099999999999999
pay_006574,1241.64,CARD,LIMIT_EXCEEDED,3,0.602,SEND_REMINDER,0,0.4109999999999999
pay_001869,755.38,WALLET,BANK_ERROR,2,0.847,RETRY,0,0.7535000000000001
pay_001869,755.38,WALLET,BANK_ERROR,2,0.847,SEND_REMINDER,1,0.4235
pay_002726,1813.4,UPI,USER_CANCELLED,4,0.909,RETRY,0,0.44450000000000006
pay_002726,1813.4,UPI,USER_CANCELLED,4,0.909,SEND_REMINDER,0,0.5745
pay_007692,1121.48,NETBANKING,NETWORK_ERROR,3,0.54,RETRY,1,0.5
pay_007692,1121.48,NETBANKING,NETWORK_ERROR,3,0.54,SEND_REMINDER,0,0.23000000000000004
pay_004742,2688.25,CARD,NETWORK_ERROR,2,0.48,RETRY,1,0.54
pay_004742,2688.25,CARD,NETWORK_ERROR,2,0.48,SEND_REMINDER,1,0.27
pay_005514,2223.9,UPI,BANK_ERROR,4,0.675,RETRY,1,0.5275000000000001
pay_005514,2223.9,UPI,BANK_ERROR,4,0.675,SEND_REMINDER,0,0.1975
pay_004447,895.51,CARD,INSUFFICIENT_FUNDS,1,0.58,RETRY,1,0.29
pay_004447,895.51,CARD,INSUFFICIENT_FUNDS,1,0.58,SEND_REMINDER,1,0.5900000000000001
pay_001863,3411.1,WALLET,LIMIT_EXCEEDED,2,0.985,RETRY,0,0.3725
pay_001863,3411.1,WALLET,LIMIT_EXCEEDED,2,0.985,SEND_REMINDER,0,0.6724999999999999
pay_009195,806.94,NETBANKING,INSUFFICIENT_FUNDS,3,0.817,RETRY,0,0.26849999999999996
pay_009195,806.94,NETBANKING,INSUFFICIENT_FUNDS,3,0.817,SEND_REMINDER,1,0.5685
pay_003193,11218.52,NETBANKING,USER_CANCELLED,2,0.811,RETRY,1,0.5355000000000001
pay_003193,11218.52,NETBANKING,USER_CANCELLED,2,0.811,SEND_REMINDER,1,0.6655
pay_001041,6954.49,UPI,BANK_ERROR,3,0.462,RETRY,0,0.491
pay_001041,6954.49,UPI,BANK_ERROR,3,0.462,SEND_REMINDER,0,0.16100000000000003
pay_000719,1351.69,CARD,INSUFFICIENT_FUNDS,3,0.595,RETRY,0,0.15749999999999997
pay_000719,1351.69,CARD,INSUFFICIENT_FUNDS,3,0.595,SEND_REMINDER,0,0.4575
pay_007201,2021.76,WALLET,BANK_ERROR,3,0.829,RETRY,0,0.6745
pay_007201,2021.76,WALLET,BANK_ERROR,3,0.829,SEND_REMINDER,0,0.3445
pay_001487,581.32,WALLET,LIMIT_EXCEEDED,2,0.973,RETRY,0,0.3665
pay_001487,581.32,WALLET,LIMIT_EXCEEDED,2,0.973,SEND_REMINDER,0,0.6664999999999999
pay_006907,712.49,WALLET,INSUFFICIENT_FUNDS,3,0.888,RETRY,0,0.304
pay_006907,712.49,WALLET,INSUFFICIENT_FUNDS,3,0.888,SEND_REMINDER,0,0.604
pay_004208,184.25,NETBANKING,NETWORK_ERROR,1,0.662,RETRY,1,0.7010000000000001
pay_004208,184.25,NETBANKING,NETWORK_ERROR,1,0.662,SEND_REMINDER,1,0.43100000000000005
pay_008629,3033.66,UPI,NETWORK_ERROR,1,0.659,RETRY,1,0.6995
pay_008629,3033.66,UPI,NETWORK_ERROR,1,0.659,SEND_REMINDER,0,0.42950000000000005
pay_005126,1046.38,CARD,LIMIT_EXCEEDED,1,0.537,RETRY,0,0.21850000000000003
pay_005126,1046.38,CARD,LIMIT_EXCEEDED,1,0.537,SEND_REMINDER,0,0.5185
pay_004599,2533.67,NETBANKING,USER_CANCELLED,3,0.848,RETRY,1,0.4840000000000001
pay_004599,2533.67,NETBANKING,USER_CANCELLED,3,0.848,SEND_REMINDER,0,0.614
pay_006365,5498.36,WALLET,TIMEOUT,3,0.793,RETRY,1,0.5864999999999999
pay_006365,5498.36,WALLET,TIMEOUT,3,0.793,SEND_REMINDER,0,0.35650000000000004
pay_006024,1450.85,CARD,LIMIT_EXCEEDED,4,0.767,RETRY,0,0.1235
pay_006024,1450.85,CARD,LIMIT_EXCEEDED,4,0.767,SEND_REMINDER,0,0.42349999999999993
pay_002574,1736.86,NETBANKING,BANK_ERROR,3,0.707,RETRY,1,0.6135
pay_002574,1736.86,NETBANKING,BANK_ERROR,3,0.707,SEND_REMINDER,0,0.2835
pay_001345,3864.72,NETBANKING,USER_CANCELLED,1,0.566,RETRY,0,0.48300000000000004
pay_001345,3864.72,NETBANKING,USER_CANCELLED,1,0.566,SEND_REMINDER,1,0.613
pay_007967,4122.44,UPI,CARD_EXPIRED,4,0.645,RETRY,0,0.01
pay_007967,4122.44,UPI,CARD_EXPIRED,4,0.645,SEND_REMINDER,0,0.4825
pay_004136,1325.32,WALLET,FRAUD_SUSPECTED,1,0.473,RETRY,0,0.01
pay_004136,1325.32,WALLET,FRAUD_SUSPECTED,1,0.473,SEND_REMINDER,0,0.01
pay_003126,3267.31,CARD,BANK_ERROR,1,0.529,RETRY,0,0.6645000000000001
pay_003126,3267.31,CARD,BANK_ERROR,1,0.529,SEND_REMINDER,1,0.3345
pay_003233,767.64,UPI,INSUFFICIENT_FUNDS,3,0.595,RETRY,0,0.15749999999999997
pay_003233,767.64,UPI,INSUFFICIENT_FUNDS,3,0.595,SEND_REMINDER,0,0.4575
pay_008164,1776.46,CARD,BANK_ERROR,2,0.649,RETRY,0,0.6545000000000001
pay_008164,1776.46,CARD,BANK_ERROR,2,0.649,SEND_REMINDER,0,0.3245
pay_008074,957.27,WALLET,BANK_ERROR,4,0.536,RETRY,1,0.458
pay_008074,957.27,WALLET,BANK_ERROR,4,0.536,SEND_REMINDER,1,0.128
pay_003054,965.84,CARD,NETWORK_ERROR,2,0.756,RETRY,0,0.6779999999999999
pay_003054,965.84,CARD,NETWORK_ERROR,2,0.756,SEND_REMINDER,0,0.40800000000000003
pay_001667,812.86,WALLET,LIMIT_EXCEEDED,2,0.483,RETRY,0,0.1215
pay_001667,812.86,WALLET,LIMIT_EXCEEDED,2,0.483,SEND_REMINDER,0,0.4215
pay_006092,1948.51,WALLET,INSUFFICIENT_FUNDS,4,0.532,RETRY,0,0.055999999999999994
pay_006092,1948.51,WALLET,INSUFFICIENT_FUNDS,4,0.532,SEND_REMINDER,1,0.35600000000000004
pay_008901,1647.05,UPI,NETWORK_ERROR,2,0.729,RETRY,1,0.6644999999999999
pay_008901,1647.05,UPI,NETWORK_ERROR,2,0.729,SEND_REMINDER,0,0.3945
pay_004580,3516.75,NETBANKING,NETWORK_ERROR,2,0.54,RETRY,0,0.5700000000000001
pay_004580,3516.75,NETBANKING,NETWORK_ERROR,2,0.54,SEND_REMINDER,0,0.30000000000000004
pay_000059,2356.68,WALLET,TIMEOUT,1,0.697,RETRY,1,0.6784999999999999
pay_000059,2356.68,WALLET,TIMEOUT,1,0.697,SEND_REMINDER,1,0.4485
pay_006189,1775.01,CARD,CARD_EXPIRED,1,0.673,RETRY,0,0.18650000000000005
pay_006189,1775.01,CARD,CARD_EXPIRED,1,0.673,SEND_REMINDER,1,0.7065
pay_002868,889.5,WALLET,BANK_ERROR,2,0.828,RETRY,1,0.744
pay_002868,889.5,WALLET,BANK_ERROR,2,0.828,SEND_REMINDER,0,0.414
pay_005163,1679.81,CARD,TIMEOUT,2,0.539,RETRY,1,0.5294999999999999
pay_005163,1679.81,CARD,TIMEOUT,2,0.539,SEND_REMINDER,1,0.29950000000000004
pay_004773,3030.46,NETBANKING,BANK_ERROR,3,0.982,RETRY,1,0.751
pay_004773,3030.46,NETBANKING,BANK_ERROR,3,0.982,SEND_REMINDER,1,0.42099999999999993
pay_007994,3738.42,NETBANKING,USER_CANCELLED,2,0.908,RETRY,1,0.5840000000000001
pay_007994,3738.42,NETBANKING,USER_CANCELLED,2,0.908,SEND_REMINDER,1,0.714
pay_004357,2168.15,UPI,INSUFFICIENT_FUNDS,1,0.542,RETRY,0,0.271
pay_004357,2168.15,UPI,INSUFFICIENT_FUNDS,1,0.542,SEND_REMINDER,1,0.5710000000000001
pay_008594,2015.63,UPI,TIMEOUT,3,0.801,RETRY,1,0.5904999999999999
pay_008594,2015.63,UPI,TIMEOUT,3,0.801,SEND_REMINDER,0,0.36050000000000004
pay_008601,1329.63,UPI,USER_CANCELLED,2,0.567,RETRY,0,0.41350000000000003
pay_008601,1329.63,UPI,USER_CANCELLED,2,0.567,SEND_REMINDER,0,0.5434999999999999
pay_002010,3827.84,UPI,BANK_ERROR,4,0.64,RETRY,1,0.51
pay_002010,3827.84,UPI,BANK_ERROR,4,0.64,SEND_REMINDER,0,0.18
pay_002742,2619.22,UPI,INSUFFICIENT_FUNDS,1,0.583,RETRY,0,0.2915
pay_002742,2619.22,UPI,INSUFFICIENT_FUNDS,1,0.583,SEND_REMINDER,0,0.5915
pay_005908,177.75,NETBANKING,LIMIT_EXCEEDED,4,0.815,RETRY,0,0.14749999999999996
pay_005908,177.75,NETBANKING,LIMIT_EXCEEDED,4,0.815,SEND_REMINDER,1,0.44749999999999995
pay_001506,1258.18,WALLET,TIMEOUT,2,0.564,RETRY,1,0.5419999999999998
pay_001506,1258.18,WALLET,TIMEOUT,2,0.564,SEND_REMINDER,0,0.312
pay_003253,3013.71,NETBANKING,NETWORK_ERROR,3,0.689,RETRY,1,0.5744999999999999
pay_003253,3013.71,NETBANKING,NETWORK_ERROR,3,0.689,SEND_REMINDER,0,0.3045
pay_007493,1116.44,CARD,NETWORK_ERROR,1,0.824,RETRY,1,0.782
pay_007493,1116.44,CARD,NETWORK_ERROR,1,0.824,SEND_REMINDER,1,0.512
pay_009128,942.45,WALLET,NETWORK_ERROR,3,0.545,RETRY,0,0.5025000000000001
pay_009128,942.45,WALLET,NETWORK_ERROR,3,0.545,SEND_REMINDER,0,0.23250000000000004
pay_004801,2712.47,UPI,BANK_ERROR,2,0.472,RETRY,1,0.5660000000000001
pay_004801,2712.47,UPI,BANK_ERROR,2,0.472,SEND_REMINDER,1,0.236
pay_009204,1442.01,CARD,CARD_EXPIRED,3,0.481,RETRY,0,0.01
pay_009204,1442.01,CARD,CARD_EXPIRED,3,0.481,SEND_REMINDER,0,0.47050000000000003
pay_000795,761.4,CARD,BANK_ERROR,2,0.747,RETRY,1,0.7035
pay_000795,761.4,CARD,BANK_ERROR,2,0.747,SEND_REMINDER,0,0.3735
pay_008989,6121.81,UPI,USER_CANCELLED,4,0.983,RETRY,1,0.4815
pay_008989,6121.81,UPI,USER_CANCELLED,4,0.983,SEND_REMINDER,0,0.6114999999999999
pay_001121,4378.32,NETBANKING,BANK_ERROR,4,0.987,RETRY,1,0.6835
pay_001121,4378.32,NETBANKING,BANK_ERROR,4,0.987,SEND_REMINDER,0,0.3535
pay_005911,2709.69,WALLET,TIMEOUT,3,0.987,RETRY,1,0.6834999999999999
pay_005911,2709.69,WALLET,TIMEOUT,3,0.987,SEND_REMINDER,0,0.4535
pay_003151,3546.04,UPI,BANK_ERROR,2,0.713,RETRY,1,0.6864999999999999
pay_003151,3546.04,UPI,BANK_ERROR,2,0.713,SEND_REMINDER,1,0.3565
pay_002318,1103.45,NETBANKING,USER_CANCELLED,3,0.704,RETRY,0,0.41200000000000003
pay_002318,1103.45,NETBANKING,USER_CANCELLED,3,0.704,SEND_REMINDER,1,0.5419999999999999
pay_006967,1138.23,UPI,CARD_EXPIRED,2,0.479,RETRY,0,0.019500000000000017
pay_006967,1138.23,UPI,CARD_EXPIRED,2,0.479,SEND_REMINDER,1,0.5394999999999999
pay_003823,1744.26,CARD,BANK_ERROR,1,0.669,RETRY,0,0.7345
pay_003823,1744.26,CARD,BANK_ERROR,1,0.669,SEND_REMINDER,0,0.4045
pay_004657,1404.96,UPI,NETWORK_ERROR,2,0.69,RETRY,0,0.645
pay_004657,1404.96,UPI,NETWORK_ERROR,2,0.69,SEND_REMINDER,0,0.375
pay_001696,8528.28,UPI,NETWORK_ERROR,2,0.65,RETRY,1,0.625
pay_001696,8528.28,UPI,NETWORK_ERROR,2,0.65,SEND_REMINDER,0,0.35500000000000004
pay_009405,2977.44,CARD,LIMIT_EXCEEDED,2,0.635,RETRY,0,0.1975
pay_009405,2977.44,CARD,LIMIT_EXCEEDED,2,0.635,SEND_REMINDER,0,0.4975
pay_008915,1599.93,NETBANKING,TIMEOUT,2,0.471,RETRY,1,0.4954999999999999
pay_008915,1599.93,NETBANKING,TIMEOUT,2,0.471,SEND_REMINDER,1,0.2655
pay_008139,495.84,UPI,CARD_EXPIRED,1,0.825,RETRY,1,0.2625
pay_008139,495.84,UPI,CARD_EXPIRED,1,0.825,SEND_REMINDER,1,0.7825
pay_005791,492.53,WALLET,INSUFFICIENT_FUNDS,1,0.944,RETRY,1,0.472
pay_005791,492.53,WALLET,INSUFFICIENT_FUNDS,1,0.944,SEND_REMINDER,0,0.772
pay_001526,4319.95,NETBANKING,USER_CANCELLED,2,0.564,RETRY,0,0.41200000000000003
pay_001526,4319.95,NETBANKING,USER_CANCELLED,2,0.564,SEND_REMINDER,1,0.5419999999999998
pay_006877,2809.65,UPI,INSUFFICIENT_FUNDS,1,0.656,RETRY,0,0.328
pay_006877,2809.65,UPI,INSUFFICIENT_FUNDS,1,0.656,SEND_REMINDER,1,0.6280000000000001
pay_000762,1993.42,CARD,INSUFFICIENT_FUNDS,2,0.539,RETRY,0,0.1995
pay_000762,1993.42,CARD,INSUFFICIENT_FUNDS,2,0.539,SEND_REMINDER,1,0.4995000000000001
pay_005689,655.56,NETBANKING,USER_CANCELLED,1,0.887,RETRY,0,0.6435000000000001
pay_005689,655.56,NETBANKING,USER_CANCELLED,1,0.887,SEND_REMINDER,0,0.7735
pay_002894,2148.05,WALLET,BANK_ERROR,4,0.493,RETRY,0,0.43650000000000005
pay_002894,2148.05,WALLET,BANK_ERROR,4,0.493,SEND_REMINDER,0,0.10649999999999998
pay_007121,1275.85,UPI,USER_CANCELLED,4,0.701,RETRY,0,0.34049999999999997
pay_007121,1275.85,UPI,USER_CANCELLED,4,0.701,SEND_REMINDER,0,0.47049999999999986
pay_000534,686.21,CARD,INSUFFICIENT_FUNDS,3,0.675,RETRY,1,0.1975
pay_000534,686.21,CARD,INSUFFICIENT_FUNDS,3,0.675,SEND_REMINDER,0,0.49750000000000005
pay_003740,614.96,WALLET,NETWORK_ERROR,3,0.945,RETRY,1,0.7025
pay_003740,614.96,WALLET,NETWORK_ERROR,3,0.945,SEND_REMINDER,1,0.4325
pay_002519,1504.42,NETBANKING,LIMIT_EXCEEDED,2,0.946,RETRY,0,0.353
pay_002519,1504.42,NETBANKING,LIMIT_EXCEEDED,2,0.946,SEND_REMINDER,1,0.653
pay_002271,2387.83,UPI,TIMEOUT,1,0.929,RETRY,1,0.7945
pay_002271,2387.83,UPI,TIMEOUT,1,0.929,SEND_REMINDER,0,0.5645
pay_009949,1543.09,UPI,INSUFFICIENT_FUNDS,2,0.913,RETRY,0,0.3865
pay_009949,1543.09,UPI,INSUFFICIENT_FUNDS,2,0.913,SEND_REMINDER,1,0.6865000000000001
pay_001048,512.29,NETBANKING,INSUFFICIENT_FUNDS,1,0.92,RETRY,1,0.46
pay_001048,512.29,NETBANKING,INSUFFICIENT_FUNDS,1,0.92,SEND_REMINDER,1,0.76
pay_009220,1298.86,NETBANKING,NETWORK_ERROR,4,0.769,RETRY,0,0.5445
pay_009220,1298.86,NETBANKING,NETWORK_ERROR,4,0.769,SEND_REMINDER,0,0.2745
pay_002240,3130.83,CARD,INSUFFICIENT_FUNDS,1,0.544,RETRY,0,0.272
pay_002240,3130.83,CARD,INSUFFICIENT_FUNDS,1,0.544,SEND_REMINDER,0,0.5720000000000001
pay_004164,416.09,CARD,INSUFFICIENT_FUNDS,1,0.735,RETRY,0,0.3675
pay_004164,416.09,CARD,INSUFFICIENT_FUNDS,1,0.735,SEND_REMINDER,0,0.6675
pay_009495,861.84,CARD,USER_CANCELLED,4,0.747,RETRY,1,0.3635000000000001
pay_009495,861.84,CARD,USER_CANCELLED,4,0.747,SEND_REMINDER,0,0.4935
pay_009513,3957.66,UPI,LIMIT_EXCEEDED,2,0.592,RETRY,0,0.176
pay_009513,3957.66,UPI,LIMIT_EXCEEDED,2,0.592,SEND_REMINDER,0,0.47600000000000003
pay_009821,2289.65,UPI,TIMEOUT,4,0.951,RETRY,0,0.5954999999999999
pay_009821,2289.65,UPI,TIMEOUT,4,0.951,SEND_REMINDER,0,0.3655
pay_007230,3071.16,CARD,INSUFFICIENT_FUNDS,2,0.493,RETRY,0,0.1765
pay_007230,3071.16,CARD,INSUFFICIENT_FUNDS,2,0.493,SEND_REMINDER,0,0.4765
pay_003881,2301.6,UPI,INSUFFICIENT_FUNDS,1,0.732,RETRY,0,0.366
pay_003881,2301.6,UPI,INSUFFICIENT_FUNDS,1,0.732,SEND_REMINDER,1,0.666
pay_007253,4210.68,CARD,NETWORK_ERROR,4,0.851,RETRY,1,0.5854999999999999
pay_007253,4210.68,CARD,NETWORK_ERROR,4,0.851,SEND_REMINDER,1,0.31550000000000006
pay_002909,1261.42,UPI,BANK_ERROR,3,0.831,RETRY,1,0.6755
pay_002909,1261.42,UPI,BANK_ERROR,3,0.831,SEND_REMINDER,1,0.3455
pay_008763,699.21,NETBANKING,BANK_ERROR,2,0.667,RETRY,1,0.6635
pay_008763,699.21,NETBANKING,BANK_ERROR,2,0.667,SEND_REMINDER,0,0.3335
pay_002076,1404.09,WALLET,CARD_EXPIRED,1,0.753,RETRY,0,0.22650000000000003
pay_002076,1404.09,WALLET,CARD_EXPIRED,1,0.753,SEND_REMINDER,1,0.7464999999999999
pay_008713,710.31,WALLET,LIMIT_EXCEEDED,3,0.929,RETRY,0,0.2745
pay_008713,710.31,WALLET,LIMIT_EXCEEDED,3,0.929,SEND_REMINDER,1,0.5745
pay_005159,1560.38,CARD,CARD_EXPIRED,3,0.467,RETRY,0,0.01
pay_005159,1560.38,CARD,CARD_EXPIRED,3,0.467,SEND_REMINDER,1,0.4635
pay_004372,1168.14,UPI,BANK_ERROR,2,0.861,RETRY,0,0.7605
pay_004372,1168.14,UPI,BANK_ERROR,2,0.861,SEND_REMINDER,1,0.43049999999999994
pay_001039,2163.67,NETBANKING,INSUFFICIENT_FUNDS,4,0.45,RETRY,0,0.014999999999999986
pay_001039,2163.67,NETBANKING,INSUFFICIENT_FUNDS,4,0.45,SEND_REMINDER,0,0.315
pay_002986,838.79,WALLET,BANK_ERROR,3,0.928,RETRY,1,0.7240000000000001
pay_002986,838.79,WALLET,BANK_ERROR,3,0.928,SEND_REMINDER,0,0.394
pay_002657,754.8,NETBANKING,USER_CANCELLED,4,0.961,RETRY,1,0.4705000000000001
pay_002657,754.8,NETBANKING,USER_CANCELLED,4,0.961,SEND_REMINDER,0,0.6005
pay_003612,1976.53,NETBANKING,TIMEOUT,4,0.612,RETRY,0,0.4259999999999999
pay_003612,1976.53,NETBANKING,TIMEOUT,4,0.612,SEND_REMINDER,0,0.196
pay_005417,1331.47,UPI,BANK_ERROR,2,0.737,RETRY,0,0.6984999999999999
pay_005417,1331.47,UPI,BANK_ERROR,2,0.737,SEND_REMINDER,0,0.3685
pay_008271,554.84,NETBANKING,LIMIT_EXCEEDED,3,0.75,RETRY,0,0.185
pay_008271,554.84,NETBANKING,LIMIT_EXCEEDED,3,0.75,SEND_REMINDER,0,0.485
pay_008504,1464.8,NETBANKING,TIMEOUT,4,0.567,RETRY,0,0.4034999999999999
pay_008504,1464.8,NETBANKING,TIMEOUT,4,0.567,SEND_REMINDER,0,0.1735
pay_008257,4435.3,WALLET,INSUFFICIENT_FUNDS,2,0.863,RETRY,0,0.3615
pay_008257,4435.3,WALLET,INSUFFICIENT_FUNDS,2,0.863,SEND_REMINDER,1,0.6615
pay_006036,1911.17,UPI,NETWORK_ERROR,4,0.479,RETRY,0,0.3994999999999999
pay_006036,1911.17,UPI,NETWORK_ERROR,4,0.479,SEND_REMINDER,0,0.1295
pay_001044,1753.19,NETBANKING,NETWORK_ERROR,3,0.888,RETRY,1,0.674
pay_001044,1753.19,NETBANKING,NETWORK_ERROR,3,0.888,SEND_REMINDER,1,0.404
pay_009977,6900.97,UPI,USER_CANCELLED,3,0.786,RETRY,1,0.45300000000000007
pay_009977,6900.97,UPI,USER_CANCELLED,3,0.786,SEND_REMINDER,1,0.583
pay_008762,641.49,UPI,BANK_ERROR,1,0.756,RETRY,0,0.778
pay_008762,641.49,UPI,BANK_ERROR,1,0.756,SEND_REMINDER,1,0.448
pay_008538,7031.1,CARD,USER_CANCELLED,4,0.584,RETRY,0,0.28200000000000003
pay_008538,7031.1,CARD,USER_CANCELLED,4,0.584,SEND_REMINDER,1,0.41199999999999987
pay_004730,1836.24,CARD,INSUFFICIENT_FUNDS,3,0.516,RETRY,0,0.118
pay_004730,1836.24,CARD,INSUFFICIENT_FUNDS,3,0.516,SEND_REMINDER,1,0.41800000000000004
pay_007618,5979.09,UPI,NETWORK_ERROR,4,0.614,RETRY,1,0.467
pay_007618,5979.09,UPI,NETWORK_ERROR,4,0.614,SEND_REMINDER,0,0.197
pay_008846,999.05,NETBANKING,CARD_EXPIRED,1,0.649,RETRY,0,0.17450000000000004
pay_008846,999.05,NETBANKING,CARD_EXPIRED,1,0.649,SEND_REMINDER,1,0.6945
pay_009248,818.22,WALLET,BANK_ERROR,1,0.931,RETRY,1,0.8655
pay_009248,818.22,WALLET,BANK_ERROR,1,0.931,SEND_REMINDER,1,0.5355000000000001
pay_002130,3211.68,NETBANKING,USER_CANCELLED,4,0.54,RETRY,0,0.26000000000000006
pay_002130,3211.68,NETBANKING,USER_CANCELLED,4,0.54,SEND_REMINDER,0,0.38999999999999996
pay_000444,1683.62,WALLET,NETWORK_ERROR,4,0.653,RETRY,0,0.4865
pay_000444,1683.62,WALLET,NETWORK_ERROR,4,0.653,SEND_REMINDER,0,0.21650000000000003
pay_006331,5190.36,WALLET,LIMIT_EXCEEDED,4,0.506,RETRY,0,0.01
pay_006331,5190.36,WALLET,LIMIT_EXCEEDED,4,0.506,SEND_REMINDER,0,0.293
pay_000765,4534.27,UPI,NETWORK_ERROR,1,0.771,RETRY,1,0.7555000000000001
pay_000765,4534.27,UPI,NETWORK_ERROR,1,0.771,SEND_REMINDER,0,0.48550000000000004
pay_008140,2385.23,NETBANKING,LIMIT_EXCEEDED,3,0.967,RETRY,0,0.2935
pay_008140,2385.23,NETBANKING,LIMIT_EXCEEDED,3,0.967,SEND_REMINDER,1,0.5935
pay_001904,2430.16,UPI,NETWORK_ERROR,1,0.873,RETRY,1,0.8065
pay_001904,2430.16,UPI,NETWORK_ERROR,1,0.873,SEND_REMINDER,1,0.5365
pay_009152,2177.11,NETBANKING,INSUFFICIENT_FUNDS,1,0.924,RETRY,0,0.462
pay_009152,2177.11,NETBANKING,INSUFFICIENT_FUNDS,1,0.924,SEND_REMINDER,1,0.762
pay_006818,552.85,WALLET,LIMIT_EXCEEDED,2,0.742,RETRY,0,0.251
pay_006818,552.85,WALLET,LIMIT_EXCEEDED,2,0.742,SEND_REMINDER,1,0.5509999999999999
pay_000244,3614.12,NETBANKING,INSUFFICIENT_FUNDS,4,0.723,RETRY,0,0.15149999999999997
pay_000244,3614.12,NETBANKING,INSUFFICIENT_FUNDS,4,0.723,SEND_REMINDER,1,0.45149999999999996
pay_009239,924.55,WALLET,BANK_ERROR,4,0.561,RETRY,1,0.4705000000000001
pay_009239,924.55,WALLET,BANK_ERROR,4,0.561,SEND_REMINDER,0,0.1405
pay_001307,1849.27,UPI,NETWORK_ERROR,1,0.61,RETRY,1,0.675
pay_001307,1849.27,UPI,NETWORK_ERROR,1,0.61,SEND_REMINDER,0,0.405
pay_006057,1919.09,UPI,CARD_EXPIRED,1,0.67,RETRY,0,0.18500000000000005
pay_006057,1919.09,UPI,CARD_EXPIRED,1,0.67,SEND_REMINDER,1,0.7050000000000001
pay_009542,1142.47,UPI,LIMIT_EXCEEDED,3,0.886,RETRY,0,0.253
pay_009542,1142.47,UPI,LIMIT_EXCEEDED,3,0.886,SEND_REMINDER,1,0.553
pay_004834,2968.44,NETBANKING,CARD_EXPIRED,2,0.926,RETRY,0,0.24300000000000005
pay_004834,2968.44,NETBANKING,CARD_EXPIRED,2,0.926,SEND_REMINDER,1,0.7629999999999999
pay_008681,735.61,WALLET,TIMEOUT,4,0.564,RETRY,0,0.40199999999999986
pay_008681,735.61,WALLET,TIMEOUT,4,0.564,SEND_REMINDER,0,0.172
pay_000325,808.5,UPI,BANK_ERROR,4,0.98,RETRY,1,0.6799999999999999
pay_000325,808.5,UPI,BANK_ERROR,4,0.98,SEND_REMINDER,0,0.35000000000000003
pay_006524,3448.3,NETBANKING,LIMIT_EXCEEDED,2,0.501,RETRY,0,0.1305
pay_006524,3448.3,NETBANKING,LIMIT_EXCEEDED,2,0.501,SEND_REMINDER,0,0.43049999999999994
pay_009477,2246.99,CARD,INSUFFICIENT_FUNDS,3,0.591,RETRY,0,0.15549999999999997
pay_009477,2246.99,CARD,INSUFFICIENT_FUNDS,3,0.591,SEND_REMINDER,1,0.4555
pay_008103,1230.95,CARD,NETWORK_ERROR,1,0.829,RETRY,1,0.7845
pay_008103,1230.95,CARD,NETWORK_ERROR,1,0.829,SEND_REMINDER,1,0.5145
pay_006217,1825.81,NETBANKING,INSUFFICIENT_FUNDS,4,0.506,RETRY,0,0.04299999999999998
pay_006217,1825.81,NETBANKING,INSUFFICIENT_FUNDS,4,0.506,SEND_REMINDER,0,0.343
pay_009604,1334.48,UPI,INSUFFICIENT_FUNDS,2,0.616,RETRY,0,0.238
pay_009604,1334.48,UPI,INSUFFICIENT_FUNDS,2,0.616,SEND_REMINDER,1,0.538
pay_009527,698.44,WALLET,NETWORK_ERROR,1,0.588,RETRY,1,0.6639999999999999
pay_009527,698.44,WALLET,NETWORK_ERROR,1,0.588,SEND_REMINDER,1,0.394
pay_009395,2071.4,WALLET,BANK_ERROR,2,0.927,RETRY,1,0.7935000000000001
pay_009395,2071.4,WALLET,BANK_ERROR,2,0.927,SEND_REMINDER,1,0.4635000000000001
pay_003304,795.84,WALLET,CARD_EXPIRED,2,0.479,RETRY,0,0.019500000000000017
pay_003304,795.84,WALLET,CARD_EXPIRED,2,0.479,SEND_REMINDER,1,0.5394999999999999
pay_006171,891.41,WALLET,CARD_EXPIRED,2,0.646,RETRY,0,0.10300000000000004
pay_006171,891.41,WALLET,CARD_EXPIRED,2,0.646,SEND_REMINDER,1,0.623
pay_006220,5410.42,NETBANKING,BANK_ERROR,2,0.762,RETRY,1,0.7110000000000001
pay_006220,5410.42,NETBANKING,BANK_ERROR,2,0.762,SEND_REMINDER,1,0.381
pay_005781,674.5,WALLET,INSUFFICIENT_FUNDS,3,0.626,RETRY,0,0.173
pay_005781,674.5,WALLET,INSUFFICIENT_FUNDS,3,0.626,SEND_REMINDER,1,0.473
pay_008510,2906.87,WALLET,BANK_ERROR,1,0.659,RETRY,1,0.7295
pay_008510,2906.87,WALLET,BANK_ERROR,1,0.659,SEND_REMINDER,1,0.3995
pay_005291,6367.66,UPI,INSUFFICIENT_FUNDS,2,0.711,RETRY,0,0.2855
pay_005291,6367.66,UPI,INSUFFICIENT_FUNDS,2,0.711,SEND_REMINDER,1,0.5854999999999999
pay_003827,705.61,NETBANKING,INSUFFICIENT_FUNDS,3,0.63,RETRY,1,0.175
pay_003827,705.61,NETBANKING,INSUFFICIENT_FUNDS,3,0.63,SEND_REMINDER,1,0.475
pay_008106,370.68,WALLET,NETWORK_ERROR,1,0.625,RETRY,1,0.6825
pay_008106,370.68,WALLET,NETWORK_ERROR,1,0.625,SEND_REMINDER,0,0.41250000000000003
pay_004165,1278.93,UPI,INSUFFICIENT_FUNDS,4,0.501,RETRY,0,0.04049999999999998
pay_004165,1278.93,UPI,INSUFFICIENT_FUNDS,4,0.501,SEND_REMINDER,0,0.34049999999999997
pay_004509,3060.12,UPI,LIMIT_EXCEEDED,3,0.729,RETRY,0,0.1745
pay_004509,3060.12,UPI,LIMIT_EXCEEDED,3,0.729,SEND_REMINDER,1,0.47450000000000003
pay_004159,1075.07,WALLET,BANK_ERROR,3,0.793,RETRY,1,0.6565
pay_004159,1075.07,WALLET,BANK_ERROR,3,0.793,SEND_REMINDER,0,0.3265
pay_003855,1349.64,UPI,CARD_EXPIRED,1,0.798,RETRY,0,0.24900000000000005
pay_003855,1349.64,UPI,CARD_EXPIRED,1,0.798,SEND_REMINDER,1,0.769
pay_001804,538.63,UPI,TIMEOUT,1,0.658,RETRY,1,0.659
pay_001804,538.63,UPI,TIMEOUT,1,0.658,SEND_REMINDER,1,0.42900000000000005
pay_005372,734.75,CARD,INSUFFICIENT_FUNDS,3,0.463,RETRY,0,0.0915
pay_005372,734.75,CARD,INSUFFICIENT_FUNDS,3,0.463,SEND_REMINDER,0,0.39150000000000007
pay_000751,863.86,NETBANKING,USER_CANCELLED,4,0.527,RETRY,1,0.25350000000000006
pay_000751,863.86,NETBANKING,USER_CANCELLED,4,0.527,SEND_REMINDER,0,0.3834999999999999
pay_009057,1561.13,UPI,INSUFFICIENT_FUNDS,1,0.635,RETRY,0,0.3175
pay_009057,1561.13,UPI,INSUFFICIENT_FUNDS,1,0.635,SEND_REMINDER,1,0.6175
pay_008092,3557.79,UPI,FRAUD_SUSPECTED,2,0.99,RETRY,1,0.08500000000000002
pay_008092,3557.79,UPI,FRAUD_SUSPECTED,2,0.99,SEND_REMINDER,0,0.08500000000000002
pay_001201,1998.55,NETBANKING,CARD_EXPIRED,1,0.978,RETRY,0,0.339
pay_001201,1998.55,NETBANKING,CARD_EXPIRED,1,0.978,SEND_REMINDER,1,0.859
pay_000988,3647.84,CARD,INSUFFICIENT_FUNDS,2,0.538,RETRY,0,0.199
pay_000988,3647.84,CARD,INSUFFICIENT_FUNDS,2,0.538,SEND_REMINDER,1,0.49900000000000005
pay_007851,8972.7,CARD,NETWORK_ERROR,3,0.632,RETRY,1,0.5459999999999999
pay_007851,8972.7,CARD,NETWORK_ERROR,3,0.632,SEND_REMINDER,0,0.276
pay_000096,560.7,WALLET,CARD_EXPIRED,4,0.717,RETRY,0,0.01
pay_000096,560.7,WALLET,CARD_EXPIRED,4,0.717,SEND_REMINDER,1,0.5185
pay_006593,5859.55,UPI,FRAUD_SUSPECTED,1,0.8,RETRY,0,0.060000000000000046
pay_006593,5859.55,UPI,FRAUD_SUSPECTED,1,0.8,SEND_REMINDER,0,0.060000000000000046
pay_009490,2241.9,WALLET,TIMEOUT,3,0.519,RETRY,1,0.4494999999999999
pay_009490,2241.9,WALLET,TIMEOUT,3,0.519,SEND_REMINDER,1,0.21950000000000003
pay_004198,516.71,NETBANKING,NETWORK_ERROR,2,0.95,RETRY,1,0.7749999999999999
pay_004198,516.71,NETBANKING,NETWORK_ERROR,2,0.95,SEND_REMINDER,1,0.5049999999999999
pay_000786,4292.5,UPI,INSUFFICIENT_FUNDS,4,0.548,RETRY,0,0.064
pay_000786,4292.5,UPI,INSUFFICIENT_FUNDS,4,0.548,SEND_REMINDER,0,0.36400000000000005
pay_007175,5429.97,NETBANKING,BANK_ERROR,2,0.969,RETRY,1,0.8145
pay_007175,5429.97,NETBANKING,BANK_ERROR,2,0.969,SEND_REMINDER,1,0.4845
pay_005578,2110.55,NETBANKING,BANK_ERROR,3,0.506,RETRY,0,0.513
pay_005578,2110.55,NETBANKING,BANK_ERROR,3,0.506,SEND_REMINDER,0,0.183
pay_000417,6253.66,CARD,BANK_ERROR,1,0.988,RETRY,1,0.894
pay_000417,6253.66,CARD,BANK_ERROR,1,0.988,SEND_REMINDER,1,0.5640000000000001
pay_005713,3588.14,UPI,TIMEOUT,4,0.98,RETRY,0,0.6099999999999999
pay_005713,3588.14,UPI,TIMEOUT,4,0.98,SEND_REMINDER,1,0.38000000000000006
pay_004614,1200.03,UPI,TIMEOUT,2,0.699,RETRY,0,0.6094999999999999
pay_004614,1200.03,UPI,TIMEOUT,2,0.699,SEND_REMINDER,1,0.3795
pay_002670,2982.46,UPI,BANK_ERROR,4,0.701,RETRY,0,0.5405
pay_002670,2982.46,UPI,BANK_ERROR,4,0.701,SEND_REMINDER,0,0.21049999999999996
pay_008518,5068.23,UPI,BANK_ERROR,2,0.614,RETRY,1,0.637
pay_008518,5068.23,UPI,BANK_ERROR,2,0.614,SEND_REMINDER,1,0.307
pay_005545,1349.93,CARD,USER_CANCELLED,2,0.492,RETRY,0,0.37600000000000006
pay_005545,1349.93,CARD,USER_CANCELLED,2,0.492,SEND_REMINDER,1,0.506
pay_008573,2510.67,UPI,USER_CANCELLED,1,0.519,RETRY,0,0.4595000000000001
pay_008573,2510.67,UPI,USER_CANCELLED,1,0.519,SEND_REMINDER,1,0.5894999999999999
pay_007813,2046.99,UPI,NETWORK_ERROR,1,0.638,RETRY,0,0.6890000000000001
pay_007813,2046.99,UPI,NETWORK_ERROR,1,0.638,SEND_REMINDER,1,0.41900000000000004
pay_001890,1787.26,CARD,LIMIT_EXCEEDED,2,0.612,RETRY,0,0.186
pay_001890,1787.26,CARD,LIMIT_EXCEEDED,2,0.612,SEND_REMINDER,1,0.48600000000000004
pay_006374,5011.76,CARD,CARD_EXPIRED,4,0.772,RETRY,0,0.026000000000000023
pay_006374,5011.76,CARD,CARD_EXPIRED,4,0.772,SEND_REMINDER,1,0.546
pay_009186,1714.9,NETBANKING,NETWORK_ERROR,4,0.821,RETRY,1,0.5705
pay_009186,1714.9,NETBANKING,NETWORK_ERROR,4,0.821,SEND_REMINDER,0,0.30049999999999993
pay_005666,573.06,WALLET,INSUFFICIENT_FUNDS,4,0.726,RETRY,0,0.15299999999999997
pay_005666,573.06,WALLET,INSUFFICIENT_FUNDS,4,0.726,SEND_REMINDER,0,0.453
pay_001082,1367.3,CARD,TIMEOUT,3,0.693,RETRY,1,0.5364999999999999
pay_001082,1367.3,CARD,TIMEOUT,3,0.693,SEND_REMINDER,1,0.3065
pay_004238,1369.44,CARD,INSUFFICIENT_FUNDS,2,0.889,RETRY,0,0.3745
pay_004238,1369.44,CARD,INSUFFICIENT_FUNDS,2,0.889,SEND_REMINDER,1,0.6745000000000001
pay_007582,3083.42,CARD,USER_CANCELLED,3,0.564,RETRY,0,0.342
pay_007582,3083.42,CARD,USER_CANCELLED,3,0.564,SEND_REMINDER,1,0.47199999999999986
pay_008194,1944.77,NETBANKING,NETWORK_ERROR,4,0.552,RETRY,1,0.436
pay_008194,1944.77,NETBANKING,NETWORK_ERROR,4,0.552,SEND_REMINDER,1,0.16600000000000004
pay_004833,2893.68,WALLET,TIMEOUT,4,0.764,RETRY,1,0.502
pay_004833,2893.68,WALLET,TIMEOUT,4,0.764,SEND_REMINDER,0,0.272
pay_001493,1151.25,NETBANKING,NETWORK_ERROR,4,0.862,RETRY,1,0.591
pay_001493,1151.25,NETBANKING,NETWORK_ERROR,4,0.862,SEND_REMINDER,0,0.321
pay_006050,907.92,WALLET,NETWORK_ERROR,3,0.533,RETRY,0,0.49650000000000005
pay_006050,907.92,WALLET,NETWORK_ERROR,3,0.533,SEND_REMINDER,0,0.22650000000000003
pay_006965,2113.42,CARD,USER_CANCELLED,3,0.919,RETRY,0,0.5195000000000001
pay_006965,2113.42,CARD,USER_CANCELLED,3,0.919,SEND_REMINDER,0,0.6495
pay_003648,2143.49,NETBANKING,INSUFFICIENT_FUNDS,1,0.888,RETRY,1,0.444
pay_003648,2143.49,NETBANKING,INSUFFICIENT_FUNDS,1,0.888,SEND_REMINDER,1,0.744
pay_000036,680.84,NETBANKING,INSUFFICIENT_FUNDS,2,0.571,RETRY,0,0.21549999999999997
pay_000036,680.84,NETBANKING,INSUFFICIENT_FUNDS,2,0.571,SEND_REMINDER,1,0.5155000000000001
pay_000175,2256.01,NETBANKING,INSUFFICIENT_FUNDS,1,0.975,RETRY,0,0.4875
pay_000175,2256.01,NETBANKING,INSUFFICIENT_FUNDS,1,0.975,SEND_REMINDER,1,0.7875000000000001
pay_002622,3399.03,NETBANKING,BANK_ERROR,2,0.926,RETRY,1,0.7929999999999999
pay_002622,3399.03,NETBANKING,BANK_ERROR,2,0.926,SEND_REMINDER,0,0.463
pay_006164,530.59,WALLET,INSUFFICIENT_FUNDS,3,0.646,RETRY,0,0.183
pay_006164,530.59,WALLET,INSUFFICIENT_FUNDS,3,0.646,SEND_REMINDER,0,0.483
pay_006023,13276.45,WALLET,USER_CANCELLED,3,0.961,RETRY,1,0.5405000000000001
pay_006023,13276.45,WALLET,USER_CANCELLED,3,0.961,SEND_REMINDER,1,0.6705
pay_009068,2860.52,CARD,INSUFFICIENT_FUNDS,4,0.48,RETRY,0,0.02999999999999997
pay_009068,2860.52,CARD,INSUFFICIENT_FUNDS,4,0.48,SEND_REMINDER,0,0.33
pay_002837,8294.18,WALLET,INSUFFICIENT_FUNDS,3,0.626,RETRY,1,0.173
pay_002837,8294.18,WALLET,INSUFFICIENT_FUNDS,3,0.626,SEND_REMINDER,1,0.473
pay_005973,3129.68,NETBANKING,BANK_ERROR,2,0.667,RETRY,0,0.6635
pay_005973,3129.68,NETBANKING,BANK_ERROR,2,0.667,SEND_REMINDER,1,0.3335
pay_000654,746.04,NETBANKING,BANK_ERROR,2,0.8,RETRY,1,0.73
pay_000654,746.04,NETBANKING,BANK_ERROR,2,0.8,SEND_REMINDER,1,0.4
pay_006640,1749.04,UPI,NETWORK_ERROR,4,0.762,RETRY,1,0.5409999999999999
pay_006640,1749.04,UPI,NETWORK_ERROR,4,0.762,SEND_REMINDER,0,0.271
pay_003521,2703.21,WALLET,USER_CANCELLED,3,0.797,RETRY,1,0.4585
pay_003521,2703.21,WALLET,USER_CANCELLED,3,0.797,SEND_REMINDER,1,0.5884999999999999
pay_006446,881.46,NETBANKING,NETWORK_ERROR,1,0.581,RETRY,1,0.6605
pay_006446,881.46,NETBANKING,NETWORK_ERROR,1,0.581,SEND_REMINDER,1,0.3905
pay_008061,1966.92,WALLET,BANK_ERROR,2,0.658,RETRY,1,0.659
pay_008061,1966.92,WALLET,BANK_ERROR,2,0.658,SEND_REMINDER,1,0.329
pay_007535,1184.17,CARD,LIMIT_EXCEEDED,1,0.53,RETRY,0,0.21500000000000002
pay_007535,1184.17,CARD,LIMIT_EXCEEDED,1,0.53,SEND_REMINDER,0,0.515
pay_005732,1871.38,NETBANKING,NETWORK_ERROR,3,0.472,RETRY,0,0.46599999999999997
pay_005732,1871.38,NETBANKING,NETWORK_ERROR,3,0.472,SEND_REMINDER,0,0.196
pay_003647,2223.7,UPI,USER_CANCELLED,2,0.758,RETRY,1,0.5090000000000001
pay_003647,2223.7,UPI,USER_CANCELLED,2,0.758,SEND_REMINDER,1,0.639
pay_007802,1049.52,WALLET,FRAUD_SUSPECTED,2,0.679,RETRY,0,0.01
pay_007802,1049.52,WALLET,FRAUD_SUSPECTED,2,0.679,SEND_REMINDER,0,0.01
pay_002684,3247.03,WALLET,INSUFFICIENT_FUNDS,3,0.745,RETRY,0,0.23249999999999998
pay_002684,3247.03,WALLET,INSUFFICIENT_FUNDS,3,0.745,SEND_REMINDER,0,0.5325000000000001
pay_003947,2779.72,UPI,NETWORK_ERROR,2,0.649,RETRY,1,0.6245
pay_003947,2779.72,UPI,NETWORK_ERROR,2,0.649,SEND_REMINDER,0,0.35450000000000004
pay_000420,1908.39,NETBANKING,INSUFFICIENT_FUNDS,4,0.93,RETRY,0,0.255
pay_000420,1908.39,NETBANKING,INSUFFICIENT_FUNDS,4,0.93,SEND_REMINDER,1,0.5550000000000002
pay_008047,1092.94,NETBANKING,NETWORK_ERROR,4,0.559,RETRY,1,0.43949999999999995
pay_008047,1092.94,NETBANKING,NETWORK_ERROR,4,0.559,SEND_REMINDER,0,0.16950000000000004
pay_001831,3186.16,UPI,INSUFFICIENT_FUNDS,2,0.464,RETRY,0,0.162
pay_001831,3186.16,UPI,INSUFFICIENT_FUNDS,2,0.464,SEND_REMINDER,0,0.462
pay_007725,6699.37,NETBANKING,LIMIT_EXCEEDED,4,0.565,RETRY,0,0.022499999999999964
pay_007725,6699.37,NETBANKING,LIMIT_EXCEEDED,4,0.565,SEND_REMINDER,0,0.32249999999999995
pay_000950,2196.61,CARD,LIMIT_EXCEEDED,4,0.62,RETRY,0,0.04999999999999999
pay_000950,2196.61,CARD,LIMIT_EXCEEDED,4,0.62,SEND_REMINDER,0,0.35000000000000003
pay_002799,1356.0,UPI,USER_CANCELLED,3,0.489,RETRY,1,0.30450000000000005
pay_002799,1356.0,UPI,USER_CANCELLED,3,0.489,SEND_REMINDER,1,0.4345
pay_002964,776.47,NETBANKING,CARD_EXPIRED,2,0.947,RETRY,0,0.2535
pay_002964,776.47,NETBANKING,CARD_EXPIRED,2,0.947,SEND_REMINDER,1,0.7734999999999999
pay_009288,2473.68,WALLET,BANK_ERROR,4,0.976,RETRY,1,0.6779999999999999
pay_009288,2473.68,WALLET,BANK_ERROR,4,0.976,SEND_REMINDER,0,0.34800000000000003
pay_000270,2007.39,UPI,USER_CANCELLED,4,0.76,RETRY,0,0.37000000000000005
pay_000270,2007.39,UPI,USER_CANCELLED,4,0.76,SEND_REMINDER,0,0.49999999999999994
pay_006052,4088.89,WALLET,NETWORK_ERROR,2,0.824,RETRY,0,0.712
pay_006052,4088.89,WALLET,NETWORK_ERROR,2,0.824,SEND_REMINDER,0,0.442
pay_001361,1786.03,NETBANKING,BANK_ERROR,2,0.479,RETRY,0,0.5694999999999999
pay_001361,1786.03,NETBANKING,BANK_ERROR,2,0.479,SEND_REMINDER,0,0.2395
pay_003877,3866.14,NETBANKING,USER_CANCELLED,2,0.451,RETRY,0,0.3555000000000001
pay_003877,3866.14,NETBANKING,USER_CANCELLED,2,0.451,SEND_REMINDER,1,0.4855
pay_007077,3430.84,NETBANKING,FRAUD_SUSPECTED,2,0.495,RETRY,0,0.01
pay_007077,3430.84,NETBANKING,FRAUD_SUSPECTED,2,0.495,SEND_REMINDER,0,0.01
pay_003147,1026.49,CARD,TIMEOUT,3,0.673,RETRY,1,0.5265
pay_003147,1026.49,CARD,TIMEOUT,3,0.673,SEND_REMINDER,0,0.29650000000000004
pay_005220,692.87,WALLET,INSUFFICIENT_FUNDS,1,0.604,RETRY,1,0.302
pay_005220,692.87,WALLET,INSUFFICIENT_FUNDS,1,0.604,SEND_REMINDER,0,0.6020000000000001
pay_008815,2322.25,NETBANKING,TIMEOUT,3,0.854,RETRY,1,0.6169999999999999
pay_008815,2322.25,NETBANKING,TIMEOUT,3,0.854,SEND_REMINDER,1,0.387
pay_005303,3591.48,UPI,LIMIT_EXCEEDED,3,0.752,RETRY,1,0.186
pay_005303,3591.48,UPI,LIMIT_EXCEEDED,3,0.752,SEND_REMINDER,0,0.486
pay_005814,922.0,NETBANKING,NETWORK_ERROR,3,0.506,RETRY,1,0.483
pay_005814,922.0,NETBANKING,NETWORK_ERROR,3,0.506,SEND_REMINDER,0,0.21300000000000002
pay_005870,1327.12,NETBANKING,BANK_ERROR,1,0.985,RETRY,1,0.8925000000000001
pay_005870,1327.12,NETBANKING,BANK_ERROR,1,0.985,SEND_REMINDER,0,0.5625
pay_009045,1420.52,CARD,BANK_ERROR,2,0.514,RETRY,1,0.587
pay_009045,1420.52,CARD,BANK_ERROR,2,0.514,SEND_REMINDER,0,0.257
pay_007433,2615.0,CARD,TIMEOUT,4,0.514,RETRY,0,0.37699999999999995
pay_007433,2615.0,CARD,TIMEOUT,4,0.514,SEND_REMINDER,0,0.14700000000000002
pay_000884,4168.57,WALLET,USER_CANCELLED,1,0.98,RETRY,1,0.6900000000000001
pay_000884,4168.57,WALLET,USER_CANCELLED,1,0.98,SEND_REMINDER,1,0.82
pay_001486,3812.62,CARD,TIMEOUT,1,0.453,RETRY,1,0.5565
pay_001486,3812.62,CARD,TIMEOUT,1,0.453,SEND_REMINDER,1,0.3265
pay_001260,1729.15,UPI,CARD_EXPIRED,2,0.829,RETRY,0,0.1945
pay_001260,1729.15,UPI,CARD_EXPIRED,2,0.829,SEND_REMINDER,1,0.7144999999999999
pay_000920,2111.75,CARD,INSUFFICIENT_FUNDS,1,0.592,RETRY,0,0.296
pay_000920,2111.75,CARD,INSUFFICIENT_FUNDS,1,0.592,SEND_REMINDER,1,0.5960000000000001
pay_000749,1108.53,UPI,INSUFFICIENT_FUNDS,4,0.736,RETRY,1,0.15799999999999997
pay_000749,1108.53,UPI,INSUFFICIENT_FUNDS,4,0.736,SEND_REMINDER,1,0.458
pay_007589,2482.68,CARD,LIMIT_EXCEEDED,3,0.702,RETRY,0,0.16099999999999998
pay_007589,2482.68,CARD,LIMIT_EXCEEDED,3,0.702,SEND_REMINDER,1,0.46099999999999997
pay_005957,1638.43,UPI,CARD_EXPIRED,3,0.612,RETRY,0,0.016000000000000014
pay_005957,1638.43,UPI,CARD_EXPIRED,3,0.612,SEND_REMINDER,1,0.5359999999999999
pay_000731,2114.72,UPI,LIMIT_EXCEEDED,1,0.571,RETRY,0,0.2355
pay_000731,2114.72,UPI,LIMIT_EXCEEDED,1,0.571,SEND_REMINDER,0,0.5355
pay_005369,1222.79,CARD,FRAUD_SUSPECTED,3,0.8,RETRY,0,0.01
pay_005369,1222.79,CARD,FRAUD_SUSPECTED,3,0.8,SEND_REMINDER,0,0.01
pay_002532,861.69,WALLET,BANK_ERROR,3,0.623,RETRY,1,0.5715
pay_002532,861.69,WALLET,BANK_ERROR,3,0.623,SEND_REMINDER,1,0.2415
pay_004626,4960.27,NETBANKING,USER_CANCELLED,1,0.678,RETRY,1,0.5390000000000001
pay_004626,4960.27,NETBANKING,USER_CANCELLED,1,0.678,SEND_REMINDER,1,0.669
pay_008502,1259.77,UPI,NETWORK_ERROR,1,0.501,RETRY,1,0.6205
pay_008502,1259.77,UPI,NETWORK_ERROR,1,0.501,SEND_REMINDER,1,0.35050000000000003
pay_008673,1713.07,WALLET,TIMEOUT,1,0.597,RETRY,1,0.6285
pay_008673,1713.07,WALLET,TIMEOUT,1,0.597,SEND_REMINDER,1,0.3985
pay_006165,6396.78,UPI,USER_CANCELLED,4,0.778,RETRY,0,0.37900000000000006
pay_006165,6396.78,UPI,USER_CANCELLED,4,0.778,SEND_REMINDER,1,0.5089999999999999
pay_007229,2056.0,UPI,FRAUD_SUSPECTED,1,0.598,RETRY,0,0.01
pay_007229,2056.0,UPI,FRAUD_SUSPECTED,1,0.598,SEND_REMINDER,0,0.01
pay_000949,1743.29,WALLET,BANK_ERROR,3,0.663,RETRY,1,0.5915
pay_000949,1743.29,WALLET,BANK_ERROR,3,0.663,SEND_REMINDER,0,0.2615
pay_001470,2580.35,WALLET,BANK_ERROR,2,0.821,RETRY,1,0.7404999999999999
pay_001470,2580.35,WALLET,BANK_ERROR,2,0.821,SEND_REMINDER,0,0.4105
pay_003212,704.56,CARD,FRAUD_SUSPECTED,3,0.466,RETRY,0,0.01
pay_003212,704.56,CARD,FRAUD_SUSPECTED,3,0.466,SEND_REMINDER,0,0.01
pay_008494,1159.54,WALLET,BANK_ERROR,4,0.626,RETRY,0,0.5030000000000001
pay_008494,1159.54,WALLET,BANK_ERROR,4,0.626,SEND_REMINDER,0,0.173
pay_002832,863.01,WALLET,BANK_ERROR,3,0.571,RETRY,0,0.5455
pay_002832,863.01,WALLET,BANK_ERROR,3,0.571,SEND_REMINDER,0,0.21549999999999997
pay_009939,658.28,WALLET,NETWORK_ERROR,1,0.721,RETRY,0,0.7304999999999999
pay_009939,658.28,WALLET,NETWORK_ERROR,1,0.721,SEND_REMINDER,0,0.4605
pay_009013,240.64,WALLET,BANK_ERROR,1,0.632,RETRY,1,0.716
pay_009013,240.64,WALLET,BANK_ERROR,1,0.632,SEND_REMINDER,1,0.386
pay_009442,1478.98,NETBANKING,BANK_ERROR,2,0.472,RETRY,0,0.5660000000000001
pay_009442,1478.98,NETBANKING,BANK_ERROR,2,0.472,SEND_REMINDER,0,0.236
pay_004382,2081.72,WALLET,NETWORK_ERROR,1,0.477,RETRY,0,0.6085
pay_004382,2081.72,WALLET,NETWORK_ERROR,1,0.477,SEND_REMINDER,0,0.3385
pay_008357,1727.74,WALLET,BANK_ERROR,1,0.609,RETRY,1,0.7045
pay_008357,1727.74,WALLET,BANK_ERROR,1,0.609,SEND_REMINDER,0,0.3745
pay_000788,2610.62,CARD,BANK_ERROR,4,0.688,RETRY,1,0.534
pay_000788,2610.62,CARD,BANK_ERROR,4,0.688,SEND_REMINDER,0,0.20399999999999996
pay_008036,8851.16,NETBANKING,NETWORK_ERROR,4,0.676,RETRY,0,0.49799999999999994
pay_008036,8851.16,NETBANKING,NETWORK_ERROR,4,0.676,SEND_REMINDER,0,0.22800000000000004
pay_007805,1590.1,WALLET,BANK_ERROR,4,0.58,RETRY,1,0.4799999999999999
pay_007805,1590.1,WALLET,BANK_ERROR,4,0.58,SEND_REMINDER,1,0.14999999999999997
pay_001881,3912.3,WALLET,LIMIT_EXCEEDED,3,0.759,RETRY,0,0.1895
pay_001881,3912.3,WALLET,LIMIT_EXCEEDED,3,0.759,SEND_REMINDER,0,0.48949999999999994
pay_008277,12937.66,NETBANKING,INSUFFICIENT_FUNDS,3,0.909,RETRY,0,0.3145
pay_008277,12937.66,NETBANKING,INSUFFICIENT_FUNDS,3,0.909,SEND_REMINDER,1,0.6145
pay_006372,1555.75,WALLET,BANK_ERROR,2,0.471,RETRY,1,0.5654999999999999
pay_006372,1555.75,WALLET,BANK_ERROR,2,0.471,SEND_REMINDER,0,0.2355
pay_005838,5741.81,WALLET,NETWORK_ERROR,3,0.83,RETRY,1,0.6449999999999999
pay_005838,5741.81,WALLET,NETWORK_ERROR,3,0.83,SEND_REMINDER,1,0.375
pay_006838,438.61,CARD,CARD_EXPIRED,1,0.964,RETRY,0,0.332
pay_006838,438.61,CARD,CARD_EXPIRED,1,0.964,SEND_REMINDER,1,0.852
pay_001356,227.5,CARD,LIMIT_EXCEEDED,1,0.514,RETRY,0,0.20700000000000002
pay_001356,227.5,CARD,LIMIT_EXCEEDED,1,0.514,SEND_REMINDER,0,0.507
pay_000684,2674.45,WALLET,NETWORK_ERROR,4,0.505,RETRY,0,0.41250000000000003
pay_000684,2674.45,WALLET,NETWORK_ERROR,4,0.505,SEND_REMINDER,0,0.14250000000000002
pay_005081,816.58,WALLET,BANK_ERROR,1,0.633,RETRY,1,0.7165
pay_005081,816.58,WALLET,BANK_ERROR,1,0.633,SEND_REMINDER,0,0.3865
pay_005402,1315.72,NETBANKING,LIMIT_EXCEEDED,3,0.615,RETRY,0,0.1175
pay_005402,1315.72,NETBANKING,LIMIT_EXCEEDED,3,0.615,SEND_REMINDER,0,0.4175
pay_006045,1973.68,NETBANKING,USER_CANCELLED,4,0.683,RETRY,1,0.3315000000000001
pay_006045,1973.68,NETBANKING,USER_CANCELLED,4,0.683,SEND_REMINDER,0,0.46149999999999997
pay_001448,2890.23,NETBANKING,NETWORK_ERROR,1,0.868,RETRY,1,0.804
pay_001448,2890.23,NETBANKING,NETWORK_ERROR,1,0.868,SEND_REMINDER,1,0.534
pay_005367,5380.75,WALLET,CARD_EXPIRED,3,0.979,RETRY,0,0.1995
pay_005367,5380.75,WALLET,CARD_EXPIRED,3,0.979,SEND_REMINDER,0,0.7194999999999999
pay_002793,1299.33,NETBANKING,FRAUD_SUSPECTED,1,0.735,RETRY,0,0.027500000000000017
pay_002793,1299.33,NETBANKING,FRAUD_SUSPECTED,1,0.735,SEND_REMINDER,0,0.027500000000000017
pay_000201,2407.22,CARD,BANK_ERROR,4,0.794,RETRY,1,0.587
pay_000201,2407.22,CARD,BANK_ERROR,4,0.794,SEND_REMINDER,1,0.257
pay_000368,1826.35,UPI,INSUFFICIENT_FUNDS,3,0.711,RETRY,0,0.21549999999999997
pay_000368,1826.35,UPI,INSUFFICIENT_FUNDS,3,0.711,SEND_REMINDER,0,0.5155
pay_007285,4913.63,UPI,CARD_EXPIRED,4,0.871,RETRY,0,0.07550000000000001
pay_007285,4913.63,UPI,CARD_EXPIRED,4,0.871,SEND_REMINDER,1,0.5954999999999999
pay_007773,1433.17,WALLET,USER_CANCELLED,4,0.58,RETRY,0,0.28
pay_007773,1433.17,WALLET,USER_CANCELLED,4,0.58,SEND_REMINDER,1,0.40999999999999986
pay_000377,3633.15,WALLET,INSUFFICIENT_FUNDS,1,0.96,RETRY,1,0.48
pay_000377,3633.15,WALLET,INSUFFICIENT_FUNDS,1,0.96,SEND_REMINDER,1,0.78
pay_003145,2555.01,NETBANKING,TIMEOUT,1,0.964,RETRY,1,0.8119999999999999
pay_003145,2555.01,NETBANKING,TIMEOUT,1,0.964,SEND_REMINDER,0,0.5820000000000001
pay_002248,623.75,UPI,INSUFFICIENT_FUNDS,2,0.98,RETRY,1,0.42
pay_002248,623.75,UPI,INSUFFICIENT_FUNDS,2,0.98,SEND_REMINDER,1,0.72
pay_009719,2909.93,CARD,NETWORK_ERROR,2,0.567,RETRY,0,0.5834999999999999
pay_009719,2909.93,CARD,NETWORK_ERROR,2,0.567,SEND_REMINDER,1,0.3135
pay_001814,3705.12,NETBANKING,LIMIT_EXCEEDED,4,0.766,RETRY,0,0.123
pay_001814,3705.12,NETBANKING,LIMIT_EXCEEDED,4,0.766,SEND_REMINDER,0,0.423
pay_000889,2900.17,UPI,INSUFFICIENT_FUNDS,2,0.492,RETRY,0,0.176
pay_000889,2900.17,UPI,INSUFFICIENT_FUNDS,2,0.492,SEND_REMINDER,0,0.47600000000000003
pay_005120,3475.42,NETBANKING,TIMEOUT,3,0.749,RETRY,1,0.5644999999999999
pay_005120,3475.42,NETBANKING,TIMEOUT,3,0.749,SEND_REMINDER,0,0.3345
pay_000361,2739.35,WALLET,BANK_ERROR,1,0.73,RETRY,0,0.765
pay_000361,2739.35,WALLET,BANK_ERROR,1,0.73,SEND_REMINDER,1,0.435
pay_002179,9126.02,CARD,CARD_EXPIRED,3,0.91,RETRY,0,0.16500000000000004
pay_002179,9126.02,CARD,CARD_EXPIRED,3,0.91,SEND_REMINDER,0,0.6849999999999999
pay_005272,14333.11,NETBANKING,BANK_ERROR,3,0.868,RETRY,1,0.6940000000000001
pay_005272,14333.11,NETBANKING,BANK_ERROR,3,0.868,SEND_REMINDER,0,0.364
pay_000813,5753.61,NETBANKING,INSUFFICIENT_FUNDS,2,0.598,RETRY,0,0.22899999999999998
pay_000813,5753.61,NETBANKING,INSUFFICIENT_FUNDS,2,0.598,SEND_REMINDER,1,0.5289999999999999
pay_009918,1174.94,NETBANKING,LIMIT_EXCEEDED,1,0.487,RETRY,0,0.1935
pay_009918,1174.94,NETBANKING,LIMIT_EXCEEDED,1,0.487,SEND_REMINDER,0,0.4935
pay_007720,672.79,WALLET,BANK_ERROR,1,0.8,RETRY,1,0.8
pay_007720,672.79,WALLET,BANK_ERROR,1,0.8,SEND_REMINDER,0,0.47000000000000003
pay_009869,2449.8,NETBANKING,INSUFFICIENT_FUNDS,2,0.831,RETRY,0,0.3455
pay_009869,2449.8,NETBANKING,INSUFFICIENT_FUNDS,2,0.831,SEND_REMINDER,0,0.6455
pay_008014,1729.03,CARD,NETWORK_ERROR,2,0.71,RETRY,1,0.655
pay_008014,1729.03,CARD,NETWORK_ERROR,2,0.71,SEND_REMINDER,0,0.385
pay_003463,2049.51,NETBANKING,LIMIT_EXCEEDED,3,0.927,RETRY,0,0.2735
pay_003463,2049.51,NETBANKING,LIMIT_EXCEEDED,3,0.927,SEND_REMINDER,1,0.5735
pay_007867,3598.05,CARD,BANK_ERROR,2,0.83,RETRY,1,0.7449999999999999
pay_007867,3598.05,CARD,BANK_ERROR,2,0.83,SEND_REMINDER,1,0.415
pay_005582,4098.78,UPI,BANK_ERROR,1,0.81,RETRY,0,0.805
pay_005582,4098.78,UPI,BANK_ERROR,1,0.81,SEND_REMINDER,1,0.47500000000000003
pay_008552,998.38,UPI,TIMEOUT,1,0.663,RETRY,1,0.6615
pay_008552,998.38,UPI,TIMEOUT,1,0.663,SEND_REMINDER,1,0.43150000000000005
pay_008417,1716.74,UPI,LIMIT_EXCEEDED,2,0.826,RETRY,0,0.293
pay_008417,1716.74,UPI,LIMIT_EXCEEDED,2,0.826,SEND_REMINDER,0,0.593
pay_006817,375.54,CARD,BANK_ERROR,3,0.688,RETRY,0,0.604
pay_006817,375.54,CARD,BANK_ERROR,3,0.688,SEND_REMINDER,1,0.27399999999999997
pay_005446,1513.97,UPI,LIMIT_EXCEEDED,4,0.536,RETRY,0,0.01
pay_005446,1513.97,UPI,LIMIT_EXCEEDED,4,0.536,SEND_REMINDER,0,0.308
pay_002125,1840.83,WALLET,TIMEOUT,3,0.543,RETRY,0,0.4614999999999999
pay_002125,1840.83,WALLET,TIMEOUT,3,0.543,SEND_REMINDER,0,0.23150000000000004
pay_001208,1063.88,WALLET,CARD_EXPIRED,3,0.677,RETRY,0,0.04850000000000004
pay_001208,1063.88,WALLET,CARD_EXPIRED,3,0.677,SEND_REMINDER,0,0.5685
pay_003041,2945.91,WALLET,BANK_ERROR,2,0.583,RETRY,1,0.6214999999999999
pay_003041,2945.91,WALLET,BANK_ERROR,2,0.583,SEND_REMINDER,0,0.2915
pay_001309,4310.1,UPI,LIMIT_EXCEEDED,1,0.51,RETRY,0,0.20500000000000002
pay_001309,4310.1,UPI,LIMIT_EXCEEDED,1,0.51,SEND_REMINDER,1,0.505
pay_000896,3038.04,CARD,CARD_EXPIRED,1,0.924,RETRY,1,0.31200000000000006
pay_000896,3038.04,CARD,CARD_EXPIRED,1,0.924,SEND_REMINDER,1,0.8320000000000001
pay_008204,952.24,UPI,CARD_EXPIRED,4,0.566,RETRY,0,0.01
pay_008204,952.24,UPI,CARD_EXPIRED,4,0.566,SEND_REMINDER,0,0.443
pay_001081,1367.96,WALLET,CARD_EXPIRED,2,0.675,RETRY,0,0.11750000000000005
pay_001081,1367.96,WALLET,CARD_EXPIRED,2,0.675,SEND_REMINDER,1,0.6375
pay_003320,11568.4,WALLET,BANK_ERROR,2,0.895,RETRY,1,0.7775000000000001
pay_003320,11568.4,WALLET,BANK_ERROR,2,0.895,SEND_REMINDER,1,0.44750000000000006
pay_001892,1817.36,NETBANKING,TIMEOUT,2,0.821,RETRY,1,0.6704999999999999
pay_001892,1817.36,NETBANKING,TIMEOUT,2,0.821,SEND_REMINDER,1,0.44049999999999995
pay_005390,316.6,CARD,CARD_EXPIRED,4,0.639,RETRY,0,0.01
pay_005390,316.6,CARD,CARD_EXPIRED,4,0.639,SEND_REMINDER,0,0.4795
pay_009236,632.72,UPI,BANK_ERROR,1,0.552,RETRY,0,0.676
pay_009236,632.72,UPI,BANK_ERROR,1,0.552,SEND_REMINDER,1,0.34600000000000003
pay_006673,2428.95,CARD,BANK_ERROR,1,0.569,RETRY,1,0.6845
pay_006673,2428.95,CARD,BANK_ERROR,1,0.569,SEND_REMINDER,0,0.3545
pay_000034,775.75,NETBANKING,INSUFFICIENT_FUNDS,2,0.952,RETRY,0,0.40599999999999997
pay_000034,775.75,NETBANKING,INSUFFICIENT_FUNDS,2,0.952,SEND_REMINDER,1,0.706
pay_000598,826.33,UPI,BANK_ERROR,3,0.954,RETRY,1,0.737
pay_000598,826.33,UPI,BANK_ERROR,3,0.954,SEND_REMINDER,0,0.4069999999999999
pay_001223,3001.96,CARD,BANK_ERROR,4,0.656,RETRY,0,0.518
pay_001223,3001.96,CARD,BANK_ERROR,4,0.656,SEND_REMINDER,1,0.188
pay_004251,4273.87,UPI,USER_CANCELLED,3,0.538,RETRY,1,0.32900000000000007
pay_004251,4273.87,UPI,USER_CANCELLED,3,0.538,SEND_REMINDER,1,0.45899999999999996
pay_004497,949.43,WALLET,FRAUD_SUSPECTED,4,0.809,RETRY,0,0.01
pay_004497,949.43,WALLET,FRAUD_SUSPECTED,4,0.809,SEND_REMINDER,0,0.01
pay_005361,1742.35,CARD,BANK_ERROR,1,0.526,RETRY,1,0.663
pay_005361,1742.35,CARD,BANK_ERROR,1,0.526,SEND_REMINDER,0,0.333
pay_001256,686.97,WALLET,USER_CANCELLED,1,0.47,RETRY,0,0.43500000000000005
pay_001256,686.97,WALLET,USER_CANCELLED,1,0.47,SEND_REMINDER,1,0.565
pay_004092,5633.03,CARD,INSUFFICIENT_FUNDS,4,0.79,RETRY,0,0.185
pay_004092,5633.03,CARD,INSUFFICIENT_FUNDS,4,0.79,SEND_REMINDER,1,0.48500000000000004
pay_009865,1983.22,WALLET,NETWORK_ERROR,2,0.61,RETRY,1,0.605
pay_009865,1983.22,WALLET,NETWORK_ERROR,2,0.61,SEND_REMINDER,1,0.335
pay_003701,4239.23,NETBANKING,CARD_EXPIRED,3,0.865,RETRY,0,0.14250000000000002
pay_003701,4239.23,NETBANKING,CARD_EXPIRED,3,0.865,SEND_REMINDER,0,0.6625
pay_009177,4944.79,WALLET,USER_CANCELLED,4,0.874,RETRY,0,0.427
pay_009177,4944.79,WALLET,USER_CANCELLED,4,0.874,SEND_REMINDER,1,0.5569999999999999
pay_001332,4793.47,WALLET,INSUFFICIENT_FUNDS,1,0.947,RETRY,0,0.4735
pay_001332,4793.47,WALLET,INSUFFICIENT_FUNDS,1,0.947,SEND_REMINDER,1,0.7735000000000001
pay_003831,1537.6,UPI,TIMEOUT,3,0.508,RETRY,1,0.44399999999999995
pay_003831,1537.6,UPI,TIMEOUT,3,0.508,SEND_REMINDER,0,0.21400000000000002
pay_005282,3063.29,UPI,BANK_ERROR,1,0.604,RETRY,0,0.702
pay_005282,3063.29,UPI,BANK_ERROR,1,0.604,SEND_REMINDER,0,0.372
pay_005205,12153.48,WALLET,BANK_ERROR,1,0.644,RETRY,1,0.722
pay_005205,12153.48,WALLET,BANK_ERROR,1,0.644,SEND_REMINDER,0,0.392
pay_009105,818.52,UPI,LIMIT_EXCEEDED,3,0.867,RETRY,0,0.2435
pay_009105,818.52,UPI,LIMIT_EXCEEDED,3,0.867,SEND_REMINDER,0,0.5435
pay_007661,5419.82,CARD,INSUFFICIENT_FUNDS,1,0.944,RETRY,0,0.472
pay_007661,5419.82,CARD,INSUFFICIENT_FUNDS,1,0.944,SEND_REMINDER,1,0.772
pay_000877,1195.01,NETBANKING,INSUFFICIENT_FUNDS,2,0.648,RETRY,0,0.254
pay_000877,1195.01,NETBANKING,INSUFFICIENT_FUNDS,2,0.648,SEND_REMINDER,0,0.554
pay_003210,2594.06,CARD,LIMIT_EXCEEDED,1,0.986,RETRY,1,0.443
pay_003210,2594.06,CARD,LIMIT_EXCEEDED,1,0.986,SEND_REMINDER,1,0.743
pay_007261,8838.8,NETBANKING,LIMIT_EXCEEDED,1,0.946,RETRY,1,0.423
pay_007261,8838.8,NETBANKING,LIMIT_EXCEEDED,1,0.946,SEND_REMINDER,1,0.723
pay_003334,2861.95,CARD,INSUFFICIENT_FUNDS,2,0.728,RETRY,1,0.294
pay_003334,2861.95,CARD,INSUFFICIENT_FUNDS,2,0.728,SEND_REMINDER,0,0.5940000000000001
pay_005694,782.33,UPI,FRAUD_SUSPECTED,1,0.986,RETRY,0,0.15300000000000002
pay_005694,782.33,UPI,FRAUD_SUSPECTED,1,0.986,SEND_REMINDER,1,0.15300000000000002
pay_006626,350.86,CARD,USER_CANCELLED,3,0.698,RETRY,1,0.40900000000000003
pay_006626,350.86,CARD,USER_CANCELLED,3,0.698,SEND_REMINDER,0,0.5389999999999999
pay_006552,4561.77,NETBANKING,FRAUD_SUSPECTED,3,0.621,RETRY,0,0.01
pay_006552,4561.77,NETBANKING,FRAUD_SUSPECTED,3,0.621,SEND_REMINDER,0,0.01
pay_007882,1493.68,CARD,BANK_ERROR,1,0.535,RETRY,1,0.6675
pay_007882,1493.68,CARD,BANK_ERROR,1,0.535,SEND_REMINDER,1,0.3375
pay_006623,2421.92,UPI,FRAUD_SUSPECTED,4,0.711,RETRY,0,0.01
pay_006623,2421.92,UPI,FRAUD_SUSPECTED,4,0.711,SEND_REMINDER,0,0.01
pay_007098,1718.15,CARD,USER_CANCELLED,2,0.916,RETRY,0,0.5880000000000001
pay_007098,1718.15,CARD,USER_CANCELLED,2,0.916,SEND_REMINDER,0,0.718
pay_009592,1408.91,CARD,INSUFFICIENT_FUNDS,4,0.637,RETRY,0,0.10849999999999999
pay_009592,1408.91,CARD,INSUFFICIENT_FUNDS,4,0.637,SEND_REMINDER,1,0.40850000000000003
pay_000811,1556.98,UPI,USER_CANCELLED,4,0.949,RETRY,0,0.4645000000000001
pay_000811,1556.98,UPI,USER_CANCELLED,4,0.949,SEND_REMINDER,1,0.5945
pay_009139,1108.98,UPI,BANK_ERROR,3,0.572,RETRY,0,0.5459999999999999
pay_009139,1108.98,UPI,BANK_ERROR,3,0.572,SEND_REMINDER,0,0.21599999999999997
pay_009484,2252.96,NETBANKING,USER_CANCELLED,1,0.739,RETRY,0,0.5695000000000001
pay_009484,2252.96,NETBANKING,USER_CANCELLED,1,0.739,SEND_REMINDER,1,0.6995
pay_006512,3662.24,UPI,BANK_ERROR,1,0.56,RETRY,1,0.68
pay_006512,3662.24,UPI,BANK_ERROR,1,0.56,SEND_REMINDER,0,0.35000000000000003
pay_001918,1100.28,NETBANKING,USER_CANCELLED,1,0.97,RETRY,1,0.685
pay_001918,1100.28,NETBANKING,USER_CANCELLED,1,0.97,SEND_REMINDER,1,0.815
pay_002100,3478.34,CARD,BANK_ERROR,4,0.897,RETRY,1,0.6385000000000001
pay_002100,3478.34,CARD,BANK_ERROR,4,0.897,SEND_REMINDER,0,0.30849999999999994
pay_005094,7067.64,UPI,NETWORK_ERROR,3,0.76,RETRY,1,0.61
pay_005094,7067.64,UPI,NETWORK_ERROR,3,0.76,SEND_REMINDER,0,0.34
pay_005166,3939.85,WALLET,CARD_EXPIRED,4,0.733,RETRY,0,0.01
pay_005166,3939.85,WALLET,CARD_EXPIRED,4,0.733,SEND_REMINDER,0,0.5265
pay_005009,1004.87,UPI,INSUFFICIENT_FUNDS,4,0.698,RETRY,0,0.13899999999999996
pay_005009,1004.87,UPI,INSUFFICIENT_FUNDS,4,0.698,SEND_REMINDER,1,0.439
pay_006997,3345.01,WALLET,LIMIT_EXCEEDED,2,0.651,RETRY,0,0.20550000000000002
pay_006997,3345.01,WALLET,LIMIT_EXCEEDED,2,0.651,SEND_REMINDER,0,0.5055000000000001
pay_004745,6525.49,NETBANKING,INSUFFICIENT_FUNDS,1,0.8,RETRY,1,0.4
pay_004745,6525.49,NETBANKING,INSUFFICIENT_FUNDS,1,0.8,SEND_REMINDER,0,0.7000000000000001
pay_008908,528.39,UPI,BANK_ERROR,1,0.831,RETRY,0,0.8155
pay_008908,528.39,UPI,BANK_ERROR,1,0.831,SEND_REMINDER,0,0.4855
pay_003653,2580.71,WALLET,BANK_ERROR,4,0.762,RETRY,0,0.571
pay_003653,2580.71,WALLET,BANK_ERROR,4,0.762,SEND_REMINDER,0,0.241
pay_008284,171.66,UPI,CARD_EXPIRED,4,0.713,RETRY,0,0.01
pay_008284,171.66,UPI,CARD_EXPIRED,4,0.713,SEND_REMINDER,0,0.5165
pay_004881,4003.91,NETBANKING,NETWORK_ERROR,1,0.452,RETRY,1,0.596
pay_004881,4003.91,NETBANKING,NETWORK_ERROR,1,0.452,SEND_REMINDER,0,0.32600000000000007
pay_007786,1896.48,NETBANKING,FRAUD_SUSPECTED,3,0.807,RETRY,0,0.01
pay_007786,1896.48,NETBANKING,FRAUD_SUSPECTED,3,0.807,SEND_REMINDER,0,0.01
pay_000666,1968.73,CARD,USER_CANCELLED,4,0.743,RETRY,1,0.3615000000000001
pay_000666,1968.73,CARD,USER_CANCELLED,4,0.743,SEND_REMINDER,0,0.4915
pay_003599,2365.91,WALLET,LIMIT_EXCEEDED,3,0.679,RETRY,0,0.14950000000000002
pay_003599,2365.91,WALLET,LIMIT_EXCEEDED,3,0.679,SEND_REMINDER,1,0.4495
pay_008683,468.8,UPI,TIMEOUT,1,0.82,RETRY,0,0.74
pay_008683,468.8,UPI,TIMEOUT,1,0.82,SEND_REMINDER,0,0.51
pay_005122,1275.48,WALLET,BANK_ERROR,1,0.561,RETRY,1,0.6805000000000001
pay_005122,1275.48,WALLET,BANK_ERROR,1,0.561,SEND_REMINDER,0,0.35050000000000003
pay_001111,1552.24,NETBANKING,USER_CANCELLED,2,0.919,RETRY,1,0.5895000000000001
pay_001111,1552.24,NETBANKING,USER_CANCELLED,2,0.919,SEND_REMINDER,1,0.7195
pay_002462,3275.24,UPI,BANK_ERROR,1,0.549,RETRY,1,0.6745000000000001
pay_002462,3275.24,UPI,BANK_ERROR,1,0.549,SEND_REMINDER,0,0.34450000000000003
pay_004013,822.22,UPI,INSUFFICIENT_FUNDS,1,0.539,RETRY,0,0.2695
pay_004013,822.22,UPI,INSUFFICIENT_FUNDS,1,0.539,SEND_REMINDER,1,0.5695000000000001
pay_008913,1512.59,UPI,BANK_ERROR,1,0.773,RETRY,1,0.7865
pay_008913,1512.59,UPI,BANK_ERROR,1,0.773,SEND_REMINDER,0,0.4565
pay_006152,891.61,CARD,INSUFFICIENT_FUNDS,1,0.892,RETRY,0,0.446
pay_006152,891.61,CARD,INSUFFICIENT_FUNDS,1,0.892,SEND_REMINDER,1,0.746
pay_001045,1574.82,WALLET,FRAUD_SUSPECTED,3,0.878,RETRY,0,0.01
pay_001045,1574.82,WALLET,FRAUD_SUSPECTED,3,0.878,SEND_REMINDER,0,0.01
pay_001733,1780.17,NETBANKING,LIMIT_EXCEEDED,3,0.5,RETRY,0,0.06
pay_001733,1780.17,NETBANKING,LIMIT_EXCEEDED,3,0.5,SEND_REMINDER,0,0.36
pay_004137,1728.94,CARD,TIMEOUT,4,0.689,RETRY,1,0.46449999999999986
pay_004137,1728.94,CARD,TIMEOUT,4,0.689,SEND_REMINDER,0,0.2345
pay_006633,1319.88,UPI,USER_CANCELLED,2,0.597,RETRY,1,0.42850000000000005
pay_006633,1319.88,UPI,USER_CANCELLED,2,0.597,SEND_REMINDER,1,0.5585
pay_006008,508.52,WALLET,BANK_ERROR,1,0.792,RETRY,1,0.796
pay_006008,508.52,WALLET,BANK_ERROR,1,0.792,SEND_REMINDER,0,0.466
pay_006861,933.87,NETBANKING,BANK_ERROR,2,0.72,RETRY,1,0.69
pay_006861,933.87,NETBANKING,BANK_ERROR,2,0.72,SEND_REMINDER,0,0.36
pay_004895,771.72,UPI,INSUFFICIENT_FUNDS,4,0.666,RETRY,1,0.123
pay_004895,771.72,UPI,INSUFFICIENT_FUNDS,4,0.666,SEND_REMINDER,0,0.423
pay_002138,6243.0,UPI,INSUFFICIENT_FUNDS,4,0.622,RETRY,0,0.10099999999999998
pay_002138,6243.0,UPI,INSUFFICIENT_FUNDS,4,0.622,SEND_REMINDER,0,0.40099999999999997
pay_008049,642.59,UPI,INSUFFICIENT_FUNDS,1,0.776,RETRY,1,0.388
pay_008049,642.59,UPI,INSUFFICIENT_FUNDS,1,0.776,SEND_REMINDER,1,0.6880000000000001
pay_005522,1065.04,NETBANKING,FRAUD_SUSPECTED,2,0.871,RETRY,0,0.02550000000000001
pay_005522,1065.04,NETBANKING,FRAUD_SUSPECTED,2,0.871,SEND_REMINDER,0,0.02550000000000001
pay_002976,1967.67,UPI,LIMIT_EXCEEDED,3,0.833,RETRY,0,0.22649999999999998
pay_002976,1967.67,UPI,LIMIT_EXCEEDED,3,0.833,SEND_REMINDER,0,0.5265
pay_006278,1561.15,WALLET,USER_CANCELLED,2,0.702,RETRY,0,0.48100000000000004
pay_006278,1561.15,WALLET,USER_CANCELLED,2,0.702,SEND_REMINDER,0,0.611
pay_004377,271.15,UPI,USER_CANCELLED,4,0.757,RETRY,1,0.3685
pay_004377,271.15,UPI,USER_CANCELLED,4,0.757,SEND_REMINDER,1,0.4984999999999999
pay_007954,594.77,WALLET,TIMEOUT,3,0.71,RETRY,0,0.5449999999999999
pay_007954,594.77,WALLET,TIMEOUT,3,0.71,SEND_REMINDER,0,0.315
pay_000082,2405.93,CARD,NETWORK_ERROR,1,0.772,RETRY,1,0.756
pay_000082,2405.93,CARD,NETWORK_ERROR,1,0.772,SEND_REMINDER,0,0.48600000000000004
pay_002953,2626.31,UPI,INSUFFICIENT_FUNDS,2,0.664,RETRY,0,0.262
pay_002953,2626.31,UPI,INSUFFICIENT_FUNDS,2,0.664,SEND_REMINDER,0,0.562
pay_006781,4729.36,NETBANKING,BANK_ERROR,4,0.52,RETRY,1,0.45
pay_006781,4729.36,NETBANKING,BANK_ERROR,4,0.52,SEND_REMINDER,0,0.12
pay_001500,2904.51,CARD,BANK_ERROR,2,0.675,RETRY,0,0.6675
pay_001500,2904.51,CARD,BANK_ERROR,2,0.675,SEND_REMINDER,1,0.3375
pay_008149,2232.78,NETBANKING,LIMIT_EXCEEDED,1,0.908,RETRY,1,0.404
pay_008149,2232.78,NETBANKING,LIMIT_EXCEEDED,1,0.908,SEND_REMINDER,1,0.704
pay_002207,5927.11,WALLET,NETWORK_ERROR,1,0.706,RETRY,1,0.723
pay_002207,5927.11,WALLET,NETWORK_ERROR,1,0.706,SEND_REMINDER,0,0.453
pay_000251,659.38,UPI,CARD_EXPIRED,1,0.672,RETRY,0,0.18600000000000005
pay_000251,659.38,UPI,CARD_EXPIRED,1,0.672,SEND_REMINDER,1,0.706
pay_004728,1223.19,CARD,CARD_EXPIRED,2,0.566,RETRY,0,0.063
pay_004728,1223.19,CARD,CARD_EXPIRED,2,0.566,SEND_REMINDER,0,0.583
pay_004247,2062.01,WALLET,TIMEOUT,2,0.563,RETRY,1,0.5414999999999999
pay_004247,2062.01,WALLET,TIMEOUT,2,0.563,SEND_REMINDER,0,0.3115
pay_006419,2678.89,WALLET,INSUFFICIENT_FUNDS,4,0.629,RETRY,0,0.10449999999999998
pay_006419,2678.89,WALLET,INSUFFICIENT_FUNDS,4,0.629,SEND_REMINDER,0,0.4045
pay_006084,2012.57,NETBANKING,INSUFFICIENT_FUNDS,1,0.81,RETRY,0,0.405
pay_006084,2012.57,NETBANKING,INSUFFICIENT_FUNDS,1,0.81,SEND_REMINDER,1,0.7050000000000001
pay_001107,2951.94,WALLET,USER_CANCELLED,4,0.499,RETRY,0,0.23950000000000005
pay_001107,2951.94,WALLET,USER_CANCELLED,4,0.499,SEND_REMINDER,0,0.3694999999999999
pay_001503,939.59,NETBANKING,BANK_ERROR,3,0.533,RETRY,0,0.5265000000000001
pay_001503,939.59,NETBANKING,BANK_ERROR,3,0.533,SEND_REMINDER,0,0.1965
pay_007890,1458.97,UPI,TIMEOUT,3,0.983,RETRY,1,0.6814999999999999
pay_007890,1458.97,UPI,TIMEOUT,3,0.983,SEND_REMINDER,1,0.4515
pay_004108,5352.22,NETBANKING,NETWORK_ERROR,2,0.941,RETRY,1,0.7705
pay_004108,5352.22,NETBANKING,NETWORK_ERROR,2,0.941,SEND_REMINDER,0,0.5005
pay_007368,1242.06,WALLET,CARD_EXPIRED,3,0.632,RETRY,0,0.026000000000000023
pay_007368,1242.06,WALLET,CARD_EXPIRED,3,0.632,SEND_REMINDER,1,0.5459999999999999
pay_000365,3140.43,CARD,BANK_ERROR,3,0.905,RETRY,1,0.7125
pay_000365,3140.43,CARD,BANK_ERROR,3,0.905,SEND_REMINDER,0,0.38249999999999995
pay_006920,1763.02,NETBANKING,INSUFFICIENT_FUNDS,4,0.559,RETRY,0,0.0695
pay_006920,1763.02,NETBANKING,INSUFFICIENT_FUNDS,4,0.559,SEND_REMINDER,0,0.3695000000000001
pay_008203,1173.44,WALLET,INSUFFICIENT_FUNDS,4,0.798,RETRY,0,0.189
pay_008203,1173.44,WALLET,INSUFFICIENT_FUNDS,4,0.798,SEND_REMINDER,1,0.48900000000000005
pay_005753,5501.51,CARD,NETWORK_ERROR,2,0.921,RETRY,1,0.7605
pay_005753,5501.51,CARD,NETWORK_ERROR,2,0.921,SEND_REMINDER,1,0.4905
pay_000688,1339.62,NETBANKING,USER_CANCELLED,1,0.683,RETRY,0,0.5415000000000001
pay_000688,1339.62,NETBANKING,USER_CANCELLED,1,0.683,SEND_REMINDER,1,0.6715
pay_006266,2021.76,NETBANKING,BANK_ERROR,3,0.754,RETRY,1,0.637
pay_006266,2021.76,NETBANKING,BANK_ERROR,3,0.754,SEND_REMINDER,1,0.307
pay_007711,2359.43,WALLET,CARD_EXPIRED,4,0.633,RETRY,0,0.01
pay_007711,2359.43,WALLET,CARD_EXPIRED,4,0.633,SEND_REMINDER,1,0.4765
pay_009224,531.75,NETBANKING,CARD_EXPIRED,4,0.547,RETRY,0,0.01
pay_009224,531.75,NETBANKING,CARD_EXPIRED,4,0.547,SEND_REMINDER,1,0.43349999999999994
pay_008708,2508.18,WALLET,NETWORK_ERROR,3,0.769,RETRY,0,0.6144999999999999
pay_008708,2508.18,WALLET,NETWORK_ERROR,3,0.769,SEND_REMINDER,0,0.34450000000000003
pay_008401,2180.03,CARD,INSUFFICIENT_FUNDS,3,0.843,RETRY,0,0.2815
pay_008401,2180.03,CARD,INSUFFICIENT_FUNDS,3,0.843,SEND_REMINDER,1,0.5815
pay_003089,379.6,WALLET,TIMEOUT,2,0.799,RETRY,1,0.6595
pay_003089,379.6,WALLET,TIMEOUT,2,0.799,SEND_REMINDER,1,0.42950000000000005
pay_003834,579.18,UPI,BANK_ERROR,3,0.885,RETRY,0,0.7025
pay_003834,579.18,UPI,BANK_ERROR,3,0.885,SEND_REMINDER,0,0.37249999999999994
pay_009355,320.84,WALLET,INSUFFICIENT_FUNDS,4,0.73,RETRY,0,0.15499999999999997
pay_009355,320.84,WALLET,INSUFFICIENT_FUNDS,4,0.73,SEND_REMINDER,1,0.455
pay_005180,1830.89,WALLET,CARD_EXPIRED,1,0.822,RETRY,0,0.261
pay_005180,1830.89,WALLET,CARD_EXPIRED,1,0.822,SEND_REMINDER,1,0.7809999999999999
pay_002866,1413.4,NETBANKING,INSUFFICIENT_FUNDS,4,0.986,RETRY,0,0.283
pay_002866,1413.4,NETBANKING,INSUFFICIENT_FUNDS,4,0.986,SEND_REMINDER,1,0.583
pay_007764,2939.02,NETBANKING,BANK_ERROR,2,0.823,RETRY,0,0.7415
pay_007764,2939.02,NETBANKING,BANK_ERROR,2,0.823,SEND_REMINDER,0,0.4115
pay_007117,7350.74,UPI,USER_CANCELLED,4,0.903,RETRY,0,0.44150000000000006
pay_007117,7350.74,UPI,USER_CANCELLED,4,0.903,SEND_REMINDER,0,0.5714999999999999
pay_003355,1124.34,UPI,NETWORK_ERROR,1,0.791,RETRY,1,0.7655000000000001
pay_003355,1124.34,UPI,NETWORK_ERROR,1,0.791,SEND_REMINDER,1,0.49550000000000005
pay_005277,557.58,NETBANKING,USER_CANCELLED,2,0.463,RETRY,0,0.3615000000000001
pay_005277,557.58,NETBANKING,USER_CANCELLED,2,0.463,SEND_REMINDER,1,0.4915
pay_000689,3193.17,CARD,BANK_ERROR,1,0.629,RETRY,1,0.7145
pay_000689,3193.17,CARD,BANK_ERROR,1,0.629,SEND_REMINDER,0,0.3845
pay_001779,1282.49,UPI,INSUFFICIENT_FUNDS,2,0.722,RETRY,1,0.291
pay_001779,1282.49,UPI,INSUFFICIENT_FUNDS,2,0.722,SEND_REMINDER,0,0.591
pay_000256,1227.35,UPI,USER_CANCELLED,3,0.466,RETRY,0,0.29300000000000004
pay_000256,1227.35,UPI,USER_CANCELLED,3,0.466,SEND_REMINDER,1,0.42299999999999993
pay_000154,2177.22,UPI,BANK_ERROR,2,0.788,RETRY,1,0.724
pay_000154,2177.22,UPI,BANK_ERROR,2,0.788,SEND_REMINDER,0,0.394
pay_006741,460.13,NETBANKING,CARD_EXPIRED,2,0.832,RETRY,1,0.196
pay_006741,460.13,NETBANKING,CARD_EXPIRED,2,0.832,SEND_REMINDER,1,0.716
pay_002849,1111.76,NETBANKING,CARD_EXPIRED,1,0.815,RETRY,0,0.2575
pay_002849,1111.76,NETBANKING,CARD_EXPIRED,1,0.815,SEND_REMINDER,1,0.7775
pay_006043,10526.08,NETBANKING,TIMEOUT,1,0.783,RETRY,1,0.7215
pay_006043,10526.08,NETBANKING,TIMEOUT,1,0.783,SEND_REMINDER,0,0.49150000000000005
pay_007168,1650.69,WALLET,CARD_EXPIRED,1,0.566,RETRY,0,0.133
pay_007168,1650.69,WALLET,CARD_EXPIRED,1,0.566,SEND_REMINDER,1,0.653
pay_001188,1510.65,UPI,INSUFFICIENT_FUNDS,2,0.91,RETRY,0,0.385
pay_001188,1510.65,UPI,INSUFFICIENT_FUNDS,2,0.91,SEND_REMINDER,0,0.685
pay_001275,4771.8,WALLET,CARD_EXPIRED,3,0.638,RETRY,0,0.029000000000000026
pay_001275,4771.8,WALLET,CARD_EXPIRED,3,0.638,SEND_REMINDER,0,0.549
pay_008321,362.07,NETBANKING,NETWORK_ERROR,1,0.758,RETRY,1,0.749
pay_008321,362.07,NETBANKING,NETWORK_ERROR,1,0.758,SEND_REMINDER,1,0.47900000000000004
pay_006796,5537.96,NETBANKING,CARD_EXPIRED,3,0.808,RETRY,0,0.11400000000000005
pay_006796,5537.96,NETBANKING,CARD_EXPIRED,3,0.808,SEND_REMINDER,1,0.634
pay_005812,5730.48,NETBANKING,NETWORK_ERROR,1,0.892,RETRY,1,0.8160000000000001
pay_005812,5730.48,NETBANKING,NETWORK_ERROR,1,0.892,SEND_REMINDER,1,0.546
pay_009927,927.51,CARD,FRAUD_SUSPECTED,1,0.613,RETRY,0,0.01
pay_009927,927.51,CARD,FRAUD_SUSPECTED,1,0.613,SEND_REMINDER,0,0.01
pay_006090,1750.63,NETBANKING,TIMEOUT,4,0.823,RETRY,0,0.5314999999999999
pay_006090,1750.63,NETBANKING,TIMEOUT,4,0.823,SEND_REMINDER,1,0.30150000000000005
pay_009756,4177.09,UPI,FRAUD_SUSPECTED,2,0.842,RETRY,0,0.010999999999999996
pay_009756,4177.09,UPI,FRAUD_SUSPECTED,2,0.842,SEND_REMINDER,0,0.010999999999999996
pay_009861,2934.59,UPI,BANK_ERROR,3,0.687,RETRY,1,0.6035
pay_009861,2934.59,UPI,BANK_ERROR,3,0.687,SEND_REMINDER,0,0.2735
pay_002059,2230.65,UPI,BANK_ERROR,2,0.828,RETRY,1,0.744
pay_002059,2230.65,UPI,BANK_ERROR,2,0.828,SEND_REMINDER,0,0.414
pay_009052,732.96,UPI,BANK_ERROR,1,0.461,RETRY,0,0.6305000000000001
pay_009052,732.96,UPI,BANK_ERROR,1,0.461,SEND_REMINDER,1,0.3005
pay_005993,813.51,NETBANKING,INSUFFICIENT_FUNDS,2,0.776,RETRY,0,0.318
pay_005993,813.51,NETBANKING,INSUFFICIENT_FUNDS,2,0.776,SEND_REMINDER,1,0.6180000000000001
pay_006805,905.8,WALLET,USER_CANCELLED,1,0.721,RETRY,1,0.5605
pay_006805,905.8,WALLET,USER_CANCELLED,1,0.721,SEND_REMINDER,0,0.6904999999999999
pay_008116,1591.13,CARD,BANK_ERROR,4,0.737,RETRY,0,0.5585
pay_008116,1591.13,CARD,BANK_ERROR,4,0.737,SEND_REMINDER,1,0.22849999999999998
pay_006549,2472.46,CARD,BANK_ERROR,4,0.631,RETRY,1,0.5055000000000001
pay_006549,2472.46,CARD,BANK_ERROR,4,0.631,SEND_REMINDER,0,0.1755
pay_002853,747.03,NETBANKING,CARD_EXPIRED,4,0.707,RETRY,0,0.01
pay_002853,747.03,NETBANKING,CARD_EXPIRED,4,0.707,SEND_REMINDER,0,0.5135000000000001
pay_008065,893.24,UPI,BANK_ERROR,3,0.504,RETRY,1,0.512
pay_008065,893.24,UPI,BANK_ERROR,3,0.504,SEND_REMINDER,0,0.182
pay_005069,1778.55,WALLET,USER_CANCELLED,3,0.807,RETRY,1,0.46350000000000013
pay_005069,1778.55,WALLET,USER_CANCELLED,3,0.807,SEND_REMINDER,1,0.5935
pay_003893,953.41,CARD,TIMEOUT,2,0.808,RETRY,1,0.6639999999999999
pay_003893,953.41,CARD,TIMEOUT,2,0.808,SEND_REMINDER,0,0.434
pay_003412,1309.68,NETBANKING,USER_CANCELLED,2,0.708,RETRY,0,0.48400000000000004
pay_003412,1309.68,NETBANKING,USER_CANCELLED,2,0.708,SEND_REMINDER,0,0.6139999999999999
pay_003067,7360.97,WALLET,CARD_EXPIRED,4,0.686,RETRY,0,0.01
pay_003067,7360.97,WALLET,CARD_EXPIRED,4,0.686,SEND_REMINDER,1,0.5030000000000001
pay_007074,4646.89,WALLET,FRAUD_SUSPECTED,2,0.696,RETRY,0,0.01
pay_007074,4646.89,WALLET,FRAUD_SUSPECTED,2,0.696,SEND_REMINDER,0,0.01
pay_000657,1828.3,CARD,INSUFFICIENT_FUNDS,1,0.984,RETRY,0,0.492
pay_000657,1828.3,CARD,INSUFFICIENT_FUNDS,1,0.984,SEND_REMINDER,1,0.792
pay_009064,962.5,NETBANKING,INSUFFICIENT_FUNDS,1,0.779,RETRY,1,0.3895
pay_009064,962.5,NETBANKING,INSUFFICIENT_FUNDS,1,0.779,SEND_REMINDER,0,0.6895
pay_006037,3604.85,NETBANKING,BANK_ERROR,2,0.532,RETRY,1,0.5960000000000001
pay_006037,3604.85,NETBANKING,BANK_ERROR,2,0.532,SEND_REMINDER,1,0.266
pay_007551,2377.21,CARD,NETWORK_ERROR,4,0.799,RETRY,0,0.5595000000000001
pay_007551,2377.21,CARD,NETWORK_ERROR,4,0.799,SEND_REMINDER,0,0.28950000000000004
pay_005585,4600.9,UPI,NETWORK_ERROR,4,0.834,RETRY,0,0.577
pay_005585,4600.9,UPI,NETWORK_ERROR,4,0.834,SEND_REMINDER,0,0.307
pay_004296,532.86,NETBANKING,NETWORK_ERROR,3,0.671,RETRY,1,0.5655
pay_004296,532.86,NETBANKING,NETWORK_ERROR,3,0.671,SEND_REMINDER,0,0.29550000000000004
pay_008173,2230.55,NETBANKING,USER_CANCELLED,1,0.537,RETRY,1,0.4685000000000001
pay_008173,2230.55,NETBANKING,USER_CANCELLED,1,0.537,SEND_REMINDER,1,0.5985
pay_009021,2102.55,UPI,INSUFFICIENT_FUNDS,2,0.484,RETRY,0,0.172
pay_009021,2102.55,UPI,INSUFFICIENT_FUNDS,2,0.484,SEND_REMINDER,0,0.47200000000000003
pay_006432,222.63,WALLET,NETWORK_ERROR,1,0.565,RETRY,1,0.6525
pay_006432,222.63,WALLET,NETWORK_ERROR,1,0.565,SEND_REMINDER,1,0.3825
pay_000681,3220.65,CARD,BANK_ERROR,3,0.691,RETRY,1,0.6055
pay_000681,3220.65,CARD,BANK_ERROR,3,0.691,SEND_REMINDER,0,0.27549999999999997
pay_009705,2790.4,UPI,TIMEOUT,2,0.768,RETRY,0,0.6439999999999999
pay_009705,2790.4,UPI,TIMEOUT,2,0.768,SEND_REMINDER,0,0.41400000000000003
pay_001362,2873.92,WALLET,NETWORK_ERROR,3,0.607,RETRY,1,0.5335
pay_001362,2873.92,WALLET,NETWORK_ERROR,3,0.607,SEND_REMINDER,0,0.2635
pay_002111,1169.94,UPI,USER_CANCELLED,1,0.698,RETRY,0,0.549
pay_002111,1169.94,UPI,USER_CANCELLED,1,0.698,SEND_REMINDER,1,0.6789999999999999
pay_000204,4200.85,NETBANKING,LIMIT_EXCEEDED,4,0.906,RETRY,0,0.193
pay_000204,4200.85,NETBANKING,LIMIT_EXCEEDED,4,0.906,SEND_REMINDER,1,0.49300000000000005
pay_003762,1792.07,CARD,CARD_EXPIRED,1,0.875,RETRY,1,0.28750000000000003
pay_003762,1792.07,CARD,CARD_EXPIRED,1,0.875,SEND_REMINDER,1,0.8075
pay_005632,3611.43,NETBANKING,USER_CANCELLED,2,0.94,RETRY,1,0.6000000000000001
pay_005632,3611.43,NETBANKING,USER_CANCELLED,2,0.94,SEND_REMINDER,1,0.73
pay_009817,1981.18,WALLET,INSUFFICIENT_FUNDS,3,0.641,RETRY,0,0.1805
pay_009817,1981.18,WALLET,INSUFFICIENT_FUNDS,3,0.641,SEND_REMINDER,1,0.48050000000000004
pay_009004,382.22,UPI,USER_CANCELLED,2,0.498,RETRY,0,0.37900000000000006
pay_009004,382.22,UPI,USER_CANCELLED,2,0.498,SEND_REMINDER,0,0.5089999999999999
pay_001639,9414.63,CARD,CARD_EXPIRED,1,0.937,RETRY,0,0.31850000000000006
pay_001639,9414.63,CARD,CARD_EXPIRED,1,0.937,SEND_REMINDER,1,0.8385
pay_006375,1576.02,CARD,INSUFFICIENT_FUNDS,1,0.627,RETRY,0,0.3135
pay_006375,1576.02,CARD,INSUFFICIENT_FUNDS,1,0.627,SEND_REMINDER,0,0.6135
pay_005815,257.69,NETBANKING,LIMIT_EXCEEDED,3,0.501,RETRY,0,0.0605
pay_005815,257.69,NETBANKING,LIMIT_EXCEEDED,3,0.501,SEND_REMINDER,0,0.36049999999999993
pay_005493,1335.41,UPI,INSUFFICIENT_FUNDS,2,0.849,RETRY,0,0.3545
pay_005493,1335.41,UPI,INSUFFICIENT_FUNDS,2,0.849,SEND_REMINDER,1,0.6545000000000001
pay_005564,3286.52,NETBANKING,TIMEOUT,4,0.666,RETRY,1,0.453
pay_005564,3286.52,NETBANKING,TIMEOUT,4,0.666,SEND_REMINDER,0,0.22300000000000003
pay_007956,9696.56,NETBANKING,INSUFFICIENT_FUNDS,4,0.856,RETRY,0,0.21799999999999997
pay_007956,9696.56,NETBANKING,INSUFFICIENT_FUNDS,4,0.856,SEND_REMINDER,0,0.518
pay_007215,1828.41,CARD,TIMEOUT,4,0.795,RETRY,1,0.5175000000000001
pay_007215,1828.41,CARD,TIMEOUT,4,0.795,SEND_REMINDER,0,0.28750000000000003
pay_007698,585.73,CARD,CARD_EXPIRED,4,0.652,RETRY,0,0.01
pay_007698,585.73,CARD,CARD_EXPIRED,4,0.652,SEND_REMINDER,1,0.48599999999999993
pay_004505,1523.47,WALLET,LIMIT_EXCEEDED,2,0.708,RETRY,0,0.23399999999999999
pay_004505,1523.47,WALLET,LIMIT_EXCEEDED,2,0.708,SEND_REMINDER,1,0.534
pay_001631,2664.54,NETBANKING,BANK_ERROR,4,0.598,RETRY,1,0.48900000000000005
pay_001631,2664.54,NETBANKING,BANK_ERROR,4,0.598,SEND_REMINDER,0,0.15899999999999997
pay_001211,668.42,UPI,USER_CANCELLED,1,0.605,RETRY,1,0.5025000000000001
pay_001211,668.42,UPI,USER_CANCELLED,1,0.605,SEND_REMINDER,1,0.6325
pay_007313,2162.76,WALLET,CARD_EXPIRED,1,0.858,RETRY,0,0.279
pay_007313,2162.76,WALLET,CARD_EXPIRED,1,0.858,SEND_REMINDER,1,0.7989999999999999
pay_007579,1153.38,CARD,NETWORK_ERROR,4,0.668,RETRY,0,0.49399999999999994
pay_007579,1153.38,CARD,NETWORK_ERROR,4,0.668,SEND_REMINDER,0,0.22400000000000003
pay_006852,988.42,WALLET,BANK_ERROR,3,0.743,RETRY,0,0.6315000000000001
pay_006852,988.42,WALLET,BANK_ERROR,3,0.743,SEND_REMINDER,0,0.3015
pay_001235,950.57,WALLET,LIMIT_EXCEEDED,3,0.865,RETRY,1,0.2425
pay_001235,950.57,WALLET,LIMIT_EXCEEDED,3,0.865,SEND_REMINDER,0,0.5425
pay_008743,2008.0,UPI,NETWORK_ERROR,2,0.673,RETRY,1,0.6365000000000001
pay_008743,2008.0,UPI,NETWORK_ERROR,2,0.673,SEND_REMINDER,0,0.36650000000000005
pay_009159,5531.84,CARD,TIMEOUT,3,0.709,RETRY,0,0.5444999999999999
pay_009159,5531.84,CARD,TIMEOUT,3,0.709,SEND_REMINDER,0,0.3145
pay_005409,1534.21,CARD,NETWORK_ERROR,4,0.79,RETRY,0,0.5549999999999999
pay_005409,1534.21,CARD,NETWORK_ERROR,4,0.79,SEND_REMINDER,0,0.28500000000000003
pay_006424,2018.54,NETBANKING,TIMEOUT,2,0.586,RETRY,0,0.5529999999999999
pay_006424,2018.54,NETBANKING,TIMEOUT,2,0.586,SEND_REMINDER,0,0.323
pay_002078,4736.75,NETBANKING,TIMEOUT,3,0.458,RETRY,1,0.41899999999999993
pay_002078,4736.75,NETBANKING,TIMEOUT,3,0.458,SEND_REMINDER,0,0.18900000000000006
pay_005244,3051.98,NETBANKING,USER_CANCELLED,3,0.538,RETRY,0,0.32900000000000007
pay_005244,3051.98,NETBANKING,USER_CANCELLED,3,0.538,SEND_REMINDER,1,0.45899999999999996
pay_003949,1445.2,UPI,LIMIT_EXCEEDED,2,0.584,RETRY,0,0.172
pay_003949,1445.2,UPI,LIMIT_EXCEEDED,2,0.584,SEND_REMINDER,1,0.47200000000000003
pay_002582,2468.4,UPI,NETWORK_ERROR,3,0.561,RETRY,0,0.5105000000000001
pay_002582,2468.4,UPI,NETWORK_ERROR,3,0.561,SEND_REMINDER,1,0.24050000000000005
pay_002725,8691.23,WALLET,BANK_ERROR,2,0.463,RETRY,0,0.5615000000000001
pay_002725,8691.23,WALLET,BANK_ERROR,2,0.463,SEND_REMINDER,0,0.23149999999999998
pay_004100,1915.67,UPI,TIMEOUT,1,0.695,RETRY,1,0.6775
pay_004100,1915.67,UPI,TIMEOUT,1,0.695,SEND_REMINDER,0,0.4475
pay_004079,1325.21,UPI,USER_CANCELLED,3,0.954,RETRY,0,0.537
pay_004079,1325.21,UPI,USER_CANCELLED,3,0.954,SEND_REMINDER,0,0.6669999999999999
pay_007049,653.77,NETBANKING,BANK_ERROR,3,0.671,RETRY,0,0.5955
pay_007049,653.77,NETBANKING,BANK_ERROR,3,0.671,SEND_REMINDER,0,0.2655
pay_005174,815.55,UPI,INSUFFICIENT_FUNDS,1,0.811,RETRY,1,0.4055
pay_005174,815.55,UPI,INSUFFICIENT_FUNDS,1,0.811,SEND_REMINDER,1,0.7055
pay_009366,544.22,UPI,CARD_EXPIRED,3,0.739,RETRY,0,0.07950000000000002
pay_009366,544.22,UPI,CARD_EXPIRED,3,0.739,SEND_REMINDER,1,0.5995
pay_006182,1416.07,WALLET,TIMEOUT,2,0.789,RETRY,1,0.6544999999999999
pay_006182,1416.07,WALLET,TIMEOUT,2,0.789,SEND_REMINDER,1,0.42450000000000004
pay_005728,1503.47,NETBANKING,USER_CANCELLED,1,0.832,RETRY,0,0.6160000000000001
pay_005728,1503.47,NETBANKING,USER_CANCELLED,1,0.832,SEND_REMINDER,1,0.746
pay_000498,1552.67,WALLET,NETWORK_ERROR,2,0.877,RETRY,1,0.7384999999999999
pay_000498,1552.67,WALLET,NETWORK_ERROR,2,0.877,SEND_REMINDER,1,0.46849999999999997
pay_009118,3240.2,UPI,INSUFFICIENT_FUNDS,4,0.862,RETRY,0,0.22099999999999997
pay_009118,3240.2,UPI,INSUFFICIENT_FUNDS,4,0.862,SEND_REMINDER,1,0.5210000000000001
pay_008066,1943.5,NETBANKING,FRAUD_SUSPECTED,3,0.554,RETRY,0,0.01
pay_008066,1943.5,NETBANKING,FRAUD_SUSPECTED,3,0.554,SEND_REMINDER,0,0.01
pay_004650,1504.92,CARD,FRAUD_SUSPECTED,4,0.749,RETRY,0,0.01
pay_004650,1504.92,CARD,FRAUD_SUSPECTED,4,0.749,SEND_REMINDER,0,0.01
pay_003278,2013.11,UPI,INSUFFICIENT_FUNDS,2,0.569,RETRY,0,0.21449999999999997
pay_003278,2013.11,UPI,INSUFFICIENT_FUNDS,2,0.569,SEND_REMINDER,0,0.5145
pay_000025,1169.69,UPI,FRAUD_SUSPECTED,3,0.51,RETRY,0,0.01
pay_000025,1169.69,UPI,FRAUD_SUSPECTED,3,0.51,SEND_REMINDER,0,0.01
pay_007416,441.16,UPI,NETWORK_ERROR,4,0.529,RETRY,0,0.42450000000000004
pay_007416,441.16,UPI,NETWORK_ERROR,4,0.529,SEND_REMINDER,0,0.15450000000000003
pay_006919,7337.41,UPI,NETWORK_ERROR,4,0.611,RETRY,1,0.46549999999999997
pay_006919,7337.41,UPI,NETWORK_ERROR,4,0.611,SEND_REMINDER,0,0.1955
pay_003729,692.45,WALLET,FRAUD_SUSPECTED,1,0.693,RETRY,0,0.01
pay_003729,692.45,WALLET,FRAUD_SUSPECTED,1,0.693,SEND_REMINDER,0,0.01
pay_005664,554.0,UPI,INSUFFICIENT_FUNDS,4,0.875,RETRY,0,0.22749999999999998
pay_005664,554.0,UPI,INSUFFICIENT_FUNDS,4,0.875,SEND_REMINDER,1,0.5275000000000001
pay_005765,1969.96,WALLET,TIMEOUT,4,0.69,RETRY,1,0.4649999999999999
pay_005765,1969.96,WALLET,TIMEOUT,4,0.69,SEND_REMINDER,0,0.235
pay_004777,1773.33,WALLET,CARD_EXPIRED,1,0.806,RETRY,0,0.25300000000000006
pay_004777,1773.33,WALLET,CARD_EXPIRED,1,0.806,SEND_REMINDER,1,0.773
pay_009770,437.46,NETBANKING,BANK_ERROR,3,0.65,RETRY,0,0.5850000000000001
pay_009770,437.46,NETBANKING,BANK_ERROR,3,0.65,SEND_REMINDER,1,0.255
pay_008920,3500.77,WALLET,BANK_ERROR,4,0.868,RETRY,1,0.6240000000000001
pay_008920,3500.77,WALLET,BANK_ERROR,4,0.868,SEND_REMINDER,1,0.294
pay_007812,1568.04,WALLET,NETWORK_ERROR,1,0.968,RETRY,1,0.854
pay_007812,1568.04,WALLET,NETWORK_ERROR,1,0.968,SEND_REMINDER,0,0.5840000000000001
pay_001594,3726.21,WALLET,INSUFFICIENT_FUNDS,4,0.895,RETRY,0,0.2375
pay_001594,3726.21,WALLET,INSUFFICIENT_FUNDS,4,0.895,SEND_REMINDER,1,0.5375000000000001
pay_006803,275.79,CARD,BANK_ERROR,2,0.502,RETRY,1,0.581
pay_006803,275.79,CARD,BANK_ERROR,2,0.502,SEND_REMINDER,0,0.251
pay_006750,1566.17,UPI,TIMEOUT,2,0.939,RETRY,1,0.7294999999999998
pay_006750,1566.17,UPI,TIMEOUT,2,0.939,SEND_REMINDER,1,0.4995
pay_004028,1468.74,WALLET,NETWORK_ERROR,3,0.468,RETRY,1,0.46399999999999997
pay_004028,1468.74,WALLET,NETWORK_ERROR,3,0.468,SEND_REMINDER,0,0.19400000000000006
pay_008645,2212.23,UPI,NETWORK_ERROR,2,0.828,RETRY,0,0.714
pay_008645,2212.23,UPI,NETWORK_ERROR,2,0.828,SEND_REMINDER,1,0.444
pay_007686,3721.26,NETBANKING,BANK_ERROR,4,0.822,RETRY,1,0.601
pay_007686,3721.26,NETBANKING,BANK_ERROR,4,0.822,SEND_REMINDER,0,0.27099999999999996
pay_006401,2354.52,UPI,TIMEOUT,3,0.882,RETRY,1,0.6309999999999999
pay_006401,2354.52,UPI,TIMEOUT,3,0.882,SEND_REMINDER,1,0.401
pay_000759,909.88,CARD,NETWORK_ERROR,1,0.657,RETRY,1,0.6985
pay_000759,909.88,CARD,NETWORK_ERROR,1,0.657,SEND_REMINDER,0,0.42850000000000005
pay_000350,1524.23,NETBANKING,INSUFFICIENT_FUNDS,1,0.523,RETRY,1,0.2615
pay_000350,1524.23,NETBANKING,INSUFFICIENT_FUNDS,1,0.523,SEND_REMINDER,0,0.5615000000000001
pay_003707,1188.38,UPI,INSUFFICIENT_FUNDS,2,0.514,RETRY,0,0.187
pay_003707,1188.38,UPI,INSUFFICIENT_FUNDS,2,0.514,SEND_REMINDER,1,0.48700000000000004
pay_008122,703.32,WALLET,BANK_ERROR,2,0.706,RETRY,0,0.683
pay_008122,703.32,WALLET,BANK_ERROR,2,0.706,SEND_REMINDER,0,0.353
pay_006489,2494.43,WALLET,LIMIT_EXCEEDED,3,0.641,RETRY,0,0.1305
pay_006489,2494.43,WALLET,LIMIT_EXCEEDED,3,0.641,SEND_REMINDER,1,0.4305
pay_003691,2770.23,CARD,USER_CANCELLED,1,0.64,RETRY,1,0.52
pay_003691,2770.23,CARD,USER_CANCELLED,1,0.64,SEND_REMINDER,0,0.6499999999999999
pay_007440,2995.0,UPI,BANK_ERROR,3,0.49,RETRY,1,0.505
pay_007440,2995.0,UPI,BANK_ERROR,3,0.49,SEND_REMINDER,0,0.175
pay_009801,3816.34,CARD,BANK_ERROR,3,0.552,RETRY,1,0.536
pay_009801,3816.34,CARD,BANK_ERROR,3,0.552,SEND_REMINDER,0,0.20600000000000002
pay_003686,915.59,CARD,NETWORK_ERROR,4,0.618,RETRY,0,0.46900000000000003
pay_003686,915.59,CARD,NETWORK_ERROR,4,0.618,SEND_REMINDER,0,0.199
pay_006998,1185.7,WALLET,FRAUD_SUSPECTED,4,0.725,RETRY,0,0.01
pay_006998,1185.7,WALLET,FRAUD_SUSPECTED,4,0.725,SEND_REMINDER,0,0.01
pay_001452,7056.98,NETBANKING,NETWORK_ERROR,4,0.706,RETRY,0,0.5129999999999999
pay_001452,7056.98,NETBANKING,NETWORK_ERROR,4,0.706,SEND_REMINDER,0,0.243
pay_007676,998.26,CARD,BANK_ERROR,2,0.761,RETRY,1,0.7104999999999999
pay_007676,998.26,CARD,BANK_ERROR,2,0.761,SEND_REMINDER,1,0.3805
pay_004588,3771.14,NETBANKING,USER_CANCELLED,2,0.847,RETRY,0,0.5535000000000001
pay_004588,3771.14,NETBANKING,USER_CANCELLED,2,0.847,SEND_REMINDER,0,0.6835
pay_009639,1108.91,UPI,LIMIT_EXCEEDED,4,0.657,RETRY,0,0.0685
pay_009639,1108.91,UPI,LIMIT_EXCEEDED,4,0.657,SEND_REMINDER,0,0.3685
pay_000632,6146.51,WALLET,INSUFFICIENT_FUNDS,1,0.764,RETRY,1,0.382
pay_000632,6146.51,WALLET,INSUFFICIENT_FUNDS,1,0.764,SEND_REMINDER,0,0.682
pay_009400,3016.71,NETBANKING,NETWORK_ERROR,4,0.854,RETRY,0,0.587
pay_009400,3016.71,NETBANKING,NETWORK_ERROR,4,0.854,SEND_REMINDER,1,0.317
pay_006017,10330.44,UPI,BANK_ERROR,3,0.905,RETRY,1,0.7125
pay_006017,10330.44,UPI,BANK_ERROR,3,0.905,SEND_REMINDER,0,0.38249999999999995
pay_000885,3119.77,UPI,LIMIT_EXCEEDED,3,0.901,RETRY,1,0.2605
pay_000885,3119.77,UPI,LIMIT_EXCEEDED,3,0.901,SEND_REMINDER,1,0.5605
pay_008207,2950.75,CARD,BANK_ERROR,3,0.854,RETRY,1,0.6869999999999999
pay_008207,2950.75,CARD,BANK_ERROR,3,0.854,SEND_REMINDER,0,0.357
pay_007238,2257.56,WALLET,BANK_ERROR,1,0.578,RETRY,1,0.6890000000000001
pay_007238,2257.56,WALLET,BANK_ERROR,1,0.578,SEND_REMINDER,1,0.359
pay_000672,344.22,NETBANKING,NETWORK_ERROR,1,0.632,RETRY,1,0.6859999999999999
pay_000672,344.22,NETBANKING,NETWORK_ERROR,1,0.632,SEND_REMINDER,1,0.41600000000000004
pay_005883,3095.9,UPI,INSUFFICIENT_FUNDS,1,0.517,RETRY,1,0.2585
pay_005883,3095.9,UPI,INSUFFICIENT_FUNDS,1,0.517,SEND_REMINDER,1,0.5585
pay_002288,1478.48,WALLET,INSUFFICIENT_FUNDS,1,0.56,RETRY,0,0.28
pay_002288,1478.48,WALLET,INSUFFICIENT_FUNDS,1,0.56,SEND_REMINDER,1,0.5800000000000001
pay_005690,1580.34,NETBANKING,USER_CANCELLED,1,0.945,RETRY,0,0.6725000000000001
pay_005690,1580.34,NETBANKING,USER_CANCELLED,1,0.945,SEND_REMINDER,1,0.8025
pay_005568,3144.14,UPI,NETWORK_ERROR,2,0.799,RETRY,1,0.6995
pay_005568,3144.14,UPI,NETWORK_ERROR,2,0.799,SEND_REMINDER,0,0.42950000000000005
pay_007488,2614.59,WALLET,BANK_ERROR,1,0.956,RETRY,0,0.878
pay_007488,2614.59,WALLET,BANK_ERROR,1,0.956,SEND_REMINDER,0,0.548
pay_002886,1212.23,CARD,CARD_EXPIRED,2,0.703,RETRY,0,0.1315
pay_002886,1212.23,CARD,CARD_EXPIRED,2,0.703,SEND_REMINDER,1,0.6515
pay_008991,6508.47,CARD,TIMEOUT,3,0.815,RETRY,1,0.5974999999999999
pay_008991,6508.47,CARD,TIMEOUT,3,0.815,SEND_REMINDER,0,0.36750000000000005
pay_008517,861.01,UPI,INSUFFICIENT_FUNDS,2,0.91,RETRY,1,0.385
pay_008517,861.01,UPI,INSUFFICIENT_FUNDS,2,0.91,SEND_REMINDER,1,0.685
pay_007371,2136.84,WALLET,LIMIT_EXCEEDED,2,0.687,RETRY,0,0.22350000000000003
pay_007371,2136.84,WALLET,LIMIT_EXCEEDED,2,0.687,SEND_REMINDER,0,0.5235000000000001
pay_000835,1758.56,WALLET,BANK_ERROR,3,0.772,RETRY,1,0.646
pay_000835,1758.56,WALLET,BANK_ERROR,3,0.772,SEND_REMINDER,1,0.316
pay_007492,973.25,NETBANKING,INSUFFICIENT_FUNDS,3,0.487,RETRY,1,0.10349999999999998
pay_007492,973.25,NETBANKING,INSUFFICIENT_FUNDS,3,0.487,SEND_REMINDER,0,0.4035000000000001
pay_000922,795.35,NETBANKING,BANK_ERROR,2,0.796,RETRY,1,0.728
pay_000922,795.35,NETBANKING,BANK_ERROR,2,0.796,SEND_REMINDER,1,0.398
pay_006284,4085.25,UPI,CARD_EXPIRED,1,0.704,RETRY,0,0.202
pay_006284,4085.25,UPI,CARD_EXPIRED,1,0.704,SEND_REMINDER,0,0.722
pay_000613,2261.93,NETBANKING,CARD_EXPIRED,4,0.696,RETRY,0,0.01
pay_000613,2261.93,NETBANKING,CARD_EXPIRED,4,0.696,SEND_REMINDER,1,0.508
pay_000732,826.58,NETBANKING,LIMIT_EXCEEDED,4,0.934,RETRY,0,0.20700000000000002
pay_000732,826.58,NETBANKING,LIMIT_EXCEEDED,4,0.934,SEND_REMINDER,0,0.5070000000000001
pay_002565,883.35,WALLET,CARD_EXPIRED,4,0.681,RETRY,0,0.01
pay_002565,883.35,WALLET,CARD_EXPIRED,4,0.681,SEND_REMINDER,0,0.5005
pay_008338,612.6,UPI,USER_CANCELLED,4,0.812,RETRY,1,0.3960000000000001
pay_008338,612.6,UPI,USER_CANCELLED,4,0.812,SEND_REMINDER,0,0.526
pay_003825,1057.76,CARD,USER_CANCELLED,2,0.745,RETRY,1,0.5025
pay_003825,1057.76,CARD,USER_CANCELLED,2,0.745,SEND_REMINDER,0,0.6324999999999998
pay_005268,1166.4,UPI,INSUFFICIENT_FUNDS,4,0.456,RETRY,0,0.017999999999999988
pay_005268,1166.4,UPI,INSUFFICIENT_FUNDS,4,0.456,SEND_REMINDER,1,0.318
pay_006004,1166.31,UPI,TIMEOUT,1,0.943,RETRY,1,0.8014999999999999
pay_006004,1166.31,UPI,TIMEOUT,1,0.943,SEND_REMINDER,0,0.5715
pay_003930,2075.18,CARD,TIMEOUT,4,0.976,RETRY,1,0.6079999999999999
pay_003930,2075.18,CARD,TIMEOUT,4,0.976,SEND_REMINDER,0,0.37800000000000006
pay_006422,936.87,CARD,TIMEOUT,2,0.675,RETRY,1,0.5974999999999999
pay_006422,936.87,CARD,TIMEOUT,2,0.675,SEND_REMINDER,1,0.36750000000000005
pay_009181,1675.52,CARD,USER_CANCELLED,4,0.512,RETRY,0,0.24600000000000005
pay_009181,1675.52,CARD,USER_CANCELLED,4,0.512,SEND_REMINDER,1,0.37599999999999995
pay_006652,1372.54,WALLET,INSUFFICIENT_FUNDS,2,0.555,RETRY,0,0.20750000000000002
pay_006652,1372.54,WALLET,INSUFFICIENT_FUNDS,2,0.555,SEND_REMINDER,0,0.5075000000000001
pay_006504,604.24,CARD,USER_CANCELLED,3,0.924,RETRY,1,0.5220000000000001
pay_006504,604.24,CARD,USER_CANCELLED,3,0.924,SEND_REMINDER,1,0.652
pay_002826,7067.66,CARD,NETWORK_ERROR,2,0.937,RETRY,1,0.7685
pay_002826,7067.66,CARD,NETWORK_ERROR,2,0.937,SEND_REMINDER,0,0.4985
pay_006373,4425.4,UPI,INSUFFICIENT_FUNDS,3,0.481,RETRY,0,0.10049999999999998
pay_006373,4425.4,UPI,INSUFFICIENT_FUNDS,3,0.481,SEND_REMINDER,1,0.40049999999999997
pay_000511,2244.79,UPI,TIMEOUT,2,0.759,RETRY,1,0.6395
pay_000511,2244.79,UPI,TIMEOUT,2,0.759,SEND_REMINDER,0,0.40950000000000003
pay_007714,2360.4,CARD,BANK_ERROR,1,0.451,RETRY,0,0.6255000000000001
pay_007714,2360.4,CARD,BANK_ERROR,1,0.451,SEND_REMINDER,0,0.2955
pay_007745,2461.6,NETBANKING,BANK_ERROR,1,0.542,RETRY,0,0.671
pay_007745,2461.6,NETBANKING,BANK_ERROR,1,0.542,SEND_REMINDER,0,0.341
pay_001347,234.36,WALLET,BANK_ERROR,1,0.528,RETRY,0,0.664
pay_001347,234.36,WALLET,BANK_ERROR,1,0.528,SEND_REMINDER,0,0.334
pay_001982,599.63,CARD,BANK_ERROR,1,0.74,RETRY,1,0.77
pay_001982,599.63,CARD,BANK_ERROR,1,0.74,SEND_REMINDER,1,0.44
pay_008634,4524.17,NETBANKING,USER_CANCELLED,3,0.542,RETRY,0,0.33100000000000007
pay_008634,4524.17,NETBANKING,USER_CANCELLED,3,0.542,SEND_REMINDER,1,0.46099999999999997
pay_002171,3983.31,WALLET,BANK_ERROR,2,0.667,RETRY,1,0.6635
pay_002171,3983.31,WALLET,BANK_ERROR,2,0.667,SEND_REMINDER,0,0.3335
pay_001562,994.49,WALLET,BANK_ERROR,3,0.631,RETRY,0,0.5755
pay_001562,994.49,WALLET,BANK_ERROR,3,0.631,SEND_REMINDER,0,0.2455
pay_002329,3154.01,WALLET,INSUFFICIENT_FUNDS,1,0.64,RETRY,0,0.32
pay_002329,3154.01,WALLET,INSUFFICIENT_FUNDS,1,0.64,SEND_REMINDER,0,0.6200000000000001
pay_002668,674.51,UPI,TIMEOUT,1,0.741,RETRY,1,0.7004999999999999
pay_002668,674.51,UPI,TIMEOUT,1,0.741,SEND_REMINDER,0,0.47050000000000003
pay_008470,1149.69,CARD,FRAUD_SUSPECTED,2,0.666,RETRY,0,0.01
pay_008470,1149.69,CARD,FRAUD_SUSPECTED,2,0.666,SEND_REMINDER,0,0.01
pay_009832,942.23,CARD,NETWORK_ERROR,4,0.641,RETRY,1,0.4805
pay_009832,942.23,CARD,NETWORK_ERROR,4,0.641,SEND_REMINDER,0,0.21050000000000002
pay_003957,1678.48,NETBANKING,INSUFFICIENT_FUNDS,4,0.59,RETRY,0,0.08499999999999996
pay_003957,1678.48,NETBANKING,INSUFFICIENT_FUNDS,4,0.59,SEND_REMINDER,0,0.38499999999999995
pay_001784,3321.08,WALLET,BANK_ERROR,3,0.798,RETRY,1,0.659
pay_001784,3321.08,WALLET,BANK_ERROR,3,0.798,SEND_REMINDER,0,0.329
pay_006943,5115.29,CARD,INSUFFICIENT_FUNDS,3,0.853,RETRY,1,0.2865
pay_006943,5115.29,CARD,INSUFFICIENT_FUNDS,3,0.853,SEND_REMINDER,0,0.5865
pay_002969,421.37,WALLET,BANK_ERROR,4,0.803,RETRY,1,0.5915000000000001
pay_002969,421.37,WALLET,BANK_ERROR,4,0.803,SEND_REMINDER,0,0.2615
pay_009826,529.91,UPI,NETWORK_ERROR,2,0.673,RETRY,1,0.6365000000000001
pay_009826,529.91,UPI,NETWORK_ERROR,2,0.673,SEND_REMINDER,1,0.36650000000000005
pay_008531,892.86,WALLET,NETWORK_ERROR,1,0.859,RETRY,1,0.7995
pay_008531,892.86,WALLET,NETWORK_ERROR,1,0.859,SEND_REMINDER,0,0.5295000000000001
pay_007891,2065.88,WALLET,LIMIT_EXCEEDED,1,0.858,RETRY,1,0.379
pay_007891,2065.88,WALLET,LIMIT_EXCEEDED,1,0.858,SEND_REMINDER,0,0.679
pay_002680,1464.46,UPI,NETWORK_ERROR,1,0.879,RETRY,1,0.8095
pay_002680,1464.46,UPI,NETWORK_ERROR,1,0.879,SEND_REMINDER,0,0.5395000000000001
pay_002536,1427.85,CARD,NETWORK_ERROR,3,0.855,RETRY,1,0.6575
pay_002536,1427.85,CARD,NETWORK_ERROR,3,0.855,SEND_REMINDER,0,0.38750000000000007
pay_005100,1909.23,CARD,USER_CANCELLED,3,0.456,RETRY,0,0.28800000000000003
pay_005100,1909.23,CARD,USER_CANCELLED,3,0.456,SEND_REMINDER,0,0.4179999999999999
pay_003383,2143.21,NETBANKING,BANK_ERROR,3,0.934,RETRY,1,0.727
pay_003383,2143.21,NETBANKING,BANK_ERROR,3,0.934,SEND_REMINDER,0,0.397
pay_008923,757.33,WALLET,USER_CANCELLED,4,0.5,RETRY,1,0.24000000000000005
pay_008923,757.33,WALLET,USER_CANCELLED,4,0.5,SEND_REMINDER,0,0.36999999999999994
pay_006665,1016.39,NETBANKING,LIMIT_EXCEEDED,4,0.963,RETRY,0,0.22149999999999997
pay_006665,1016.39,NETBANKING,LIMIT_EXCEEDED,4,0.963,SEND_REMINDER,1,0.5215000000000001
pay_001218,2260.17,WALLET,FRAUD_SUSPECTED,2,0.807,RETRY,0,0.01
pay_001218,2260.17,WALLET,FRAUD_SUSPECTED,2,0.807,SEND_REMINDER,0,0.01
pay_009886,753.26,WALLET,NETWORK_ERROR,3,0.463,RETRY,1,0.4615
pay_009886,753.26,WALLET,NETWORK_ERROR,3,0.463,SEND_REMINDER,0,0.1915
pay_008135,531.54,WALLET,NETWORK_ERROR,1,0.731,RETRY,0,0.7355
pay_008135,531.54,WALLET,NETWORK_ERROR,1,0.731,SEND_REMINDER,1,0.4655
pay_003475,1018.81,NETBANKING,NETWORK_ERROR,3,0.82,RETRY,1,0.64
pay_003475,1018.81,NETBANKING,NETWORK_ERROR,3,0.82,SEND_REMINDER,1,0.37
pay_007297,934.78,WALLET,INSUFFICIENT_FUNDS,4,0.696,RETRY,0,0.13799999999999996
pay_007297,934.78,WALLET,INSUFFICIENT_FUNDS,4,0.696,SEND_REMINDER,1,0.438
pay_008226,1231.79,CARD,NETWORK_ERROR,4,0.7,RETRY,0,0.51
pay_008226,1231.79,CARD,NETWORK_ERROR,4,0.7,SEND_REMINDER,0,0.24
pay_005619,2470.79,NETBANKING,LIMIT_EXCEEDED,4,0.671,RETRY,0,0.07550000000000001
pay_005619,2470.79,NETBANKING,LIMIT_EXCEEDED,4,0.671,SEND_REMINDER,1,0.3755
pay_002679,1951.35,NETBANKING,NETWORK_ERROR,3,0.807,RETRY,0,0.6335000000000001
pay_002679,1951.35,NETBANKING,NETWORK_ERROR,3,0.807,SEND_REMINDER,0,0.36350000000000005
pay_005948,4595.04,WALLET,TIMEOUT,3,0.63,RETRY,0,0.505
pay_005948,4595.04,WALLET,TIMEOUT,3,0.63,SEND_REMINDER,0,0.275
pay_002162,2202.18,NETBANKING,LIMIT_EXCEEDED,2,0.908,RETRY,0,0.334
pay_002162,2202.18,NETBANKING,LIMIT_EXCEEDED,2,0.908,SEND_REMINDER,0,0.6339999999999999
pay_003713,2263.82,UPI,INSUFFICIENT_FUNDS,1,0.706,RETRY,1,0.353
pay_003713,2263.82,UPI,INSUFFICIENT_FUNDS,1,0.706,SEND_REMINDER,0,0.653
pay_002525,3779.86,CARD,NETWORK_ERROR,2,0.6,RETRY,0,0.5999999999999999
pay_002525,3779.86,CARD,NETWORK_ERROR,2,0.6,SEND_REMINDER,1,0.33
pay_003786,1163.93,UPI,USER_CANCELLED,3,0.955,RETRY,1,0.5375
pay_003786,1163.93,UPI,USER_CANCELLED,3,0.955,SEND_REMINDER,1,0.6674999999999999
pay_000117,1758.52,NETBANKING,NETWORK_ERROR,4,0.586,RETRY,1,0.453
pay_000117,1758.52,NETBANKING,NETWORK_ERROR,4,0.586,SEND_REMINDER,0,0.183
pay_006229,3510.31,WALLET,CARD_EXPIRED,3,0.486,RETRY,0,0.01
pay_006229,3510.31,WALLET,CARD_EXPIRED,3,0.486,SEND_REMINDER,0,0.473
pay_001090,1545.22,UPI,CARD_EXPIRED,2,0.772,RETRY,0,0.16600000000000004
pay_001090,1545.22,UPI,CARD_EXPIRED,2,0.772,SEND_REMINDER,1,0.6859999999999999
pay_002055,616.03,NETBANKING,LIMIT_EXCEEDED,2,0.958,RETRY,0,0.359
pay_002055,616.03,NETBANKING,LIMIT_EXCEEDED,2,0.958,SEND_REMINDER,1,0.659
pay_003606,960.33,NETBANKING,INSUFFICIENT_FUNDS,4,0.729,RETRY,0,0.15449999999999997
pay_003606,960.33,NETBANKING,INSUFFICIENT_FUNDS,4,0.729,SEND_REMINDER,0,0.45450000000000007
pay_001094,1884.76,WALLET,TIMEOUT,4,0.57,RETRY,0,0.40499999999999997
pay_001094,1884.76,WALLET,TIMEOUT,4,0.57,SEND_REMINDER,0,0.175
pay_006306,3955.12,UPI,BANK_ERROR,4,0.62,RETRY,0,0.49999999999999994
pay_006306,3955.12,UPI,BANK_ERROR,4,0.62,SEND_REMINDER,0,0.16999999999999998
pay_003205,844.0,UPI,NETWORK_ERROR,1,0.491,RETRY,0,0.6154999999999999
pay_003205,844.0,UPI,NETWORK_ERROR,1,0.491,SEND_REMINDER,1,0.34550000000000003
pay_007774,2579.41,NETBANKING,NETWORK_ERROR,3,0.638,RETRY,1,0.549
pay_007774,2579.41,NETBANKING,NETWORK_ERROR,3,0.638,SEND_REMINDER,1,0.279
pay_000856,1145.28,NETBANKING,NETWORK_ERROR,1,0.706,RETRY,1,0.723
pay_000856,1145.28,NETBANKING,NETWORK_ERROR,1,0.706,SEND_REMINDER,1,0.453
pay_008604,2528.14,CARD,BANK_ERROR,1,0.838,RETRY,1,0.819
pay_008604,2528.14,CARD,BANK_ERROR,1,0.838,SEND_REMINDER,0,0.489
pay_007030,2340.23,NETBANKING,NETWORK_ERROR,4,0.811,RETRY,0,0.5655000000000001
pay_007030,2340.23,NETBANKING,NETWORK_ERROR,4,0.811,SEND_REMINDER,0,0.29550000000000004
pay_001414,10218.98,NETBANKING,NETWORK_ERROR,1,0.769,RETRY,1,0.7545
pay_001414,10218.98,NETBANKING,NETWORK_ERROR,1,0.769,SEND_REMINDER,0,0.48450000000000004
pay_007288,4178.97,UPI,LIMIT_EXCEEDED,2,0.807,RETRY,1,0.28350000000000003
pay_007288,4178.97,UPI,LIMIT_EXCEEDED,2,0.807,SEND_REMINDER,0,0.5834999999999999
pay_003969,9065.4,UPI,FRAUD_SUSPECTED,1,0.717,RETRY,0,0.01850000000000001
pay_003969,9065.4,UPI,FRAUD_SUSPECTED,1,0.717,SEND_REMINDER,1,0.01850000000000001
pay_001726,4310.4,WALLET,INSUFFICIENT_FUNDS,4,0.693,RETRY,0,0.13649999999999995
pay_001726,4310.4,WALLET,INSUFFICIENT_FUNDS,4,0.693,SEND_REMINDER,0,0.43650000000000005
pay_006538,3155.01,NETBANKING,FRAUD_SUSPECTED,1,0.965,RETRY,0,0.14250000000000002
pay_006538,3155.01,NETBANKING,FRAUD_SUSPECTED,1,0.965,SEND_REMINDER,0,0.14250000000000002
pay_005007,4183.01,CARD,USER_CANCELLED,4,0.969,RETRY,0,0.4745000000000001
pay_005007,4183.01,CARD,USER_CANCELLED,4,0.969,SEND_REMINDER,0,0.6045
pay_000612,1729.4,UPI,NETWORK_ERROR,4,0.597,RETRY,0,0.45849999999999996
pay_000612,1729.4,UPI,NETWORK_ERROR,4,0.597,SEND_REMINDER,0,0.1885
pay_000810,883.87,UPI,INSUFFICIENT_FUNDS,2,0.97,RETRY,0,0.415
pay_000810,883.87,UPI,INSUFFICIENT_FUNDS,2,0.97,SEND_REMINDER,1,0.7150000000000001
pay_005129,2037.91,UPI,BANK_ERROR,4,0.707,RETRY,0,0.5435000000000001
pay_005129,2037.91,UPI,BANK_ERROR,4,0.707,SEND_REMINDER,0,0.21349999999999997
pay_006904,1245.2,UPI,INSUFFICIENT_FUNDS,3,0.574,RETRY,0,0.14699999999999996
pay_006904,1245.2,UPI,INSUFFICIENT_FUNDS,3,0.574,SEND_REMINDER,0,0.44699999999999995
pay_008320,1218.85,UPI,INSUFFICIENT_FUNDS,2,0.559,RETRY,0,0.20950000000000002
pay_008320,1218.85,UPI,INSUFFICIENT_FUNDS,2,0.559,SEND_REMINDER,0,0.5095000000000001
pay_009125,2934.85,CARD,LIMIT_EXCEEDED,1,0.819,RETRY,0,0.3595
pay_009125,2934.85,CARD,LIMIT_EXCEEDED,1,0.819,SEND_REMINDER,1,0.6595
pay_006810,636.6,NETBANKING,NETWORK_ERROR,2,0.675,RETRY,1,0.6375
pay_006810,636.6,NETBANKING,NETWORK_ERROR,2,0.675,SEND_REMINDER,0,0.36750000000000005
pay_002332,1707.39,CARD,LIMIT_EXCEEDED,2,0.777,RETRY,0,0.2685
pay_002332,1707.39,CARD,LIMIT_EXCEEDED,2,0.777,SEND_REMINDER,0,0.5685
pay_007004,1499.7,UPI,LIMIT_EXCEEDED,2,0.92,RETRY,0,0.34
pay_007004,1499.7,UPI,LIMIT_EXCEEDED,2,0.92,SEND_REMINDER,1,0.6399999999999999
pay_004717,12218.39,NETBANKING,LIMIT_EXCEEDED,2,0.922,RETRY,0,0.341
pay_004717,12218.39,NETBANKING,LIMIT_EXCEEDED,2,0.922,SEND_REMINDER,1,0.641
pay_000595,4146.55,NETBANKING,BANK_ERROR,3,0.561,RETRY,0,0.5405000000000001
pay_000595,4146.55,NETBANKING,BANK_ERROR,3,0.561,SEND_REMINDER,0,0.21050000000000002
pay_009420,1480.43,CARD,FRAUD_SUSPECTED,1,0.76,RETRY,0,0.04000000000000003
pay_009420,1480.43,CARD,FRAUD_SUSPECTED,1,0.76,SEND_REMINDER,0,0.04000000000000003
pay_005888,927.65,CARD,TIMEOUT,4,0.88,RETRY,1,0.56
pay_005888,927.65,CARD,TIMEOUT,4,0.88,SEND_REMINDER,1,0.33
pay_009932,918.89,WALLET,BANK_ERROR,4,0.516,RETRY,1,0.448
pay_009932,918.89,WALLET,BANK_ERROR,4,0.516,SEND_REMINDER,0,0.118
pay_005398,3250.11,UPI,LIMIT_EXCEEDED,1,0.958,RETRY,0,0.429
pay_005398,3250.11,UPI,LIMIT_EXCEEDED,1,0.958,SEND_REMINDER,1,0.729
pay_003316,2522.88,WALLET,LIMIT_EXCEEDED,1,0.875,RETRY,1,0.3875
pay_003316,2522.88,WALLET,LIMIT_EXCEEDED,1,0.875,SEND_REMINDER,1,0.6875
pay_001178,1671.25,WALLET,CARD_EXPIRED,3,0.744,RETRY,0,0.08200000000000002
pay_001178,1671.25,WALLET,CARD_EXPIRED,3,0.744,SEND_REMINDER,1,0.602
pay_003698,2359.22,NETBANKING,USER_CANCELLED,4,0.683,RETRY,0,0.3315000000000001
pay_003698,2359.22,NETBANKING,USER_CANCELLED,4,0.683,SEND_REMINDER,0,0.46149999999999997
pay_006825,3292.58,NETBANKING,BANK_ERROR,1,0.458,RETRY,1,0.629
pay_006825,3292.58,NETBANKING,BANK_ERROR,1,0.458,SEND_REMINDER,0,0.29900000000000004
pay_006026,1984.78,CARD,NETWORK_ERROR,4,0.751,RETRY,0,0.5355000000000001
pay_006026,1984.78,CARD,NETWORK_ERROR,4,0.751,SEND_REMINDER,1,0.2655
pay_001994,3186.39,UPI,TIMEOUT,1,0.743,RETRY,0,0.7015
pay_001994,3186.39,UPI,TIMEOUT,1,0.743,SEND_REMINDER,0,0.47150000000000003
pay_008252,776.74,UPI,NETWORK_ERROR,1,0.66,RETRY,1,0.7
pay_008252,776.74,UPI,NETWORK_ERROR,1,0.66,SEND_REMINDER,1,0.43000000000000005
pay_000092,3924.19,WALLET,USER_CANCELLED,2,0.806,RETRY,1,0.5330000000000001
pay_000092,3924.19,WALLET,USER_CANCELLED,2,0.806,SEND_REMINDER,1,0.663
pay_009206,462.28,CARD,TIMEOUT,2,0.642,RETRY,1,0.581
pay_009206,462.28,CARD,TIMEOUT,2,0.642,SEND_REMINDER,0,0.35100000000000003
pay_003318,823.99,UPI,LIMIT_EXCEEDED,3,0.591,RETRY,0,0.10549999999999998
pay_003318,823.99,UPI,LIMIT_EXCEEDED,3,0.591,SEND_REMINDER,1,0.40549999999999997
pay_002965,4810.07,NETBANKING,USER_CANCELLED,2,0.492,RETRY,0,0.37600000000000006
pay_002965,4810.07,NETBANKING,USER_CANCELLED,2,0.492,SEND_REMINDER,1,0.506
pay_009891,4922.43,WALLET,LIMIT_EXCEEDED,4,0.835,RETRY,0,0.15749999999999997
pay_009891,4922.43,WALLET,LIMIT_EXCEEDED,4,0.835,SEND_REMINDER,0,0.45749999999999996
pay_004144,2320.0,CARD,NETWORK_ERROR,4,0.956,RETRY,1,0.6379999999999999
pay_004144,2320.0,CARD,NETWORK_ERROR,4,0.956,SEND_REMINDER,1,0.36800000000000005
pay_000127,818.58,UPI,USER_CANCELLED,3,0.738,RETRY,0,0.42900000000000005
pay_000127,818.58,UPI,USER_CANCELLED,3,0.738,SEND_REMINDER,0,0.5589999999999999
pay_008753,2966.88,CARD,USER_CANCELLED,4,0.988,RETRY,0,0.48400000000000004
pay_008753,2966.88,CARD,USER_CANCELLED,4,0.988,SEND_REMINDER,0,0.6139999999999999
pay_000544,5728.76,UPI,BANK_ERROR,3,0.556,RETRY,0,0.538
pay_000544,5728.76,UPI,BANK_ERROR,3,0.556,SEND_REMINDER,1,0.20800000000000002
pay_004024,3384.2,WALLET,INSUFFICIENT_FUNDS,1,0.451,RETRY,0,0.2255
pay_004024,3384.2,WALLET,INSUFFICIENT_FUNDS,1,0.451,SEND_REMINDER,1,0.5255000000000001
pay_009106,1373.95,NETBANKING,CARD_EXPIRED,4,0.516,RETRY,0,0.01
pay_009106,1373.95,NETBANKING,CARD_EXPIRED,4,0.516,SEND_REMINDER,1,0.418
pay_006875,615.35,UPI,FRAUD_SUSPECTED,3,0.896,RETRY,0,0.01
pay_006875,615.35,UPI,FRAUD_SUSPECTED,3,0.896,SEND_REMINDER,0,0.01
pay_003017,536.21,WALLET,LIMIT_EXCEEDED,1,0.587,RETRY,1,0.2435
pay_003017,536.21,WALLET,LIMIT_EXCEEDED,1,0.587,SEND_REMINDER,0,0.5435
pay_000272,573.24,CARD,INSUFFICIENT_FUNDS,3,0.498,RETRY,0,0.10899999999999999
pay_000272,573.24,CARD,INSUFFICIENT_FUNDS,3,0.498,SEND_REMINDER,0,0.40900000000000003
pay_007497,1196.44,WALLET,TIMEOUT,3,0.524,RETRY,0,0.45199999999999996
pay_007497,1196.44,WALLET,TIMEOUT,3,0.524,SEND_REMINDER,0,0.22200000000000003
pay_007766,1764.79,UPI,NETWORK_ERROR,2,0.559,RETRY,1,0.5794999999999999
pay_007766,1764.79,UPI,NETWORK_ERROR,2,0.559,SEND_REMINDER,1,0.30950000000000005
pay_003586,642.39,UPI,LIMIT_EXCEEDED,3,0.519,RETRY,0,0.0695
pay_003586,642.39,UPI,LIMIT_EXCEEDED,3,0.519,SEND_REMINDER,1,0.36950000000000005
pay_001013,9511.04,NETBANKING,FRAUD_SUSPECTED,1,0.822,RETRY,0,0.071
pay_001013,9511.04,NETBANKING,FRAUD_SUSPECTED,1,0.822,SEND_REMINDER,0,0.071
pay_008598,4181.78,UPI,LIMIT_EXCEEDED,3,0.716,RETRY,0,0.16799999999999998
pay_008598,4181.78,UPI,LIMIT_EXCEEDED,3,0.716,SEND_REMINDER,0,0.46799999999999997
pay_003605,3380.25,UPI,USER_CANCELLED,2,0.504,RETRY,0,0.38200000000000006
pay_003605,3380.25,UPI,USER_CANCELLED,2,0.504,SEND_REMINDER,1,0.512
pay_004533,2699.08,CARD,INSUFFICIENT_FUNDS,2,0.691,RETRY,0,0.27549999999999997
pay_004533,2699.08,CARD,INSUFFICIENT_FUNDS,2,0.691,SEND_REMINDER,0,0.5754999999999999
pay_006959,15268.15,CARD,NETWORK_ERROR,1,0.872,RETRY,0,0.806
pay_006959,15268.15,CARD,NETWORK_ERROR,1,0.872,SEND_REMINDER,1,0.536
pay_006433,552.66,CARD,LIMIT_EXCEEDED,4,0.486,RETRY,0,0.01
pay_006433,552.66,CARD,LIMIT_EXCEEDED,4,0.486,SEND_REMINDER,0,0.283
pay_006895,1026.55,WALLET,NETWORK_ERROR,3,0.73,RETRY,0,0.595
pay_006895,1026.55,WALLET,NETWORK_ERROR,3,0.73,SEND_REMINDER,0,0.325
pay_006496,2453.18,CARD,TIMEOUT,2,0.868,RETRY,1,0.694
pay_006496,2453.18,CARD,TIMEOUT,2,0.868,SEND_REMINDER,0,0.464
pay_005356,3699.41,UPI,USER_CANCELLED,1,0.544,RETRY,1,0.4720000000000001
pay_005356,3699.41,UPI,USER_CANCELLED,1,0.544,SEND_REMINDER,1,0.602
pay_006910,886.73,CARD,NETWORK_ERROR,1,0.62,RETRY,1,0.6799999999999999
pay_006910,886.73,CARD,NETWORK_ERROR,1,0.62,SEND_REMINDER,1,0.41000000000000003
pay_005012,3251.39,CARD,BANK_ERROR,2,0.522,RETRY,0,0.591
pay_005012,3251.39,CARD,BANK_ERROR,2,0.522,SEND_REMINDER,1,0.261
pay_003065,538.3,CARD,TIMEOUT,4,0.955,RETRY,1,0.5974999999999999
pay_003065,538.3,CARD,TIMEOUT,4,0.955,SEND_REMINDER,0,0.3675
pay_007703,1068.89,WALLET,BANK_ERROR,3,0.85,RETRY,1,0.6849999999999999
pay_007703,1068.89,WALLET,BANK_ERROR,3,0.85,SEND_REMINDER,0,0.355
pay_006463,1580.28,NETBANKING,INSUFFICIENT_FUNDS,1,0.619,RETRY,0,0.3095
pay_006463,1580.28,NETBANKING,INSUFFICIENT_FUNDS,1,0.619,SEND_REMINDER,0,0.6095
pay_006888,7665.3,UPI,INSUFFICIENT_FUNDS,3,0.669,RETRY,0,0.1945
pay_006888,7665.3,UPI,INSUFFICIENT_FUNDS,3,0.669,SEND_REMINDER,0,0.49450000000000005
pay_004950,2559.59,UPI,INSUFFICIENT_FUNDS,1,0.905,RETRY,1,0.4525
pay_004950,2559.59,UPI,INSUFFICIENT_FUNDS,1,0.905,SEND_REMINDER,1,0.7525000000000001
pay_003672,3633.14,CARD,LIMIT_EXCEEDED,1,0.576,RETRY,0,0.238
pay_003672,3633.14,CARD,LIMIT_EXCEEDED,1,0.576,SEND_REMINDER,0,0.538
pay_007662,2025.63,NETBANKING,LIMIT_EXCEEDED,4,0.88,RETRY,1,0.18
pay_007662,2025.63,NETBANKING,LIMIT_EXCEEDED,4,0.88,SEND_REMINDER,1,0.4799999999999999
pay_002264,767.51,CARD,TIMEOUT,3,0.661,RETRY,1,0.5205
pay_002264,767.51,CARD,TIMEOUT,3,0.661,SEND_REMINDER,0,0.29050000000000004
pay_003161,1112.98,UPI,USER_CANCELLED,4,0.895,RETRY,0,0.43750000000000006
pay_003161,1112.98,UPI,USER_CANCELLED,4,0.895,SEND_REMINDER,0,0.5674999999999999
pay_003416,1607.41,NETBANKING,USER_CANCELLED,1,0.96,RETRY,0,0.68
pay_003416,1607.41,NETBANKING,USER_CANCELLED,1,0.96,SEND_REMINDER,1,0.8099999999999999
pay_004443,2811.6,UPI,INSUFFICIENT_FUNDS,1,0.835,RETRY,1,0.4175
pay_004443,2811.6,UPI,INSUFFICIENT_FUNDS,1,0.835,SEND_REMINDER,1,0.7175
pay_009443,830.7,NETBANKING,NETWORK_ERROR,4,0.577,RETRY,0,0.44849999999999995
pay_009443,830.7,NETBANKING,NETWORK_ERROR,4,0.577,SEND_REMINDER,0,0.1785
pay_007386,2324.6,UPI,BANK_ERROR,1,0.524,RETRY,0,0.662
pay_007386,2324.6,UPI,BANK_ERROR,1,0.524,SEND_REMINDER,0,0.332
pay_000384,1187.25,NETBANKING,LIMIT_EXCEEDED,1,0.519,RETRY,1,0.20950000000000002
pay_000384,1187.25,NETBANKING,LIMIT_EXCEEDED,1,0.519,SEND_REMINDER,0,0.5095000000000001
pay_001046,3666.26,WALLET,LIMIT_EXCEEDED,1,0.771,RETRY,1,0.3355
pay_001046,3666.26,WALLET,LIMIT_EXCEEDED,1,0.771,SEND_REMINDER,1,0.6355
pay_002292,3956.39,NETBANKING,BANK_ERROR,4,0.717,RETRY,1,0.5485
pay_002292,3956.39,NETBANKING,BANK_ERROR,4,0.717,SEND_REMINDER,0,0.21849999999999997
pay_003974,1937.9,NETBANKING,LIMIT_EXCEEDED,2,0.941,RETRY,0,0.3505
pay_003974,1937.9,NETBANKING,LIMIT_EXCEEDED,2,0.941,SEND_REMINDER,1,0.6504999999999999
pay_008346,2358.78,UPI,INSUFFICIENT_FUNDS,3,0.571,RETRY,0,0.14549999999999996
pay_008346,2358.78,UPI,INSUFFICIENT_FUNDS,3,0.571,SEND_REMINDER,1,0.4455
pay_006770,1092.94,NETBANKING,INSUFFICIENT_FUNDS,4,0.897,RETRY,0,0.2385
pay_006770,1092.94,NETBANKING,INSUFFICIENT_FUNDS,4,0.897,SEND_REMINDER,1,0.5385
pay_009095,4784.6,UPI,NETWORK_ERROR,4,0.707,RETRY,0,0.5135000000000001
pay_009095,4784.6,UPI,NETWORK_ERROR,4,0.707,SEND_REMINDER,1,0.2435
pay_002907,1296.01,NETBANKING,INSUFFICIENT_FUNDS,2,0.553,RETRY,0,0.20650000000000002
pay_002907,1296.01,NETBANKING,INSUFFICIENT_FUNDS,2,0.553,SEND_REMINDER,1,0.5065
pay_003348,6454.07,CARD,NETWORK_ERROR,2,0.701,RETRY,0,0.6504999999999999
pay_003348,6454.07,CARD,NETWORK_ERROR,2,0.701,SEND_REMINDER,0,0.3805
pay_000102,1291.4,WALLET,INSUFFICIENT_FUNDS,2,0.852,RETRY,0,0.356
pay_000102,1291.4,WALLET,INSUFFICIENT_FUNDS,2,0.852,SEND_REMINDER,1,0.6559999999999999
pay_000133,772.91,CARD,NETWORK_ERROR,4,0.582,RETRY,1,0.451
pay_000133,772.91,CARD,NETWORK_ERROR,4,0.582,SEND_REMINDER,1,0.181
pay_000535,1073.34,UPI,BANK_ERROR,3,0.635,RETRY,1,0.5775
pay_000535,1073.34,UPI,BANK_ERROR,3,0.635,SEND_REMINDER,0,0.2475
pay_005028,1271.3,CARD,TIMEOUT,3,0.95,RETRY,1,0.6649999999999999
pay_005028,1271.3,CARD,TIMEOUT,3,0.95,SEND_REMINDER,0,0.43499999999999994
pay_000208,2727.19,WALLET,NETWORK_ERROR,2,0.778,RETRY,1,0.6890000000000001
pay_000208,2727.19,WALLET,NETWORK_ERROR,2,0.778,SEND_REMINDER,1,0.41900000000000004
pay_007180,1012.88,NETBANKING,INSUFFICIENT_FUNDS,1,0.839,RETRY,0,0.4195
pay_007180,1012.88,NETBANKING,INSUFFICIENT_FUNDS,1,0.839,SEND_REMINDER,1,0.7195
pay_006739,18926.63,CARD,INSUFFICIENT_FUNDS,4,0.494,RETRY,0,0.03699999999999998
pay_006739,18926.63,CARD,INSUFFICIENT_FUNDS,4,0.494,SEND_REMINDER,0,0.337
pay_002650,3721.28,UPI,BANK_ERROR,2,0.655,RETRY,1,0.6575
pay_002650,3721.28,UPI,BANK_ERROR,2,0.655,SEND_REMINDER,1,0.3275
pay_008398,2069.21,NETBANKING,NETWORK_ERROR,1,0.934,RETRY,1,0.837
pay_008398,2069.21,NETBANKING,NETWORK_ERROR,1,0.934,SEND_REMINDER,1,0.5670000000000001
pay_009427,826.87,CARD,NETWORK_ERROR,2,0.775,RETRY,0,0.6875
pay_009427,826.87,CARD,NETWORK_ERROR,2,0.775,SEND_REMINDER,1,0.41750000000000004
pay_008540,3031.78,CARD,USER_CANCELLED,1,0.81,RETRY,0,0.6050000000000001
pay_008540,3031.78,CARD,USER_CANCELLED,1,0.81,SEND_REMINDER,0,0.735
pay_002523,2425.97,UPI,TIMEOUT,2,0.758,RETRY,1,0.639
pay_002523,2425.97,UPI,TIMEOUT,2,0.758,SEND_REMINDER,1,0.40900000000000003
pay_006835,2462.12,UPI,INSUFFICIENT_FUNDS,1,0.962,RETRY,0,0.481
pay_006835,2462.12,UPI,INSUFFICIENT_FUNDS,1,0.962,SEND_REMINDER,1,0.781
pay_007894,804.23,WALLET,BANK_ERROR,3,0.982,RETRY,0,0.751
pay_007894,804.23,WALLET,BANK_ERROR,3,0.982,SEND_REMINDER,1,0.42099999999999993
pay_004718,4662.96,NETBANKING,INSUFFICIENT_FUNDS,2,0.514,RETRY,0,0.187
pay_004718,4662.96,NETBANKING,INSUFFICIENT_FUNDS,2,0.514,SEND_REMINDER,1,0.48700000000000004
pay_002697,4295.89,CARD,LIMIT_EXCEEDED,4,0.913,RETRY,0,0.1965
pay_002697,4295.89,CARD,LIMIT_EXCEEDED,4,0.913,SEND_REMINDER,1,0.4965
pay_009579,760.81,WALLET,USER_CANCELLED,2,0.592,RETRY,1,0.42600000000000005
pay_009579,760.81,WALLET,USER_CANCELLED,2,0.592,SEND_REMINDER,1,0.5559999999999998
pay_004452,1214.32,NETBANKING,INSUFFICIENT_FUNDS,3,0.918,RETRY,0,0.319
pay_004452,1214.32,NETBANKING,INSUFFICIENT_FUNDS,3,0.918,SEND_REMINDER,1,0.6190000000000001
pay_003727,2690.54,CARD,BANK_ERROR,2,0.533,RETRY,1,0.5965
pay_003727,2690.54,CARD,BANK_ERROR,2,0.533,SEND_REMINDER,0,0.2665
pay_006114,899.29,NETBANKING,TIMEOUT,2,0.93,RETRY,1,0.7249999999999999
pay_006114,899.29,NETBANKING,TIMEOUT,2,0.93,SEND_REMINDER,1,0.49500000000000005
pay_009632,1672.63,WALLET,INSUFFICIENT_FUNDS,1,0.494,RETRY,0,0.247
pay_009632,1672.63,WALLET,INSUFFICIENT_FUNDS,1,0.494,SEND_REMINDER,0,0.547
pay_000969,1750.88,WALLET,BANK_ERROR,3,0.573,RETRY,1,0.5465
pay_000969,1750.88,WALLET,BANK_ERROR,3,0.573,SEND_REMINDER,0,0.21649999999999997
pay_006239,987.56,CARD,BANK_ERROR,1,0.92,RETRY,1,0.8600000000000001
pay_006239,987.56,CARD,BANK_ERROR,1,0.92,SEND_REMINDER,1,0.53
pay_008764,2873.05,WALLET,USER_CANCELLED,3,0.596,RETRY,0,0.35800000000000004
pay_008764,2873.05,WALLET,USER_CANCELLED,3,0.596,SEND_REMINDER,1,0.4879999999999999
pay_007110,2399.5,WALLET,NETWORK_ERROR,3,0.454,RETRY,0,0.45699999999999996
pay_007110,2399.5,WALLET,NETWORK_ERROR,3,0.454,SEND_REMINDER,1,0.18700000000000006
pay_003206,1051.95,UPI,TIMEOUT,1,0.87,RETRY,1,0.7649999999999999
pay_003206,1051.95,UPI,TIMEOUT,1,0.87,SEND_REMINDER,1,0.535
pay_004559,1176.01,NETBANKING,BANK_ERROR,2,0.984,RETRY,1,0.8220000000000001
pay_004559,1176.01,NETBANKING,BANK_ERROR,2,0.984,SEND_REMINDER,0,0.49200000000000005
pay_001656,1427.5,UPI,INSUFFICIENT_FUNDS,4,0.598,RETRY,0,0.08899999999999997
pay_001656,1427.5,UPI,INSUFFICIENT_FUNDS,4,0.598,SEND_REMINDER,0,0.38899999999999996
pay_004993,1649.39,WALLET,NETWORK_ERROR,3,0.788,RETRY,0,0.624
pay_004993,1649.39,WALLET,NETWORK_ERROR,3,0.788,SEND_REMINDER,1,0.35400000000000004
pay_004576,1514.39,WALLET,INSUFFICIENT_FUNDS,2,0.811,RETRY,0,0.3355
pay_004576,1514.39,WALLET,INSUFFICIENT_FUNDS,2,0.811,SEND_REMINDER,1,0.6355
pay_004486,504.82,WALLET,NETWORK_ERROR,2,0.748,RETRY,1,0.6739999999999999
pay_004486,504.82,WALLET,NETWORK_ERROR,2,0.748,SEND_REMINDER,0,0.404
pay_007656,1384.69,NETBANKING,USER_CANCELLED,1,0.699,RETRY,0,0.5495000000000001
pay_007656,1384.69,NETBANKING,USER_CANCELLED,1,0.699,SEND_REMINDER,1,0.6795
pay_008802,718.41,WALLET,BANK_ERROR,3,0.581,RETRY,1,0.5505
pay_008802,718.41,WALLET,BANK_ERROR,3,0.581,SEND_REMINDER,0,0.22049999999999997
pay_000109,2221.73,UPI,CARD_EXPIRED,4,0.453,RETRY,0,0.01
pay_000109,2221.73,UPI,CARD_EXPIRED,4,0.453,SEND_REMINDER,0,0.3865
pay_005744,559.73,NETBANKING,CARD_EXPIRED,3,0.844,RETRY,1,0.132
pay_005744,559.73,NETBANKING,CARD_EXPIRED,3,0.844,SEND_REMINDER,1,0.652
pay_003738,1591.62,UPI,LIMIT_EXCEEDED,1,0.728,RETRY,0,0.314
pay_003738,1591.62,UPI,LIMIT_EXCEEDED,1,0.728,SEND_REMINDER,1,0.614
pay_002299,3042.27,NETBANKING,INSUFFICIENT_FUNDS,4,0.759,RETRY,0,0.16949999999999998
pay_002299,3042.27,NETBANKING,INSUFFICIENT_FUNDS,4,0.759,SEND_REMINDER,1,0.4695
pay_000979,509.22,NETBANKING,USER_CANCELLED,4,0.976,RETRY,0,0.47800000000000004
pay_000979,509.22,NETBANKING,USER_CANCELLED,4,0.976,SEND_REMINDER,1,0.6079999999999999
pay_002597,1112.81,WALLET,LIMIT_EXCEEDED,4,0.87,RETRY,0,0.175
pay_002597,1112.81,WALLET,LIMIT_EXCEEDED,4,0.87,SEND_REMINDER,0,0.47500000000000003
pay_009526,938.69,UPI,NETWORK_ERROR,1,0.521,RETRY,0,0.6305000000000001
pay_009526,938.69,UPI,NETWORK_ERROR,1,0.521,SEND_REMINDER,0,0.36050000000000004
pay_005660,1056.58,UPI,NETWORK_ERROR,1,0.912,RETRY,1,0.8260000000000001
pay_005660,1056.58,UPI,NETWORK_ERROR,1,0.912,SEND_REMINDER,1,0.556
pay_002007,1809.79,UPI,BANK_ERROR,2,0.623,RETRY,1,0.6415
pay_002007,1809.79,UPI,BANK_ERROR,2,0.623,SEND_REMINDER,0,0.3115
pay_007267,3638.01,WALLET,BANK_ERROR,2,0.97,RETRY,1,0.815
pay_007267,3638.01,WALLET,BANK_ERROR,2,0.97,SEND_REMINDER,0,0.48499999999999993
pay_004811,3311.61,CARD,NETWORK_ERROR,4,0.955,RETRY,1,0.6375
pay_004811,3311.61,CARD,NETWORK_ERROR,4,0.955,SEND_REMINDER,0,0.3675
pay_007949,3946.79,NETBANKING,NETWORK_ERROR,4,0.911,RETRY,1,0.6154999999999999
pay_007949,3946.79,NETBANKING,NETWORK_ERROR,4,0.911,SEND_REMINDER,1,0.3455000000000001
pay_000280,1328.42,NETBANKING,NETWORK_ERROR,4,0.487,RETRY,1,0.4034999999999999
pay_000280,1328.42,NETBANKING,NETWORK_ERROR,4,0.487,SEND_REMINDER,0,0.1335
pay_008297,8771.5,WALLET,CARD_EXPIRED,2,0.771,RETRY,0,0.16550000000000004
pay_008297,8771.5,WALLET,CARD_EXPIRED,2,0.771,SEND_REMINDER,1,0.6855
pay_004729,6464.86,WALLET,CARD_EXPIRED,4,0.833,RETRY,0,0.056499999999999995
pay_004729,6464.86,WALLET,CARD_EXPIRED,4,0.833,SEND_REMINDER,0,0.5765
pay_006848,2646.5,WALLET,BANK_ERROR,3,0.862,RETRY,0,0.691
pay_006848,2646.5,WALLET,BANK_ERROR,3,0.862,SEND_REMINDER,0,0.361
pay_000563,3629.68,WALLET,FRAUD_SUSPECTED,2,0.563,RETRY,0,0.01
pay_000563,3629.68,WALLET,FRAUD_SUSPECTED,2,0.563,SEND_REMINDER,0,0.01
pay_002581,2434.96,WALLET,LIMIT_EXCEEDED,4,0.545,RETRY,0,0.012500000000000011
pay_002581,2434.96,WALLET,LIMIT_EXCEEDED,4,0.545,SEND_REMINDER,0,0.31249999999999994
pay_006847,1946.22,UPI,USER_CANCELLED,2,0.515,RETRY,0,0.38750000000000007
pay_006847,1946.22,UPI,USER_CANCELLED,2,0.515,SEND_REMINDER,1,0.5174999999999998
pay_006429,5336.05,CARD,TIMEOUT,4,0.465,RETRY,1,0.3525
pay_006429,5336.05,CARD,TIMEOUT,4,0.465,SEND_REMINDER,0,0.1225
pay_000252,3767.96,WALLET,BANK_ERROR,3,0.774,RETRY,0,0.647
pay_000252,3767.96,WALLET,BANK_ERROR,3,0.774,SEND_REMINDER,0,0.317
pay_005965,5401.67,UPI,INSUFFICIENT_FUNDS,2,0.922,RETRY,0,0.391
pay_005965,5401.67,UPI,INSUFFICIENT_FUNDS,2,0.922,SEND_REMINDER,1,0.6910000000000001
pay_002901,1743.4,WALLET,INSUFFICIENT_FUNDS,2,0.848,RETRY,0,0.354
pay_002901,1743.4,WALLET,INSUFFICIENT_FUNDS,2,0.848,SEND_REMINDER,0,0.6539999999999999
pay_008446,915.12,CARD,INSUFFICIENT_FUNDS,1,0.959,RETRY,0,0.4795
pay_008446,915.12,CARD,INSUFFICIENT_FUNDS,1,0.959,SEND_REMINDER,1,0.7795000000000001
pay_008272,4214.31,UPI,INSUFFICIENT_FUNDS,1,0.873,RETRY,0,0.4365
pay_008272,4214.31,UPI,INSUFFICIENT_FUNDS,1,0.873,SEND_REMINDER,1,0.7365
pay_004343,8592.75,NETBANKING,FRAUD_SUSPECTED,4,0.878,RETRY,0,0.01
pay_004343,8592.75,NETBANKING,FRAUD_SUSPECTED,4,0.878,SEND_REMINDER,0,0.01
pay_001491,1162.72,WALLET,NETWORK_ERROR,3,0.95,RETRY,1,0.705
pay_001491,1162.72,WALLET,NETWORK_ERROR,3,0.95,SEND_REMINDER,0,0.43499999999999994
pay_003840,1410.58,NETBANKING,BANK_ERROR,4,0.86,RETRY,1,0.6200000000000001
pay_003840,1410.58,NETBANKING,BANK_ERROR,4,0.86,SEND_REMINDER,1,0.29
pay_006199,1423.6,UPI,BANK_ERROR,3,0.873,RETRY,1,0.6965
pay_006199,1423.6,UPI,BANK_ERROR,3,0.873,SEND_REMINDER,0,0.36649999999999994
pay_002365,1092.9,WALLET,LIMIT_EXCEEDED,3,0.704,RETRY,0,0.16199999999999998
pay_002365,1092.9,WALLET,LIMIT_EXCEEDED,3,0.704,SEND_REMINDER,1,0.46199999999999997
pay_002265,3115.59,UPI,TIMEOUT,1,0.739,RETRY,1,0.6995
pay_002265,3115.59,UPI,TIMEOUT,1,0.739,SEND_REMINDER,1,0.46950000000000003
pay_000581,2370.36,CARD,NETWORK_ERROR,3,0.585,RETRY,1,0.5225
pay_000581,2370.36,CARD,NETWORK_ERROR,3,0.585,SEND_REMINDER,0,0.2525
pay_008868,917.84,UPI,INSUFFICIENT_FUNDS,1,0.618,RETRY,0,0.309
pay_008868,917.84,UPI,INSUFFICIENT_FUNDS,1,0.618,SEND_REMINDER,1,0.609
pay_007439,538.58,UPI,TIMEOUT,2,0.67,RETRY,1,0.595
pay_007439,538.58,UPI,TIMEOUT,2,0.67,SEND_REMINDER,1,0.36500000000000005
pay_008222,3918.9,NETBANKING,LIMIT_EXCEEDED,4,0.679,RETRY,0,0.07950000000000002
pay_008222,3918.9,NETBANKING,LIMIT_EXCEEDED,4,0.679,SEND_REMINDER,0,0.3795
pay_001463,1529.63,WALLET,BANK_ERROR,2,0.827,RETRY,0,0.7435
pay_001463,1529.63,WALLET,BANK_ERROR,2,0.827,SEND_REMINDER,0,0.4135
pay_005789,446.85,UPI,NETWORK_ERROR,3,0.84,RETRY,1,0.65
pay_005789,446.85,UPI,NETWORK_ERROR,3,0.84,SEND_REMINDER,1,0.38
pay_004870,1190.7,WALLET,NETWORK_ERROR,4,0.844,RETRY,0,0.5820000000000001
pay_004870,1190.7,WALLET,NETWORK_ERROR,4,0.844,SEND_REMINDER,0,0.312
pay_007251,2366.16,CARD,LIMIT_EXCEEDED,2,0.792,RETRY,0,0.276
pay_007251,2366.16,CARD,LIMIT_EXCEEDED,2,0.792,SEND_REMINDER,1,0.5760000000000001
pay_004422,758.36,WALLET,USER_CANCELLED,4,0.726,RETRY,0,0.35300000000000004
pay_004422,758.36,WALLET,USER_CANCELLED,4,0.726,SEND_REMINDER,1,0.48299999999999993
pay_004450,5987.14,WALLET,FRAUD_SUSPECTED,3,0.819,RETRY,0,0.01
pay_004450,5987.14,WALLET,FRAUD_SUSPECTED,3,0.819,SEND_REMINDER,0,0.01
pay_000019,874.44,WALLET,INSUFFICIENT_FUNDS,3,0.525,RETRY,0,0.1225
pay_000019,874.44,WALLET,INSUFFICIENT_FUNDS,3,0.525,SEND_REMINDER,1,0.4225
pay_003747,316.82,CARD,LIMIT_EXCEEDED,1,0.615,RETRY,1,0.2575
pay_003747,316.82,CARD,LIMIT_EXCEEDED,1,0.615,SEND_REMINDER,1,0.5575
pay_004027,967.85,NETBANKING,INSUFFICIENT_FUNDS,2,0.658,RETRY,0,0.259
pay_004027,967.85,NETBANKING,INSUFFICIENT_FUNDS,2,0.658,SEND_REMINDER,0,0.5589999999999999
pay_001749,2104.15,CARD,NETWORK_ERROR,3,0.81,RETRY,1,0.635
pay_001749,2104.15,CARD,NETWORK_ERROR,3,0.81,SEND_REMINDER,1,0.3650000000000001
pay_007209,654.39,CARD,NETWORK_ERROR,3,0.954,RETRY,1,0.707
pay_007209,654.39,CARD,NETWORK_ERROR,3,0.954,SEND_REMINDER,0,0.43699999999999994
pay_001371,1574.42,WALLET,INSUFFICIENT_FUNDS,3,0.543,RETRY,0,0.1315
pay_001371,1574.42,WALLET,INSUFFICIENT_FUNDS,3,0.543,SEND_REMINDER,1,0.4315000000000001
pay_006330,1976.15,WALLET,BANK_ERROR,2,0.531,RETRY,1,0.5954999999999999
pay_006330,1976.15,WALLET,BANK_ERROR,2,0.531,SEND_REMINDER,0,0.2655
pay_006483,889.95,NETBANKING,FRAUD_SUSPECTED,1,0.471,RETRY,0,0.01
pay_006483,889.95,NETBANKING,FRAUD_SUSPECTED,1,0.471,SEND_REMINDER,0,0.01
pay_001966,1942.37,NETBANKING,USER_CANCELLED,3,0.933,RETRY,1,0.5265000000000001
pay_001966,1942.37,NETBANKING,USER_CANCELLED,3,0.933,SEND_REMINDER,1,0.6565
pay_006049,616.46,NETBANKING,INSUFFICIENT_FUNDS,3,0.521,RETRY,1,0.1205
pay_006049,616.46,NETBANKING,INSUFFICIENT_FUNDS,3,0.521,SEND_REMINDER,1,0.4205
pay_002363,534.92,NETBANKING,INSUFFICIENT_FUNDS,3,0.553,RETRY,1,0.1365
pay_002363,534.92,NETBANKING,INSUFFICIENT_FUNDS,3,0.553,SEND_REMINDER,0,0.4365
pay_009054,1382.8,UPI,NETWORK_ERROR,1,0.682,RETRY,0,0.7110000000000001
pay_009054,1382.8,UPI,NETWORK_ERROR,1,0.682,SEND_REMINDER,0,0.44100000000000006
pay_003984,735.98,CARD,LIMIT_EXCEEDED,2,0.831,RETRY,0,0.2955
pay_003984,735.98,CARD,LIMIT_EXCEEDED,2,0.831,SEND_REMINDER,1,0.5954999999999999
pay_002644,1073.12,NETBANKING,USER_CANCELLED,2,0.552,RETRY,0,0.4060000000000001
pay_002644,1073.12,NETBANKING,USER_CANCELLED,2,0.552,SEND_REMINDER,0,0.536
pay_005117,6895.96,CARD,BANK_ERROR,4,0.911,RETRY,1,0.6455
pay_005117,6895.96,CARD,BANK_ERROR,4,0.911,SEND_REMINDER,0,0.31550000000000006
pay_008522,2125.15,WALLET,NETWORK_ERROR,1,0.88,RETRY,1,0.81
pay_008522,2125.15,WALLET,NETWORK_ERROR,1,0.88,SEND_REMINDER,1,0.54
pay_001496,8999.05,UPI,BANK_ERROR,3,0.984,RETRY,1,0.752
pay_001496,8999.05,UPI,BANK_ERROR,3,0.984,SEND_REMINDER,1,0.42200000000000004
pay_007915,1379.81,NETBANKING,BANK_ERROR,2,0.872,RETRY,1,0.766
pay_007915,1379.81,NETBANKING,BANK_ERROR,2,0.872,SEND_REMINDER,1,0.436
pay_000905,2106.7,UPI,LIMIT_EXCEEDED,4,0.732,RETRY,0,0.10599999999999998
pay_000905,2106.7,UPI,LIMIT_EXCEEDED,4,0.732,SEND_REMINDER,0,0.40599999999999997
pay_007065,2184.14,CARD,BANK_ERROR,4,0.747,RETRY,1,0.5635000000000001
pay_007065,2184.14,CARD,BANK_ERROR,4,0.747,SEND_REMINDER,0,0.23349999999999999
pay_002285,1246.98,NETBANKING,NETWORK_ERROR,3,0.958,RETRY,1,0.709
pay_002285,1246.98,NETBANKING,NETWORK_ERROR,3,0.958,SEND_REMINDER,1,0.43899999999999995
pay_002249,1554.18,UPI,LIMIT_EXCEEDED,4,0.858,RETRY,0,0.16899999999999998
pay_002249,1554.18,UPI,LIMIT_EXCEEDED,4,0.858,SEND_REMINDER,1,0.46900000000000003
pay_007158,972.59,CARD,BANK_ERROR,3,0.728,RETRY,1,0.624
pay_007158,972.59,CARD,BANK_ERROR,3,0.728,SEND_REMINDER,0,0.294
pay_004823,919.16,WALLET,BANK_ERROR,2,0.641,RETRY,1,0.6505000000000001
pay_004823,919.16,WALLET,BANK_ERROR,2,0.641,SEND_REMINDER,1,0.3205
pay_008130,2264.18,NETBANKING,INSUFFICIENT_FUNDS,1,0.979,RETRY,1,0.4895
pay_008130,2264.18,NETBANKING,INSUFFICIENT_FUNDS,1,0.979,SEND_REMINDER,1,0.7895000000000001
pay_007705,982.98,NETBANKING,FRAUD_SUSPECTED,4,0.957,RETRY,0,0.01
pay_007705,982.98,NETBANKING,FRAUD_SUSPECTED,4,0.957,SEND_REMINDER,0,0.01
pay_009725,991.78,CARD,LIMIT_EXCEEDED,1,0.601,RETRY,0,0.2505
pay_009725,991.78,CARD,LIMIT_EXCEEDED,1,0.601,SEND_REMINDER,0,0.5505
pay_002456,5941.98,CARD,LIMIT_EXCEEDED,3,0.729,RETRY,1,0.1745
pay_002456,5941.98,CARD,LIMIT_EXCEEDED,3,0.729,SEND_REMINDER,1,0.47450000000000003
pay_003676,1916.58,NETBANKING,FRAUD_SUSPECTED,4,0.528,RETRY,0,0.01
pay_003676,1916.58,NETBANKING,FRAUD_SUSPECTED,4,0.528,SEND_REMINDER,0,0.01
pay_003842,1024.71,CARD,TIMEOUT,3,0.688,RETRY,0,0.5339999999999999
pay_003842,1024.71,CARD,TIMEOUT,3,0.688,SEND_REMINDER,0,0.304
pay_000743,1096.79,WALLET,NETWORK_ERROR,3,0.907,RETRY,0,0.6835
pay_000743,1096.79,WALLET,NETWORK_ERROR,3,0.907,SEND_REMINDER,0,0.4135000000000001
pay_007735,1986.57,WALLET,BANK_ERROR,4,0.626,RETRY,0,0.5030000000000001
pay_007735,1986.57,WALLET,BANK_ERROR,4,0.626,SEND_REMINDER,0,0.173
pay_003414,929.23,WALLET,BANK_ERROR,1,0.513,RETRY,1,0.6565000000000001
pay_003414,929.23,WALLET,BANK_ERROR,1,0.513,SEND_REMINDER,1,0.3265
pay_008053,1288.26,CARD,INSUFFICIENT_FUNDS,1,0.948,RETRY,0,0.474
pay_008053,1288.26,CARD,INSUFFICIENT_FUNDS,1,0.948,SEND_REMINDER,1,0.774
pay_007206,2049.72,UPI,BANK_ERROR,2,0.838,RETRY,1,0.7489999999999999
pay_007206,2049.72,UPI,BANK_ERROR,2,0.838,SEND_REMINDER,0,0.419
pay_004887,975.14,CARD,BANK_ERROR,4,0.481,RETRY,0,0.43050000000000005
pay_004887,975.14,CARD,BANK_ERROR,4,0.481,SEND_REMINDER,0,0.10049999999999998
pay_001085,2454.18,WALLET,BANK_ERROR,2,0.621,RETRY,1,0.6405000000000001
pay_001085,2454.18,WALLET,BANK_ERROR,2,0.621,SEND_REMINDER,1,0.3105
pay_006960,1954.18,CARD,TIMEOUT,3,0.611,RETRY,1,0.49549999999999994
pay_006960,1954.18,CARD,TIMEOUT,3,0.611,SEND_REMINDER,0,0.2655
pay_006272,3272.99,WALLET,USER_CANCELLED,1,0.924,RETRY,0,0.6620000000000001
pay_006272,3272.99,WALLET,USER_CANCELLED,1,0.924,SEND_REMINDER,1,0.792
pay_008789,3113.29,WALLET,USER_CANCELLED,1,0.933,RETRY,0,0.6665000000000001
pay_008789,3113.29,WALLET,USER_CANCELLED,1,0.933,SEND_REMINDER,1,0.7965
pay_003093,1676.45,NETBANKING,INSUFFICIENT_FUNDS,2,0.568,RETRY,0,0.21399999999999997
pay_003093,1676.45,NETBANKING,INSUFFICIENT_FUNDS,2,0.568,SEND_REMINDER,1,0.514
pay_009882,1489.11,CARD,TIMEOUT,3,0.887,RETRY,0,0.6335
pay_009882,1489.11,CARD,TIMEOUT,3,0.887,SEND_REMINDER,1,0.4035000000000001
pay_006053,1352.21,UPI,BANK_ERROR,1,0.509,RETRY,1,0.6545000000000001
pay_006053,1352.21,UPI,BANK_ERROR,1,0.509,SEND_REMINDER,0,0.3245
pay_006674,1997.05,WALLET,LIMIT_EXCEEDED,2,0.816,RETRY,0,0.288
pay_006674,1997.05,WALLET,LIMIT_EXCEEDED,2,0.816,SEND_REMINDER,1,0.5879999999999999
pay_003483,1354.18,CARD,NETWORK_ERROR,2,0.668,RETRY,1,0.6339999999999999
pay_003483,1354.18,CARD,NETWORK_ERROR,2,0.668,SEND_REMINDER,0,0.36400000000000005
pay_006703,306.18,NETBANKING,LIMIT_EXCEEDED,3,0.795,RETRY,0,0.20750000000000002
pay_006703,306.18,NETBANKING,LIMIT_EXCEEDED,3,0.795,SEND_REMINDER,0,0.5075
pay_008027,725.2,NETBANKING,NETWORK_ERROR,4,0.857,RETRY,0,0.5885
pay_008027,725.2,NETBANKING,NETWORK_ERROR,4,0.857,SEND_REMINDER,1,0.31849999999999995
pay_004262,1437.36,NETBANKING,TIMEOUT,1,0.877,RETRY,1,0.7685
pay_004262,1437.36,NETBANKING,TIMEOUT,1,0.877,SEND_REMINDER,1,0.5385
pay_000710,7024.54,WALLET,USER_CANCELLED,4,0.511,RETRY,0,0.24550000000000005
pay_000710,7024.54,WALLET,USER_CANCELLED,4,0.511,SEND_REMINDER,0,0.3754999999999999
pay_009310,4129.5,WALLET,USER_CANCELLED,2,0.787,RETRY,1,0.5235000000000001
pay_009310,4129.5,WALLET,USER_CANCELLED,2,0.787,SEND_REMINDER,0,0.6535
pay_001187,823.87,NETBANKING,INSUFFICIENT_FUNDS,3,0.985,RETRY,0,0.3525
pay_001187,823.87,NETBANKING,INSUFFICIENT_FUNDS,3,0.985,SEND_REMINDER,1,0.6525
pay_009173,2995.84,UPI,CARD_EXPIRED,2,0.661,RETRY,0,0.11050000000000004
pay_009173,2995.84,UPI,CARD_EXPIRED,2,0.661,SEND_REMINDER,0,0.6305000000000001
pay_009721,1394.52,NETBANKING,USER_CANCELLED,1,0.989,RETRY,1,0.6945000000000001
pay_009721,1394.52,NETBANKING,USER_CANCELLED,1,0.989,SEND_REMINDER,1,0.8245
pay_005955,2764.78,CARD,INSUFFICIENT_FUNDS,1,0.586,RETRY,0,0.293
pay_005955,2764.78,CARD,INSUFFICIENT_FUNDS,1,0.586,SEND_REMINDER,0,0.593
pay_008480,615.13,CARD,NETWORK_ERROR,1,0.909,RETRY,1,0.8245
pay_008480,615.13,CARD,NETWORK_ERROR,1,0.909,SEND_REMINDER,1,0.5545
pay_008893,855.2,UPI,INSUFFICIENT_FUNDS,4,0.587,RETRY,0,0.08349999999999996
pay_008893,855.2,UPI,INSUFFICIENT_FUNDS,4,0.587,SEND_REMINDER,1,0.3835
pay_001597,2967.05,NETBANKING,CARD_EXPIRED,4,0.51,RETRY,0,0.01
pay_001597,2967.05,NETBANKING,CARD_EXPIRED,4,0.51,SEND_REMINDER,0,0.415
pay_008280,4485.01,UPI,TIMEOUT,3,0.842,RETRY,1,0.6109999999999999
pay_008280,4485.01,UPI,TIMEOUT,3,0.842,SEND_REMINDER,0,0.381
pay_002002,1610.64,NETBANKING,BANK_ERROR,1,0.776,RETRY,1,0.788
pay_002002,1610.64,NETBANKING,BANK_ERROR,1,0.776,SEND_REMINDER,0,0.458
pay_002547,600.59,CARD,INSUFFICIENT_FUNDS,1,0.738,RETRY,0,0.369
pay_002547,600.59,CARD,INSUFFICIENT_FUNDS,1,0.738,SEND_REMINDER,1,0.669
pay_006163,664.5,UPI,NETWORK_ERROR,2,0.877,RETRY,1,0.7384999999999999
pay_006163,664.5,UPI,NETWORK_ERROR,2,0.877,SEND_REMINDER,1,0.46849999999999997
pay_003200,2565.35,CARD,CARD_EXPIRED,3,0.546,RETRY,0,0.01
pay_003200,2565.35,CARD,CARD_EXPIRED,3,0.546,SEND_REMINDER,1,0.503
pay_005408,4537.87,NETBANKING,BANK_ERROR,3,0.724,RETRY,0,0.622
pay_005408,4537.87,NETBANKING,BANK_ERROR,3,0.724,SEND_REMINDER,0,0.292
pay_007108,1604.41,NETBANKING,NETWORK_ERROR,2,0.979,RETRY,1,0.7894999999999999
pay_007108,1604.41,NETBANKING,NETWORK_ERROR,2,0.979,SEND_REMINDER,0,0.5195000000000001
pay_001028,1990.27,WALLET,BANK_ERROR,1,0.645,RETRY,1,0.7225
pay_001028,1990.27,WALLET,BANK_ERROR,1,0.645,SEND_REMINDER,0,0.3925
pay_003630,1089.85,WALLET,USER_CANCELLED,4,0.795,RETRY,0,0.3875000000000001
pay_003630,1089.85,WALLET,USER_CANCELLED,4,0.795,SEND_REMINDER,1,0.5175000000000001
pay_000539,4044.18,CARD,NETWORK_ERROR,2,0.748,RETRY,1,0.6739999999999999
pay_000539,4044.18,CARD,NETWORK_ERROR,2,0.748,SEND_REMINDER,1,0.404
pay_005681,844.76,UPI,USER_CANCELLED,2,0.945,RETRY,1,0.6025
pay_005681,844.76,UPI,USER_CANCELLED,2,0.945,SEND_REMINDER,1,0.7324999999999999
pay_000618,3231.21,CARD,BANK_ERROR,4,0.571,RETRY,1,0.4755
pay_000618,3231.21,CARD,BANK_ERROR,4,0.571,SEND_REMINDER,0,0.14549999999999996
pay_007025,4491.33,NETBANKING,NETWORK_ERROR,2,0.981,RETRY,1,0.7905
pay_007025,4491.33,NETBANKING,NETWORK_ERROR,2,0.981,SEND_REMINDER,1,0.5205
pay_004333,3306.97,UPI,FRAUD_SUSPECTED,1,0.771,RETRY,0,0.045500000000000033
pay_004333,3306.97,UPI,FRAUD_SUSPECTED,1,0.771,SEND_REMINDER,0,0.045500000000000033
pay_006167,4486.19,CARD,FRAUD_SUSPECTED,4,0.613,RETRY,0,0.01
pay_006167,4486.19,CARD,FRAUD_SUSPECTED,4,0.613,SEND_REMINDER,0,0.01
pay_000442,1761.36,UPI,TIMEOUT,4,0.467,RETRY,1,0.3535
pay_000442,1761.36,UPI,TIMEOUT,4,0.467,SEND_REMINDER,0,0.1235
pay_002267,435.78,WALLET,NETWORK_ERROR,1,0.467,RETRY,1,0.6035
pay_002267,435.78,WALLET,NETWORK_ERROR,1,0.467,SEND_REMINDER,1,0.3335
pay_000064,694.39,UPI,NETWORK_ERROR,1,0.851,RETRY,1,0.7955
pay_000064,694.39,UPI,NETWORK_ERROR,1,0.851,SEND_REMINDER,1,0.5255000000000001
pay_005594,2455.59,UPI,INSUFFICIENT_FUNDS,4,0.937,RETRY,0,0.2585
pay_005594,2455.59,UPI,INSUFFICIENT_FUNDS,4,0.937,SEND_REMINDER,1,0.5585
pay_005534,2139.65,UPI,BANK_ERROR,1,0.716,RETRY,1,0.758
pay_005534,2139.65,UPI,BANK_ERROR,1,0.716,SEND_REMINDER,0,0.428
pay_001977,4443.91,CARD,TIMEOUT,3,0.922,RETRY,1,0.6509999999999999
pay_001977,4443.91,CARD,TIMEOUT,3,0.922,SEND_REMINDER,0,0.42100000000000004
pay_004315,1303.17,UPI,BANK_ERROR,4,0.973,RETRY,1,0.6765000000000001
pay_004315,1303.17,UPI,BANK_ERROR,4,0.973,SEND_REMINDER,0,0.3465
pay_007304,2371.3,UPI,TIMEOUT,3,0.748,RETRY,1,0.564
pay_007304,2371.3,UPI,TIMEOUT,3,0.748,SEND_REMINDER,0,0.334
pay_007594,1666.38,WALLET,TIMEOUT,3,0.975,RETRY,1,0.6774999999999999
pay_007594,1666.38,WALLET,TIMEOUT,3,0.975,SEND_REMINDER,0,0.4475
pay_003856,1601.92,WALLET,USER_CANCELLED,1,0.49,RETRY,0,0.44500000000000006
pay_003856,1601.92,WALLET,USER_CANCELLED,1,0.49,SEND_REMINDER,1,0.575
pay_001552,1536.19,WALLET,NETWORK_ERROR,2,0.751,RETRY,1,0.6755
pay_001552,1536.19,WALLET,NETWORK_ERROR,2,0.751,SEND_REMINDER,0,0.4055
pay_007134,1957.55,WALLET,INSUFFICIENT_FUNDS,2,0.652,RETRY,1,0.256
pay_007134,1957.55,WALLET,INSUFFICIENT_FUNDS,2,0.652,SEND_REMINDER,1,0.556
pay_008109,4382.7,CARD,FRAUD_SUSPECTED,1,0.702,RETRY,0,0.011000000000000001
pay_008109,4382.7,CARD,FRAUD_SUSPECTED,1,0.702,SEND_REMINDER,0,0.011000000000000001
pay_000070,1079.12,UPI,TIMEOUT,1,0.901,RETRY,1,0.7805
pay_000070,1079.12,UPI,TIMEOUT,1,0.901,SEND_REMINDER,1,0.5505
pay_005809,15715.8,WALLET,NETWORK_ERROR,1,0.637,RETRY,1,0.6885
pay_005809,15715.8,WALLET,NETWORK_ERROR,1,0.637,SEND_REMINDER,0,0.41850000000000004
pay_003149,1654.85,WALLET,BANK_ERROR,3,0.95,RETRY,1,0.735
pay_003149,1654.85,WALLET,BANK_ERROR,3,0.95,SEND_REMINDER,0,0.4049999999999999
pay_005851,2196.25,CARD,INSUFFICIENT_FUNDS,4,0.887,RETRY,0,0.23349999999999999
pay_005851,2196.25,CARD,INSUFFICIENT_FUNDS,4,0.887,SEND_REMINDER,1,0.5335000000000001
pay_006143,1784.24,WALLET,USER_CANCELLED,4,0.619,RETRY,1,0.29950000000000004
pay_006143,1784.24,WALLET,USER_CANCELLED,4,0.619,SEND_REMINDER,1,0.42949999999999994
pay_001871,746.53,WALLET,LIMIT_EXCEEDED,2,0.95,RETRY,0,0.355
pay_001871,746.53,WALLET,LIMIT_EXCEEDED,2,0.95,SEND_REMINDER,1,0.655
pay_009007,1537.5,WALLET,CARD_EXPIRED,4,0.843,RETRY,0,0.0615
pay_009007,1537.5,WALLET,CARD_EXPIRED,4,0.843,SEND_REMINDER,1,0.5814999999999999
pay_002485,1164.86,CARD,FRAUD_SUSPECTED,2,0.808,RETRY,0,0.01
pay_002485,1164.86,CARD,FRAUD_SUSPECTED,2,0.808,SEND_REMINDER,0,0.01
pay_006067,926.53,WALLET,FRAUD_SUSPECTED,3,0.506,RETRY,0,0.01
pay_006067,926.53,WALLET,FRAUD_SUSPECTED,3,0.506,SEND_REMINDER,0,0.01
pay_007014,3247.58,NETBANKING,INSUFFICIENT_FUNDS,4,0.867,RETRY,1,0.22349999999999998
pay_007014,3247.58,NETBANKING,INSUFFICIENT_FUNDS,4,0.867,SEND_REMINDER,1,0.5235000000000001
pay_007955,5332.8,CARD,BANK_ERROR,4,0.463,RETRY,1,0.42150000000000004
pay_007955,5332.8,CARD,BANK_ERROR,4,0.463,SEND_REMINDER,0,0.09149999999999997
pay_008058,1435.8,WALLET,CARD_EXPIRED,4,0.623,RETRY,0,0.01
pay_008058,1435.8,WALLET,CARD_EXPIRED,4,0.623,SEND_REMINDER,0,0.4715
pay_006358,525.34,WALLET,INSUFFICIENT_FUNDS,2,0.665,RETRY,0,0.2625
pay_006358,525.34,WALLET,INSUFFICIENT_FUNDS,2,0.665,SEND_REMINDER,1,0.5625
pay_007388,2324.99,NETBANKING,INSUFFICIENT_FUNDS,4,0.974,RETRY,0,0.27699999999999997
pay_007388,2324.99,NETBANKING,INSUFFICIENT_FUNDS,4,0.974,SEND_REMINDER,1,0.577
pay_008737,2133.91,CARD,USER_CANCELLED,4,0.481,RETRY,0,0.23050000000000004
pay_008737,2133.91,CARD,USER_CANCELLED,4,0.481,SEND_REMINDER,0,0.3605
pay_001739,3867.05,WALLET,BANK_ERROR,2,0.617,RETRY,1,0.6385000000000001
pay_001739,3867.05,WALLET,BANK_ERROR,2,0.617,SEND_REMINDER,0,0.3085
pay_005062,4177.76,WALLET,USER_CANCELLED,2,0.581,RETRY,1,0.42050000000000004
pay_005062,4177.76,WALLET,USER_CANCELLED,2,0.581,SEND_REMINDER,0,0.5505
pay_000859,1162.38,NETBANKING,CARD_EXPIRED,2,0.517,RETRY,0,0.038500000000000034
pay_000859,1162.38,NETBANKING,CARD_EXPIRED,2,0.517,SEND_REMINDER,1,0.5585
pay_002928,2146.88,CARD,CARD_EXPIRED,3,0.846,RETRY,0,0.133
pay_002928,2146.88,CARD,CARD_EXPIRED,3,0.846,SEND_REMINDER,1,0.6529999999999999
pay_001319,1110.31,NETBANKING,BANK_ERROR,3,0.51,RETRY,0,0.515
pay_001319,1110.31,NETBANKING,BANK_ERROR,3,0.51,SEND_REMINDER,1,0.185
pay_007031,607.11,UPI,LIMIT_EXCEEDED,2,0.903,RETRY,0,0.3315
pay_007031,607.11,UPI,LIMIT_EXCEEDED,2,0.903,SEND_REMINDER,1,0.6315
pay_002698,632.84,UPI,INSUFFICIENT_FUNDS,4,0.937,RETRY,0,0.2585
pay_002698,632.84,UPI,INSUFFICIENT_FUNDS,4,0.937,SEND_REMINDER,1,0.5585
pay_007876,1361.9,NETBANKING,CARD_EXPIRED,2,0.657,RETRY,0,0.10850000000000004
pay_007876,1361.9,NETBANKING,CARD_EXPIRED,2,0.657,SEND_REMINDER,0,0.6285000000000001
pay_008810,3340.4,NETBANKING,NETWORK_ERROR,2,0.966,RETRY,1,0.7829999999999999
pay_008810,3340.4,NETBANKING,NETWORK_ERROR,2,0.966,SEND_REMINDER,1,0.5129999999999999
pay_001630,3576.78,WALLET,INSUFFICIENT_FUNDS,1,0.889,RETRY,0,0.4445
pay_001630,3576.78,WALLET,INSUFFICIENT_FUNDS,1,0.889,SEND_REMINDER,1,0.7445
pay_002833,6312.65,CARD,TIMEOUT,2,0.649,RETRY,0,0.5845
pay_002833,6312.65,CARD,TIMEOUT,2,0.649,SEND_REMINDER,0,0.35450000000000004
pay_009274,4132.14,CARD,BANK_ERROR,4,0.799,RETRY,1,0.5895000000000001
pay_009274,4132.14,CARD,BANK_ERROR,4,0.799,SEND_REMINDER,0,0.2595
pay_004676,837.05,NETBANKING,BANK_ERROR,2,0.7,RETRY,1,0.6799999999999999
pay_004676,837.05,NETBANKING,BANK_ERROR,2,0.7,SEND_REMINDER,1,0.35
pay_007221,4382.47,WALLET,NETWORK_ERROR,4,0.884,RETRY,0,0.6020000000000001
pay_007221,4382.47,WALLET,NETWORK_ERROR,4,0.884,SEND_REMINDER,1,0.332
pay_009369,3944.83,WALLET,USER_CANCELLED,4,0.823,RETRY,0,0.4015
pay_009369,3944.83,WALLET,USER_CANCELLED,4,0.823,SEND_REMINDER,1,0.5314999999999999
pay_005008,2671.03,NETBANKING,BANK_ERROR,4,0.832,RETRY,1,0.6060000000000001
pay_005008,2671.03,NETBANKING,BANK_ERROR,4,0.832,SEND_REMINDER,0,0.27599999999999997
pay_002483,8901.83,UPI,NETWORK_ERROR,1,0.677,RETRY,0,0.7085
pay_002483,8901.83,UPI,NETWORK_ERROR,1,0.677,SEND_REMINDER,0,0.43850000000000006
pay_003822,2242.7,CARD,USER_CANCELLED,3,0.686,RETRY,0,0.40300000000000014
pay_003822,2242.7,CARD,USER_CANCELLED,3,0.686,SEND_REMINDER,0,0.533
pay_004680,2210.68,CARD,LIMIT_EXCEEDED,2,0.967,RETRY,1,0.3635
pay_004680,2210.68,CARD,LIMIT_EXCEEDED,2,0.967,SEND_REMINDER,1,0.6635
pay_007683,1522.2,NETBANKING,NETWORK_ERROR,2,0.913,RETRY,1,0.7565
pay_007683,1522.2,NETBANKING,NETWORK_ERROR,2,0.913,SEND_REMINDER,0,0.4865
pay_007491,1463.4,WALLET,LIMIT_EXCEEDED,2,0.886,RETRY,1,0.323
pay_007491,1463.4,WALLET,LIMIT_EXCEEDED,2,0.886,SEND_REMINDER,1,0.623
pay_009140,3418.89,UPI,BANK_ERROR,2,0.859,RETRY,1,0.7595000000000001
pay_009140,3418.89,UPI,BANK_ERROR,2,0.859,SEND_REMINDER,0,0.4295
pay_001167,5472.1,UPI,FRAUD_SUSPECTED,2,0.5,RETRY,0,0.01
pay_001167,5472.1,UPI,FRAUD_SUSPECTED,2,0.5,SEND_REMINDER,0,0.01
pay_003215,3256.79,UPI,NETWORK_ERROR,4,0.751,RETRY,1,0.5355000000000001
pay_003215,3256.79,UPI,NETWORK_ERROR,4,0.751,SEND_REMINDER,1,0.2655
pay_000790,478.78,CARD,USER_CANCELLED,1,0.684,RETRY,0,0.542
pay_000790,478.78,CARD,USER_CANCELLED,1,0.684,SEND_REMINDER,1,0.6719999999999999
pay_002031,3448.51,WALLET,FRAUD_SUSPECTED,4,0.784,RETRY,0,0.01
pay_002031,3448.51,WALLET,FRAUD_SUSPECTED,4,0.784,SEND_REMINDER,0,0.01
pay_009593,4924.0,UPI,LIMIT_EXCEEDED,1,0.897,RETRY,1,0.3985
pay_009593,4924.0,UPI,LIMIT_EXCEEDED,1,0.897,SEND_REMINDER,1,0.6985
pay_009875,2333.32,WALLET,NETWORK_ERROR,1,0.733,RETRY,1,0.7364999999999999
pay_009875,2333.32,WALLET,NETWORK_ERROR,1,0.733,SEND_REMINDER,0,0.4665
pay_003410,9297.4,NETBANKING,BANK_ERROR,2,0.87,RETRY,1,0.7649999999999999
pay_003410,9297.4,NETBANKING,BANK_ERROR,2,0.87,SEND_REMINDER,0,0.435
pay_007190,357.8,NETBANKING,USER_CANCELLED,1,0.628,RETRY,0,0.514
pay_007190,357.8,NETBANKING,USER_CANCELLED,1,0.628,SEND_REMINDER,0,0.6439999999999999
pay_009946,434.55,UPI,USER_CANCELLED,2,0.608,RETRY,1,0.434
pay_009946,434.55,UPI,USER_CANCELLED,2,0.608,SEND_REMINDER,0,0.5639999999999998
pay_005072,1516.66,WALLET,NETWORK_ERROR,3,0.754,RETRY,1,0.607
pay_005072,1516.66,WALLET,NETWORK_ERROR,3,0.754,SEND_REMINDER,0,0.337
pay_001822,1922.69,NETBANKING,INSUFFICIENT_FUNDS,1,0.919,RETRY,0,0.4595
pay_001822,1922.69,NETBANKING,INSUFFICIENT_FUNDS,1,0.919,SEND_REMINDER,1,0.7595000000000001
pay_001775,998.27,WALLET,LIMIT_EXCEEDED,2,0.586,RETRY,0,0.173
pay_001775,998.27,WALLET,LIMIT_EXCEEDED,2,0.586,SEND_REMINDER,1,0.4729999999999999
pay_009619,4111.93,NETBANKING,INSUFFICIENT_FUNDS,2,0.805,RETRY,1,0.3325
pay_009619,4111.93,NETBANKING,INSUFFICIENT_FUNDS,2,0.805,SEND_REMINDER,0,0.6325000000000001
pay_006891,4058.92,WALLET,USER_CANCELLED,3,0.898,RETRY,0,0.509
pay_006891,4058.92,WALLET,USER_CANCELLED,3,0.898,SEND_REMINDER,1,0.6389999999999999
pay_009356,2659.86,UPI,BANK_ERROR,2,0.625,RETRY,1,0.6425000000000001
pay_009356,2659.86,UPI,BANK_ERROR,2,0.625,SEND_REMINDER,0,0.3125
pay_007885,2024.9,CARD,NETWORK_ERROR,4,0.451,RETRY,1,0.3855
pay_007885,2024.9,CARD,NETWORK_ERROR,4,0.451,SEND_REMINDER,0,0.11549999999999999
pay_002196,1064.66,WALLET,INSUFFICIENT_FUNDS,3,0.942,RETRY,1,0.33099999999999996
pay_002196,1064.66,WALLET,INSUFFICIENT_FUNDS,3,0.942,SEND_REMINDER,0,0.631
