payment_id,customer_id,amount,currency,payment_method,status,failure_reason,attempt_number,customer_success_rate,timestamp
pay_002226,cust_00470,5203.27,INR,UPI,SUCCESS,,1,0.925,2026-05-31 17:50:15.661676
pay_003666,cust_02240,660.97,INR,CARD,SUCCESS,,1,0.76,2026-05-31 18:30:15.661676
pay_009367,cust_01968,1396.24,INR,WALLET,FAILED,INSUFFICIENT_FUNDS,1,0.507,2026-05-31 18:41:15.661676
pay_002598,cust_00798,2141.0,INR,WALLET,SUCCESS,,1,0.67,2026-05-31 18:50:15.661676
pay_009890,cust_01364,738.48,INR,NETBANKING,SUCCESS,,1,0.623,2026-05-31 19:02:15.661676
pay_000580,cust_01808,4514.29,INR,WALLET,FAILED,INSUFFICIENT_FUNDS,2,0.926,2026-05-31 19:14:15.661676
pay_006722,cust_01564,4311.77,INR,WALLET,FAILED,CARD_EXPIRED,1,0.564,2026-05-31 19:16:15.661676
pay_008924,cust_02741,1637.43,INR,NETBANKING,SUCCESS,,1,0.643,2026-05-31 19:47:15.661676
pay_009010,cust_00007,4529.98,INR,UPI,FAILED,NETWORK_ERROR,3,0.635,2026-05-31 19:58:15.661676
pay_008231,cust_00378,1817.3,INR,NETBANKING,SUCCESS,,1,0.708,2026-05-31 19:58:15.661676
pay_006371,cust_00486,1469.75,INR,WALLET,SUCCESS,,1,0.871,2026-05-31 20:19:15.661676
pay_001999,cust_01702,1586.91,INR,CARD,FAILED,BANK_ERROR,4,0.658,2026-05-31 20:24:15.661676
pay_006730,cust_02928,7533.67,INR,WALLET,SUCCESS,,1,0.571,2026-05-31 20:32:15.661676
pay_008812,cust_01283,2355.78,INR,WALLET,SUCCESS,,1,0.779,2026-05-31 20:37:15.661676
pay_006121,cust_01480,1649.82,INR,WALLET,SUCCESS,,1,0.598,2026-05-31 20:44:15.661676
pay_003977,cust_02472,2710.78,INR,CARD,SUCCESS,,1,0.911,2026-05-31 20:52:15.661676
pay_003270,cust_01720,3032.65,INR,NETBANKING,SUCCESS,,1,0.551,2026-05-31 20:57:15.661676
pay_007055,cust_02245,2027.16,INR,UPI,SUCCESS,,1,0.947,2026-05-31 21:10:15.661676
pay_003773,cust_00921,967.19,INR,NETBANKING,SUCCESS,,1,0.742,2026-05-31 21:13:15.661676
pay_005869,cust_00047,1071.94,INR,CARD,SUCCESS,,1,0.924,2026-05-31 21:18:15.661676
pay_009813,cust_02272,2460.62,INR,NETBANKING,SUCCESS,,1,0.787,2026-05-31 21:21:15.661676
pay_009697,cust_00495,1996.45,INR,NETBANKING,SUCCESS,,1,0.521,2026-05-31 22:05:15.661676
pay_005213,cust_00348,1571.47,INR,UPI,SUCCESS,,1,0.462,2026-05-31 22:16:15.661676
pay_000804,cust_02699,1249.1,INR,CARD,SUCCESS,,1,0.898,2026-05-31 22:33:15.661676
pay_008557,cust_00562,1363.81,INR,NETBANKING,SUCCESS,,1,0.833,2026-05-31 22:48:15.661676
pay_005217,cust_02457,2281.92,INR,NETBANKING,SUCCESS,,1,0.763,2026-05-31 23:08:15.661676
pay_005027,cust_02243,791.89,INR,NETBANKING,FAILED,FRAUD_SUSPECTED,3,0.635,2026-05-31 23:11:15.661676
pay_008349,cust_01964,2884.5,INR,CARD,FAILED,INSUFFICIENT_FUNDS,2,0.756,2026-05-31 23:16:15.661676
pay_009305,cust_00663,4008.35,INR,NETBANKING,SUCCESS,,1,0.878,2026-05-31 23:20:15.661676
pay_000775,cust_01355,2973.36,INR,CARD,SUCCESS,,1,0.498,2026-05-31 23:44:15.661676
pay_006236,cust_02680,3926.47,INR,CARD,SUCCESS,,1,0.553,2026-05-31 23:55:15.661676
pay_003797,cust_02072,1585.3,INR,CARD,SUCCESS,,1,0.526,2026-06-01 00:04:15.661676
pay_005488,cust_00655,2547.01,INR,CARD,SUCCESS,,1,0.739,2026-06-01 00:08:15.661676
pay_005520,cust_02289,543.32,INR,CARD,SUCCESS,,1,0.742,2026-06-01 00:17:15.661676
pay_009842,cust_00009,5258.52,INR,UPI,SUCCESS,,1,0.527,2026-06-01 00:26:15.661676
pay_003256,cust_00201,2035.45,INR,NETBANKING,SUCCESS,,1,0.536,2026-06-01 00:26:15.661676
pay_001246,cust_00288,679.15,INR,CARD,SUCCESS,,1,0.822,2026-06-01 00:59:15.661676
pay_004220,cust_00681,427.05,INR,UPI,SUCCESS,,1,0.663,2026-06-01 01:01:15.661676
pay_003962,cust_00799,8203.8,INR,WALLET,SUCCESS,,1,0.942,2026-06-01 01:12:15.661676
pay_003767,cust_01656,828.57,INR,CARD,SUCCESS,,1,0.89,2026-06-01 01:25:15.661676
pay_009436,cust_02623,580.62,INR,WALLET,FAILED,TIMEOUT,4,0.504,2026-06-01 01:30:15.661676
pay_006129,cust_02513,941.13,INR,WALLET,SUCCESS,,1,0.574,2026-06-01 01:52:15.661676
pay_009270,cust_02085,1277.69,INR,UPI,SUCCESS,,1,0.466,2026-06-01 02:04:15.661676
pay_000693,cust_00224,761.39,INR,NETBANKING,SUCCESS,,1,0.609,2026-06-01 02:06:15.661676
pay_001155,cust_02924,6725.17,INR,UPI,SUCCESS,,1,0.474,2026-06-01 02:44:15.661676
pay_002098,cust_01699,767.02,INR,CARD,FAILED,INSUFFICIENT_FUNDS,1,0.464,2026-06-01 02:50:15.661676
pay_001801,cust_00634,8274.66,INR,CARD,SUCCESS,,1,0.72,2026-06-01 02:53:15.661676
pay_001334,cust_01312,5958.54,INR,CARD,FAILED,INSUFFICIENT_FUNDS,3,0.8,2026-06-01 03:08:15.661676
pay_006132,cust_01231,1166.86,INR,UPI,SUCCESS,,1,0.459,2026-06-01 03:10:15.661676
pay_004579,cust_00937,1149.27,INR,UPI,SUCCESS,,1,0.536,2026-06-01 03:37:15.661676
pay_005604,cust_00511,3929.44,INR,CARD,SUCCESS,,1,0.77,2026-06-01 03:39:15.661676
pay_002776,cust_02168,1439.57,INR,UPI,SUCCESS,,1,0.615,2026-06-01 03:56:15.661676
pay_009603,cust_01981,2105.23,INR,UPI,SUCCESS,,1,0.942,2026-06-01 03:57:15.661676
pay_008034,cust_02186,3388.95,INR,NETBANKING,SUCCESS,,1,0.764,2026-06-01 04:08:15.661676
pay_005903,cust_01039,1601.07,INR,WALLET,SUCCESS,,1,0.97,2026-06-01 04:16:15.661676
pay_004905,cust_01935,3027.87,INR,NETBANKING,SUCCESS,,1,0.908,2026-06-01 04:33:15.661676
pay_007475,cust_00581,1675.27,INR,CARD,SUCCESS,,1,0.821,2026-06-01 04:34:15.661676
pay_002527,cust_01168,2530.26,INR,NETBANKING,SUCCESS,,1,0.46,2026-06-01 04:48:15.661676
pay_002204,cust_02001,642.51,INR,NETBANKING,SUCCESS,,1,0.807,2026-06-01 04:53:15.661676
pay_001659,cust_01839,808.16,INR,NETBANKING,SUCCESS,,1,0.631,2026-06-01 05:02:15.661676
pay_004150,cust_00009,2196.95,INR,UPI,SUCCESS,,1,0.556,2026-06-01 05:31:15.661676
pay_008781,cust_02200,1004.52,INR,UPI,FAILED,TIMEOUT,3,0.547,2026-06-01 05:39:15.661676
pay_000910,cust_01056,10204.7,INR,CARD,SUCCESS,,1,0.876,2026-06-01 05:42:15.661676
pay_009734,cust_00783,667.73,INR,UPI,SUCCESS,,1,0.752,2026-06-01 06:10:15.661676
pay_008488,cust_02908,822.45,INR,UPI,SUCCESS,,1,0.859,2026-06-01 06:10:15.661676
pay_001936,cust_01449,543.28,INR,WALLET,SUCCESS,,1,0.92,2026-06-01 06:27:15.661676
pay_002827,cust_02803,4902.56,INR,CARD,SUCCESS,,1,0.754,2026-06-01 06:39:15.661676
pay_004800,cust_02276,3266.08,INR,WALLET,SUCCESS,,1,0.66,2026-06-01 06:44:15.661676
pay_009980,cust_01272,442.32,INR,UPI,SUCCESS,,1,0.626,2026-06-01 07:09:15.661676
pay_004167,cust_02384,1425.25,INR,CARD,SUCCESS,,1,0.955,2026-06-01 07:28:15.661676
pay_009000,cust_02265,3432.16,INR,NETBANKING,FAILED,TIMEOUT,2,0.864,2026-06-01 07:37:15.661676
pay_006111,cust_01019,4157.89,INR,WALLET,SUCCESS,,1,0.463,2026-06-01 07:45:15.661676
pay_001817,cust_01631,323.29,INR,NETBANKING,FAILED,USER_CANCELLED,1,0.502,2026-06-01 07:47:15.661676
pay_003413,cust_00917,8894.98,INR,UPI,SUCCESS,,1,0.728,2026-06-01 07:59:15.661676
pay_007092,cust_00832,6916.69,INR,CARD,SUCCESS,,1,0.833,2026-06-01 07:59:15.661676
pay_007378,cust_00066,2943.36,INR,NETBANKING,FAILED,LIMIT_EXCEEDED,2,0.737,2026-06-01 08:04:15.661676
pay_008416,cust_01972,2289.56,INR,NETBANKING,SUCCESS,,1,0.937,2026-06-01 08:14:15.661676
pay_002356,cust_02212,2228.31,INR,CARD,SUCCESS,,1,0.894,2026-06-01 08:19:15.661676
pay_003503,cust_00540,1874.65,INR,WALLET,SUCCESS,,1,0.52,2026-06-01 08:27:15.661676
pay_000516,cust_00555,3308.71,INR,NETBANKING,FAILED,NETWORK_ERROR,4,0.884,2026-06-01 08:33:15.661676
pay_008740,cust_02047,552.3,INR,CARD,SUCCESS,,1,0.506,2026-06-01 08:38:15.661676
pay_009785,cust_00766,524.24,INR,CARD,SUCCESS,,1,0.624,2026-06-01 08:49:15.661676
pay_001933,cust_00508,1246.07,INR,WALLET,SUCCESS,,1,0.805,2026-06-01 08:51:15.661676
pay_009563,cust_00493,2855.43,INR,UPI,SUCCESS,,1,0.45,2026-06-01 08:53:15.661676
pay_006576,cust_00037,4558.76,INR,CARD,SUCCESS,,1,0.5,2026-06-01 08:56:15.661676
pay_006276,cust_02751,1934.53,INR,CARD,SUCCESS,,1,0.947,2026-06-01 09:07:15.661676
pay_006173,cust_01596,1332.5,INR,UPI,SUCCESS,,1,0.493,2026-06-01 09:15:15.661676
pay_001649,cust_02884,4674.65,INR,CARD,SUCCESS,,1,0.893,2026-06-01 09:21:15.661676
pay_008339,cust_02073,2036.57,INR,NETBANKING,SUCCESS,,1,0.834,2026-06-01 09:22:15.661676
pay_001271,cust_00331,4328.81,INR,UPI,SUCCESS,,1,0.498,2026-06-01 09:32:15.661676
pay_006687,cust_01380,1196.64,INR,NETBANKING,SUCCESS,,1,0.754,2026-06-01 09:32:15.661676
pay_002656,cust_01872,3581.8,INR,UPI,SUCCESS,,1,0.677,2026-06-01 09:37:15.661676
pay_003180,cust_02321,2731.22,INR,CARD,SUCCESS,,1,0.539,2026-06-01 10:01:15.661676
pay_002096,cust_02642,1701.71,INR,WALLET,FAILED,USER_CANCELLED,3,0.595,2026-06-01 10:22:15.661676
pay_000266,cust_01619,666.32,INR,UPI,SUCCESS,,1,0.96,2026-06-01 10:33:15.661676
pay_007075,cust_01287,3247.1,INR,UPI,SUCCESS,,1,0.968,2026-06-01 10:37:15.661676
pay_007614,cust_02357,1321.79,INR,UPI,SUCCESS,,1,0.823,2026-06-01 10:48:15.661676
pay_009098,cust_01801,676.13,INR,WALLET,SUCCESS,,1,0.915,2026-06-01 11:01:15.661676
pay_003862,cust_01369,961.53,INR,NETBANKING,SUCCESS,,1,0.792,2026-06-01 11:21:15.661676
pay_001720,cust_02934,1276.16,INR,NETBANKING,SUCCESS,,1,0.602,2026-06-01 12:24:15.661676
pay_005316,cust_00005,1468.14,INR,UPI,SUCCESS,,1,0.495,2026-06-01 12:35:15.661676
pay_006409,cust_02029,1273.86,INR,CARD,SUCCESS,,1,0.629,2026-06-01 12:40:15.661676
pay_005559,cust_00216,1766.27,INR,CARD,FAILED,USER_CANCELLED,4,0.732,2026-06-01 12:43:15.661676
pay_007566,cust_00573,456.29,INR,UPI,SUCCESS,,1,0.549,2026-06-01 12:46:15.661676
pay_000585,cust_02128,2091.2,INR,WALLET,SUCCESS,,1,0.636,2026-06-01 14:03:15.661676
pay_004076,cust_00628,1979.33,INR,CARD,SUCCESS,,1,0.523,2026-06-01 14:07:15.661676
pay_005999,cust_00205,2629.0,INR,NETBANKING,SUCCESS,,1,0.676,2026-06-01 14:29:15.661676
pay_001825,cust_02756,2069.21,INR,UPI,SUCCESS,,1,0.856,2026-06-01 14:32:15.661676
pay_008528,cust_02378,2142.02,INR,NETBANKING,SUCCESS,,1,0.871,2026-06-01 14:37:15.661676
pay_006629,cust_00774,1126.85,INR,WALLET,SUCCESS,,1,0.855,2026-06-01 14:47:15.661676
pay_004240,cust_01947,1698.36,INR,CARD,SUCCESS,,1,0.75,2026-06-01 14:49:15.661676
pay_003847,cust_00270,4327.26,INR,UPI,FAILED,NETWORK_ERROR,2,0.974,2026-06-01 15:00:15.661676
pay_008716,cust_00220,2844.9,INR,CARD,SUCCESS,,1,0.845,2026-06-01 15:01:15.661676
pay_001690,cust_00028,1469.79,INR,NETBANKING,SUCCESS,,1,0.466,2026-06-01 15:22:15.661676
pay_004478,cust_00903,3311.82,INR,UPI,SUCCESS,,1,0.508,2026-06-01 16:05:15.661676
pay_008383,cust_00428,1947.11,INR,NETBANKING,SUCCESS,,1,0.653,2026-06-01 16:08:15.661676
pay_005704,cust_01259,1115.34,INR,NETBANKING,SUCCESS,,1,0.738,2026-06-01 16:11:15.661676
pay_004618,cust_02922,186.79,INR,NETBANKING,SUCCESS,,1,0.626,2026-06-01 16:19:15.661676
pay_009782,cust_01728,4260.67,INR,NETBANKING,SUCCESS,,1,0.965,2026-06-01 16:31:15.661676
pay_004822,cust_00125,1560.74,INR,WALLET,SUCCESS,,1,0.916,2026-06-01 16:40:15.661676
pay_000532,cust_01764,478.56,INR,UPI,SUCCESS,,1,0.57,2026-06-01 16:48:15.661676
pay_003360,cust_01668,825.69,INR,UPI,FAILED,BANK_ERROR,1,0.989,2026-06-01 17:04:15.661676
pay_001755,cust_01625,2721.56,INR,UPI,SUCCESS,,1,0.833,2026-06-01 17:13:15.661676
pay_007620,cust_02931,2477.93,INR,WALLET,SUCCESS,,1,0.526,2026-06-01 17:20:15.661676
pay_007651,cust_00968,4372.0,INR,CARD,SUCCESS,,1,0.499,2026-06-01 17:32:15.661676
pay_004804,cust_00033,1026.25,INR,UPI,SUCCESS,,1,0.767,2026-06-01 17:41:15.661676
pay_004726,cust_02540,143.12,INR,CARD,SUCCESS,,1,0.665,2026-06-01 17:58:15.661676
pay_004654,cust_00684,2977.16,INR,UPI,SUCCESS,,1,0.616,2026-06-01 17:59:15.661676
pay_005721,cust_00354,1277.81,INR,UPI,SUCCESS,,1,0.574,2026-06-01 18:03:15.661676
pay_008620,cust_02875,6422.71,INR,NETBANKING,FAILED,INSUFFICIENT_FUNDS,4,0.741,2026-06-01 18:10:15.661676
pay_008867,cust_01736,2258.34,INR,WALLET,SUCCESS,,1,0.869,2026-06-01 18:23:15.661676
pay_001136,cust_02612,3909.91,INR,CARD,SUCCESS,,1,0.823,2026-06-01 18:26:15.661676
pay_005925,cust_01429,445.01,INR,WALLET,SUCCESS,,1,0.655,2026-06-01 18:41:15.661676
pay_004409,cust_02181,2787.02,INR,NETBANKING,SUCCESS,,1,0.682,2026-06-01 18:57:15.661676
pay_001195,cust_00515,505.53,INR,CARD,SUCCESS,,1,0.458,2026-06-01 19:06:15.661676
pay_000793,cust_02511,2246.8,INR,UPI,SUCCESS,,1,0.535,2026-06-01 19:12:15.661676
pay_004111,cust_02455,4522.52,INR,NETBANKING,SUCCESS,,1,0.461,2026-06-01 19:25:15.661676
pay_006216,cust_01604,486.33,INR,WALLET,SUCCESS,,1,0.735,2026-06-01 19:39:15.661676
pay_000485,cust_02260,987.25,INR,WALLET,SUCCESS,,1,0.84,2026-06-01 19:39:15.661676
pay_000646,cust_00573,1453.63,INR,UPI,SUCCESS,,1,0.872,2026-06-01 19:53:15.661676
pay_007271,cust_00008,457.54,INR,UPI,SUCCESS,,1,0.51,2026-06-01 19:57:15.661676
pay_002895,cust_02934,2715.18,INR,WALLET,FAILED,LIMIT_EXCEEDED,3,0.768,2026-06-01 19:58:15.661676
pay_004820,cust_01669,1445.77,INR,WALLET,SUCCESS,,1,0.888,2026-06-01 20:08:15.661676
pay_008515,cust_01729,1279.42,INR,NETBANKING,SUCCESS,,1,0.758,2026-06-01 20:27:15.661676
pay_001811,cust_02467,1228.5,INR,CARD,SUCCESS,,1,0.5,2026-06-01 20:43:15.661676
pay_002745,cust_00885,238.97,INR,CARD,SUCCESS,,1,0.971,2026-06-01 20:53:15.661676
pay_006845,cust_01447,12746.06,INR,WALLET,SUCCESS,,1,0.972,2026-06-01 21:07:15.661676
pay_000609,cust_00720,435.73,INR,UPI,SUCCESS,,1,0.829,2026-06-01 21:26:15.661676
pay_009218,cust_00072,2242.27,INR,NETBANKING,SUCCESS,,1,0.926,2026-06-01 21:30:15.661676
pay_009824,cust_00198,1252.16,INR,NETBANKING,SUCCESS,,1,0.772,2026-06-01 21:50:15.661676
pay_007844,cust_00475,1317.87,INR,CARD,FAILED,USER_CANCELLED,1,0.821,2026-06-01 21:52:15.661676
pay_006234,cust_02827,247.09,INR,UPI,SUCCESS,,1,0.456,2026-06-01 21:52:15.661676
pay_000829,cust_02262,1291.88,INR,UPI,SUCCESS,,1,0.56,2026-06-01 22:05:15.661676
pay_009864,cust_00737,766.2,INR,UPI,SUCCESS,,1,0.954,2026-06-01 22:13:15.661676
pay_002160,cust_00247,2824.69,INR,CARD,SUCCESS,,1,0.703,2026-06-01 22:26:15.661676
pay_005158,cust_00635,18667.49,INR,NETBANKING,SUCCESS,,1,0.704,2026-06-01 22:32:15.661676
pay_005970,cust_00773,1125.75,INR,CARD,SUCCESS,,1,0.651,2026-06-01 23:01:15.661676
pay_006304,cust_01318,4456.63,INR,NETBANKING,SUCCESS,,1,0.552,2026-06-01 23:35:15.661676
pay_009245,cust_01940,1422.61,INR,UPI,SUCCESS,,1,0.799,2026-06-01 23:54:15.661676
pay_003913,cust_01720,4054.48,INR,WALLET,SUCCESS,,1,0.648,2026-06-02 00:19:15.661676
pay_007896,cust_00212,1165.23,INR,NETBANKING,SUCCESS,,1,0.871,2026-06-02 00:37:15.661676
pay_003201,cust_02688,2096.74,INR,CARD,SUCCESS,,1,0.493,2026-06-02 00:48:15.661676
pay_002972,cust_01952,1711.44,INR,CARD,SUCCESS,,1,0.841,2026-06-02 01:06:15.661676
pay_006704,cust_02291,590.08,INR,UPI,SUCCESS,,1,0.856,2026-06-02 01:23:15.661676
pay_001767,cust_01728,10267.66,INR,UPI,SUCCESS,,1,0.554,2026-06-02 01:34:15.661676
pay_009112,cust_02385,2785.03,INR,WALLET,SUCCESS,,1,0.55,2026-06-02 01:54:15.661676
pay_004465,cust_02051,1136.82,INR,UPI,SUCCESS,,1,0.589,2026-06-02 01:56:15.661676
pay_002396,cust_01702,566.96,INR,UPI,SUCCESS,,1,0.743,2026-06-02 01:58:15.661676
pay_003455,cust_01612,173.55,INR,NETBANKING,SUCCESS,,1,0.741,2026-06-02 02:10:15.661676
pay_000236,cust_00106,3002.3,INR,CARD,SUCCESS,,1,0.876,2026-06-02 02:13:15.661676
pay_008167,cust_02415,7307.72,INR,CARD,SUCCESS,,1,0.657,2026-06-02 02:55:15.661676
pay_003867,cust_00391,2334.66,INR,UPI,SUCCESS,,1,0.467,2026-06-02 03:02:15.661676
pay_001160,cust_01121,1394.28,INR,UPI,FAILED,CARD_EXPIRED,1,0.562,2026-06-02 03:05:15.661676
pay_000191,cust_00409,1264.95,INR,WALLET,SUCCESS,,1,0.671,2026-06-02 03:17:15.661676
pay_008745,cust_02775,9330.07,INR,NETBANKING,FAILED,INSUFFICIENT_FUNDS,2,0.733,2026-06-02 03:44:15.661676
pay_006168,cust_00855,1598.47,INR,WALLET,SUCCESS,,1,0.61,2026-06-02 03:47:15.661676
pay_003488,cust_02289,3077.71,INR,NETBANKING,SUCCESS,,1,0.858,2026-06-02 03:54:15.661676
pay_007165,cust_02937,998.34,INR,UPI,SUCCESS,,1,0.913,2026-06-02 03:56:15.661676
pay_000237,cust_02412,357.77,INR,NETBANKING,SUCCESS,,1,0.478,2026-06-02 04:14:15.661676
pay_001303,cust_00980,1571.89,INR,UPI,SUCCESS,,1,0.615,2026-06-02 04:33:15.661676
pay_005729,cust_00604,2015.63,INR,WALLET,SUCCESS,,1,0.474,2026-06-02 04:34:15.661676
pay_008299,cust_01679,1556.54,INR,WALLET,SUCCESS,,1,0.856,2026-06-02 04:52:15.661676
pay_008853,cust_00629,477.18,INR,WALLET,SUCCESS,,1,0.463,2026-06-02 05:03:15.661676
pay_002633,cust_02099,2117.17,INR,NETBANKING,SUCCESS,,1,0.988,2026-06-02 05:09:15.661676
pay_000474,cust_00907,5396.47,INR,CARD,SUCCESS,,1,0.955,2026-06-02 05:11:15.661676
pay_009768,cust_01161,1902.33,INR,CARD,SUCCESS,,1,0.674,2026-06-02 05:19:15.661676
pay_000579,cust_00408,553.98,INR,WALLET,SUCCESS,,1,0.913,2026-06-02 05:20:15.661676
pay_003197,cust_02239,3197.64,INR,WALLET,SUCCESS,,1,0.964,2026-06-02 05:28:15.661676
pay_004799,cust_02190,350.62,INR,NETBANKING,SUCCESS,,1,0.713,2026-06-02 05:41:15.661676
pay_002167,cust_00452,945.12,INR,CARD,FAILED,BANK_ERROR,1,0.707,2026-06-02 06:00:15.661676
pay_005671,cust_02401,13332.13,INR,NETBANKING,SUCCESS,,1,0.784,2026-06-02 06:24:15.661676
pay_004484,cust_00013,2814.98,INR,NETBANKING,SUCCESS,,1,0.925,2026-06-02 07:04:15.661676
pay_003584,cust_01539,679.72,INR,CARD,SUCCESS,,1,0.769,2026-06-02 07:09:15.661676
pay_000486,cust_02195,579.52,INR,NETBANKING,SUCCESS,,1,0.827,2026-06-02 07:12:15.661676
pay_003101,cust_00688,1027.09,INR,CARD,SUCCESS,,1,0.556,2026-06-02 07:18:15.661676
pay_005714,cust_01559,2486.02,INR,UPI,SUCCESS,,1,0.857,2026-06-02 07:29:15.661676
pay_006742,cust_02288,1320.19,INR,NETBANKING,SUCCESS,,1,0.942,2026-06-02 07:29:15.661676
pay_003561,cust_00166,2178.15,INR,CARD,SUCCESS,,1,0.613,2026-06-02 07:38:15.661676
pay_004399,cust_01411,4290.01,INR,WALLET,SUCCESS,,1,0.497,2026-06-02 07:46:15.661676
pay_004118,cust_01470,398.61,INR,CARD,SUCCESS,,1,0.928,2026-06-02 08:04:15.661676
pay_006065,cust_01721,2088.2,INR,NETBANKING,SUCCESS,,1,0.571,2026-06-02 08:31:15.661676
pay_009873,cust_02565,1399.79,INR,NETBANKING,SUCCESS,,1,0.926,2026-06-02 08:34:15.661676
pay_000758,cust_02176,2096.17,INR,CARD,SUCCESS,,1,0.788,2026-06-02 08:54:15.661676
pay_005392,cust_00579,2057.73,INR,CARD,SUCCESS,,1,0.845,2026-06-02 09:07:15.661676
pay_009990,cust_02865,975.89,INR,CARD,FAILED,USER_CANCELLED,3,0.743,2026-06-02 09:14:15.661676
pay_009690,cust_01033,2286.16,INR,CARD,SUCCESS,,1,0.579,2026-06-02 09:24:15.661676
pay_006269,cust_02427,3919.59,INR,CARD,SUCCESS,,1,0.86,2026-06-02 09:47:15.661676
pay_009030,cust_02479,1049.89,INR,CARD,SUCCESS,,1,0.856,2026-06-02 09:57:15.661676
pay_009215,cust_00930,1103.42,INR,NETBANKING,SUCCESS,,1,0.683,2026-06-02 10:18:15.661676
pay_007220,cust_01518,449.72,INR,UPI,SUCCESS,,1,0.89,2026-06-02 10:33:15.661676
pay_005803,cust_00151,1301.91,INR,WALLET,SUCCESS,,1,0.614,2026-06-02 10:42:15.661676
pay_002641,cust_00027,7688.22,INR,WALLET,SUCCESS,,1,0.624,2026-06-02 10:59:15.661676
pay_005629,cust_01437,945.09,INR,CARD,SUCCESS,,1,0.496,2026-06-02 11:09:15.661676
pay_007060,cust_00544,3132.43,INR,WALLET,SUCCESS,,1,0.64,2026-06-02 11:09:15.661676
pay_003621,cust_00567,602.88,INR,WALLET,SUCCESS,,1,0.979,2026-06-02 11:13:15.661676
pay_000317,cust_00022,3119.92,INR,UPI,SUCCESS,,1,0.901,2026-06-02 11:16:15.661676
pay_000118,cust_00336,709.85,INR,WALLET,SUCCESS,,1,0.478,2026-06-02 12:06:15.661676
pay_009090,cust_00892,1139.08,INR,WALLET,SUCCESS,,1,0.648,2026-06-02 12:17:15.661676
pay_005915,cust_01411,1498.26,INR,WALLET,SUCCESS,,1,0.906,2026-06-02 12:26:15.661676
pay_004320,cust_01145,1381.27,INR,UPI,SUCCESS,,1,0.823,2026-06-02 12:45:15.661676
pay_008265,cust_01073,307.15,INR,WALLET,SUCCESS,,1,0.585,2026-06-02 12:49:15.661676
pay_004630,cust_02255,2540.86,INR,WALLET,FAILED,USER_CANCELLED,4,0.785,2026-06-02 12:57:15.661676
pay_002829,cust_02309,3870.58,INR,UPI,SUCCESS,,1,0.942,2026-06-02 13:00:15.661676
pay_000964,cust_01056,3188.17,INR,NETBANKING,SUCCESS,,1,0.64,2026-06-02 13:05:15.661676
pay_009644,cust_00550,1902.57,INR,WALLET,SUCCESS,,1,0.826,2026-06-02 13:06:15.661676
pay_004469,cust_01632,1970.33,INR,WALLET,SUCCESS,,1,0.689,2026-06-02 13:17:15.661676
pay_008655,cust_01227,3375.04,INR,NETBANKING,FAILED,CARD_EXPIRED,3,0.658,2026-06-02 13:29:15.661676
pay_000686,cust_00137,3198.38,INR,NETBANKING,SUCCESS,,1,0.964,2026-06-02 13:37:15.661676
pay_005448,cust_01768,7439.33,INR,CARD,SUCCESS,,1,0.577,2026-06-02 13:50:15.661676
pay_003266,cust_01271,8543.91,INR,WALLET,SUCCESS,,1,0.967,2026-06-02 14:06:15.661676
pay_001421,cust_01726,2781.2,INR,NETBANKING,SUCCESS,,1,0.768,2026-06-02 14:20:15.661676
pay_008937,cust_01122,819.9,INR,CARD,FAILED,NETWORK_ERROR,2,0.776,2026-06-02 14:29:15.661676
pay_001509,cust_01634,1940.55,INR,UPI,SUCCESS,,1,0.538,2026-06-02 14:34:15.661676
pay_004373,cust_00009,754.69,INR,UPI,SUCCESS,,1,0.73,2026-06-02 14:48:15.661676
pay_005347,cust_00141,1451.22,INR,CARD,SUCCESS,,1,0.809,2026-06-02 15:11:15.661676
pay_001695,cust_01073,2000.4,INR,UPI,SUCCESS,,1,0.524,2026-06-02 15:37:15.661676
pay_001989,cust_02653,1082.27,INR,NETBANKING,SUCCESS,,1,0.928,2026-06-02 15:44:15.661676
pay_006486,cust_01654,13342.96,INR,WALLET,SUCCESS,,1,0.804,2026-06-02 16:01:15.661676
pay_004308,cust_01090,3247.25,INR,CARD,SUCCESS,,1,0.679,2026-06-02 16:14:15.661676
pay_007918,cust_02867,1254.16,INR,CARD,SUCCESS,,1,0.726,2026-06-02 16:24:15.661676
pay_009327,cust_00740,955.32,INR,WALLET,SUCCESS,,1,0.577,2026-06-02 16:30:15.661676
pay_002850,cust_00268,1174.62,INR,UPI,SUCCESS,,1,0.916,2026-06-02 16:39:15.661676
pay_006582,cust_02585,2199.6,INR,WALLET,FAILED,CARD_EXPIRED,3,0.466,2026-06-02 16:40:15.661676
pay_008441,cust_01301,956.69,INR,UPI,SUCCESS,,1,0.868,2026-06-02 16:42:15.661676
pay_007322,cust_01945,1645.61,INR,UPI,SUCCESS,,1,0.581,2026-06-02 16:53:15.661676
pay_004182,cust_01624,1203.07,INR,WALLET,SUCCESS,,1,0.749,2026-06-02 16:56:15.661676
pay_006032,cust_01949,1287.08,INR,NETBANKING,SUCCESS,,1,0.741,2026-06-02 17:02:15.661676
pay_005252,cust_01506,1175.14,INR,UPI,SUCCESS,,1,0.788,2026-06-02 17:07:15.661676
pay_007760,cust_01780,640.03,INR,CARD,SUCCESS,,1,0.726,2026-06-02 17:18:15.661676
pay_000670,cust_01326,4329.49,INR,UPI,SUCCESS,,1,0.831,2026-06-02 17:38:15.661676
pay_003670,cust_00280,2370.72,INR,WALLET,SUCCESS,,1,0.484,2026-06-02 17:56:15.661676
pay_008831,cust_00418,1331.08,INR,CARD,FAILED,TIMEOUT,1,0.716,2026-06-02 17:58:15.661676
pay_004659,cust_01803,2201.44,INR,CARD,SUCCESS,,1,0.704,2026-06-02 18:22:15.661676
pay_003784,cust_00970,707.84,INR,CARD,FAILED,BANK_ERROR,3,0.695,2026-06-02 18:25:15.661676
pay_007317,cust_01162,860.42,INR,WALLET,SUCCESS,,1,0.735,2026-06-02 18:33:15.661676
pay_001157,cust_02133,1042.61,INR,NETBANKING,SUCCESS,,1,0.619,2026-06-02 18:52:15.661676
pay_001341,cust_01139,2055.88,INR,CARD,SUCCESS,,1,0.909,2026-06-02 19:01:15.661676
pay_005173,cust_02089,1297.63,INR,CARD,SUCCESS,,1,0.858,2026-06-02 19:04:15.661676
pay_000538,cust_02912,1329.23,INR,UPI,SUCCESS,,1,0.8,2026-06-02 19:06:15.661676
pay_006540,cust_01635,797.43,INR,WALLET,SUCCESS,,1,0.771,2026-06-02 19:22:15.661676
pay_006675,cust_00329,3823.21,INR,NETBANKING,SUCCESS,,1,0.501,2026-06-02 19:41:15.661676
pay_008159,cust_00521,2562.55,INR,CARD,SUCCESS,,1,0.53,2026-06-02 19:56:15.661676
pay_002877,cust_01306,854.74,INR,UPI,SUCCESS,,1,0.885,2026-06-02 20:01:15.661676
pay_003083,cust_01575,374.78,INR,WALLET,SUCCESS,,1,0.597,2026-06-02 20:04:15.661676
pay_001879,cust_02088,470.24,INR,CARD,SUCCESS,,1,0.983,2026-06-02 20:04:15.661676
pay_008885,cust_02155,7261.84,INR,WALLET,SUCCESS,,1,0.933,2026-06-02 20:16:15.661676
pay_008214,cust_00181,826.66,INR,UPI,SUCCESS,,1,0.503,2026-06-02 20:32:15.661676
pay_009750,cust_02930,4545.44,INR,CARD,SUCCESS,,1,0.596,2026-06-02 21:01:15.661676
pay_007645,cust_00029,3851.62,INR,CARD,SUCCESS,,1,0.662,2026-06-02 21:31:15.661676
pay_000849,cust_02811,1085.51,INR,CARD,SUCCESS,,1,0.629,2026-06-02 21:39:15.661676
pay_005416,cust_00130,3028.06,INR,NETBANKING,SUCCESS,,1,0.877,2026-06-02 21:42:15.661676
pay_003030,cust_00564,1858.55,INR,UPI,SUCCESS,,1,0.758,2026-06-02 22:26:15.661676
pay_003128,cust_02135,5190.79,INR,NETBANKING,SUCCESS,,1,0.63,2026-06-02 22:30:15.661676
pay_009522,cust_02141,8830.58,INR,WALLET,SUCCESS,,1,0.963,2026-06-02 22:35:15.661676
pay_007518,cust_02315,1483.45,INR,WALLET,SUCCESS,,1,0.596,2026-06-02 23:09:15.661676
pay_009618,cust_02215,708.06,INR,NETBANKING,SUCCESS,,1,0.68,2026-06-02 23:13:15.661676
pay_009924,cust_01092,4177.9,INR,CARD,SUCCESS,,1,0.765,2026-06-02 23:37:15.661676
pay_009475,cust_01084,329.82,INR,CARD,SUCCESS,,1,0.892,2026-06-02 23:57:15.661676
pay_008120,cust_01285,1823.36,INR,WALLET,SUCCESS,,1,0.8,2026-06-03 00:16:15.661676
pay_000001,cust_02620,2690.2,INR,UPI,SUCCESS,,1,0.582,2026-06-03 00:24:15.661676
pay_005650,cust_01947,3831.12,INR,NETBANKING,SUCCESS,,1,0.531,2026-06-03 00:25:15.661676
pay_009991,cust_00836,5692.47,INR,WALLET,FAILED,TIMEOUT,1,0.677,2026-06-03 00:30:15.661676
pay_009424,cust_01591,1982.03,INR,CARD,FAILED,LIMIT_EXCEEDED,3,0.832,2026-06-03 00:36:15.661676
pay_002107,cust_00323,879.63,INR,WALLET,SUCCESS,,1,0.52,2026-06-03 01:00:15.661676
pay_002823,cust_02954,1738.68,INR,WALLET,FAILED,BANK_ERROR,2,0.775,2026-06-03 01:03:15.661676
pay_009765,cust_02935,2036.2,INR,UPI,SUCCESS,,1,0.765,2026-06-03 01:30:15.661676
pay_007898,cust_00054,1641.77,INR,UPI,SUCCESS,,1,0.763,2026-06-03 01:38:15.661676
pay_003662,cust_02506,1009.83,INR,WALLET,SUCCESS,,1,0.726,2026-06-03 01:44:15.661676
pay_008359,cust_02667,1151.21,INR,UPI,SUCCESS,,1,0.942,2026-06-03 02:06:15.661676
pay_005005,cust_01843,3249.52,INR,NETBANKING,SUCCESS,,1,0.519,2026-06-03 02:11:15.661676
pay_000164,cust_01321,937.72,INR,NETBANKING,SUCCESS,,1,0.969,2026-06-03 02:16:15.661676
pay_005148,cust_01660,1526.74,INR,NETBANKING,SUCCESS,,1,0.922,2026-06-03 02:19:15.661676
pay_001901,cust_01777,3157.59,INR,WALLET,FAILED,NETWORK_ERROR,3,0.517,2026-06-03 02:22:15.661676
pay_002573,cust_02138,1422.62,INR,NETBANKING,SUCCESS,,1,0.65,2026-06-03 02:26:15.661676
pay_004338,cust_02307,2704.31,INR,UPI,SUCCESS,,1,0.567,2026-06-03 02:33:15.661676
pay_003227,cust_01667,918.3,INR,UPI,FAILED,NETWORK_ERROR,1,0.92,2026-06-03 02:53:15.661676
pay_003468,cust_02690,2009.3,INR,CARD,FAILED,INSUFFICIENT_FUNDS,4,0.871,2026-06-03 03:02:15.661676
pay_003322,cust_01781,877.21,INR,WALLET,SUCCESS,,1,0.476,2026-06-03 03:06:15.661676
pay_000509,cust_01672,1879.61,INR,UPI,SUCCESS,,1,0.749,2026-06-03 03:08:15.661676
pay_009199,cust_01664,247.16,INR,UPI,SUCCESS,,1,0.968,2026-06-03 03:13:15.661676
pay_003639,cust_02705,1637.64,INR,CARD,SUCCESS,,1,0.478,2026-06-03 03:14:15.661676
pay_005612,cust_00337,7429.47,INR,UPI,FAILED,BANK_ERROR,3,0.88,2026-06-03 03:15:15.661676
pay_002743,cust_00635,1872.09,INR,NETBANKING,SUCCESS,,1,0.9,2026-06-03 03:20:15.661676
pay_000975,cust_01939,1265.29,INR,UPI,SUCCESS,,1,0.733,2026-06-03 03:21:15.661676
pay_001753,cust_00183,1071.42,INR,WALLET,SUCCESS,,1,0.825,2026-06-03 04:07:15.661676
pay_006974,cust_00973,4588.22,INR,NETBANKING,SUCCESS,,1,0.909,2026-06-03 04:13:15.661676
pay_006361,cust_00490,3709.63,INR,WALLET,SUCCESS,,1,0.556,2026-06-03 04:24:15.661676
pay_003287,cust_02851,1388.4,INR,CARD,SUCCESS,,1,0.98,2026-06-03 04:31:15.661676
pay_005271,cust_00567,5077.66,INR,CARD,SUCCESS,,1,0.904,2026-06-03 04:53:15.661676
pay_008852,cust_00595,988.87,INR,NETBANKING,SUCCESS,,1,0.835,2026-06-03 04:57:15.661676
pay_003010,cust_02806,1240.29,INR,WALLET,SUCCESS,,1,0.97,2026-06-03 05:27:15.661676
pay_002355,cust_02084,4767.39,INR,CARD,SUCCESS,,1,0.471,2026-06-03 05:30:15.661676
pay_002216,cust_01681,2236.58,INR,WALLET,FAILED,BANK_ERROR,4,0.498,2026-06-03 06:13:15.661676
pay_007328,cust_00111,2506.16,INR,CARD,SUCCESS,,1,0.714,2026-06-03 06:25:15.661676
pay_002106,cust_02431,6728.71,INR,CARD,SUCCESS,,1,0.744,2026-06-03 06:32:15.661676
pay_001662,cust_02565,1645.08,INR,UPI,SUCCESS,,1,0.886,2026-06-03 06:39:15.661676
pay_005866,cust_00552,1118.95,INR,CARD,FAILED,NETWORK_ERROR,2,0.557,2026-06-03 06:43:15.661676
pay_007344,cust_00124,873.28,INR,NETBANKING,FAILED,INSUFFICIENT_FUNDS,1,0.921,2026-06-03 06:58:15.661676
pay_002036,cust_01486,16444.2,INR,NETBANKING,SUCCESS,,1,0.538,2026-06-03 07:02:15.661676
pay_002667,cust_02548,3563.65,INR,NETBANKING,SUCCESS,,1,0.629,2026-06-03 07:58:15.661676
pay_008487,cust_00452,2524.19,INR,NETBANKING,SUCCESS,,1,0.773,2026-06-03 08:46:15.661676
pay_005237,cust_00089,590.96,INR,UPI,FAILED,NETWORK_ERROR,3,0.867,2026-06-03 08:56:15.661676
pay_009534,cust_02632,1121.5,INR,WALLET,SUCCESS,,1,0.9,2026-06-03 09:28:15.661676
pay_000660,cust_02446,1610.84,INR,CARD,FAILED,FRAUD_SUSPECTED,1,0.887,2026-06-03 09:46:15.661676
pay_004408,cust_00367,1328.82,INR,CARD,SUCCESS,,1,0.593,2026-06-03 09:54:15.661676
pay_002767,cust_00735,1760.07,INR,CARD,SUCCESS,,1,0.717,2026-06-03 10:10:15.661676
pay_008861,cust_02312,2291.01,INR,WALLET,SUCCESS,,1,0.88,2026-06-03 10:18:15.661676
pay_008026,cust_01030,1620.37,INR,UPI,SUCCESS,,1,0.588,2026-06-03 10:20:15.661676
pay_002537,cust_01850,3946.77,INR,WALLET,SUCCESS,,1,0.766,2026-06-03 10:21:15.661676
pay_001824,cust_00264,1074.92,INR,NETBANKING,SUCCESS,,1,0.708,2026-06-03 10:34:15.661676
pay_003616,cust_01040,3254.23,INR,WALLET,SUCCESS,,1,0.753,2026-06-03 10:36:15.661676
pay_006769,cust_01149,6771.37,INR,NETBANKING,SUCCESS,,1,0.456,2026-06-03 10:56:15.661676
pay_009143,cust_00132,2206.39,INR,CARD,SUCCESS,,1,0.802,2026-06-03 11:04:15.661676
pay_007000,cust_02378,2487.44,INR,UPI,SUCCESS,,1,0.86,2026-06-03 11:14:15.661676
pay_003953,cust_02789,10376.28,INR,UPI,SUCCESS,,1,0.821,2026-06-03 11:16:15.661676
pay_009349,cust_00485,2943.61,INR,CARD,SUCCESS,,1,0.615,2026-06-03 11:32:15.661676
pay_007797,cust_00976,618.69,INR,UPI,SUCCESS,,1,0.973,2026-06-03 11:40:15.661676
pay_008736,cust_00259,1086.26,INR,UPI,FAILED,LIMIT_EXCEEDED,3,0.649,2026-06-03 12:04:15.661676
pay_009967,cust_02374,1225.0,INR,UPI,SUCCESS,,1,0.953,2026-06-03 12:05:15.661676
pay_004912,cust_00199,5219.83,INR,CARD,FAILED,FRAUD_SUSPECTED,3,0.853,2026-06-03 12:10:15.661676
pay_003476,cust_02332,646.99,INR,UPI,SUCCESS,,1,0.541,2026-06-03 12:41:15.661676
pay_008179,cust_02545,3313.05,INR,UPI,SUCCESS,,1,0.551,2026-06-03 12:43:15.661676
pay_007878,cust_02610,2348.8,INR,WALLET,SUCCESS,,1,0.507,2026-06-03 12:48:15.661676
pay_007605,cust_01504,2308.91,INR,CARD,SUCCESS,,1,0.533,2026-06-03 13:39:15.661676
pay_004694,cust_00197,2755.95,INR,CARD,SUCCESS,,1,0.741,2026-06-03 13:40:15.661676
pay_004206,cust_01698,1095.48,INR,UPI,SUCCESS,,1,0.855,2026-06-03 13:59:15.661676
pay_006690,cust_02010,1036.79,INR,CARD,SUCCESS,,1,0.849,2026-06-03 14:10:15.661676
pay_003176,cust_00271,990.34,INR,UPI,SUCCESS,,1,0.884,2026-06-03 14:18:15.661676
pay_003725,cust_01100,1099.24,INR,UPI,SUCCESS,,1,0.682,2026-06-03 14:26:15.661676
pay_002475,cust_01916,2305.5,INR,NETBANKING,FAILED,INSUFFICIENT_FUNDS,2,0.707,2026-06-03 14:27:15.661676
pay_000003,cust_02419,3035.56,INR,WALLET,SUCCESS,,1,0.568,2026-06-03 15:11:15.661676
pay_001025,cust_00785,7201.43,INR,UPI,SUCCESS,,1,0.902,2026-06-03 15:16:15.661676
pay_003843,cust_02530,3956.49,INR,NETBANKING,SUCCESS,,1,0.474,2026-06-03 15:39:15.661676
pay_008060,cust_00288,817.93,INR,UPI,SUCCESS,,1,0.914,2026-06-03 15:46:15.661676
pay_001734,cust_00428,1418.64,INR,CARD,SUCCESS,,1,0.776,2026-06-03 15:48:15.661676
pay_008946,cust_00306,1607.2,INR,UPI,SUCCESS,,1,0.689,2026-06-03 16:05:15.661676
pay_000450,cust_02970,774.82,INR,UPI,SUCCESS,,1,0.676,2026-06-03 16:08:15.661676
pay_004789,cust_02434,339.6,INR,WALLET,SUCCESS,,1,0.696,2026-06-03 16:25:15.661676
pay_004527,cust_01656,595.68,INR,CARD,SUCCESS,,1,0.958,2026-06-03 16:30:15.661676
pay_009545,cust_02641,5579.73,INR,UPI,SUCCESS,,1,0.608,2026-06-03 16:59:15.661676
pay_008419,cust_00842,1164.52,INR,NETBANKING,SUCCESS,,1,0.55,2026-06-03 17:01:15.661676
pay_000557,cust_00904,1224.04,INR,NETBANKING,SUCCESS,,1,0.74,2026-06-03 17:11:15.661676
pay_001376,cust_00805,1529.26,INR,UPI,SUCCESS,,1,0.727,2026-06-03 17:24:15.661676
pay_001409,cust_01883,1396.68,INR,UPI,SUCCESS,,1,0.806,2026-06-03 17:32:15.661676
pay_007289,cust_02951,3607.43,INR,CARD,SUCCESS,,1,0.601,2026-06-03 17:47:15.661676
pay_000724,cust_00237,3276.76,INR,CARD,SUCCESS,,1,0.946,2026-06-03 18:00:15.661676
pay_003312,cust_01384,2590.43,INR,UPI,SUCCESS,,1,0.871,2026-06-03 18:05:15.661676
pay_003735,cust_01348,3410.25,INR,CARD,SUCCESS,,1,0.987,2026-06-03 18:17:15.661676
pay_008342,cust_02537,1784.97,INR,NETBANKING,SUCCESS,,1,0.85,2026-06-03 18:22:15.661676
pay_006696,cust_00394,762.33,INR,UPI,SUCCESS,,1,0.613,2026-06-03 18:41:15.661676
pay_009232,cust_02626,3049.65,INR,WALLET,FAILED,USER_CANCELLED,1,0.765,2026-06-03 18:42:15.661676
pay_005928,cust_02245,2065.91,INR,WALLET,SUCCESS,,1,0.916,2026-06-03 19:32:15.661676
pay_002393,cust_02819,546.09,INR,CARD,SUCCESS,,1,0.517,2026-06-03 19:33:15.661676
pay_002237,cust_02378,1828.81,INR,NETBANKING,SUCCESS,,1,0.932,2026-06-03 20:13:15.661676
pay_003013,cust_02473,645.66,INR,WALLET,SUCCESS,,1,0.748,2026-06-03 20:47:15.661676
pay_008539,cust_02470,2358.23,INR,WALLET,SUCCESS,,1,0.68,2026-06-03 20:58:15.661676
pay_008096,cust_00688,14903.26,INR,WALLET,SUCCESS,,1,0.638,2026-06-03 21:27:15.661676
pay_007478,cust_01769,2113.97,INR,NETBANKING,SUCCESS,,1,0.882,2026-06-03 21:34:15.661676
pay_000344,cust_02778,1205.25,INR,WALLET,SUCCESS,,1,0.577,2026-06-03 21:47:15.661676
pay_006376,cust_00276,4353.73,INR,UPI,FAILED,CARD_EXPIRED,1,0.478,2026-06-03 22:11:15.661676
pay_009219,cust_02371,879.96,INR,WALLET,SUCCESS,,1,0.978,2026-06-03 22:14:15.661676
pay_004330,cust_02548,1311.02,INR,UPI,SUCCESS,,1,0.657,2026-06-03 23:11:15.661676
pay_006529,cust_01963,1836.62,INR,NETBANKING,SUCCESS,,1,0.918,2026-06-03 23:53:15.661676
pay_009781,cust_01079,1253.7,INR,UPI,SUCCESS,,1,0.799,2026-06-03 23:53:15.661676
pay_008677,cust_02531,2134.51,INR,NETBANKING,SUCCESS,,1,0.873,2026-06-03 23:55:15.661676
pay_009146,cust_00968,462.28,INR,WALLET,FAILED,INSUFFICIENT_FUNDS,4,0.535,2026-06-04 00:05:15.661676
pay_002290,cust_01526,5641.45,INR,CARD,FAILED,LIMIT_EXCEEDED,4,0.965,2026-06-04 00:07:15.661676
pay_004945,cust_01932,7321.05,INR,UPI,SUCCESS,,1,0.88,2026-06-04 00:13:15.661676
pay_007005,cust_02738,3184.23,INR,WALLET,SUCCESS,,1,0.966,2026-06-04 00:30:15.661676
pay_002390,cust_01019,4138.96,INR,UPI,SUCCESS,,1,0.858,2026-06-04 00:34:15.661676
pay_008072,cust_00243,3101.86,INR,NETBANKING,SUCCESS,,1,0.65,2026-06-04 00:52:15.661676
pay_003750,cust_01544,555.96,INR,CARD,SUCCESS,,1,0.915,2026-06-04 01:20:15.661676
pay_000333,cust_01940,1921.08,INR,NETBANKING,SUCCESS,,1,0.553,2026-06-04 01:45:15.661676
pay_004235,cust_02471,517.79,INR,CARD,SUCCESS,,1,0.714,2026-06-04 01:49:15.661676
pay_002471,cust_02585,4265.79,INR,CARD,FAILED,CARD_EXPIRED,2,0.74,2026-06-04 02:00:15.661676
pay_006313,cust_00172,670.71,INR,CARD,SUCCESS,,1,0.511,2026-06-04 02:02:15.661676
pay_009610,cust_02763,2695.36,INR,UPI,SUCCESS,,1,0.898,2026-06-04 02:29:15.661676
pay_001541,cust_02371,1768.68,INR,NETBANKING,SUCCESS,,1,0.712,2026-06-04 02:37:15.661676
pay_009760,cust_02570,1163.41,INR,CARD,SUCCESS,,1,0.806,2026-06-04 02:37:15.661676
pay_008450,cust_02905,2358.78,INR,UPI,SUCCESS,,1,0.78,2026-06-04 02:57:15.661676
pay_000714,cust_01989,2488.19,INR,WALLET,SUCCESS,,1,0.668,2026-06-04 03:36:15.661676
pay_009800,cust_00257,701.72,INR,UPI,SUCCESS,,1,0.964,2026-06-04 03:44:15.661676
pay_009664,cust_02720,2168.14,INR,WALLET,SUCCESS,,1,0.629,2026-06-04 04:11:15.661676
pay_007379,cust_02471,2858.23,INR,CARD,SUCCESS,,1,0.801,2026-06-04 04:28:15.661676
pay_000667,cust_00720,1474.42,INR,WALLET,SUCCESS,,1,0.576,2026-06-04 04:41:15.661676
pay_007742,cust_02990,1615.75,INR,NETBANKING,SUCCESS,,1,0.84,2026-06-04 04:55:15.661676
pay_002451,cust_01940,868.74,INR,UPI,SUCCESS,,1,0.781,2026-06-04 05:12:15.661676
pay_002066,cust_01141,1134.33,INR,WALLET,SUCCESS,,1,0.962,2026-06-04 05:23:15.661676
pay_008376,cust_00399,1533.53,INR,WALLET,SUCCESS,,1,0.569,2026-06-04 05:36:15.661676
pay_006561,cust_00362,1418.98,INR,CARD,SUCCESS,,1,0.507,2026-06-04 06:04:15.661676
pay_000715,cust_02533,1754.42,INR,WALLET,SUCCESS,,1,0.925,2026-06-04 06:29:15.661676
pay_002369,cust_00855,740.1,INR,CARD,SUCCESS,,1,0.592,2026-06-04 06:33:15.661676
pay_009772,cust_01867,2268.85,INR,NETBANKING,SUCCESS,,1,0.458,2026-06-04 06:44:15.661676
pay_000387,cust_00165,2376.55,INR,UPI,SUCCESS,,1,0.63,2026-06-04 06:46:15.661676
pay_003824,cust_01119,2092.26,INR,WALLET,SUCCESS,,1,0.692,2026-06-04 06:47:15.661676
pay_007665,cust_00395,3694.32,INR,WALLET,SUCCESS,,1,0.877,2026-06-04 06:59:15.661676
pay_005160,cust_01118,732.06,INR,UPI,SUCCESS,,1,0.749,2026-06-04 06:59:15.661676
pay_002415,cust_01793,4081.13,INR,UPI,FAILED,INSUFFICIENT_FUNDS,4,0.526,2026-06-04 07:05:15.661676
pay_005388,cust_01264,539.14,INR,WALLET,SUCCESS,,1,0.802,2026-06-04 07:47:15.661676
pay_006519,cust_00343,207.95,INR,CARD,SUCCESS,,1,0.77,2026-06-04 07:54:15.661676
pay_002056,cust_02330,938.79,INR,WALLET,SUCCESS,,1,0.605,2026-06-04 08:15:15.661676
pay_009710,cust_00002,765.03,INR,WALLET,SUCCESS,,1,0.662,2026-06-04 08:35:15.661676
pay_001075,cust_02297,4011.87,INR,UPI,SUCCESS,,1,0.736,2026-06-04 08:36:15.661676
pay_002049,cust_01476,1390.87,INR,WALLET,FAILED,FRAUD_SUSPECTED,4,0.579,2026-06-04 09:10:15.661676
pay_008632,cust_00201,1435.36,INR,UPI,FAILED,BANK_ERROR,3,0.835,2026-06-04 09:35:15.661676
pay_001598,cust_01514,9376.82,INR,NETBANKING,SUCCESS,,1,0.514,2026-06-04 09:45:15.661676
pay_004758,cust_00861,5037.94,INR,WALLET,SUCCESS,,1,0.845,2026-06-04 09:50:15.661676
pay_007729,cust_01278,2436.01,INR,UPI,SUCCESS,,1,0.568,2026-06-04 09:56:15.661676
pay_006260,cust_00726,1387.03,INR,WALLET,SUCCESS,,1,0.981,2026-06-04 09:58:15.661676
pay_003125,cust_02100,1617.25,INR,WALLET,FAILED,USER_CANCELLED,4,0.487,2026-06-04 10:17:15.661676
pay_002520,cust_02145,914.95,INR,WALLET,SUCCESS,,1,0.651,2026-06-04 10:32:15.661676
pay_005324,cust_01666,2139.32,INR,NETBANKING,SUCCESS,,1,0.841,2026-06-04 10:39:15.661676
pay_005783,cust_00632,2606.75,INR,WALLET,SUCCESS,,1,0.686,2026-06-04 11:07:15.661676
pay_001962,cust_02466,2272.06,INR,UPI,SUCCESS,,1,0.943,2026-06-04 11:25:15.661676
pay_009085,cust_02512,5434.25,INR,NETBANKING,SUCCESS,,1,0.817,2026-06-04 12:47:15.661676
pay_005828,cust_02343,1858.45,INR,NETBANKING,SUCCESS,,1,0.567,2026-06-04 12:56:15.661676
pay_006464,cust_00669,2919.84,INR,NETBANKING,SUCCESS,,1,0.974,2026-06-04 12:59:15.661676
pay_008043,cust_02860,570.48,INR,WALLET,SUCCESS,,1,0.74,2026-06-04 13:00:15.661676
pay_007563,cust_01687,3936.14,INR,UPI,SUCCESS,,1,0.796,2026-06-04 13:01:15.661676
pay_002349,cust_00731,3148.82,INR,CARD,SUCCESS,,1,0.847,2026-06-04 13:22:15.661676
pay_003775,cust_01102,438.41,INR,WALLET,SUCCESS,,1,0.458,2026-06-04 13:25:15.661676
pay_002312,cust_02376,7602.02,INR,NETBANKING,SUCCESS,,1,0.573,2026-06-04 13:25:15.661676
pay_004715,cust_02826,1929.51,INR,NETBANKING,SUCCESS,,1,0.57,2026-06-04 13:34:15.661676
pay_004122,cust_01682,1619.95,INR,CARD,SUCCESS,,1,0.622,2026-06-04 13:36:15.661676
pay_008837,cust_02506,1168.21,INR,CARD,SUCCESS,,1,0.531,2026-06-04 13:36:15.661676
pay_000407,cust_00600,769.63,INR,NETBANKING,SUCCESS,,1,0.836,2026-06-04 13:39:15.661676
pay_002238,cust_02540,842.9,INR,WALLET,FAILED,NETWORK_ERROR,2,0.703,2026-06-04 14:53:15.661676
pay_000706,cust_00790,2936.01,INR,CARD,SUCCESS,,1,0.984,2026-06-04 14:59:15.661676
pay_002899,cust_00935,1436.61,INR,CARD,SUCCESS,,1,0.671,2026-06-04 15:02:15.661676
pay_004279,cust_02058,1712.14,INR,UPI,SUCCESS,,1,0.483,2026-06-04 15:04:15.661676
pay_000883,cust_01514,1222.25,INR,CARD,SUCCESS,,1,0.73,2026-06-04 15:16:15.661676
pay_007806,cust_02872,1159.53,INR,WALLET,SUCCESS,,1,0.507,2026-06-04 15:28:15.661676
pay_003043,cust_00245,1130.91,INR,WALLET,FAILED,USER_CANCELLED,1,0.554,2026-06-04 15:30:15.661676
pay_008447,cust_01003,3078.72,INR,NETBANKING,FAILED,BANK_ERROR,1,0.736,2026-06-04 15:56:15.661676
pay_001282,cust_02527,1600.42,INR,WALLET,SUCCESS,,1,0.478,2026-06-04 16:23:15.661676
pay_006713,cust_01082,5695.59,INR,NETBANKING,SUCCESS,,1,0.668,2026-06-04 16:34:15.661676
pay_009668,cust_02079,1331.33,INR,NETBANKING,SUCCESS,,1,0.852,2026-06-04 16:55:15.661676
pay_004365,cust_01791,1121.81,INR,NETBANKING,SUCCESS,,1,0.758,2026-06-04 17:02:15.661676
pay_000187,cust_00957,2640.15,INR,WALLET,SUCCESS,,1,0.705,2026-06-04 17:06:15.661676
pay_009681,cust_02296,1315.49,INR,UPI,FAILED,LIMIT_EXCEEDED,4,0.834,2026-06-04 17:26:15.661676
pay_000331,cust_01202,1790.41,INR,CARD,SUCCESS,,1,0.928,2026-06-04 17:27:15.661676
pay_001965,cust_00828,2819.98,INR,CARD,SUCCESS,,1,0.676,2026-06-04 17:28:15.661676
pay_004813,cust_02419,3064.26,INR,CARD,SUCCESS,,1,0.853,2026-06-04 17:32:15.661676
pay_001774,cust_02663,2112.62,INR,NETBANKING,SUCCESS,,1,0.568,2026-06-04 17:45:15.661676
pay_003135,cust_00903,1868.82,INR,UPI,SUCCESS,,1,0.965,2026-06-04 17:54:15.661676
pay_008774,cust_01799,3058.08,INR,UPI,SUCCESS,,1,0.492,2026-06-04 18:05:15.661676
pay_003282,cust_01026,1852.01,INR,CARD,SUCCESS,,1,0.6,2026-06-04 18:15:15.661676
pay_009868,cust_00019,1984.67,INR,WALLET,SUCCESS,,1,0.654,2026-06-04 18:22:15.661676
pay_003190,cust_02207,7814.19,INR,WALLET,SUCCESS,,1,0.46,2026-06-04 19:00:15.661676
pay_000698,cust_00765,664.55,INR,WALLET,SUCCESS,,1,0.701,2026-06-04 19:14:15.661676
pay_007062,cust_02064,2916.18,INR,CARD,SUCCESS,,1,0.918,2026-06-04 19:31:15.661676
pay_006787,cust_02801,3948.71,INR,NETBANKING,SUCCESS,,1,0.934,2026-06-04 19:38:15.661676
pay_004911,cust_00249,1194.4,INR,CARD,SUCCESS,,1,0.63,2026-06-04 20:33:15.661676
pay_000382,cust_01652,1119.33,INR,NETBANKING,SUCCESS,,1,0.758,2026-06-04 20:36:15.661676
pay_001524,cust_00747,839.2,INR,WALLET,SUCCESS,,1,0.923,2026-06-04 20:38:15.661676
pay_000441,cust_00893,2458.37,INR,UPI,SUCCESS,,1,0.828,2026-06-04 20:42:15.661676
pay_003758,cust_01555,9261.87,INR,UPI,FAILED,INSUFFICIENT_FUNDS,4,0.836,2026-06-04 20:44:15.661676
pay_005043,cust_01869,1577.65,INR,UPI,SUCCESS,,1,0.669,2026-06-04 20:48:15.661676
pay_000223,cust_00478,3130.69,INR,CARD,FAILED,NETWORK_ERROR,4,0.513,2026-06-04 20:49:15.661676
pay_006073,cust_01452,2096.4,INR,WALLET,SUCCESS,,1,0.778,2026-06-04 21:01:15.661676
pay_001969,cust_00529,1547.0,INR,NETBANKING,FAILED,BANK_ERROR,2,0.85,2026-06-04 21:02:15.661676
pay_009672,cust_01476,2466.95,INR,CARD,SUCCESS,,1,0.933,2026-06-04 21:04:15.661676
pay_004143,cust_02827,2452.95,INR,UPI,SUCCESS,,1,0.78,2026-06-04 21:06:15.661676
pay_005839,cust_02435,677.13,INR,WALLET,SUCCESS,,1,0.695,2026-06-04 21:06:15.661676
pay_001633,cust_02091,1080.48,INR,NETBANKING,SUCCESS,,1,0.738,2026-06-04 21:07:15.661676
pay_001135,cust_01699,1487.24,INR,WALLET,SUCCESS,,1,0.753,2026-06-04 21:08:15.661676
pay_000146,cust_00519,3379.42,INR,NETBANKING,FAILED,CARD_EXPIRED,2,0.794,2026-06-04 21:11:15.661676
pay_005112,cust_00412,13787.33,INR,NETBANKING,SUCCESS,,1,0.745,2026-06-04 21:21:15.661676
pay_004449,cust_02672,2656.05,INR,WALLET,SUCCESS,,1,0.507,2026-06-04 21:21:15.661676
pay_003850,cust_00879,574.49,INR,WALLET,SUCCESS,,1,0.827,2026-06-04 21:23:15.661676
pay_001976,cust_00701,1325.02,INR,CARD,SUCCESS,,1,0.608,2026-06-04 21:24:15.661676
pay_009439,cust_02716,3503.34,INR,CARD,SUCCESS,,1,0.878,2026-06-04 21:28:15.661676
pay_003274,cust_01004,3219.26,INR,NETBANKING,SUCCESS,,1,0.643,2026-06-04 21:49:15.661676
pay_008922,cust_01638,2475.54,INR,UPI,SUCCESS,,1,0.482,2026-06-04 21:55:15.661676
pay_007541,cust_02450,2945.12,INR,UPI,SUCCESS,,1,0.599,2026-06-04 21:56:15.661676
pay_000617,cust_00051,1973.41,INR,CARD,SUCCESS,,1,0.657,2026-06-04 22:12:15.661676
pay_008804,cust_01131,3005.14,INR,NETBANKING,SUCCESS,,1,0.987,2026-06-04 22:15:15.661676
pay_006200,cust_00912,1357.51,INR,CARD,SUCCESS,,1,0.463,2026-06-04 22:58:15.661676
pay_009539,cust_01869,644.45,INR,WALLET,SUCCESS,,1,0.867,2026-06-04 23:15:15.661676
pay_006630,cust_00087,2570.99,INR,WALLET,SUCCESS,,1,0.713,2026-06-04 23:39:15.661676
pay_009127,cust_01217,2854.8,INR,CARD,SUCCESS,,1,0.981,2026-06-04 23:41:15.661676
pay_004085,cust_02936,5161.25,INR,CARD,SUCCESS,,1,0.61,2026-06-04 23:42:15.661676
pay_004847,cust_02670,316.53,INR,CARD,SUCCESS,,1,0.82,2026-06-04 23:51:15.661676
pay_004771,cust_00480,1830.14,INR,WALLET,SUCCESS,,1,0.893,2026-06-05 00:12:15.661676
pay_001658,cust_02955,5187.87,INR,CARD,SUCCESS,,1,0.677,2026-06-05 00:21:15.661676
pay_007598,cust_01228,778.96,INR,NETBANKING,SUCCESS,,1,0.977,2026-06-05 00:32:15.661676
pay_008326,cust_01741,6838.65,INR,CARD,SUCCESS,,1,0.703,2026-06-05 01:19:15.661676
pay_007858,cust_02587,890.0,INR,NETBANKING,SUCCESS,,1,0.897,2026-06-05 01:23:15.661676
pay_003196,cust_00010,401.82,INR,WALLET,FAILED,USER_CANCELLED,3,0.739,2026-06-05 02:06:15.661676
pay_003437,cust_00691,2861.2,INR,NETBANKING,SUCCESS,,1,0.664,2026-06-05 02:09:15.661676
pay_002149,cust_00120,1664.69,INR,CARD,SUCCESS,,1,0.525,2026-06-05 02:15:15.661676
pay_002152,cust_00177,6830.66,INR,UPI,FAILED,BANK_ERROR,3,0.821,2026-06-05 02:37:15.661676
pay_004062,cust_02256,2260.66,INR,NETBANKING,FAILED,NETWORK_ERROR,2,0.553,2026-06-05 02:45:15.661676
pay_000683,cust_00443,1188.42,INR,UPI,SUCCESS,,1,0.846,2026-06-05 02:56:15.661676
pay_002347,cust_02021,1232.66,INR,NETBANKING,SUCCESS,,1,0.935,2026-06-05 03:15:15.661676
pay_009381,cust_01558,1804.81,INR,CARD,FAILED,LIMIT_EXCEEDED,1,0.828,2026-06-05 03:29:15.661676
pay_008626,cust_00040,2140.87,INR,CARD,SUCCESS,,1,0.663,2026-06-05 03:43:15.661676
pay_002512,cust_01864,2801.22,INR,WALLET,SUCCESS,,1,0.472,2026-06-05 03:48:15.661676
pay_003958,cust_02787,1492.78,INR,WALLET,SUCCESS,,1,0.555,2026-06-05 03:57:15.661676
pay_001765,cust_02451,1484.97,INR,UPI,SUCCESS,,1,0.864,2026-06-05 04:04:15.661676
pay_004731,cust_01044,698.43,INR,CARD,SUCCESS,,1,0.918,2026-06-05 04:29:15.661676
pay_005723,cust_02570,978.82,INR,WALLET,SUCCESS,,1,0.535,2026-06-05 05:09:15.661676
pay_000716,cust_02829,4370.54,INR,CARD,SUCCESS,,1,0.947,2026-06-05 05:26:15.661676
pay_004810,cust_01608,1292.65,INR,UPI,SUCCESS,,1,0.738,2026-06-05 05:59:15.661676
pay_008263,cust_01959,1554.09,INR,UPI,SUCCESS,,1,0.76,2026-06-05 06:10:15.661676
pay_007051,cust_02242,3921.52,INR,NETBANKING,SUCCESS,,1,0.788,2026-06-05 06:15:15.661676
pay_005404,cust_02032,1944.72,INR,NETBANKING,SUCCESS,,1,0.743,2026-06-05 06:20:15.661676
pay_008936,cust_00675,1738.86,INR,CARD,SUCCESS,,1,0.503,2026-06-05 06:24:15.661676
pay_009184,cust_02294,2361.78,INR,UPI,SUCCESS,,1,0.783,2026-06-05 06:25:15.661676
pay_005525,cust_00179,911.34,INR,NETBANKING,SUCCESS,,1,0.956,2026-06-05 06:43:15.661676
pay_007090,cust_01295,3612.78,INR,UPI,SUCCESS,,1,0.553,2026-06-05 06:46:15.661676
pay_009973,cust_02584,3555.39,INR,NETBANKING,SUCCESS,,1,0.808,2026-06-05 07:17:15.661676
pay_000099,cust_02122,1815.45,INR,WALLET,SUCCESS,,1,0.945,2026-06-05 07:28:15.661676
pay_007580,cust_02815,576.44,INR,UPI,FAILED,INSUFFICIENT_FUNDS,2,0.618,2026-06-05 07:38:15.661676
pay_006030,cust_02783,1130.38,INR,CARD,SUCCESS,,1,0.574,2026-06-05 08:01:15.661676
pay_009605,cust_01104,3589.35,INR,WALLET,SUCCESS,,1,0.644,2026-06-05 08:20:15.661676
pay_001163,cust_01388,594.87,INR,WALLET,SUCCESS,,1,0.704,2026-06-05 08:34:15.661676
pay_007181,cust_00208,2325.19,INR,WALLET,SUCCESS,,1,0.585,2026-06-05 08:34:15.661676
pay_009318,cust_01163,814.19,INR,UPI,SUCCESS,,1,0.454,2026-06-05 08:43:15.661676
pay_002843,cust_02555,5893.16,INR,WALLET,SUCCESS,,1,0.632,2026-06-05 08:55:15.661676
pay_006323,cust_01394,1325.7,INR,NETBANKING,SUCCESS,,1,0.67,2026-06-05 09:17:15.661676
pay_009566,cust_02569,1963.94,INR,CARD,FAILED,TIMEOUT,1,0.695,2026-06-05 09:25:15.661676
pay_005476,cust_01123,6696.85,INR,NETBANKING,SUCCESS,,1,0.984,2026-06-05 09:26:15.661676
pay_003157,cust_02857,671.87,INR,CARD,SUCCESS,,1,0.546,2026-06-05 09:57:15.661676
pay_005916,cust_00665,884.65,INR,WALLET,SUCCESS,,1,0.871,2026-06-05 10:11:15.661676
pay_007182,cust_02338,1356.73,INR,UPI,SUCCESS,,1,0.987,2026-06-05 10:12:15.661676
pay_009675,cust_00805,2982.37,INR,NETBANKING,SUCCESS,,1,0.469,2026-06-05 10:16:15.661676
pay_007396,cust_02119,416.29,INR,NETBANKING,FAILED,FRAUD_SUSPECTED,4,0.812,2026-06-05 10:38:15.661676
pay_000582,cust_01524,1296.95,INR,CARD,SUCCESS,,1,0.615,2026-06-05 10:53:15.661676
pay_009412,cust_00568,874.93,INR,NETBANKING,SUCCESS,,1,0.813,2026-06-05 10:54:15.661676
pay_005936,cust_02804,2574.47,INR,CARD,SUCCESS,,1,0.566,2026-06-05 11:06:15.661676
pay_009280,cust_00653,1414.26,INR,CARD,SUCCESS,,1,0.66,2026-06-05 11:19:15.661676
pay_001943,cust_02804,2242.4,INR,CARD,SUCCESS,,1,0.635,2026-06-05 11:26:15.661676
pay_004900,cust_00024,2930.81,INR,UPI,SUCCESS,,1,0.691,2026-06-05 12:01:15.661676
pay_006405,cust_02728,2743.97,INR,CARD,SUCCESS,,1,0.695,2026-06-05 12:03:15.661676
pay_002935,cust_00070,3644.0,INR,UPI,SUCCESS,,1,0.748,2026-06-05 12:17:15.661676
pay_000411,cust_00925,3194.84,INR,CARD,SUCCESS,,1,0.628,2026-06-05 12:26:15.661676
pay_009481,cust_02600,2884.39,INR,CARD,SUCCESS,,1,0.887,2026-06-05 12:53:15.661676
pay_004444,cust_02630,3115.62,INR,WALLET,FAILED,BANK_ERROR,1,0.99,2026-06-05 13:15:15.661676
pay_009577,cust_01439,498.59,INR,UPI,SUCCESS,,1,0.866,2026-06-05 13:34:15.661676
pay_006598,cust_02814,1111.81,INR,UPI,SUCCESS,,1,0.457,2026-06-05 13:35:15.661676
pay_003329,cust_02561,754.66,INR,WALLET,SUCCESS,,1,0.58,2026-06-05 13:37:15.661676
pay_009396,cust_02929,3169.91,INR,NETBANKING,SUCCESS,,1,0.602,2026-06-05 13:39:15.661676
pay_000822,cust_01561,5582.98,INR,CARD,SUCCESS,,1,0.558,2026-06-05 13:41:15.661676
pay_001070,cust_02853,2385.59,INR,NETBANKING,SUCCESS,,1,0.96,2026-06-05 13:43:15.661676
pay_003536,cust_00419,6474.03,INR,WALLET,SUCCESS,,1,0.548,2026-06-05 13:45:15.661676
pay_002170,cust_01765,2625.66,INR,NETBANKING,SUCCESS,,1,0.65,2026-06-05 13:53:15.661676
pay_001494,cust_00620,2095.7,INR,WALLET,SUCCESS,,1,0.479,2026-06-05 14:01:15.661676
pay_007035,cust_02896,6530.8,INR,NETBANKING,FAILED,LIMIT_EXCEEDED,1,0.56,2026-06-05 14:03:15.661676
pay_001702,cust_01343,2674.05,INR,CARD,SUCCESS,,1,0.601,2026-06-05 14:06:15.661676
pay_003386,cust_01534,1151.52,INR,UPI,SUCCESS,,1,0.65,2026-06-05 14:25:15.661676
pay_008699,cust_00582,1663.95,INR,CARD,SUCCESS,,1,0.475,2026-06-05 14:34:15.661676
pay_002218,cust_00522,1714.87,INR,NETBANKING,SUCCESS,,1,0.662,2026-06-05 14:43:15.661676
pay_007512,cust_00060,12380.4,INR,CARD,SUCCESS,,1,0.619,2026-06-05 14:58:15.661676
pay_000748,cust_00483,988.01,INR,WALLET,SUCCESS,,1,0.765,2026-06-05 15:01:15.661676
pay_004346,cust_01004,1847.98,INR,WALLET,FAILED,BANK_ERROR,2,0.86,2026-06-05 15:16:15.661676
pay_006526,cust_01634,2267.52,INR,WALLET,FAILED,TIMEOUT,1,0.942,2026-06-05 15:22:15.661676
pay_002069,cust_01940,5643.15,INR,CARD,SUCCESS,,1,0.462,2026-06-05 15:54:15.661676
pay_007769,cust_02674,3149.69,INR,WALLET,SUCCESS,,1,0.816,2026-06-05 16:12:15.661676
pay_000850,cust_00359,1182.28,INR,UPI,SUCCESS,,1,0.586,2026-06-05 16:19:15.661676
pay_007859,cust_02997,184.93,INR,CARD,SUCCESS,,1,0.721,2026-06-05 16:51:15.661676
pay_007422,cust_00309,1792.97,INR,UPI,SUCCESS,,1,0.888,2026-06-05 17:02:15.661676
pay_009711,cust_00973,782.48,INR,WALLET,SUCCESS,,1,0.962,2026-06-05 17:22:15.661676
pay_009807,cust_01862,2050.58,INR,CARD,SUCCESS,,1,0.813,2026-06-05 17:23:15.661676
pay_009155,cust_01816,1427.89,INR,CARD,SUCCESS,,1,0.954,2026-06-05 18:09:15.661676
pay_002613,cust_00024,1538.87,INR,WALLET,FAILED,NETWORK_ERROR,2,0.976,2026-06-05 18:35:15.661676
pay_005968,cust_00942,4813.04,INR,WALLET,SUCCESS,,1,0.941,2026-06-05 18:47:15.661676
pay_004781,cust_00542,2260.33,INR,CARD,FAILED,CARD_EXPIRED,4,0.612,2026-06-05 18:59:15.661676
pay_007481,cust_01053,1509.61,INR,CARD,SUCCESS,,1,0.744,2026-06-05 19:14:15.661676
pay_004947,cust_02221,1000.43,INR,WALLET,SUCCESS,,1,0.748,2026-06-05 19:17:15.661676
pay_006095,cust_01341,1915.48,INR,WALLET,SUCCESS,,1,0.519,2026-06-05 19:24:15.661676
pay_005624,cust_00533,2647.37,INR,NETBANKING,FAILED,LIMIT_EXCEEDED,2,0.741,2026-06-05 19:26:15.661676
pay_006994,cust_02610,4267.99,INR,UPI,SUCCESS,,1,0.969,2026-06-05 19:50:15.661676
pay_008880,cust_01700,1076.24,INR,NETBANKING,SUCCESS,,1,0.796,2026-06-05 20:20:15.661676
pay_006387,cust_01057,1773.09,INR,CARD,SUCCESS,,1,0.668,2026-06-05 20:26:15.661676
pay_008986,cust_02138,6859.09,INR,WALLET,SUCCESS,,1,0.64,2026-06-05 20:58:15.661676
pay_002281,cust_00233,454.57,INR,UPI,SUCCESS,,1,0.548,2026-06-05 21:31:15.661676
pay_006299,cust_02841,1370.02,INR,CARD,FAILED,LIMIT_EXCEEDED,1,0.885,2026-06-05 21:49:15.661676
pay_000054,cust_01953,2949.35,INR,CARD,FAILED,BANK_ERROR,2,0.487,2026-06-05 22:01:15.661676
pay_004148,cust_00455,1675.96,INR,UPI,SUCCESS,,1,0.683,2026-06-05 22:18:15.661676
pay_006881,cust_02764,2099.79,INR,CARD,SUCCESS,,1,0.881,2026-06-05 22:34:15.661676
pay_004525,cust_01733,4647.58,INR,CARD,SUCCESS,,1,0.535,2026-06-05 22:44:15.661676
pay_007804,cust_02063,2108.04,INR,UPI,SUCCESS,,1,0.617,2026-06-05 22:55:15.661676
pay_004854,cust_00520,2036.73,INR,WALLET,FAILED,INSUFFICIENT_FUNDS,4,0.757,2026-06-05 23:32:15.661676
pay_009811,cust_02640,1152.2,INR,WALLET,FAILED,CARD_EXPIRED,4,0.964,2026-06-06 00:21:15.661676
pay_008752,cust_01344,2786.31,INR,WALLET,SUCCESS,,1,0.532,2026-06-06 00:43:15.661676
pay_008964,cust_00213,1506.01,INR,WALLET,SUCCESS,,1,0.465,2026-06-06 00:59:15.661676
pay_006643,cust_02505,913.43,INR,CARD,SUCCESS,,1,0.906,2026-06-06 01:13:15.661676
pay_003690,cust_02454,1601.39,INR,CARD,SUCCESS,,1,0.872,2026-06-06 01:45:15.661676
pay_003598,cust_00133,4046.9,INR,CARD,SUCCESS,,1,0.783,2026-06-06 01:53:15.661676
pay_005123,cust_02227,1471.3,INR,WALLET,SUCCESS,,1,0.875,2026-06-06 02:07:15.661676
pay_002408,cust_01940,3511.46,INR,CARD,SUCCESS,,1,0.586,2026-06-06 02:30:15.661676
pay_003527,cust_01249,1543.26,INR,UPI,SUCCESS,,1,0.454,2026-06-06 02:37:15.661676
pay_007318,cust_00432,4889.0,INR,CARD,SUCCESS,,1,0.68,2026-06-06 03:03:15.661676
pay_008582,cust_02884,1102.64,INR,WALLET,FAILED,FRAUD_SUSPECTED,3,0.562,2026-06-06 03:09:15.661676
pay_007307,cust_01232,4094.12,INR,WALLET,SUCCESS,,1,0.754,2026-06-06 03:17:15.661676
pay_007671,cust_02985,3293.8,INR,CARD,SUCCESS,,1,0.641,2026-06-06 03:21:15.661676
pay_009454,cust_02330,2173.16,INR,UPI,SUCCESS,,1,0.716,2026-06-06 03:33:15.661676
pay_004545,cust_02307,2431.27,INR,WALLET,SUCCESS,,1,0.682,2026-06-06 03:44:15.661676
pay_004155,cust_00701,3992.34,INR,UPI,SUCCESS,,1,0.738,2026-06-06 04:03:15.661676
pay_009974,cust_02218,2930.78,INR,CARD,SUCCESS,,1,0.848,2026-06-06 04:18:15.661676
pay_001011,cust_01387,5187.02,INR,UPI,SUCCESS,,1,0.533,2026-06-06 04:20:15.661676
pay_003127,cust_02913,392.49,INR,NETBANKING,SUCCESS,,1,0.568,2026-06-06 04:35:15.661676
pay_001782,cust_02539,1691.74,INR,UPI,SUCCESS,,1,0.719,2026-06-06 04:40:15.661676
pay_007339,cust_02560,1834.34,INR,NETBANKING,SUCCESS,,1,0.596,2026-06-06 04:53:15.661676
pay_008686,cust_02079,2348.98,INR,WALLET,FAILED,CARD_EXPIRED,3,0.904,2026-06-06 05:15:15.661676
pay_006615,cust_00423,3340.86,INR,CARD,SUCCESS,,1,0.697,2026-06-06 05:36:15.661676
pay_000044,cust_02647,1421.0,INR,UPI,SUCCESS,,1,0.633,2026-06-06 06:10:15.661676
pay_006274,cust_01553,760.87,INR,WALLET,SUCCESS,,1,0.728,2026-06-06 06:33:15.661676
pay_004404,cust_00469,2389.59,INR,UPI,SUCCESS,,1,0.543,2026-06-06 06:39:15.661676
pay_008603,cust_02790,14310.95,INR,WALLET,SUCCESS,,1,0.808,2026-06-06 06:42:15.661676
pay_008928,cust_02810,1422.11,INR,NETBANKING,SUCCESS,,1,0.976,2026-06-06 06:44:15.661676
pay_007767,cust_02775,14458.8,INR,CARD,SUCCESS,,1,0.652,2026-06-06 07:21:15.661676
pay_005283,cust_02614,4111.39,INR,UPI,SUCCESS,,1,0.597,2026-06-06 07:34:15.661676
pay_008087,cust_00083,369.54,INR,NETBANKING,FAILED,BANK_ERROR,4,0.965,2026-06-06 07:36:15.661676
pay_006181,cust_00894,3910.13,INR,UPI,SUCCESS,,1,0.592,2026-06-06 07:48:15.661676
pay_001210,cust_01246,7329.49,INR,NETBANKING,SUCCESS,,1,0.762,2026-06-06 07:56:15.661676
pay_006138,cust_01183,1144.88,INR,UPI,SUCCESS,,1,0.607,2026-06-06 07:58:15.661676
pay_001571,cust_00674,3413.22,INR,WALLET,SUCCESS,,1,0.47,2026-06-06 08:02:15.661676
pay_007097,cust_01105,15813.76,INR,WALLET,SUCCESS,,1,0.549,2026-06-06 08:05:15.661676
pay_007138,cust_00329,1108.83,INR,CARD,SUCCESS,,1,0.932,2026-06-06 08:17:15.661676
pay_008067,cust_02922,4589.51,INR,CARD,SUCCESS,,1,0.6,2026-06-06 08:34:15.661676
pay_000435,cust_02311,6014.24,INR,UPI,SUCCESS,,1,0.938,2026-06-06 08:40:15.661676
pay_002250,cust_01721,3779.4,INR,UPI,SUCCESS,,1,0.512,2026-06-06 09:02:15.661676
pay_007472,cust_02012,1415.5,INR,NETBANKING,SUCCESS,,1,0.787,2026-06-06 09:15:15.661676
pay_009645,cust_02008,1520.11,INR,NETBANKING,SUCCESS,,1,0.789,2026-06-06 09:27:15.661676
pay_000108,cust_01909,2079.04,INR,WALLET,SUCCESS,,1,0.677,2026-06-06 09:47:15.661676
pay_007643,cust_02005,1268.93,INR,WALLET,SUCCESS,,1,0.718,2026-06-06 09:49:15.661676
pay_009920,cust_00674,1951.53,INR,WALLET,SUCCESS,,1,0.58,2026-06-06 10:09:15.661676
pay_009922,cust_02128,2167.97,INR,WALLET,SUCCESS,,1,0.641,2026-06-06 10:54:15.661676
pay_009229,cust_00448,439.46,INR,NETBANKING,SUCCESS,,1,0.616,2026-06-06 11:09:15.661676
pay_008121,cust_01372,4501.66,INR,NETBANKING,SUCCESS,,1,0.711,2026-06-06 11:11:15.661676
pay_004181,cust_02418,2259.0,INR,NETBANKING,SUCCESS,,1,0.76,2026-06-06 11:14:15.661676
pay_008462,cust_02934,320.66,INR,CARD,SUCCESS,,1,0.699,2026-06-06 11:38:15.661676
pay_002688,cust_02127,529.29,INR,NETBANKING,SUCCESS,,1,0.68,2026-06-06 11:38:15.661676
pay_002915,cust_02316,3128.8,INR,WALLET,SUCCESS,,1,0.65,2026-06-06 11:39:15.661676
pay_000513,cust_02020,1493.45,INR,CARD,SUCCESS,,1,0.599,2026-06-06 11:58:15.661676
pay_006116,cust_00866,792.49,INR,NETBANKING,FAILED,NETWORK_ERROR,1,0.602,2026-06-06 12:14:15.661676
pay_006720,cust_00964,3597.04,INR,WALLET,SUCCESS,,1,0.745,2026-06-06 12:28:15.661676
pay_001882,cust_00408,6584.45,INR,NETBANKING,SUCCESS,,1,0.916,2026-06-06 12:28:15.661676
pay_005035,cust_01298,3205.38,INR,CARD,SUCCESS,,1,0.822,2026-06-06 12:32:15.661676
pay_005246,cust_00903,1788.9,INR,NETBANKING,SUCCESS,,1,0.713,2026-06-06 12:43:15.661676
pay_008250,cust_00157,3106.36,INR,NETBANKING,SUCCESS,,1,0.902,2026-06-06 12:46:15.661676
pay_001732,cust_00837,1367.24,INR,WALLET,SUCCESS,,1,0.552,2026-06-06 12:56:15.661676
pay_002530,cust_01330,731.64,INR,CARD,SUCCESS,,1,0.843,2026-06-06 12:58:15.661676
pay_004976,cust_00313,602.41,INR,NETBANKING,SUCCESS,,1,0.711,2026-06-06 13:20:15.661676
pay_001884,cust_02278,1125.55,INR,WALLET,SUCCESS,,1,0.766,2026-06-06 13:25:15.661676
pay_008225,cust_00637,3777.51,INR,NETBANKING,SUCCESS,,1,0.567,2026-06-06 13:27:15.661676
pay_004886,cust_02065,1237.26,INR,WALLET,SUCCESS,,1,0.868,2026-06-06 14:02:15.661676
pay_007655,cust_01644,4302.13,INR,NETBANKING,SUCCESS,,1,0.703,2026-06-06 14:02:15.661676
pay_000107,cust_00626,8175.92,INR,CARD,SUCCESS,,1,0.629,2026-06-06 14:04:15.661676
pay_004130,cust_00920,6801.96,INR,CARD,SUCCESS,,1,0.495,2026-06-06 14:05:15.661676
pay_006215,cust_00350,884.59,INR,UPI,SUCCESS,,1,0.567,2026-06-06 14:25:15.661676
pay_007963,cust_01508,968.63,INR,NETBANKING,SUCCESS,,1,0.781,2026-06-06 14:30:15.661676
pay_000649,cust_00308,1503.05,INR,UPI,SUCCESS,,1,0.799,2026-06-06 14:36:15.661676
pay_009585,cust_02498,4535.04,INR,NETBANKING,SUCCESS,,1,0.756,2026-06-06 14:38:15.661676
pay_009281,cust_02264,4513.61,INR,UPI,SUCCESS,,1,0.601,2026-06-06 14:42:15.661676
pay_002202,cust_01995,1551.96,INR,NETBANKING,SUCCESS,,1,0.458,2026-06-06 14:55:15.661676
pay_001396,cust_00417,2095.91,INR,CARD,SUCCESS,,1,0.558,2026-06-06 15:07:15.661676
pay_009036,cust_00147,2480.58,INR,WALLET,FAILED,NETWORK_ERROR,3,0.769,2026-06-06 15:19:15.661676
pay_009933,cust_01654,3058.01,INR,CARD,SUCCESS,,1,0.564,2026-06-06 15:42:15.661676
pay_001652,cust_02470,2346.4,INR,CARD,SUCCESS,,1,0.853,2026-06-06 16:32:15.661676
pay_001172,cust_01997,2264.15,INR,UPI,SUCCESS,,1,0.64,2026-06-06 16:33:15.661676
pay_001625,cust_01904,8092.06,INR,WALLET,SUCCESS,,1,0.67,2026-06-06 16:45:15.661676
pay_007513,cust_02439,2151.17,INR,NETBANKING,SUCCESS,,1,0.933,2026-06-06 16:57:15.661676
pay_000722,cust_00231,460.29,INR,CARD,SUCCESS,,1,0.724,2026-06-06 17:06:15.661676
pay_003967,cust_00730,2318.99,INR,CARD,SUCCESS,,1,0.623,2026-06-06 17:19:15.661676
pay_000357,cust_02507,1781.46,INR,UPI,SUCCESS,,1,0.99,2026-06-06 17:23:15.661676
pay_000291,cust_02652,1530.73,INR,NETBANKING,SUCCESS,,1,0.751,2026-06-06 17:45:15.661676
pay_004371,cust_00040,448.64,INR,CARD,FAILED,BANK_ERROR,4,0.821,2026-06-06 17:46:15.661676
pay_009313,cust_01471,4283.39,INR,UPI,FAILED,INSUFFICIENT_FUNDS,4,0.647,2026-06-06 17:51:15.661676
pay_001902,cust_00451,1384.29,INR,WALLET,SUCCESS,,1,0.498,2026-06-06 17:51:15.661676
pay_005355,cust_02156,1174.18,INR,CARD,SUCCESS,,1,0.731,2026-06-06 17:52:15.661676
pay_008948,cust_02372,2096.16,INR,CARD,SUCCESS,,1,0.59,2026-06-06 18:00:15.661676
pay_003896,cust_02150,4029.13,INR,UPI,SUCCESS,,1,0.965,2026-06-06 18:01:15.661676
pay_001177,cust_01976,466.68,INR,WALLET,SUCCESS,,1,0.89,2026-06-06 18:04:15.661676
pay_005031,cust_00988,672.56,INR,CARD,SUCCESS,,1,0.645,2026-06-06 18:10:15.661676
pay_003138,cust_00863,798.77,INR,UPI,SUCCESS,,1,0.47,2026-06-06 18:26:15.661676
pay_004470,cust_02797,2464.88,INR,NETBANKING,SUCCESS,,1,0.823,2026-06-06 18:35:15.661676
pay_007270,cust_01685,927.58,INR,NETBANKING,FAILED,USER_CANCELLED,3,0.905,2026-06-06 18:41:15.661676
pay_005182,cust_00061,1265.15,INR,WALLET,SUCCESS,,1,0.66,2026-06-06 19:25:15.661676
pay_002425,cust_02435,531.19,INR,CARD,SUCCESS,,1,0.752,2026-06-06 19:37:15.661676
pay_003911,cust_02217,582.77,INR,NETBANKING,SUCCESS,,1,0.662,2026-06-06 19:52:15.661676
pay_005226,cust_01929,766.12,INR,WALLET,SUCCESS,,1,0.873,2026-06-06 19:54:15.661676
pay_002923,cust_02982,1547.26,INR,NETBANKING,SUCCESS,,1,0.87,2026-06-06 19:58:15.661676
pay_003028,cust_02283,2589.9,INR,WALLET,SUCCESS,,1,0.592,2026-06-06 19:59:15.661676
pay_003003,cust_02788,1298.7,INR,UPI,SUCCESS,,1,0.964,2026-06-06 20:10:15.661676
pay_009371,cust_01963,542.04,INR,WALLET,SUCCESS,,1,0.548,2026-06-06 20:14:15.661676
pay_000249,cust_02814,7423.18,INR,WALLET,SUCCESS,,1,0.496,2026-06-06 20:25:15.661676
pay_003428,cust_02147,5473.24,INR,NETBANKING,FAILED,BANK_ERROR,4,0.575,2026-06-06 20:28:15.661676
pay_003888,cust_02474,1588.11,INR,CARD,SUCCESS,,1,0.653,2026-06-06 20:29:15.661676
pay_003102,cust_02919,3584.75,INR,UPI,SUCCESS,,1,0.595,2026-06-06 20:57:15.661676
pay_004888,cust_02693,6552.6,INR,NETBANKING,SUCCESS,,1,0.477,2026-06-06 20:59:15.661676
pay_006263,cust_02227,1593.57,INR,WALLET,SUCCESS,,1,0.909,2026-06-06 21:01:15.661676
pay_000937,cust_00477,798.72,INR,NETBANKING,SUCCESS,,1,0.876,2026-06-06 21:20:15.661676
pay_004825,cust_00816,1719.66,INR,UPI,SUCCESS,,1,0.817,2026-06-06 21:59:15.661676
pay_000482,cust_02584,841.82,INR,CARD,SUCCESS,,1,0.455,2026-06-06 22:14:15.661676
pay_002053,cust_01211,1067.96,INR,CARD,SUCCESS,,1,0.646,2026-06-06 22:40:15.661676
pay_000589,cust_00546,3513.15,INR,CARD,SUCCESS,,1,0.455,2026-06-06 23:12:15.661676
pay_004388,cust_02723,574.71,INR,UPI,SUCCESS,,1,0.625,2026-06-06 23:13:15.661676
pay_005797,cust_01535,21560.96,INR,NETBANKING,SUCCESS,,1,0.816,2026-06-06 23:27:15.661676
pay_000232,cust_02313,2149.88,INR,CARD,SUCCESS,,1,0.749,2026-06-06 23:38:15.661676
pay_004294,cust_01045,1530.31,INR,NETBANKING,SUCCESS,,1,0.819,2026-06-06 23:49:15.661676
pay_004904,cust_01240,1341.29,INR,NETBANKING,SUCCESS,,1,0.768,2026-06-06 23:52:15.661676
pay_003234,cust_00214,8342.64,INR,CARD,SUCCESS,,1,0.96,2026-06-06 23:56:15.661676
pay_001017,cust_02272,1073.7,INR,CARD,SUCCESS,,1,0.693,2026-06-07 00:13:15.661676
pay_007762,cust_01670,3199.06,INR,UPI,SUCCESS,,1,0.719,2026-06-07 00:23:15.661676
pay_000128,cust_02710,1149.36,INR,NETBANKING,SUCCESS,,1,0.634,2026-06-07 00:24:15.661676
pay_003016,cust_02074,4149.33,INR,WALLET,SUCCESS,,1,0.7,2026-06-07 00:43:15.661676
pay_007757,cust_02226,841.47,INR,NETBANKING,SUCCESS,,1,0.559,2026-06-07 00:54:15.661676
pay_001990,cust_01615,2554.31,INR,CARD,SUCCESS,,1,0.68,2026-06-07 01:29:15.661676
pay_000258,cust_00587,1026.45,INR,WALLET,SUCCESS,,1,0.792,2026-06-07 01:46:15.661676
pay_006584,cust_00136,525.97,INR,UPI,SUCCESS,,1,0.884,2026-06-07 01:52:15.661676
pay_005661,cust_02338,1730.52,INR,UPI,SUCCESS,,1,0.583,2026-06-07 02:59:15.661676
pay_002809,cust_02825,3760.52,INR,CARD,SUCCESS,,1,0.512,2026-06-07 03:49:15.661676
pay_008980,cust_00791,1512.29,INR,CARD,FAILED,INSUFFICIENT_FUNDS,2,0.488,2026-06-07 04:09:15.661676
pay_000039,cust_00129,624.81,INR,NETBANKING,SUCCESS,,1,0.6,2026-06-07 04:33:15.661676
pay_009753,cust_00851,764.7,INR,WALLET,SUCCESS,,1,0.93,2026-06-07 05:17:15.661676
pay_004113,cust_02079,6291.98,INR,NETBANKING,SUCCESS,,1,0.922,2026-06-07 05:40:15.661676
pay_003310,cust_02560,1807.59,INR,WALLET,SUCCESS,,1,0.792,2026-06-07 05:49:15.661676
pay_008628,cust_00146,3900.05,INR,UPI,SUCCESS,,1,0.589,2026-06-07 06:04:15.661676
pay_009428,cust_01185,1107.72,INR,CARD,SUCCESS,,1,0.818,2026-06-07 06:16:15.661676
pay_005779,cust_01229,1850.76,INR,UPI,SUCCESS,,1,0.63,2026-06-07 07:01:15.661676
pay_003851,cust_01165,1188.29,INR,UPI,SUCCESS,,1,0.789,2026-06-07 07:04:15.661676
pay_000269,cust_02050,1271.52,INR,NETBANKING,SUCCESS,,1,0.851,2026-06-07 07:13:15.661676
pay_008132,cust_02388,2887.13,INR,WALLET,SUCCESS,,1,0.739,2026-06-07 07:42:15.661676
pay_006209,cust_01328,1718.8,INR,NETBANKING,SUCCESS,,1,0.454,2026-06-07 08:03:15.661676
pay_003457,cust_00299,4320.02,INR,CARD,FAILED,BANK_ERROR,4,0.973,2026-06-07 08:41:15.661676
pay_006612,cust_02436,3904.96,INR,NETBANKING,FAILED,TIMEOUT,4,0.843,2026-06-07 09:12:15.661676
pay_002338,cust_02827,1881.49,INR,CARD,SUCCESS,,1,0.918,2026-06-07 09:16:15.661676
pay_002639,cust_00624,791.54,INR,NETBANKING,SUCCESS,,1,0.761,2026-06-07 09:17:15.661676
pay_001485,cust_01734,2164.07,INR,NETBANKING,SUCCESS,,1,0.482,2026-06-07 09:21:15.661676
pay_000060,cust_02307,3945.91,INR,UPI,SUCCESS,,1,0.723,2026-06-07 09:48:15.661676
pay_009117,cust_01571,6570.75,INR,NETBANKING,SUCCESS,,1,0.622,2026-06-07 09:55:15.661676
pay_008960,cust_02143,1422.4,INR,CARD,SUCCESS,,1,0.879,2026-06-07 09:56:15.661676
pay_003370,cust_00884,2007.91,INR,CARD,SUCCESS,,1,0.599,2026-06-07 10:19:15.661676
pay_005365,cust_02941,1552.79,INR,CARD,FAILED,USER_CANCELLED,1,0.47,2026-06-07 10:39:15.661676
pay_000203,cust_01179,4300.3,INR,CARD,SUCCESS,,1,0.637,2026-06-07 11:07:15.661676
pay_002395,cust_00348,1691.29,INR,UPI,SUCCESS,,1,0.83,2026-06-07 11:10:15.661676
pay_005738,cust_02513,5594.96,INR,CARD,SUCCESS,,1,0.806,2026-06-07 11:34:15.661676
pay_007155,cust_01232,1328.23,INR,CARD,FAILED,LIMIT_EXCEEDED,2,0.613,2026-06-07 11:46:15.661676
pay_006744,cust_00851,547.87,INR,CARD,SUCCESS,,1,0.601,2026-06-07 11:54:15.661676
pay_006364,cust_00044,3123.06,INR,CARD,SUCCESS,,1,0.97,2026-06-07 12:00:15.661676
pay_002878,cust_00439,1059.74,INR,CARD,SUCCESS,,1,0.485,2026-06-07 12:19:15.661676
pay_000192,cust_02682,3587.17,INR,CARD,SUCCESS,,1,0.973,2026-06-07 13:13:15.661676
pay_002700,cust_01229,5235.13,INR,UPI,SUCCESS,,1,0.75,2026-06-07 13:19:15.661676
pay_003415,cust_01586,1164.34,INR,CARD,SUCCESS,,1,0.554,2026-06-07 13:43:15.661676
pay_004142,cust_00594,6705.53,INR,CARD,SUCCESS,,1,0.459,2026-06-07 13:49:15.661676
pay_003226,cust_02175,820.33,INR,NETBANKING,SUCCESS,,1,0.849,2026-06-07 13:51:15.661676
pay_009142,cust_00799,1569.11,INR,UPI,SUCCESS,,1,0.692,2026-06-07 13:57:15.661676
pay_004185,cust_01662,1232.74,INR,NETBANKING,FAILED,BANK_ERROR,3,0.511,2026-06-07 14:11:15.661676
pay_007402,cust_00961,2861.88,INR,CARD,SUCCESS,,1,0.888,2026-06-07 14:27:15.661676
pay_005485,cust_00395,268.42,INR,UPI,FAILED,USER_CANCELLED,2,0.691,2026-06-07 14:44:15.661676
pay_005854,cust_00804,826.44,INR,CARD,SUCCESS,,1,0.805,2026-06-07 14:49:15.661676
pay_008266,cust_02233,1546.35,INR,NETBANKING,SUCCESS,,1,0.71,2026-06-07 15:13:15.661676
pay_004126,cust_01768,752.64,INR,WALLET,SUCCESS,,1,0.59,2026-06-07 15:47:15.661676
pay_009403,cust_02765,507.88,INR,UPI,FAILED,TIMEOUT,2,0.831,2026-06-07 16:04:15.661676
pay_003718,cust_02616,11456.73,INR,WALLET,SUCCESS,,1,0.51,2026-06-07 16:05:15.661676
pay_003366,cust_00549,8626.61,INR,UPI,SUCCESS,,1,0.488,2026-06-07 16:20:15.661676
pay_005685,cust_00834,1151.3,INR,NETBANKING,SUCCESS,,1,0.551,2026-06-07 16:33:15.661676
pay_002284,cust_02690,824.74,INR,UPI,SUCCESS,,1,0.744,2026-06-07 16:37:15.661676
pay_000283,cust_01511,6430.54,INR,NETBANKING,SUCCESS,,1,0.978,2026-06-07 17:23:15.661676
pay_003371,cust_01384,1699.42,INR,WALLET,SUCCESS,,1,0.954,2026-06-07 17:25:15.661676
pay_007604,cust_00656,916.64,INR,UPI,SUCCESS,,1,0.502,2026-06-07 17:29:15.661676
pay_006740,cust_01774,794.46,INR,WALLET,SUCCESS,,1,0.74,2026-06-07 17:32:15.661676
pay_007872,cust_01677,8283.71,INR,WALLET,SUCCESS,,1,0.578,2026-06-07 17:35:15.661676
pay_005543,cust_00054,4813.4,INR,WALLET,SUCCESS,,1,0.717,2026-06-07 17:40:15.661676
pay_004453,cust_00039,4535.71,INR,UPI,SUCCESS,,1,0.686,2026-06-07 18:03:15.661676
pay_008482,cust_00224,1761.67,INR,CARD,FAILED,FRAUD_SUSPECTED,2,0.861,2026-06-07 18:32:15.661676
pay_002113,cust_00740,1868.21,INR,UPI,SUCCESS,,1,0.645,2026-06-07 18:48:15.661676
pay_004003,cust_01097,1834.29,INR,UPI,SUCCESS,,1,0.946,2026-06-07 19:03:15.661676
pay_007691,cust_00604,2509.27,INR,UPI,SUCCESS,,1,0.633,2026-06-07 19:03:15.661676
pay_009654,cust_01308,6092.04,INR,WALLET,FAILED,FRAUD_SUSPECTED,2,0.888,2026-06-07 19:12:15.661676
pay_002077,cust_02446,2959.03,INR,CARD,SUCCESS,,1,0.762,2026-06-07 19:44:15.661676
pay_009397,cust_00057,3009.49,INR,CARD,SUCCESS,,1,0.484,2026-06-07 19:45:15.661676
pay_003124,cust_01584,1357.74,INR,WALLET,SUCCESS,,1,0.642,2026-06-07 20:25:15.661676
pay_003432,cust_00673,5308.05,INR,UPI,SUCCESS,,1,0.45,2026-06-07 21:27:15.661676
pay_003692,cust_00289,3538.91,INR,WALLET,SUCCESS,,1,0.843,2026-06-07 21:29:15.661676
pay_005430,cust_01355,437.39,INR,CARD,SUCCESS,,1,0.841,2026-06-07 21:37:15.661676
pay_003933,cust_00987,3677.55,INR,UPI,SUCCESS,,1,0.648,2026-06-07 21:39:15.661676
pay_002931,cust_00119,3623.96,INR,WALLET,SUCCESS,,1,0.869,2026-06-07 21:42:15.661676
pay_000009,cust_00512,1241.93,INR,WALLET,SUCCESS,,1,0.898,2026-06-07 21:54:15.661676
pay_006098,cust_00756,1939.1,INR,NETBANKING,SUCCESS,,1,0.73,2026-06-07 21:56:15.661676
pay_003841,cust_02866,1106.04,INR,UPI,SUCCESS,,1,0.632,2026-06-07 22:12:15.661676
pay_008735,cust_01302,515.17,INR,UPI,SUCCESS,,1,0.65,2026-06-07 22:13:15.661676
pay_004956,cust_01962,595.0,INR,WALLET,SUCCESS,,1,0.771,2026-06-07 22:56:15.661676
pay_008309,cust_01797,1082.54,INR,CARD,SUCCESS,,1,0.724,2026-06-07 23:07:15.661676
pay_001117,cust_01680,12366.33,INR,WALLET,SUCCESS,,1,0.454,2026-06-07 23:13:15.661676
pay_003170,cust_00636,1296.24,INR,UPI,SUCCESS,,1,0.923,2026-06-07 23:20:15.661676
pay_008184,cust_02919,2022.29,INR,UPI,SUCCESS,,1,0.483,2026-06-07 23:22:15.661676
pay_007609,cust_02432,1338.99,INR,CARD,SUCCESS,,1,0.475,2026-06-07 23:32:15.661676
pay_002146,cust_01417,5954.43,INR,WALLET,SUCCESS,,1,0.619,2026-06-08 00:01:15.661676
pay_006441,cust_02903,395.54,INR,NETBANKING,SUCCESS,,1,0.466,2026-06-08 00:19:15.661676
pay_005193,cust_00131,2820.92,INR,NETBANKING,SUCCESS,,1,0.518,2026-06-08 00:33:15.661676
pay_009901,cust_01602,3818.92,INR,UPI,SUCCESS,,1,0.588,2026-06-08 00:35:15.661676
pay_004446,cust_02552,983.3,INR,UPI,SUCCESS,,1,0.599,2026-06-08 00:55:15.661676
pay_005387,cust_02189,5328.43,INR,WALLET,SUCCESS,,1,0.904,2026-06-08 01:08:15.661676
pay_009444,cust_00415,1926.89,INR,WALLET,FAILED,LIMIT_EXCEEDED,1,0.515,2026-06-08 02:04:15.661676
pay_005500,cust_02168,6500.13,INR,NETBANKING,SUCCESS,,1,0.926,2026-06-08 02:33:15.661676
pay_007815,cust_02775,1986.38,INR,WALLET,SUCCESS,,1,0.674,2026-06-08 02:36:15.661676
pay_005761,cust_02606,1851.12,INR,CARD,FAILED,NETWORK_ERROR,3,0.819,2026-06-08 03:03:15.661676
pay_007822,cust_02431,3578.43,INR,CARD,FAILED,LIMIT_EXCEEDED,4,0.938,2026-06-08 03:51:15.661676
pay_002991,cust_02840,6082.16,INR,WALLET,SUCCESS,,1,0.926,2026-06-08 04:20:15.661676
pay_007305,cust_01675,2604.51,INR,WALLET,SUCCESS,,1,0.589,2026-06-08 04:30:15.661676
pay_005526,cust_00595,1108.42,INR,UPI,SUCCESS,,1,0.542,2026-06-08 04:48:15.661676
pay_006871,cust_00385,2508.03,INR,UPI,SUCCESS,,1,0.507,2026-06-08 04:53:15.661676
pay_003237,cust_02299,4047.91,INR,CARD,SUCCESS,,1,0.55,2026-06-08 04:55:15.661676
pay_008343,cust_00099,14283.48,INR,NETBANKING,SUCCESS,,1,0.91,2026-06-08 05:03:15.661676
pay_007457,cust_02811,873.27,INR,CARD,SUCCESS,,1,0.524,2026-06-08 05:14:15.661676
pay_007308,cust_01698,5704.98,INR,WALLET,SUCCESS,,1,0.458,2026-06-08 05:15:15.661676
pay_005962,cust_02688,9742.35,INR,UPI,SUCCESS,,1,0.714,2026-06-08 05:29:15.661676
pay_007747,cust_02623,5626.42,INR,UPI,SUCCESS,,1,0.885,2026-06-08 05:32:15.661676
pay_009809,cust_00672,344.57,INR,UPI,SUCCESS,,1,0.976,2026-06-08 05:39:15.661676
pay_004648,cust_02981,1758.75,INR,WALLET,SUCCESS,,1,0.694,2026-06-08 05:40:15.661676
pay_005135,cust_00312,509.9,INR,CARD,FAILED,BANK_ERROR,1,0.672,2026-06-08 05:46:15.661676
pay_005333,cust_02624,2219.28,INR,UPI,FAILED,NETWORK_ERROR,1,0.474,2026-06-08 06:14:15.661676
pay_001878,cust_00492,1529.39,INR,UPI,SUCCESS,,1,0.796,2026-06-08 06:17:15.661676
pay_004264,cust_01603,1431.66,INR,UPI,SUCCESS,,1,0.568,2026-06-08 07:04:15.661676
pay_006174,cust_00456,628.67,INR,UPI,SUCCESS,,1,0.679,2026-06-08 07:26:15.661676
pay_006368,cust_01529,286.81,INR,NETBANKING,SUCCESS,,1,0.878,2026-06-08 07:31:15.661676
pay_006223,cust_02798,1686.37,INR,CARD,SUCCESS,,1,0.688,2026-06-08 07:34:15.661676
pay_007596,cust_02663,1065.64,INR,NETBANKING,SUCCESS,,1,0.681,2026-06-08 07:55:15.661676
pay_002595,cust_00477,3564.38,INR,WALLET,SUCCESS,,1,0.504,2026-06-08 07:55:15.661676
pay_008749,cust_01134,378.54,INR,WALLET,SUCCESS,,1,0.751,2026-06-08 08:05:15.661676
pay_002058,cust_01285,3639.17,INR,NETBANKING,SUCCESS,,1,0.723,2026-06-08 08:09:15.661676
pay_007637,cust_02519,751.38,INR,NETBANKING,SUCCESS,,1,0.886,2026-06-08 08:32:15.661676
pay_006743,cust_00416,515.74,INR,WALLET,SUCCESS,,1,0.769,2026-06-08 08:40:15.661676
pay_002407,cust_02007,639.28,INR,CARD,SUCCESS,,1,0.783,2026-06-08 09:01:15.661676
pay_009808,cust_01771,3948.95,INR,WALLET,SUCCESS,,1,0.659,2026-06-08 09:02:15.661676
pay_008845,cust_02778,2561.04,INR,CARD,SUCCESS,,1,0.937,2026-06-08 09:21:15.661676
pay_007538,cust_01179,331.6,INR,CARD,SUCCESS,,1,0.498,2026-06-08 09:52:15.661676
pay_009093,cust_00083,716.77,INR,UPI,SUCCESS,,1,0.909,2026-06-08 10:02:15.661676
pay_004061,cust_01589,3294.21,INR,CARD,SUCCESS,,1,0.955,2026-06-08 10:40:15.661676
pay_001614,cust_01005,1698.89,INR,WALLET,SUCCESS,,1,0.778,2026-06-08 10:40:15.661676
pay_009282,cust_02013,1968.83,INR,UPI,SUCCESS,,1,0.981,2026-06-08 10:41:15.661676
pay_002220,cust_01886,1483.83,INR,UPI,SUCCESS,,1,0.898,2026-06-08 10:42:15.661676
pay_001570,cust_00041,1184.12,INR,UPI,SUCCESS,,1,0.667,2026-06-08 10:58:15.661676
pay_006782,cust_01827,1820.8,INR,WALLET,SUCCESS,,1,0.661,2026-06-08 11:01:15.661676
pay_005611,cust_02394,3064.46,INR,UPI,SUCCESS,,1,0.785,2026-06-08 11:27:15.661676
pay_002039,cust_00985,1771.43,INR,NETBANKING,FAILED,CARD_EXPIRED,4,0.475,2026-06-08 11:32:15.661676
pay_006340,cust_00102,1743.94,INR,WALLET,SUCCESS,,1,0.947,2026-06-08 11:32:15.661676
pay_001055,cust_01636,1164.16,INR,NETBANKING,SUCCESS,,1,0.685,2026-06-08 11:37:15.661676
pay_001565,cust_02069,3259.98,INR,CARD,SUCCESS,,1,0.836,2026-06-08 11:57:15.661676
pay_005861,cust_02817,4888.91,INR,NETBANKING,SUCCESS,,1,0.948,2026-06-08 12:10:15.661676
pay_007399,cust_00113,2453.04,INR,WALLET,FAILED,TIMEOUT,1,0.732,2026-06-08 12:18:15.661676
pay_007964,cust_01304,3255.87,INR,CARD,SUCCESS,,1,0.452,2026-06-08 12:37:15.661676
pay_009769,cust_00232,3173.54,INR,NETBANKING,SUCCESS,,1,0.482,2026-06-08 12:45:15.661676
pay_007194,cust_00731,3995.62,INR,CARD,SUCCESS,,1,0.916,2026-06-08 12:51:15.661676
pay_000700,cust_02734,1559.43,INR,UPI,SUCCESS,,1,0.886,2026-06-08 12:59:15.661676
pay_001483,cust_02388,7198.09,INR,WALLET,SUCCESS,,1,0.522,2026-06-08 13:03:15.661676
pay_002063,cust_01905,2470.98,INR,UPI,SUCCESS,,1,0.509,2026-06-08 13:14:15.661676
pay_004287,cust_01845,1253.75,INR,CARD,SUCCESS,,1,0.915,2026-06-08 13:31:15.661676
pay_002255,cust_02165,663.87,INR,CARD,SUCCESS,,1,0.79,2026-06-08 13:40:15.661676
pay_007519,cust_01239,269.56,INR,CARD,SUCCESS,,1,0.785,2026-06-08 13:43:15.661676
pay_009583,cust_00613,530.55,INR,WALLET,SUCCESS,,1,0.766,2026-06-08 14:16:15.661676
pay_008402,cust_01512,4591.64,INR,NETBANKING,SUCCESS,,1,0.903,2026-06-08 14:18:15.661676
pay_008412,cust_01399,4044.56,INR,WALLET,SUCCESS,,1,0.527,2026-06-08 14:19:15.661676
pay_000623,cust_01273,8148.75,INR,NETBANKING,SUCCESS,,1,0.454,2026-06-08 14:28:15.661676
pay_006357,cust_00217,10063.4,INR,WALLET,SUCCESS,,1,0.782,2026-06-08 14:32:15.661676
pay_001295,cust_00697,1930.36,INR,CARD,SUCCESS,,1,0.732,2026-06-08 14:40:15.661676
pay_007592,cust_01222,2940.57,INR,WALLET,SUCCESS,,1,0.979,2026-06-08 15:40:15.661676
pay_006257,cust_00192,5496.19,INR,UPI,SUCCESS,,1,0.628,2026-06-08 15:41:15.661676
pay_007575,cust_01513,1004.41,INR,UPI,SUCCESS,,1,0.814,2026-06-08 15:42:15.661676
pay_008491,cust_01495,4980.72,INR,NETBANKING,SUCCESS,,1,0.683,2026-06-08 15:52:15.661676
pay_006874,cust_01072,1256.19,INR,UPI,SUCCESS,,1,0.842,2026-06-08 15:53:15.661676
pay_007736,cust_00336,474.66,INR,CARD,SUCCESS,,1,0.72,2026-06-08 15:58:15.661676
pay_003979,cust_01734,2848.31,INR,WALLET,SUCCESS,,1,0.975,2026-06-08 16:03:15.661676
pay_007770,cust_02583,4597.29,INR,CARD,SUCCESS,,1,0.942,2026-06-08 16:10:15.661676
pay_006516,cust_02240,1029.71,INR,WALLET,SUCCESS,,1,0.579,2026-06-08 16:13:15.661676
pay_006271,cust_01332,1353.06,INR,UPI,FAILED,BANK_ERROR,3,0.973,2026-06-08 17:29:15.661676
pay_007046,cust_01196,1159.7,INR,CARD,FAILED,INSUFFICIENT_FUNDS,4,0.585,2026-06-08 17:31:15.661676
pay_008174,cust_00550,965.52,INR,UPI,SUCCESS,,1,0.718,2026-06-08 17:51:15.661676
pay_000797,cust_02348,1751.72,INR,WALLET,SUCCESS,,1,0.691,2026-06-08 18:02:15.661676
pay_005701,cust_02965,1771.54,INR,WALLET,SUCCESS,,1,0.495,2026-06-08 18:16:15.661676
pay_009771,cust_00039,100.0,INR,CARD,SUCCESS,,1,0.732,2026-06-08 18:21:15.661676
pay_008246,cust_00752,614.2,INR,WALLET,SUCCESS,,1,0.827,2026-06-08 18:22:15.661676
pay_009265,cust_00140,857.06,INR,CARD,SUCCESS,,1,0.713,2026-06-08 18:49:15.661676
pay_009499,cust_02788,1905.91,INR,NETBANKING,SUCCESS,,1,0.936,2026-06-08 18:57:15.661676
pay_001349,cust_00271,605.77,INR,WALLET,SUCCESS,,1,0.795,2026-06-08 18:59:15.661676
pay_005853,cust_02390,2950.9,INR,UPI,SUCCESS,,1,0.813,2026-06-08 19:00:15.661676
pay_005113,cust_02832,1751.25,INR,NETBANKING,SUCCESS,,1,0.966,2026-06-08 19:20:15.661676
pay_004700,cust_01913,1242.27,INR,NETBANKING,SUCCESS,,1,0.742,2026-06-08 19:47:15.661676
pay_003803,cust_00021,682.78,INR,UPI,SUCCESS,,1,0.802,2026-06-08 20:06:15.661676
pay_006131,cust_02519,2302.08,INR,NETBANKING,SUCCESS,,1,0.79,2026-06-08 20:06:15.661676
pay_002768,cust_00490,2601.37,INR,NETBANKING,SUCCESS,,1,0.668,2026-06-08 20:25:15.661676
pay_008638,cust_01358,728.87,INR,UPI,FAILED,BANK_ERROR,1,0.878,2026-06-08 20:34:15.661676
pay_006866,cust_00855,4123.79,INR,NETBANKING,SUCCESS,,1,0.989,2026-06-08 20:50:15.661676
pay_005354,cust_00823,4581.62,INR,UPI,FAILED,BANK_ERROR,1,0.768,2026-06-08 21:05:15.661676
pay_003092,cust_01825,3320.17,INR,WALLET,SUCCESS,,1,0.638,2026-06-08 21:11:15.661676
pay_003392,cust_02459,951.22,INR,WALLET,FAILED,NETWORK_ERROR,3,0.763,2026-06-08 21:37:15.661676
pay_001634,cust_00287,4121.48,INR,NETBANKING,SUCCESS,,1,0.516,2026-06-08 21:45:15.661676
pay_009482,cust_02077,1276.4,INR,CARD,SUCCESS,,1,0.967,2026-06-08 21:47:15.661676
pay_006639,cust_01477,1315.94,INR,NETBANKING,SUCCESS,,1,0.725,2026-06-08 21:57:15.661676
pay_004764,cust_02819,2458.64,INR,NETBANKING,SUCCESS,,1,0.579,2026-06-08 21:59:15.661676
pay_003095,cust_00197,905.87,INR,CARD,SUCCESS,,1,0.536,2026-06-08 22:18:15.661676
pay_004145,cust_02328,536.4,INR,UPI,SUCCESS,,1,0.782,2026-06-08 22:28:15.661676
pay_000212,cust_03000,4484.81,INR,CARD,FAILED,NETWORK_ERROR,4,0.545,2026-06-08 22:39:15.661676
pay_001514,cust_01100,406.17,INR,WALLET,SUCCESS,,1,0.888,2026-06-08 22:51:15.661676
pay_006507,cust_00091,4988.38,INR,NETBANKING,SUCCESS,,1,0.837,2026-06-08 22:55:15.661676
pay_001459,cust_01047,5073.58,INR,NETBANKING,FAILED,FRAUD_SUSPECTED,3,0.564,2026-06-08 22:55:15.661676
pay_007959,cust_02343,1945.07,INR,NETBANKING,SUCCESS,,1,0.835,2026-06-08 22:58:15.661676
pay_008704,cust_00401,3012.57,INR,UPI,SUCCESS,,1,0.813,2026-06-08 23:00:15.661676
pay_000217,cust_01628,974.32,INR,NETBANKING,SUCCESS,,1,0.458,2026-06-08 23:02:15.661676
pay_004286,cust_01318,2127.26,INR,WALLET,SUCCESS,,1,0.966,2026-06-08 23:08:15.661676
pay_007500,cust_02484,1566.04,INR,UPI,SUCCESS,,1,0.452,2026-06-08 23:22:15.661676
pay_004567,cust_01104,3575.91,INR,NETBANKING,SUCCESS,,1,0.763,2026-06-08 23:23:15.661676
pay_004779,cust_02859,752.79,INR,NETBANKING,FAILED,NETWORK_ERROR,4,0.833,2026-06-08 23:33:15.661676
pay_006711,cust_01841,4264.3,INR,WALLET,SUCCESS,,1,0.948,2026-06-08 23:37:15.661676
pay_008792,cust_01602,1288.04,INR,UPI,SUCCESS,,1,0.868,2026-06-08 23:41:15.661676
pay_003878,cust_01823,2196.02,INR,UPI,SUCCESS,,1,0.905,2026-06-09 00:11:15.661676
pay_004086,cust_00279,1511.03,INR,UPI,SUCCESS,,1,0.538,2026-06-09 00:16:15.661676
pay_001617,cust_01565,2296.18,INR,NETBANKING,SUCCESS,,1,0.504,2026-06-09 00:36:15.661676
pay_007603,cust_01015,2665.88,INR,UPI,SUCCESS,,1,0.923,2026-06-09 00:41:15.661676
pay_004439,cust_00180,1376.81,INR,CARD,SUCCESS,,1,0.924,2026-06-09 00:47:15.661676
pay_006481,cust_02067,3148.16,INR,WALLET,SUCCESS,,1,0.653,2026-06-09 00:48:15.661676
pay_006448,cust_02214,1250.11,INR,WALLET,SUCCESS,,1,0.858,2026-06-09 00:55:15.661676
pay_005290,cust_01075,3745.59,INR,UPI,FAILED,CARD_EXPIRED,2,0.93,2026-06-09 01:01:15.661676
pay_006701,cust_01488,4688.52,INR,NETBANKING,SUCCESS,,1,0.683,2026-06-09 01:21:15.661676
pay_003807,cust_02860,1858.96,INR,UPI,SUCCESS,,1,0.651,2026-06-09 01:34:15.661676
pay_003651,cust_01227,2506.0,INR,WALLET,SUCCESS,,1,0.811,2026-06-09 01:39:15.661676
pay_009509,cust_00943,1309.02,INR,NETBANKING,SUCCESS,,1,0.949,2026-06-09 01:55:15.661676
pay_003980,cust_01924,780.77,INR,WALLET,FAILED,CARD_EXPIRED,4,0.475,2026-06-09 01:57:15.661676
pay_003466,cust_02848,620.56,INR,WALLET,SUCCESS,,1,0.547,2026-06-09 02:00:15.661676
pay_009119,cust_02152,1691.65,INR,UPI,FAILED,BANK_ERROR,1,0.602,2026-06-09 02:13:15.661676
pay_006831,cust_01915,2575.64,INR,UPI,SUCCESS,,1,0.475,2026-06-09 03:15:15.661676
pay_001591,cust_01688,766.85,INR,UPI,SUCCESS,,1,0.93,2026-06-09 03:17:15.661676
pay_008739,cust_02324,5898.76,INR,CARD,FAILED,INSUFFICIENT_FUNDS,4,0.964,2026-06-09 03:20:15.661676
pay_003711,cust_01151,573.22,INR,UPI,SUCCESS,,1,0.975,2026-06-09 03:23:15.661676
pay_009062,cust_00265,1863.18,INR,WALLET,SUCCESS,,1,0.768,2026-06-09 03:32:15.661676
pay_007969,cust_01789,1307.88,INR,CARD,SUCCESS,,1,0.871,2026-06-09 03:34:15.661676
pay_003956,cust_02249,1108.64,INR,WALLET,FAILED,CARD_EXPIRED,3,0.534,2026-06-09 03:34:15.661676
pay_008506,cust_02925,1415.86,INR,NETBANKING,SUCCESS,,1,0.948,2026-06-09 03:38:15.661676
pay_000464,cust_01843,2145.62,INR,NETBANKING,SUCCESS,,1,0.898,2026-06-09 03:45:15.661676
pay_009163,cust_01477,3092.74,INR,UPI,SUCCESS,,1,0.682,2026-06-09 03:53:15.661676
pay_006498,cust_02500,4654.14,INR,CARD,SUCCESS,,1,0.94,2026-06-09 03:54:15.661676
pay_007099,cust_02571,896.06,INR,WALLET,SUCCESS,,1,0.904,2026-06-09 03:54:15.661676
pay_001508,cust_02242,3882.54,INR,WALLET,SUCCESS,,1,0.546,2026-06-09 03:56:15.661676
pay_007567,cust_00524,1357.33,INR,NETBANKING,SUCCESS,,1,0.633,2026-06-09 04:00:15.661676
pay_008117,cust_01094,803.25,INR,NETBANKING,SUCCESS,,1,0.553,2026-06-09 04:04:15.661676
pay_006537,cust_02038,844.92,INR,UPI,SUCCESS,,1,0.91,2026-06-09 04:32:15.661676
pay_007008,cust_02447,5338.84,INR,UPI,SUCCESS,,1,0.904,2026-06-09 04:34:15.661676
pay_002500,cust_01237,2373.31,INR,WALLET,SUCCESS,,1,0.803,2026-06-09 04:36:15.661676
pay_002652,cust_02418,6096.24,INR,UPI,FAILED,INSUFFICIENT_FUNDS,1,0.538,2026-06-09 04:36:15.661676
pay_006389,cust_00162,3547.55,INR,NETBANKING,FAILED,TIMEOUT,2,0.698,2026-06-09 04:44:15.661676
pay_000631,cust_02915,466.86,INR,NETBANKING,SUCCESS,,1,0.575,2026-06-09 04:59:15.661676
pay_003134,cust_00583,5978.65,INR,CARD,SUCCESS,,1,0.599,2026-06-09 05:20:15.661676
pay_000177,cust_02263,1826.95,INR,WALLET,SUCCESS,,1,0.904,2026-06-09 05:23:15.661676
pay_003181,cust_01027,3955.01,INR,WALLET,SUCCESS,,1,0.984,2026-06-09 05:24:15.661676
pay_002105,cust_00835,698.18,INR,UPI,SUCCESS,,1,0.456,2026-06-09 05:30:15.661676
pay_000093,cust_01163,1031.08,INR,NETBANKING,SUCCESS,,1,0.856,2026-06-09 05:46:15.661676
pay_005292,cust_00422,2605.42,INR,WALLET,SUCCESS,,1,0.729,2026-06-09 05:49:15.661676
pay_006956,cust_01464,444.33,INR,CARD,SUCCESS,,1,0.948,2026-06-09 05:50:15.661676
pay_000491,cust_02678,1796.55,INR,UPI,SUCCESS,,1,0.654,2026-06-09 06:01:15.661676
pay_008104,cust_01931,403.46,INR,CARD,SUCCESS,,1,0.534,2026-06-09 06:13:15.661676
pay_005265,cust_02503,4688.5,INR,CARD,SUCCESS,,1,0.75,2026-06-09 06:15:15.661676
pay_009394,cust_00634,1763.39,INR,UPI,SUCCESS,,1,0.589,2026-06-09 06:24:15.661676
pay_001043,cust_02342,4285.29,INR,CARD,SUCCESS,,1,0.642,2026-06-09 07:44:15.661676
pay_002604,cust_01770,698.03,INR,NETBANKING,FAILED,INSUFFICIENT_FUNDS,2,0.555,2026-06-09 08:21:15.661676
pay_002689,cust_00105,3312.41,INR,CARD,SUCCESS,,1,0.697,2026-06-09 08:23:15.661676
pay_000645,cust_02254,1485.35,INR,CARD,SUCCESS,,1,0.884,2026-06-09 08:41:15.661676
pay_002406,cust_02581,5283.63,INR,UPI,SUCCESS,,1,0.562,2026-06-09 10:08:15.661676
pay_005055,cust_00581,683.16,INR,UPI,FAILED,INSUFFICIENT_FUNDS,2,0.561,2026-06-09 10:16:15.661676
pay_008178,cust_00875,6140.52,INR,NETBANKING,FAILED,USER_CANCELLED,3,0.826,2026-06-09 10:21:15.661676
pay_002775,cust_00243,1220.57,INR,NETBANKING,SUCCESS,,1,0.97,2026-06-09 10:22:15.661676
pay_005059,cust_00573,1618.4,INR,UPI,FAILED,FRAUD_SUSPECTED,1,0.909,2026-06-09 10:37:15.661676
pay_004732,cust_01031,1737.31,INR,CARD,SUCCESS,,1,0.776,2026-06-09 10:42:15.661676
pay_004530,cust_02330,1163.53,INR,UPI,FAILED,USER_CANCELLED,2,0.816,2026-06-09 10:43:15.661676
pay_007061,cust_02542,6178.61,INR,WALLET,FAILED,USER_CANCELLED,2,0.621,2026-06-09 10:47:15.661676
pay_009415,cust_01765,678.91,INR,UPI,SUCCESS,,1,0.872,2026-06-09 10:51:15.661676
pay_004337,cust_00123,478.73,INR,UPI,SUCCESS,,1,0.524,2026-06-09 11:00:15.661676
pay_006609,cust_02913,963.2,INR,WALLET,SUCCESS,,1,0.634,2026-06-09 11:10:15.661676
pay_005798,cust_01136,1470.65,INR,NETBANKING,SUCCESS,,1,0.776,2026-06-09 11:25:15.661676
pay_003273,cust_02311,3659.66,INR,NETBANKING,SUCCESS,,1,0.787,2026-06-09 11:40:15.661676
pay_007520,cust_01918,3090.35,INR,WALLET,SUCCESS,,1,0.544,2026-06-09 11:54:15.661676
pay_001023,cust_01320,1773.16,INR,UPI,SUCCESS,,1,0.486,2026-06-09 12:02:15.661676
pay_004217,cust_01337,7984.98,INR,CARD,SUCCESS,,1,0.892,2026-06-09 12:19:15.661676
pay_009457,cust_00608,3378.16,INR,CARD,SUCCESS,,1,0.526,2026-06-09 12:24:15.661676
pay_002752,cust_02205,6364.02,INR,CARD,FAILED,USER_CANCELLED,4,0.739,2026-06-09 12:50:15.661676
pay_006828,cust_00284,1790.34,INR,WALLET,SUCCESS,,1,0.819,2026-06-09 12:58:15.661676
pay_000374,cust_01016,3894.87,INR,CARD,SUCCESS,,1,0.961,2026-06-09 13:15:15.661676
pay_001826,cust_00030,2574.87,INR,UPI,SUCCESS,,1,0.878,2026-06-09 13:19:15.661676
pay_000042,cust_00780,2073.71,INR,UPI,SUCCESS,,1,0.641,2026-06-09 13:30:15.661676
pay_004753,cust_01294,1497.07,INR,WALLET,SUCCESS,,1,0.718,2026-06-09 13:31:15.661676
pay_002529,cust_02601,9369.69,INR,NETBANKING,SUCCESS,,1,0.46,2026-06-09 13:59:15.661676
pay_009953,cust_00480,887.25,INR,CARD,SUCCESS,,1,0.661,2026-06-09 14:05:15.661676
pay_002968,cust_02985,1145.64,INR,CARD,SUCCESS,,1,0.566,2026-06-09 14:10:15.661676
pay_001168,cust_02862,2838.77,INR,WALLET,SUCCESS,,1,0.82,2026-06-09 14:14:15.661676
pay_001224,cust_01294,2517.54,INR,UPI,FAILED,LIMIT_EXCEEDED,4,0.78,2026-06-09 14:27:15.661676
pay_004498,cust_00251,4279.02,INR,CARD,SUCCESS,,1,0.616,2026-06-09 15:12:15.661676
pay_008524,cust_02448,802.08,INR,NETBANKING,SUCCESS,,1,0.632,2026-06-09 15:24:15.661676
pay_001590,cust_01480,1937.04,INR,WALLET,SUCCESS,,1,0.68,2026-06-09 15:49:15.661676
pay_000865,cust_00276,1107.4,INR,NETBANKING,SUCCESS,,1,0.764,2026-06-09 16:17:15.661676
pay_006560,cust_01965,5550.3,INR,NETBANKING,SUCCESS,,1,0.715,2026-06-09 16:25:15.661676
pay_000472,cust_02037,286.71,INR,WALLET,SUCCESS,,1,0.84,2026-06-09 17:10:15.661676
pay_004936,cust_01199,2792.56,INR,CARD,SUCCESS,,1,0.689,2026-06-09 17:17:15.661676
pay_008697,cust_01411,11807.61,INR,UPI,SUCCESS,,1,0.49,2026-06-09 18:16:15.661676
pay_000228,cust_00968,763.42,INR,NETBANKING,FAILED,NETWORK_ERROR,3,0.483,2026-06-09 18:48:15.661676
pay_009636,cust_00636,586.77,INR,WALLET,FAILED,NETWORK_ERROR,4,0.76,2026-06-09 18:49:15.661676
pay_002351,cust_02521,4221.51,INR,NETBANKING,SUCCESS,,1,0.539,2026-06-09 19:03:15.661676
pay_001402,cust_00552,2777.54,INR,UPI,SUCCESS,,1,0.898,2026-06-09 19:21:15.661676
pay_008647,cust_01259,310.34,INR,WALLET,SUCCESS,,1,0.587,2026-06-09 19:26:15.661676
pay_004321,cust_02825,1779.52,INR,NETBANKING,SUCCESS,,1,0.536,2026-06-09 19:34:15.661676
pay_004097,cust_00313,2911.41,INR,CARD,SUCCESS,,1,0.496,2026-06-09 19:37:15.661676
pay_003833,cust_00417,4141.74,INR,CARD,FAILED,TIMEOUT,4,0.871,2026-06-09 19:37:15.661676
pay_004047,cust_00896,3167.06,INR,NETBANKING,SUCCESS,,1,0.506,2026-06-09 19:41:15.661676
pay_006246,cust_01357,2692.51,INR,UPI,SUCCESS,,1,0.804,2026-06-09 19:53:15.661676
pay_004899,cust_02022,3092.48,INR,NETBANKING,FAILED,BANK_ERROR,4,0.683,2026-06-09 19:56:15.661676
pay_003379,cust_01313,2710.19,INR,CARD,FAILED,FRAUD_SUSPECTED,3,0.935,2026-06-09 20:06:15.661676
pay_005900,cust_01389,4330.53,INR,WALLET,SUCCESS,,1,0.716,2026-06-09 20:08:15.661676
pay_003160,cust_01269,2322.84,INR,NETBANKING,SUCCESS,,1,0.765,2026-06-09 20:09:15.661676
pay_002187,cust_00601,578.73,INR,UPI,SUCCESS,,1,0.848,2026-06-09 20:12:15.661676
pay_003694,cust_02906,4212.85,INR,CARD,SUCCESS,,1,0.59,2026-06-09 20:14:15.661676
pay_001991,cust_01864,3430.04,INR,WALLET,SUCCESS,,1,0.524,2026-06-09 20:43:15.661676
pay_008356,cust_01340,3883.78,INR,NETBANKING,SUCCESS,,1,0.622,2026-06-09 21:16:15.661676
pay_008976,cust_02477,870.64,INR,UPI,SUCCESS,,1,0.946,2026-06-09 21:32:15.661676
pay_002114,cust_00852,810.99,INR,WALLET,SUCCESS,,1,0.462,2026-06-09 21:41:15.661676
pay_004480,cust_00192,4201.15,INR,CARD,SUCCESS,,1,0.488,2026-06-09 22:15:15.661676
pay_001031,cust_00885,1471.59,INR,UPI,SUCCESS,,1,0.737,2026-06-09 22:53:15.661676
pay_004289,cust_01421,6046.92,INR,UPI,SUCCESS,,1,0.583,2026-06-09 22:58:15.661676
pay_002621,cust_01537,3176.72,INR,UPI,SUCCESS,,1,0.635,2026-06-09 23:21:15.661676
pay_005089,cust_02760,1934.52,INR,UPI,SUCCESS,,1,0.872,2026-06-09 23:30:15.661676
pay_002001,cust_00452,1053.48,INR,CARD,FAILED,NETWORK_ERROR,1,0.782,2026-06-10 00:00:15.661676
pay_005806,cust_02693,2017.06,INR,WALLET,SUCCESS,,1,0.672,2026-06-10 00:15:15.661676
pay_000126,cust_02829,10429.2,INR,CARD,SUCCESS,,1,0.613,2026-06-10 00:22:15.661676
pay_006657,cust_02375,654.96,INR,CARD,SUCCESS,,1,0.887,2026-06-10 00:36:15.661676
pay_004104,cust_00449,3673.69,INR,WALLET,SUCCESS,,1,0.527,2026-06-10 00:38:15.661676
pay_006431,cust_01295,1093.42,INR,CARD,SUCCESS,,1,0.521,2026-06-10 00:53:15.661676
pay_000007,cust_00882,6395.63,INR,NETBANKING,SUCCESS,,1,0.502,2026-06-10 01:02:15.661676
pay_003485,cust_02491,805.55,INR,NETBANKING,SUCCESS,,1,0.985,2026-06-10 01:04:15.661676
pay_006099,cust_00179,2178.59,INR,NETBANKING,FAILED,USER_CANCELLED,2,0.867,2026-06-10 01:13:15.661676
pay_005168,cust_00098,1602.8,INR,NETBANKING,SUCCESS,,1,0.941,2026-06-10 01:18:15.661676
pay_003443,cust_02014,2023.91,INR,CARD,SUCCESS,,1,0.591,2026-06-10 01:19:15.661676
pay_007713,cust_01434,1483.46,INR,UPI,SUCCESS,,1,0.539,2026-06-10 01:24:15.661676
pay_007765,cust_00169,5850.49,INR,NETBANKING,SUCCESS,,1,0.781,2026-06-10 01:29:15.661676
pay_008091,cust_01835,780.28,INR,WALLET,SUCCESS,,1,0.565,2026-06-10 01:52:15.661676
pay_009685,cust_01517,968.89,INR,UPI,SUCCESS,,1,0.62,2026-06-10 01:52:15.661676
pay_005613,cust_02933,4150.09,INR,WALLET,SUCCESS,,1,0.709,2026-06-10 01:57:15.661676
pay_005697,cust_01277,1313.01,INR,CARD,SUCCESS,,1,0.923,2026-06-10 02:19:15.661676
pay_000277,cust_00605,2120.16,INR,CARD,SUCCESS,,1,0.557,2026-06-10 02:20:15.661676
pay_002606,cust_02173,1559.9,INR,WALLET,SUCCESS,,1,0.951,2026-06-10 02:35:15.661676
pay_004690,cust_02162,1228.65,INR,UPI,SUCCESS,,1,0.909,2026-06-10 02:40:15.661676
pay_002429,cust_00318,4444.77,INR,CARD,SUCCESS,,1,0.601,2026-06-10 02:43:15.661676
pay_005288,cust_00173,5381.39,INR,UPI,FAILED,INSUFFICIENT_FUNDS,3,0.656,2026-06-10 03:00:15.661676
pay_006684,cust_00692,1735.59,INR,CARD,SUCCESS,,1,0.756,2026-06-10 03:07:15.661676
pay_009380,cust_01379,2050.25,INR,NETBANKING,SUCCESS,,1,0.802,2026-06-10 03:10:15.661676
pay_003276,cust_00068,5347.34,INR,UPI,SUCCESS,,1,0.524,2026-06-10 03:11:15.661676
pay_005241,cust_01961,1666.37,INR,NETBANKING,SUCCESS,,1,0.749,2026-06-10 03:23:15.661676
pay_001241,cust_01809,1335.02,INR,NETBANKING,SUCCESS,,1,0.488,2026-06-10 03:24:15.661676
pay_006970,cust_01858,3502.12,INR,WALLET,SUCCESS,,1,0.633,2026-06-10 03:27:15.661676
pay_008529,cust_02645,4057.42,INR,NETBANKING,SUCCESS,,1,0.926,2026-06-10 03:38:15.661676
pay_008031,cust_01925,1297.33,INR,NETBANKING,SUCCESS,,1,0.751,2026-06-10 03:56:15.661676
pay_006883,cust_01488,1009.12,INR,WALLET,SUCCESS,,1,0.857,2026-06-10 03:59:15.661676
pay_007907,cust_02582,1936.19,INR,UPI,SUCCESS,,1,0.938,2026-06-10 04:00:15.661676
pay_003213,cust_01595,6862.17,INR,WALLET,SUCCESS,,1,0.869,2026-06-10 04:01:15.661676
pay_008851,cust_00910,8064.71,INR,CARD,SUCCESS,,1,0.659,2026-06-10 04:10:15.661676
pay_002091,cust_00068,2348.18,INR,WALLET,SUCCESS,,1,0.856,2026-06-10 04:14:15.661676
pay_005115,cust_01029,1624.01,INR,UPI,SUCCESS,,1,0.977,2026-06-10 04:22:15.661676
pay_000629,cust_02979,1890.47,INR,NETBANKING,SUCCESS,,1,0.981,2026-06-10 04:50:15.661676
pay_002718,cust_01777,3670.87,INR,NETBANKING,FAILED,USER_CANCELLED,4,0.753,2026-06-10 04:52:15.661676
pay_003340,cust_01765,7609.01,INR,CARD,SUCCESS,,1,0.87,2026-06-10 05:09:15.661676
pay_009480,cust_01399,4168.12,INR,UPI,SUCCESS,,1,0.892,2026-06-10 05:10:15.661676
pay_005499,cust_00113,312.47,INR,NETBANKING,SUCCESS,,1,0.698,2026-06-10 05:23:15.661676
pay_009523,cust_00706,3877.74,INR,NETBANKING,SUCCESS,,1,0.541,2026-06-10 05:29:15.661676
pay_008864,cust_01623,480.24,INR,CARD,SUCCESS,,1,0.724,2026-06-10 05:38:15.661676
pay_002792,cust_00098,1157.55,INR,WALLET,SUCCESS,,1,0.711,2026-06-10 05:39:15.661676
pay_008605,cust_02855,2953.1,INR,UPI,FAILED,CARD_EXPIRED,3,0.852,2026-06-10 05:43:15.661676
pay_004872,cust_02402,5367.37,INR,CARD,SUCCESS,,1,0.567,2026-06-10 06:01:15.661676
pay_003995,cust_02015,346.52,INR,NETBANKING,SUCCESS,,1,0.453,2026-06-10 06:08:15.661676
pay_007903,cust_02272,2467.73,INR,NETBANKING,SUCCESS,,1,0.76,2026-06-10 06:20:15.661676
pay_008023,cust_02000,424.29,INR,CARD,SUCCESS,,1,0.478,2026-06-10 06:38:15.661676
pay_009131,cust_02923,4800.33,INR,CARD,SUCCESS,,1,0.971,2026-06-10 06:41:15.661676
pay_009170,cust_01538,2377.44,INR,NETBANKING,SUCCESS,,1,0.746,2026-06-10 07:29:15.661676
pay_001843,cust_02867,1165.63,INR,UPI,SUCCESS,,1,0.837,2026-06-10 08:10:15.661676
pay_000129,cust_01721,1958.08,INR,WALLET,SUCCESS,,1,0.646,2026-06-10 08:19:15.661676
pay_003640,cust_01888,2607.75,INR,CARD,SUCCESS,,1,0.48,2026-06-10 08:39:15.661676
pay_001164,cust_02767,484.77,INR,UPI,SUCCESS,,1,0.497,2026-06-10 09:10:15.661676
pay_006733,cust_02125,2034.16,INR,UPI,FAILED,USER_CANCELLED,1,0.55,2026-06-10 09:10:15.661676
pay_004933,cust_02853,6170.81,INR,NETBANKING,SUCCESS,,1,0.536,2026-06-10 09:22:15.661676
pay_002320,cust_00615,749.85,INR,UPI,SUCCESS,,1,0.886,2026-06-10 09:50:15.661676
pay_005211,cust_02751,1969.9,INR,UPI,SUCCESS,,1,0.797,2026-06-10 09:51:15.661676
pay_006091,cust_02925,3282.26,INR,NETBANKING,SUCCESS,,1,0.757,2026-06-10 10:06:15.661676
pay_003146,cust_01231,2633.41,INR,NETBANKING,SUCCESS,,1,0.75,2026-06-10 10:24:15.661676
pay_004903,cust_01046,794.79,INR,NETBANKING,SUCCESS,,1,0.932,2026-06-10 10:26:15.661676
pay_001855,cust_00518,4025.75,INR,CARD,SUCCESS,,1,0.741,2026-06-10 10:36:15.661676
pay_006146,cust_00303,1516.12,INR,WALLET,SUCCESS,,1,0.86,2026-06-10 10:40:15.661676
pay_009544,cust_01276,1146.99,INR,WALLET,SUCCESS,,1,0.503,2026-06-10 10:42:15.661676
pay_005945,cust_01396,2681.97,INR,CARD,SUCCESS,,1,0.762,2026-06-10 10:42:15.661676
pay_009133,cust_00538,2197.95,INR,CARD,SUCCESS,,1,0.714,2026-06-10 11:16:15.661676
pay_000487,cust_01764,1077.87,INR,CARD,FAILED,INSUFFICIENT_FUNDS,2,0.554,2026-06-10 11:32:15.661676
pay_002112,cust_02441,1587.26,INR,UPI,SUCCESS,,1,0.591,2026-06-10 11:40:15.661676
pay_005786,cust_01225,2901.28,INR,UPI,SUCCESS,,1,0.533,2026-06-10 11:41:15.661676
pay_001930,cust_01223,8661.8,INR,NETBANKING,SUCCESS,,1,0.931,2026-06-10 11:52:15.661676
pay_004401,cust_02873,2670.03,INR,NETBANKING,SUCCESS,,1,0.821,2026-06-10 11:54:15.661676
pay_007044,cust_01506,534.93,INR,WALLET,SUCCESS,,1,0.685,2026-06-10 12:19:15.661676
pay_003080,cust_00903,1482.04,INR,NETBANKING,SUCCESS,,1,0.812,2026-06-10 12:21:15.661676
pay_003608,cust_01501,4296.64,INR,WALLET,SUCCESS,,1,0.466,2026-06-10 12:23:15.661676
pay_009992,cust_02130,2107.3,INR,UPI,SUCCESS,,1,0.634,2026-06-10 12:25:15.661676
pay_003495,cust_01203,2722.21,INR,WALLET,SUCCESS,,1,0.627,2026-06-10 12:39:15.661676
pay_002933,cust_01820,887.68,INR,NETBANKING,FAILED,INSUFFICIENT_FUNDS,2,0.831,2026-06-10 13:08:15.661676
pay_007777,cust_01468,4154.91,INR,UPI,FAILED,BANK_ERROR,2,0.76,2026-06-10 13:25:15.661676
pay_007560,cust_00279,1524.05,INR,NETBANKING,SUCCESS,,1,0.905,2026-06-10 14:11:15.661676
pay_005281,cust_00004,1082.62,INR,UPI,FAILED,NETWORK_ERROR,1,0.707,2026-06-10 14:18:15.661676
pay_005322,cust_02585,693.18,INR,WALLET,SUCCESS,,1,0.833,2026-06-10 14:25:15.661676
pay_002812,cust_02336,1087.41,INR,NETBANKING,SUCCESS,,1,0.663,2026-06-10 14:46:15.661676
pay_001935,cust_00747,14995.04,INR,NETBANKING,FAILED,LIMIT_EXCEEDED,4,0.537,2026-06-10 15:12:15.661676
pay_003430,cust_01413,4363.62,INR,WALLET,SUCCESS,,1,0.951,2026-06-10 15:15:15.661676
pay_003367,cust_00505,1187.13,INR,NETBANKING,SUCCESS,,1,0.572,2026-06-10 15:33:15.661676
pay_008641,cust_01263,6592.16,INR,CARD,SUCCESS,,1,0.462,2026-06-10 15:33:15.661676
pay_008847,cust_02225,1373.33,INR,NETBANKING,FAILED,NETWORK_ERROR,2,0.876,2026-06-10 15:34:15.661676
pay_008921,cust_00813,6951.08,INR,CARD,SUCCESS,,1,0.664,2026-06-10 15:53:15.661676
pay_009762,cust_00284,910.55,INR,UPI,SUCCESS,,1,0.99,2026-06-10 16:10:15.661676
pay_001815,cust_01686,1458.52,INR,UPI,SUCCESS,,1,0.869,2026-06-10 16:28:15.661676
pay_005384,cust_00512,6957.81,INR,WALLET,FAILED,USER_CANCELLED,3,0.711,2026-06-10 16:40:15.661676
pay_000529,cust_02874,2225.59,INR,UPI,SUCCESS,,1,0.805,2026-06-10 16:41:15.661676
pay_002185,cust_01014,308.13,INR,WALLET,SUCCESS,,1,0.459,2026-06-10 16:43:15.661676
pay_004916,cust_00627,2141.19,INR,NETBANKING,SUCCESS,,1,0.66,2026-06-10 17:00:15.661676
pay_001190,cust_02881,833.24,INR,NETBANKING,SUCCESS,,1,0.917,2026-06-10 17:24:15.661676
pay_003264,cust_02088,4620.26,INR,CARD,SUCCESS,,1,0.65,2026-06-10 17:40:15.661676
pay_005836,cust_02883,1292.04,INR,CARD,SUCCESS,,1,0.647,2026-06-10 17:43:15.661676
pay_005021,cust_01544,1726.19,INR,UPI,SUCCESS,,1,0.583,2026-06-10 18:09:15.661676
pay_002200,cust_01422,2671.24,INR,NETBANKING,FAILED,INSUFFICIENT_FUNDS,2,0.702,2026-06-10 18:28:15.661676
pay_008114,cust_00547,655.12,INR,WALLET,SUCCESS,,1,0.466,2026-06-10 18:31:15.661676
pay_007831,cust_02943,1548.61,INR,UPI,SUCCESS,,1,0.56,2026-06-10 19:22:15.661676
pay_003689,cust_02703,5015.62,INR,UPI,SUCCESS,,1,0.523,2026-06-10 19:28:15.661676
pay_007113,cust_00747,5173.27,INR,WALLET,SUCCESS,,1,0.892,2026-06-10 19:30:15.661676
pay_008787,cust_00044,2991.38,INR,CARD,SUCCESS,,1,0.694,2026-06-10 19:41:15.661676
pay_000320,cust_01873,1629.27,INR,UPI,SUCCESS,,1,0.72,2026-06-10 19:56:15.661676
pay_006425,cust_01021,1163.9,INR,UPI,SUCCESS,,1,0.601,2026-06-10 19:59:15.661676
pay_006564,cust_00020,5867.99,INR,UPI,SUCCESS,,1,0.595,2026-06-10 20:02:15.661676
pay_000318,cust_02248,1410.62,INR,WALLET,SUCCESS,,1,0.578,2026-06-10 20:39:15.661676
pay_005150,cust_02679,2345.99,INR,NETBANKING,SUCCESS,,1,0.453,2026-06-10 20:45:15.661676
pay_009931,cust_01907,1028.2,INR,UPI,SUCCESS,,1,0.747,2026-06-10 21:11:15.661676
pay_003072,cust_00246,7058.67,INR,UPI,SUCCESS,,1,0.787,2026-06-10 21:11:15.661676
pay_009022,cust_02358,6544.98,INR,WALLET,SUCCESS,,1,0.48,2026-06-10 21:11:15.661676
pay_002602,cust_01265,2968.37,INR,WALLET,FAILED,TIMEOUT,4,0.454,2026-06-10 21:16:15.661676
pay_008662,cust_00607,590.24,INR,NETBANKING,SUCCESS,,1,0.912,2026-06-10 21:22:15.661676
pay_001958,cust_01370,22252.26,INR,NETBANKING,SUCCESS,,1,0.457,2026-06-10 21:24:15.661676
pay_009620,cust_01270,1076.75,INR,WALLET,SUCCESS,,1,0.478,2026-06-10 21:29:15.661676
pay_008347,cust_02332,1337.91,INR,CARD,SUCCESS,,1,0.969,2026-06-10 21:38:15.661676
pay_002509,cust_02192,613.48,INR,NETBANKING,SUCCESS,,1,0.98,2026-06-10 21:43:15.661676
pay_007629,cust_00362,500.19,INR,CARD,SUCCESS,,1,0.702,2026-06-10 21:47:15.661676
pay_001532,cust_00057,439.33,INR,CARD,SUCCESS,,1,0.826,2026-06-10 22:14:15.661676
pay_004232,cust_02167,5347.9,INR,NETBANKING,SUCCESS,,1,0.906,2026-06-10 22:43:15.661676
pay_006855,cust_02369,1840.65,INR,UPI,FAILED,LIMIT_EXCEEDED,4,0.64,2026-06-10 23:27:15.661676
pay_009764,cust_00528,2345.39,INR,UPI,SUCCESS,,1,0.71,2026-06-10 23:27:15.661676
pay_006339,cust_01548,2020.75,INR,CARD,SUCCESS,,1,0.632,2026-06-10 23:28:15.661676
pay_003656,cust_00363,2419.49,INR,WALLET,SUCCESS,,1,0.474,2026-06-10 23:30:15.661676
pay_001059,cust_01325,2793.02,INR,UPI,SUCCESS,,1,0.679,2026-06-10 23:35:15.661676
pay_001279,cust_00218,2108.3,INR,CARD,SUCCESS,,1,0.82,2026-06-10 23:55:15.661676
pay_002191,cust_02720,503.46,INR,WALLET,SUCCESS,,1,0.73,2026-06-11 00:05:15.661676
pay_002711,cust_01563,939.41,INR,NETBANKING,SUCCESS,,1,0.68,2026-06-11 00:15:15.661676
pay_009569,cust_01604,10148.48,INR,CARD,SUCCESS,,1,0.487,2026-06-11 00:17:15.661676
pay_004681,cust_01239,1502.61,INR,UPI,SUCCESS,,1,0.869,2026-06-11 00:31:15.661676
pay_004107,cust_00613,1428.82,INR,CARD,SUCCESS,,1,0.654,2026-06-11 00:35:15.661676
pay_000785,cust_02658,2829.44,INR,CARD,SUCCESS,,1,0.842,2026-06-11 00:44:15.661676
pay_005889,cust_00576,295.05,INR,CARD,SUCCESS,,1,0.847,2026-06-11 00:47:15.661676
pay_002315,cust_02077,3080.17,INR,WALLET,SUCCESS,,1,0.578,2026-06-11 01:01:15.661676
pay_008668,cust_02504,1043.79,INR,CARD,SUCCESS,,1,0.917,2026-06-11 01:06:15.661676
pay_008305,cust_00478,3516.42,INR,CARD,SUCCESS,,1,0.781,2026-06-11 01:07:15.661676
pay_008511,cust_00845,1812.47,INR,UPI,SUCCESS,,1,0.518,2026-06-11 01:23:15.661676
pay_003207,cust_01107,974.45,INR,CARD,SUCCESS,,1,0.632,2026-06-11 01:25:15.661676
pay_002087,cust_02143,1204.1,INR,NETBANKING,FAILED,INSUFFICIENT_FUNDS,3,0.546,2026-06-11 01:26:15.661676
pay_007619,cust_02535,632.47,INR,UPI,SUCCESS,,1,0.788,2026-06-11 01:51:15.661676
pay_008454,cust_02760,1096.78,INR,CARD,SUCCESS,,1,0.689,2026-06-11 02:10:15.661676
pay_007147,cust_01967,2897.81,INR,UPI,SUCCESS,,1,0.535,2026-06-11 02:13:15.661676
pay_005542,cust_02858,6877.0,INR,UPI,SUCCESS,,1,0.797,2026-06-11 02:25:15.661676
pay_000783,cust_01404,2450.77,INR,CARD,SUCCESS,,1,0.97,2026-06-11 02:26:15.661676
pay_000522,cust_01610,2792.49,INR,NETBANKING,FAILED,BANK_ERROR,2,0.818,2026-06-11 02:33:15.661676
pay_001523,cust_02063,1508.41,INR,UPI,SUCCESS,,1,0.7,2026-06-11 02:39:15.661676
pay_004526,cust_02225,4516.24,INR,NETBANKING,SUCCESS,,1,0.902,2026-06-11 02:50:15.661676
pay_003613,cust_01641,1566.7,INR,CARD,SUCCESS,,1,0.463,2026-06-11 03:15:15.661676
pay_007708,cust_02419,1740.21,INR,WALLET,SUCCESS,,1,0.654,2026-06-11 03:18:15.661676
pay_003140,cust_00679,1459.56,INR,WALLET,SUCCESS,,1,0.698,2026-06-11 03:19:15.661676
pay_001180,cust_02916,747.79,INR,WALLET,SUCCESS,,1,0.7,2026-06-11 03:30:15.661676
pay_002094,cust_01863,727.01,INR,WALLET,SUCCESS,,1,0.704,2026-06-11 03:53:15.661676
pay_009492,cust_02677,1744.05,INR,WALLET,SUCCESS,,1,0.694,2026-06-11 03:59:15.661676
pay_000863,cust_01036,6235.44,INR,CARD,SUCCESS,,1,0.882,2026-06-11 04:09:15.661676
pay_004621,cust_00812,1257.76,INR,WALLET,SUCCESS,,1,0.956,2026-06-11 04:15:15.661676
pay_000841,cust_02660,1737.89,INR,UPI,SUCCESS,,1,0.691,2026-06-11 04:22:15.661676
pay_007167,cust_02395,8252.82,INR,CARD,FAILED,BANK_ERROR,1,0.723,2026-06-11 04:24:15.661676
pay_005544,cust_00773,1543.65,INR,CARD,SUCCESS,,1,0.883,2026-06-11 04:48:15.661676
pay_008224,cust_00184,2590.35,INR,NETBANKING,SUCCESS,,1,0.767,2026-06-11 04:54:15.661676
pay_006870,cust_02008,627.74,INR,WALLET,SUCCESS,,1,0.465,2026-06-11 04:56:15.661676
pay_008295,cust_01324,3662.56,INR,CARD,SUCCESS,,1,0.455,2026-06-11 05:39:15.661676
pay_003571,cust_02998,1425.12,INR,CARD,SUCCESS,,1,0.514,2026-06-11 06:12:15.661676
pay_008475,cust_02998,2650.52,INR,CARD,SUCCESS,,1,0.528,2026-06-11 06:13:15.661676
pay_009037,cust_01454,1856.44,INR,UPI,SUCCESS,,1,0.555,2026-06-11 06:25:15.661676
pay_009459,cust_01151,4172.91,INR,WALLET,SUCCESS,,1,0.476,2026-06-11 06:28:15.661676
pay_003033,cust_00760,2598.8,INR,WALLET,SUCCESS,,1,0.575,2026-06-11 06:50:15.661676
pay_005263,cust_00561,2248.32,INR,NETBANKING,SUCCESS,,1,0.607,2026-06-11 07:38:15.661676
pay_001536,cust_01729,504.84,INR,UPI,SUCCESS,,1,0.532,2026-06-11 08:10:15.661676
pay_003375,cust_00190,470.54,INR,UPI,SUCCESS,,1,0.68,2026-06-11 08:17:15.661676
pay_004211,cust_00581,1472.81,INR,CARD,SUCCESS,,1,0.636,2026-06-11 08:59:15.661676
pay_008895,cust_01582,736.16,INR,CARD,SUCCESS,,1,0.827,2026-06-11 09:01:15.661676
pay_007282,cust_01127,5401.73,INR,NETBANKING,SUCCESS,,1,0.622,2026-06-11 09:09:15.661676
pay_002994,cust_01372,1525.74,INR,WALLET,SUCCESS,,1,0.902,2026-06-11 09:11:15.661676
pay_001544,cust_01709,1254.29,INR,WALLET,SUCCESS,,1,0.957,2026-06-11 09:13:15.661676
pay_008364,cust_01241,1275.74,INR,CARD,SUCCESS,,1,0.457,2026-06-11 09:13:15.661676
pay_004121,cust_02427,1111.96,INR,NETBANKING,SUCCESS,,1,0.949,2026-06-11 09:24:15.661676
pay_002118,cust_02324,816.09,INR,UPI,FAILED,TIMEOUT,4,0.987,2026-06-11 09:48:15.661676
pay_003059,cust_01896,691.1,INR,CARD,SUCCESS,,1,0.923,2026-06-11 09:49:15.661676
pay_004369,cust_00161,1055.76,INR,CARD,SUCCESS,,1,0.971,2026-06-11 09:56:15.661676
pay_006839,cust_00863,1138.55,INR,CARD,SUCCESS,,1,0.551,2026-06-11 10:30:15.661676
pay_005165,cust_01789,3414.14,INR,NETBANKING,SUCCESS,,1,0.955,2026-06-11 10:47:15.661676
pay_006941,cust_00041,1282.82,INR,CARD,SUCCESS,,1,0.749,2026-06-11 10:51:15.661676
pay_007650,cust_02314,774.93,INR,UPI,SUCCESS,,1,0.745,2026-06-11 11:06:15.661676
pay_000549,cust_00549,2433.09,INR,NETBANKING,SUCCESS,,1,0.513,2026-06-11 11:14:15.661676
pay_006567,cust_01697,5884.58,INR,WALLET,SUCCESS,,1,0.659,2026-06-11 12:06:15.661676
pay_009982,cust_02871,1208.36,INR,CARD,SUCCESS,,1,0.937,2026-06-11 12:38:15.661676
pay_001478,cust_01859,2529.12,INR,WALLET,SUCCESS,,1,0.56,2026-06-11 12:39:15.661676
pay_001939,cust_01964,4309.72,INR,NETBANKING,SUCCESS,,1,0.747,2026-06-11 13:16:15.661676
pay_001377,cust_00243,1058.64,INR,WALLET,FAILED,BANK_ERROR,3,0.81,2026-06-11 13:33:15.661676
pay_005134,cust_01022,2598.96,INR,CARD,SUCCESS,,1,0.924,2026-06-11 13:39:15.661676
pay_002340,cust_00989,1066.08,INR,NETBANKING,SUCCESS,,1,0.895,2026-06-11 13:47:15.661676
pay_004943,cust_00902,1931.91,INR,WALLET,SUCCESS,,1,0.721,2026-06-11 13:49:15.661676
pay_006934,cust_01657,1794.12,INR,NETBANKING,FAILED,USER_CANCELLED,3,0.472,2026-06-11 13:57:15.661676
pay_000620,cust_00320,2162.69,INR,NETBANKING,SUCCESS,,1,0.937,2026-06-11 14:36:15.661676
pay_007094,cust_00012,4689.16,INR,NETBANKING,SUCCESS,,1,0.985,2026-06-11 14:51:15.661676
pay_008237,cust_00370,3756.57,INR,WALLET,SUCCESS,,1,0.542,2026-06-11 15:16:15.661676
pay_008395,cust_00246,925.28,INR,WALLET,SUCCESS,,1,0.575,2026-06-11 15:19:15.661676
pay_003221,cust_02260,780.46,INR,NETBANKING,SUCCESS,,1,0.468,2026-06-11 15:22:15.661676
pay_000945,cust_00639,7921.29,INR,UPI,FAILED,LIMIT_EXCEEDED,4,0.781,2026-06-11 15:38:15.661676
pay_003968,cust_02714,398.73,INR,CARD,SUCCESS,,1,0.776,2026-06-11 15:43:15.661676
pay_008008,cust_01608,5993.37,INR,UPI,FAILED,BANK_ERROR,4,0.54,2026-06-11 16:20:15.661676
pay_003280,cust_02407,2816.49,INR,WALLET,FAILED,LIMIT_EXCEEDED,4,0.932,2026-06-11 16:31:15.661676
pay_000705,cust_02341,520.45,INR,CARD,FAILED,INSUFFICIENT_FUNDS,2,0.975,2026-06-11 16:31:15.661676
pay_002971,cust_01872,391.58,INR,CARD,FAILED,FRAUD_SUSPECTED,1,0.925,2026-06-11 16:37:15.661676
pay_007553,cust_02260,533.54,INR,WALLET,SUCCESS,,1,0.748,2026-06-11 17:12:15.661676
pay_000142,cust_01030,5144.66,INR,CARD,SUCCESS,,1,0.62,2026-06-11 17:20:15.661676
pay_001555,cust_02530,1508.42,INR,CARD,SUCCESS,,1,0.713,2026-06-11 17:24:15.661676
pay_006738,cust_01460,2357.92,INR,NETBANKING,SUCCESS,,1,0.813,2026-06-11 17:41:15.661676
pay_005314,cust_01868,2102.29,INR,UPI,FAILED,INSUFFICIENT_FUNDS,2,0.622,2026-06-11 17:48:15.661676
pay_003575,cust_00741,654.55,INR,UPI,SUCCESS,,1,0.467,2026-06-11 18:00:15.661676
pay_005567,cust_02837,4316.36,INR,CARD,SUCCESS,,1,0.572,2026-06-11 18:08:15.661676
pay_009241,cust_01409,3379.74,INR,NETBANKING,SUCCESS,,1,0.971,2026-06-11 18:11:15.661676
pay_003002,cust_00128,908.41,INR,NETBANKING,SUCCESS,,1,0.897,2026-06-11 18:15:15.661676
pay_008485,cust_00352,8839.3,INR,WALLET,SUCCESS,,1,0.764,2026-06-11 18:15:15.661676
pay_003435,cust_01413,11136.1,INR,WALLET,SUCCESS,,1,0.692,2026-06-11 18:40:15.661676
pay_004376,cust_02342,3031.48,INR,UPI,SUCCESS,,1,0.669,2026-06-11 18:47:15.661676
pay_006186,cust_01629,993.23,INR,NETBANKING,SUCCESS,,1,0.484,2026-06-11 19:19:15.661676
pay_007407,cust_00694,1338.9,INR,NETBANKING,FAILED,TIMEOUT,1,0.69,2026-06-11 19:45:15.661676
pay_006563,cust_01637,1548.99,INR,UPI,SUCCESS,,1,0.727,2026-06-11 19:54:15.661676
pay_007188,cust_01376,9870.49,INR,NETBANKING,SUCCESS,,1,0.814,2026-06-11 19:56:15.661676
pay_008828,cust_00056,2365.34,INR,NETBANKING,SUCCESS,,1,0.917,2026-06-11 20:27:15.661676
pay_006251,cust_00405,1146.24,INR,CARD,SUCCESS,,1,0.538,2026-06-11 20:38:15.661676
pay_006649,cust_01961,4380.79,INR,NETBANKING,SUCCESS,,1,0.832,2026-06-11 20:39:15.661676
pay_009462,cust_00297,1750.25,INR,NETBANKING,SUCCESS,,1,0.471,2026-06-11 20:49:15.661676
pay_004566,cust_02643,1145.38,INR,CARD,SUCCESS,,1,0.972,2026-06-11 21:15:15.661676
pay_004496,cust_00251,6918.14,INR,WALLET,SUCCESS,,1,0.885,2026-06-11 21:22:15.661676
pay_006728,cust_00174,1512.05,INR,NETBANKING,SUCCESS,,1,0.775,2026-06-11 21:38:15.661676
pay_007459,cust_02147,1103.87,INR,CARD,SUCCESS,,1,0.874,2026-06-11 21:44:15.661676
pay_001397,cust_00821,615.42,INR,WALLET,SUCCESS,,1,0.679,2026-06-11 21:56:15.661676
pay_007695,cust_00662,2965.17,INR,UPI,FAILED,INSUFFICIENT_FUNDS,4,0.797,2026-06-11 22:30:15.661676
pay_005811,cust_00196,4370.24,INR,UPI,FAILED,LIMIT_EXCEEDED,4,0.696,2026-06-11 22:36:15.661676
pay_005233,cust_02802,776.79,INR,WALLET,SUCCESS,,1,0.766,2026-06-11 22:41:15.661676
pay_008799,cust_00433,4939.2,INR,NETBANKING,SUCCESS,,1,0.935,2026-06-11 23:00:15.661676
pay_001584,cust_02569,1899.5,INR,NETBANKING,SUCCESS,,1,0.802,2026-06-12 00:14:15.661676
pay_001355,cust_02608,1140.01,INR,WALLET,SUCCESS,,1,0.932,2026-06-12 01:02:15.661676
pay_002304,cust_02491,2208.7,INR,UPI,SUCCESS,,1,0.807,2026-06-12 01:19:15.661676
pay_004815,cust_02105,2312.02,INR,UPI,SUCCESS,,1,0.791,2026-06-12 01:25:15.661676
pay_005623,cust_01357,852.37,INR,WALLET,SUCCESS,,1,0.468,2026-06-12 01:27:15.661676
pay_005827,cust_01006,1657.03,INR,NETBANKING,SUCCESS,,1,0.835,2026-06-12 01:42:15.661676
pay_003078,cust_01105,2814.2,INR,WALLET,SUCCESS,,1,0.907,2026-06-12 01:52:15.661676
pay_001645,cust_02856,772.85,INR,UPI,SUCCESS,,1,0.956,2026-06-12 02:19:15.661676
pay_005312,cust_02193,4851.19,INR,WALLET,FAILED,USER_CANCELLED,4,0.863,2026-06-12 02:58:15.661676
pay_000364,cust_02257,2493.32,INR,NETBANKING,SUCCESS,,1,0.782,2026-06-12 03:12:15.661676
pay_000359,cust_02355,2340.63,INR,UPI,FAILED,LIMIT_EXCEEDED,4,0.702,2026-06-12 03:32:15.661676
pay_009406,cust_02929,7664.34,INR,WALLET,SUCCESS,,1,0.738,2026-06-12 03:38:15.661676
pay_006599,cust_02279,440.4,INR,UPI,SUCCESS,,1,0.786,2026-06-12 03:48:15.661676
pay_003331,cust_02558,3755.65,INR,CARD,SUCCESS,,1,0.595,2026-06-12 04:30:15.661676
pay_001012,cust_02197,2117.69,INR,UPI,SUCCESS,,1,0.621,2026-06-12 04:38:15.661676
pay_002675,cust_02340,806.86,INR,CARD,SUCCESS,,1,0.52,2026-06-12 04:39:15.661676
pay_006009,cust_02137,4501.0,INR,NETBANKING,FAILED,USER_CANCELLED,2,0.979,2026-06-12 04:44:15.661676
pay_002518,cust_00345,306.3,INR,UPI,SUCCESS,,1,0.792,2026-06-12 05:08:15.661676
pay_005750,cust_02985,827.89,INR,CARD,SUCCESS,,1,0.663,2026-06-12 05:13:15.661676
pay_008099,cust_01118,2561.73,INR,WALLET,SUCCESS,,1,0.479,2026-06-12 05:15:15.661676
pay_008667,cust_01559,824.18,INR,NETBANKING,SUCCESS,,1,0.805,2026-06-12 05:24:15.661676
pay_003114,cust_00684,687.06,INR,WALLET,SUCCESS,,1,0.562,2026-06-12 05:32:15.661676
pay_005064,cust_01161,618.41,INR,NETBANKING,SUCCESS,,1,0.55,2026-06-12 05:32:15.661676
pay_002154,cust_01888,2174.51,INR,UPI,SUCCESS,,1,0.53,2026-06-12 05:38:15.661676
pay_006184,cust_02482,8624.26,INR,CARD,FAILED,FRAUD_SUSPECTED,2,0.925,2026-06-12 05:59:15.661676
pay_002430,cust_01077,1384.01,INR,UPI,SUCCESS,,1,0.767,2026-06-12 06:33:15.661676
pay_008313,cust_02740,2194.38,INR,CARD,SUCCESS,,1,0.89,2026-06-12 06:50:15.661676
pay_009488,cust_01903,4703.88,INR,WALLET,SUCCESS,,1,0.522,2026-06-12 06:55:15.661676
pay_006797,cust_00993,6193.86,INR,CARD,SUCCESS,,1,0.834,2026-06-12 06:55:15.661676
pay_004360,cust_02105,3115.6,INR,WALLET,SUCCESS,,1,0.655,2026-06-12 06:59:15.661676
pay_007057,cust_01490,1456.38,INR,CARD,SUCCESS,,1,0.736,2026-06-12 07:00:15.661676
pay_008613,cust_02838,2153.77,INR,NETBANKING,SUCCESS,,1,0.752,2026-06-12 07:09:15.661676
pay_005329,cust_02845,2645.12,INR,CARD,SUCCESS,,1,0.763,2026-06-12 07:36:15.661676
pay_002262,cust_00291,2498.47,INR,UPI,SUCCESS,,1,0.611,2026-06-12 07:37:15.661676
pay_005079,cust_00854,2362.68,INR,WALLET,SUCCESS,,1,0.926,2026-06-12 07:49:15.661676
pay_001852,cust_00476,7481.95,INR,NETBANKING,SUCCESS,,1,0.965,2026-06-12 08:06:15.661676
pay_003070,cust_02193,3146.92,INR,NETBANKING,SUCCESS,,1,0.95,2026-06-12 08:07:15.661676
pay_003898,cust_02570,3192.12,INR,UPI,SUCCESS,,1,0.562,2026-06-12 08:28:15.661676
pay_001840,cust_02936,1530.74,INR,UPI,SUCCESS,,1,0.497,2026-06-12 09:05:15.661676
pay_000866,cust_01356,1325.89,INR,NETBANKING,SUCCESS,,1,0.577,2026-06-12 09:51:15.661676
pay_006813,cust_01211,925.26,INR,CARD,SUCCESS,,1,0.559,2026-06-12 09:57:15.661676
pay_004046,cust_02051,1297.14,INR,WALLET,SUCCESS,,1,0.708,2026-06-12 10:03:15.661676
pay_000360,cust_02120,932.82,INR,NETBANKING,FAILED,USER_CANCELLED,2,0.865,2026-06-12 10:07:15.661676
pay_000033,cust_02182,1788.62,INR,CARD,SUCCESS,,1,0.961,2026-06-12 10:14:15.661676
pay_005056,cust_02128,737.14,INR,CARD,SUCCESS,,1,0.524,2026-06-12 10:58:15.661676
pay_006233,cust_01049,1560.52,INR,CARD,SUCCESS,,1,0.543,2026-06-12 11:10:15.661676
pay_002101,cust_02367,2443.36,INR,WALLET,FAILED,NETWORK_ERROR,2,0.668,2026-06-12 11:17:15.661676
pay_006235,cust_01851,1514.1,INR,CARD,SUCCESS,,1,0.471,2026-06-12 11:34:15.661676
pay_004048,cust_00033,17183.82,INR,WALLET,SUCCESS,,1,0.544,2026-06-12 11:45:15.661676
pay_000268,cust_01764,575.87,INR,CARD,SUCCESS,,1,0.83,2026-06-12 11:58:15.661676
pay_002384,cust_02513,1739.02,INR,NETBANKING,SUCCESS,,1,0.461,2026-06-12 12:02:15.661676
pay_008617,cust_01807,545.78,INR,UPI,SUCCESS,,1,0.693,2026-06-12 12:24:15.661676
pay_005496,cust_00095,651.61,INR,NETBANKING,SUCCESS,,1,0.827,2026-06-12 12:26:15.661676
pay_009701,cust_00396,1485.05,INR,CARD,SUCCESS,,1,0.957,2026-06-12 12:28:15.661676
pay_002245,cust_02699,6593.04,INR,NETBANKING,SUCCESS,,1,0.768,2026-06-12 12:29:15.661676
pay_008942,cust_01936,7890.8,INR,WALLET,SUCCESS,,1,0.794,2026-06-12 12:37:15.661676
pay_009658,cust_02597,414.25,INR,UPI,SUCCESS,,1,0.49,2026-06-12 13:07:15.661676
pay_003522,cust_00614,246.01,INR,UPI,SUCCESS,,1,0.728,2026-06-12 13:10:15.661676
pay_006305,cust_02383,380.74,INR,NETBANKING,FAILED,NETWORK_ERROR,1,0.843,2026-06-12 13:31:15.661676
pay_003595,cust_01689,4951.21,INR,CARD,SUCCESS,,1,0.602,2026-06-12 13:43:15.661676
pay_003372,cust_02849,694.9,INR,NETBANKING,SUCCESS,,1,0.67,2026-06-12 13:52:15.661676
pay_008370,cust_02625,2183.83,INR,CARD,SUCCESS,,1,0.462,2026-06-12 14:01:15.661676
pay_007275,cust_01734,5705.26,INR,WALLET,SUCCESS,,1,0.714,2026-06-12 14:47:15.661676
pay_003553,cust_00567,2385.99,INR,CARD,SUCCESS,,1,0.889,2026-06-12 15:12:15.661676
pay_000372,cust_01415,2692.97,INR,WALLET,SUCCESS,,1,0.728,2026-06-12 15:25:15.661676
pay_006708,cust_02915,1855.51,INR,NETBANKING,SUCCESS,,1,0.759,2026-06-12 15:26:15.661676
pay_006495,cust_00658,795.63,INR,NETBANKING,SUCCESS,,1,0.808,2026-06-12 15:54:15.661676
pay_005259,cust_00568,491.96,INR,UPI,SUCCESS,,1,0.613,2026-06-12 15:55:15.661676
pay_001548,cust_02691,2301.77,INR,WALLET,FAILED,LIMIT_EXCEEDED,4,0.968,2026-06-12 16:17:15.661676
pay_002394,cust_01548,1074.9,INR,WALLET,SUCCESS,,1,0.923,2026-06-12 16:21:15.661676
pay_000978,cust_02567,260.06,INR,CARD,SUCCESS,,1,0.542,2026-06-12 16:32:15.661676
pay_001941,cust_01638,2313.32,INR,WALLET,SUCCESS,,1,0.508,2026-06-12 16:51:15.661676
pay_003816,cust_01689,430.74,INR,NETBANKING,SUCCESS,,1,0.601,2026-06-12 17:02:15.661676
pay_007820,cust_00770,2180.71,INR,CARD,SUCCESS,,1,0.651,2026-06-12 17:28:15.661676
pay_004714,cust_01839,2405.66,INR,UPI,FAILED,NETWORK_ERROR,4,0.622,2026-06-12 17:49:15.661676
pay_003906,cust_00394,1397.41,INR,CARD,SUCCESS,,1,0.819,2026-06-12 18:10:15.661676
pay_001993,cust_00056,4680.36,INR,UPI,SUCCESS,,1,0.495,2026-06-12 18:30:15.661676
pay_003434,cust_02743,1671.82,INR,NETBANKING,SUCCESS,,1,0.745,2026-06-12 18:54:15.661676
pay_004740,cust_02227,3169.08,INR,WALLET,SUCCESS,,1,0.781,2026-06-12 18:59:15.661676
pay_003248,cust_02749,1005.74,INR,CARD,SUCCESS,,1,0.575,2026-06-12 19:06:15.661676
pay_003290,cust_00857,1435.93,INR,CARD,SUCCESS,,1,0.483,2026-06-12 19:29:15.661676
pay_007372,cust_00437,1894.23,INR,CARD,SUCCESS,,1,0.953,2026-06-12 19:42:15.661676
pay_007273,cust_01865,3729.28,INR,NETBANKING,SUCCESS,,1,0.705,2026-06-12 20:39:15.661676
pay_003034,cust_00604,824.0,INR,NETBANKING,SUCCESS,,1,0.661,2026-06-12 20:46:15.661676
pay_008189,cust_01158,3120.88,INR,CARD,SUCCESS,,1,0.769,2026-06-12 20:51:15.661676
pay_000100,cust_00498,1498.67,INR,WALLET,SUCCESS,,1,0.81,2026-06-12 21:03:15.661676
pay_001269,cust_00998,1003.83,INR,UPI,SUCCESS,,1,0.908,2026-06-12 21:07:15.661676
pay_006367,cust_00714,1484.65,INR,NETBANKING,SUCCESS,,1,0.645,2026-06-12 21:28:15.661676
pay_000878,cust_00915,2162.52,INR,NETBANKING,SUCCESS,,1,0.726,2026-06-12 22:14:15.661676
pay_008190,cust_02523,3855.52,INR,CARD,SUCCESS,,1,0.644,2026-06-12 22:20:15.661676
pay_008995,cust_02208,1780.31,INR,WALLET,SUCCESS,,1,0.464,2026-06-12 22:29:15.661676
pay_006492,cust_00984,875.4,INR,WALLET,SUCCESS,,1,0.791,2026-06-12 22:30:15.661676
pay_006048,cust_00493,6162.88,INR,WALLET,SUCCESS,,1,0.49,2026-06-12 22:46:15.661676
pay_007123,cust_02412,1233.64,INR,WALLET,SUCCESS,,1,0.724,2026-06-12 22:46:15.661676
pay_009975,cust_02059,6076.93,INR,WALLET,FAILED,BANK_ERROR,1,0.566,2026-06-12 23:20:15.661676
pay_002671,cust_01701,1035.44,INR,WALLET,SUCCESS,,1,0.887,2026-06-12 23:22:15.661676
pay_004612,cust_02537,359.26,INR,CARD,SUCCESS,,1,0.902,2026-06-12 23:31:15.661676
pay_008636,cust_01624,710.38,INR,WALLET,SUCCESS,,1,0.678,2026-06-12 23:41:15.661676
pay_001126,cust_01200,722.65,INR,WALLET,SUCCESS,,1,0.914,2026-06-12 23:41:15.661676
pay_003922,cust_00692,2163.29,INR,WALLET,SUCCESS,,1,0.9,2026-06-13 00:00:15.661676
pay_006076,cust_02949,975.89,INR,UPI,SUCCESS,,1,0.901,2026-06-13 00:01:15.661676
pay_004724,cust_02731,1418.21,INR,CARD,SUCCESS,,1,0.964,2026-06-13 00:26:15.661676
pay_003717,cust_01120,24208.87,INR,WALLET,FAILED,INSUFFICIENT_FUNDS,3,0.91,2026-06-13 00:28:15.661676
pay_004915,cust_02359,653.58,INR,WALLET,SUCCESS,,1,0.632,2026-06-13 00:31:15.661676
pay_004597,cust_02911,1448.04,INR,WALLET,SUCCESS,,1,0.543,2026-06-13 00:37:15.661676
pay_004863,cust_02063,1043.56,INR,NETBANKING,SUCCESS,,1,0.496,2026-06-13 01:16:15.661676
pay_004298,cust_00774,2000.22,INR,UPI,SUCCESS,,1,0.566,2026-06-13 01:29:15.661676
pay_005379,cust_01303,2942.42,INR,UPI,SUCCESS,,1,0.786,2026-06-13 01:56:15.661676
pay_000568,cust_02108,807.17,INR,UPI,FAILED,USER_CANCELLED,1,0.986,2026-06-13 01:57:15.661676
pay_004307,cust_01347,1092.23,INR,WALLET,SUCCESS,,1,0.517,2026-06-13 02:23:15.661676
pay_007319,cust_01182,2402.51,INR,CARD,SUCCESS,,1,0.89,2026-06-13 02:38:15.661676
pay_003110,cust_00275,405.11,INR,WALLET,SUCCESS,,1,0.699,2026-06-13 02:39:15.661676
pay_003512,cust_01362,896.57,INR,UPI,FAILED,BANK_ERROR,1,0.473,2026-06-13 03:08:15.661676
pay_003805,cust_00985,885.16,INR,UPI,FAILED,BANK_ERROR,3,0.453,2026-06-13 03:24:15.661676
pay_004055,cust_01458,799.71,INR,UPI,SUCCESS,,1,0.56,2026-06-13 03:39:15.661676
pay_000857,cust_02186,929.01,INR,CARD,SUCCESS,,1,0.88,2026-06-13 03:41:15.661676
pay_001292,cust_00245,13285.12,INR,NETBANKING,SUCCESS,,1,0.701,2026-06-13 03:57:15.661676
pay_005219,cust_01410,1198.56,INR,CARD,SUCCESS,,1,0.495,2026-06-13 04:25:15.661676
pay_004487,cust_01315,2531.48,INR,UPI,SUCCESS,,1,0.491,2026-06-13 04:38:15.661676
pay_008842,cust_02522,3215.31,INR,UPI,SUCCESS,,1,0.739,2026-06-13 04:50:15.661676
pay_000588,cust_01506,916.1,INR,NETBANKING,SUCCESS,,1,0.889,2026-06-13 05:19:15.661676
pay_000656,cust_01146,1895.76,INR,WALLET,SUCCESS,,1,0.797,2026-06-13 05:33:15.661676
pay_008210,cust_01997,2379.22,INR,WALLET,SUCCESS,,1,0.556,2026-06-13 06:26:15.661676
pay_008904,cust_02198,2055.38,INR,WALLET,SUCCESS,,1,0.799,2026-06-13 06:51:15.661676
pay_002499,cust_00317,3402.61,INR,CARD,SUCCESS,,1,0.474,2026-06-13 07:24:15.661676
pay_002012,cust_02608,982.22,INR,NETBANKING,SUCCESS,,1,0.803,2026-06-13 07:42:15.661676
pay_004850,cust_01143,2653.11,INR,NETBANKING,SUCCESS,,1,0.61,2026-06-13 07:53:15.661676
pay_005647,cust_01169,1112.03,INR,NETBANKING,SUCCESS,,1,0.908,2026-06-13 07:58:15.661676
pay_004176,cust_02355,2679.02,INR,UPI,SUCCESS,,1,0.56,2026-06-13 08:01:15.661676
pay_000106,cust_02213,2497.99,INR,UPI,SUCCESS,,1,0.657,2026-06-13 08:02:15.661676
pay_002550,cust_00119,9611.87,INR,CARD,SUCCESS,,1,0.722,2026-06-13 08:28:15.661676
pay_002214,cust_01790,1259.32,INR,UPI,SUCCESS,,1,0.825,2026-06-13 08:33:15.661676
pay_008007,cust_02085,1961.33,INR,NETBANKING,SUCCESS,,1,0.688,2026-06-13 08:44:15.661676
pay_005139,cust_00308,1039.11,INR,UPI,SUCCESS,,1,0.603,2026-06-13 09:15:15.661676
pay_006779,cust_01171,3495.68,INR,WALLET,SUCCESS,,1,0.79,2026-06-13 09:22:15.661676
pay_004668,cust_01240,6851.9,INR,CARD,SUCCESS,,1,0.825,2026-06-13 09:24:15.661676
pay_000525,cust_01676,981.8,INR,WALLET,SUCCESS,,1,0.581,2026-06-13 09:48:15.661676
pay_003024,cust_00416,4551.08,INR,CARD,SUCCESS,,1,0.979,2026-06-13 09:51:15.661676
pay_006177,cust_02107,1594.6,INR,UPI,FAILED,USER_CANCELLED,1,0.475,2026-06-13 10:06:15.661676
pay_007212,cust_00648,1336.47,INR,UPI,SUCCESS,,1,0.956,2026-06-13 10:22:15.661676
pay_007960,cust_00720,1333.6,INR,CARD,SUCCESS,,1,0.826,2026-06-13 10:30:15.661676
pay_003068,cust_01283,1834.86,INR,UPI,SUCCESS,,1,0.645,2026-06-13 11:00:15.661676
pay_009525,cust_00633,864.47,INR,WALLET,SUCCESS,,1,0.939,2026-06-13 11:17:15.661676
pay_006192,cust_00736,764.25,INR,NETBANKING,SUCCESS,,1,0.738,2026-06-13 11:24:15.661676
pay_007252,cust_02233,1002.62,INR,UPI,SUCCESS,,1,0.688,2026-06-13 11:26:15.661676
pay_004226,cust_00698,2740.57,INR,NETBANKING,SUCCESS,,1,0.619,2026-06-13 11:28:15.661676
pay_000592,cust_00356,1233.82,INR,UPI,SUCCESS,,1,0.768,2026-06-13 11:37:15.661676
pay_009751,cust_02976,1226.96,INR,CARD,FAILED,LIMIT_EXCEEDED,3,0.984,2026-06-13 12:06:15.661676
pay_002631,cust_01046,2292.18,INR,UPI,SUCCESS,,1,0.672,2026-06-13 12:11:15.661676
pay_004922,cust_02573,2308.13,INR,UPI,SUCCESS,,1,0.683,2026-06-13 12:22:15.661676
pay_002467,cust_00730,981.78,INR,NETBANKING,SUCCESS,,1,0.674,2026-06-13 12:31:15.661676
pay_009169,cust_02449,2248.7,INR,UPI,SUCCESS,,1,0.451,2026-06-13 12:34:15.661676
pay_009970,cust_00095,1009.58,INR,NETBANKING,SUCCESS,,1,0.764,2026-06-13 12:55:15.661676
pay_009505,cust_02734,7930.19,INR,CARD,SUCCESS,,1,0.801,2026-06-13 13:25:15.661676
pay_003591,cust_00640,4250.12,INR,UPI,FAILED,TIMEOUT,4,0.516,2026-06-13 13:26:15.661676
pay_009210,cust_02800,3674.84,INR,NETBANKING,SUCCESS,,1,0.55,2026-06-13 13:41:15.661676
pay_002354,cust_02730,606.22,INR,NETBANKING,SUCCESS,,1,0.748,2026-06-13 13:47:15.661676
pay_007718,cust_02528,4641.23,INR,NETBANKING,SUCCESS,,1,0.909,2026-06-13 13:48:15.661676
pay_005710,cust_02448,8258.42,INR,UPI,SUCCESS,,1,0.781,2026-06-13 14:34:15.661676
pay_008701,cust_01262,6461.52,INR,UPI,SUCCESS,,1,0.866,2026-06-13 14:42:15.661676
pay_002910,cust_02490,4942.96,INR,NETBANKING,SUCCESS,,1,0.959,2026-06-13 14:49:15.661676
pay_005852,cust_01084,1241.2,INR,UPI,FAILED,USER_CANCELLED,4,0.682,2026-06-13 14:51:15.661676
pay_002418,cust_02310,2374.33,INR,CARD,SUCCESS,,1,0.82,2026-06-13 14:54:15.661676
pay_003988,cust_00888,1166.12,INR,CARD,FAILED,TIMEOUT,1,0.793,2026-06-13 15:10:15.661676
pay_002693,cust_02093,1752.07,INR,CARD,SUCCESS,,1,0.57,2026-06-13 15:20:15.661676
pay_004119,cust_01431,1256.6,INR,UPI,SUCCESS,,1,0.522,2026-06-13 15:26:15.661676
pay_001490,cust_02910,4964.5,INR,WALLET,SUCCESS,,1,0.619,2026-06-13 15:31:15.661676
pay_003588,cust_01859,867.4,INR,UPI,SUCCESS,,1,0.679,2026-06-13 15:42:15.661676
pay_008341,cust_02534,1938.97,INR,WALLET,SUCCESS,,1,0.567,2026-06-13 15:49:15.661676
pay_001203,cust_02829,1993.88,INR,UPI,SUCCESS,,1,0.734,2026-06-13 16:09:15.661676
pay_000571,cust_01609,1834.88,INR,WALLET,SUCCESS,,1,0.595,2026-06-13 16:20:15.661676
pay_009178,cust_00675,1179.96,INR,UPI,FAILED,NETWORK_ERROR,4,0.493,2026-06-13 16:22:15.661676
pay_007752,cust_02310,2329.86,INR,UPI,SUCCESS,,1,0.571,2026-06-13 16:25:15.661676
pay_005431,cust_00412,1044.36,INR,UPI,SUCCESS,,1,0.64,2026-06-13 16:29:15.661676
pay_003664,cust_00419,2321.35,INR,WALLET,SUCCESS,,1,0.954,2026-06-13 16:42:15.661676
pay_009375,cust_00043,946.26,INR,CARD,SUCCESS,,1,0.671,2026-06-13 16:52:15.661676
pay_001742,cust_00827,1579.62,INR,UPI,SUCCESS,,1,0.895,2026-06-13 17:28:15.661676
pay_004180,cust_01099,1374.3,INR,WALLET,SUCCESS,,1,0.672,2026-06-13 17:32:15.661676
pay_004877,cust_02711,618.9,INR,CARD,SUCCESS,,1,0.869,2026-06-13 17:59:15.661676
pay_002681,cust_00747,3112.91,INR,UPI,SUCCESS,,1,0.901,2026-06-13 18:03:15.661676
pay_008771,cust_00177,1339.31,INR,NETBANKING,SUCCESS,,1,0.672,2026-06-13 18:06:15.661676
pay_004806,cust_00972,504.36,INR,UPI,SUCCESS,,1,0.463,2026-06-13 18:30:15.661676
pay_002824,cust_01179,587.48,INR,CARD,SUCCESS,,1,0.621,2026-06-13 18:56:15.661676
pay_001395,cust_00349,1349.84,INR,UPI,SUCCESS,,1,0.825,2026-06-13 18:57:15.661676
pay_008566,cust_02530,1834.64,INR,NETBANKING,SUCCESS,,1,0.978,2026-06-13 19:11:15.661676
pay_007570,cust_00288,1133.45,INR,NETBANKING,FAILED,NETWORK_ERROR,1,0.55,2026-06-13 20:10:15.661676
pay_001618,cust_00689,990.85,INR,NETBANKING,SUCCESS,,1,0.865,2026-06-13 20:24:15.661676
pay_004348,cust_01628,509.92,INR,UPI,SUCCESS,,1,0.566,2026-06-13 20:29:15.661676
pay_007177,cust_02905,4673.49,INR,CARD,SUCCESS,,1,0.758,2026-06-13 20:31:15.661676
pay_008146,cust_01729,1771.97,INR,NETBANKING,SUCCESS,,1,0.53,2026-06-13 20:44:15.661676
pay_004324,cust_02599,764.07,INR,CARD,SUCCESS,,1,0.744,2026-06-13 20:46:15.661676
pay_002762,cust_02081,950.08,INR,WALLET,SUCCESS,,1,0.979,2026-06-13 20:50:15.661676
pay_005872,cust_01905,2135.93,INR,WALLET,SUCCESS,,1,0.652,2026-06-13 21:10:15.661676
pay_005774,cust_00707,926.23,INR,NETBANKING,SUCCESS,,1,0.602,2026-06-13 21:36:15.661676
pay_008445,cust_02026,2101.61,INR,CARD,FAILED,TIMEOUT,1,0.795,2026-06-13 21:39:15.661676
pay_001856,cust_01887,1057.33,INR,NETBANKING,SUCCESS,,1,0.61,2026-06-13 21:52:15.661676
pay_003987,cust_01076,2814.44,INR,CARD,SUCCESS,,1,0.974,2026-06-13 22:50:15.661676
pay_003570,cust_02494,3726.46,INR,UPI,SUCCESS,,1,0.792,2026-06-13 22:55:15.661676
pay_007084,cust_01216,1073.3,INR,CARD,SUCCESS,,1,0.831,2026-06-13 23:08:15.661676
pay_006400,cust_00998,574.19,INR,NETBANKING,FAILED,FRAUD_SUSPECTED,1,0.502,2026-06-13 23:18:15.661676
pay_006557,cust_02601,1658.2,INR,CARD,FAILED,INSUFFICIENT_FUNDS,1,0.589,2026-06-13 23:19:15.661676
pay_005551,cust_00893,830.3,INR,CARD,FAILED,FRAUD_SUSPECTED,3,0.507,2026-06-13 23:36:15.661676
pay_000199,cust_01536,1894.23,INR,WALLET,SUCCESS,,1,0.673,2026-06-13 23:46:15.661676
pay_005279,cust_00466,971.95,INR,CARD,SUCCESS,,1,0.65,2026-06-13 23:46:15.661676
pay_002740,cust_01658,3580.22,INR,NETBANKING,SUCCESS,,1,0.738,2026-06-14 00:11:15.661676
pay_000958,cust_01561,2605.56,INR,CARD,SUCCESS,,1,0.849,2026-06-14 00:22:15.661676
pay_006955,cust_00106,813.65,INR,UPI,SUCCESS,,1,0.789,2026-06-14 00:38:15.661676
pay_002566,cust_00509,1304.43,INR,UPI,SUCCESS,,1,0.859,2026-06-14 00:40:15.661676
pay_004045,cust_02693,3812.15,INR,CARD,SUCCESS,,1,0.77,2026-06-14 00:56:15.661676
pay_005344,cust_01734,1153.93,INR,NETBANKING,SUCCESS,,1,0.527,2026-06-14 01:15:15.661676
pay_001903,cust_01367,4621.62,INR,NETBANKING,SUCCESS,,1,0.572,2026-06-14 01:25:15.661676
pay_003063,cust_01881,1677.89,INR,NETBANKING,SUCCESS,,1,0.489,2026-06-14 01:27:15.661676
pay_003854,cust_01532,745.66,INR,NETBANKING,SUCCESS,,1,0.659,2026-06-14 01:49:15.661676
pay_004790,cust_02801,1577.81,INR,CARD,SUCCESS,,1,0.572,2026-06-14 02:19:15.661676
pay_003393,cust_02609,1704.15,INR,CARD,SUCCESS,,1,0.506,2026-06-14 02:44:15.661676
pay_002166,cust_02656,802.65,INR,UPI,SUCCESS,,1,0.508,2026-06-14 03:31:15.661676
pay_008614,cust_01959,1582.16,INR,CARD,SUCCESS,,1,0.876,2026-06-14 03:50:15.661676
pay_006991,cust_00627,2894.19,INR,WALLET,SUCCESS,,1,0.665,2026-06-14 04:02:15.661676
pay_007210,cust_00051,4553.97,INR,CARD,FAILED,USER_CANCELLED,3,0.663,2026-06-14 04:05:15.661676
pay_000395,cust_02148,4645.03,INR,WALLET,SUCCESS,,1,0.581,2026-06-14 04:35:15.661676
pay_002192,cust_02621,2616.88,INR,UPI,FAILED,USER_CANCELLED,2,0.643,2026-06-14 04:51:15.661676
pay_007085,cust_00931,1412.1,INR,UPI,SUCCESS,,1,0.664,2026-06-14 04:52:15.661676
pay_006005,cust_02781,1523.37,INR,NETBANKING,SUCCESS,,1,0.509,2026-06-14 05:45:15.661676
pay_000642,cust_00881,6872.05,INR,NETBANKING,SUCCESS,,1,0.584,2026-06-14 05:47:15.661676
pay_001987,cust_01778,3229.48,INR,NETBANKING,FAILED,BANK_ERROR,2,0.698,2026-06-14 05:48:15.661676
pay_001327,cust_01181,852.81,INR,UPI,SUCCESS,,1,0.696,2026-06-14 05:49:15.661676
pay_006981,cust_02107,631.22,INR,WALLET,SUCCESS,,1,0.848,2026-06-14 05:55:15.661676
pay_006625,cust_02982,1071.03,INR,UPI,SUCCESS,,1,0.645,2026-06-14 05:57:15.661676
pay_003997,cust_00500,343.01,INR,NETBANKING,SUCCESS,,1,0.806,2026-06-14 06:09:15.661676
pay_001519,cust_01957,796.84,INR,NETBANKING,FAILED,LIMIT_EXCEEDED,3,0.904,2026-06-14 06:24:15.661676
pay_007139,cust_01745,1185.13,INR,UPI,SUCCESS,,1,0.715,2026-06-14 06:36:15.661676
pay_008840,cust_01798,2903.55,INR,UPI,SUCCESS,,1,0.889,2026-06-14 06:37:15.661676
pay_000388,cust_01941,8110.68,INR,WALLET,SUCCESS,,1,0.728,2026-06-14 07:07:15.661676
pay_001606,cust_02733,843.31,INR,WALLET,SUCCESS,,1,0.626,2026-06-14 07:13:15.661676
pay_005433,cust_01888,1969.72,INR,NETBANKING,SUCCESS,,1,0.904,2026-06-14 07:14:15.661676
pay_000776,cust_00453,514.82,INR,WALLET,FAILED,FRAUD_SUSPECTED,1,0.841,2026-06-14 07:34:15.661676
pay_004653,cust_00138,1875.16,INR,UPI,SUCCESS,,1,0.949,2026-06-14 07:35:15.661676
pay_004395,cust_01184,3539.47,INR,UPI,FAILED,NETWORK_ERROR,1,0.737,2026-06-14 07:53:15.661676
pay_006225,cust_02232,2742.44,INR,NETBANKING,SUCCESS,,1,0.705,2026-06-14 08:01:15.661676
pay_003580,cust_01235,770.48,INR,UPI,SUCCESS,,1,0.602,2026-06-14 08:38:15.661676
pay_009078,cust_00684,717.87,INR,NETBANKING,SUCCESS,,1,0.837,2026-06-14 08:41:15.661676
pay_004010,cust_00557,3000.88,INR,UPI,SUCCESS,,1,0.958,2026-06-14 08:43:15.661676
pay_002024,cust_00052,634.57,INR,WALLET,SUCCESS,,1,0.704,2026-06-14 08:49:15.661676
pay_006715,cust_01325,375.92,INR,UPI,SUCCESS,,1,0.726,2026-06-14 09:00:15.661676
pay_009895,cust_01780,1621.1,INR,CARD,SUCCESS,,1,0.686,2026-06-14 09:04:15.661676
pay_001440,cust_00977,3254.85,INR,UPI,SUCCESS,,1,0.583,2026-06-14 09:21:15.661676
pay_005961,cust_02805,943.85,INR,UPI,FAILED,BANK_ERROR,2,0.845,2026-06-14 09:35:15.661676
pay_004387,cust_02349,1044.17,INR,NETBANKING,FAILED,BANK_ERROR,3,0.885,2026-06-14 09:37:15.661676
pay_001320,cust_00607,1556.85,INR,WALLET,FAILED,INSUFFICIENT_FUNDS,1,0.608,2026-06-14 10:32:15.661676
pay_000626,cust_00801,1201.14,INR,CARD,SUCCESS,,1,0.671,2026-06-14 10:41:15.661676
pay_006346,cust_01640,1920.88,INR,CARD,SUCCESS,,1,0.807,2026-06-14 11:01:15.661676
pay_003975,cust_00608,2403.15,INR,CARD,SUCCESS,,1,0.866,2026-06-14 11:08:15.661676
pay_009506,cust_01998,3994.08,INR,WALLET,SUCCESS,,1,0.769,2026-06-14 11:30:15.661676
pay_003753,cust_00976,4925.96,INR,UPI,FAILED,TIMEOUT,4,0.466,2026-06-14 11:31:15.661676
pay_008360,cust_01333,1125.34,INR,WALLET,SUCCESS,,1,0.712,2026-06-14 12:10:15.661676
pay_003669,cust_01619,1613.7,INR,WALLET,FAILED,FRAUD_SUSPECTED,4,0.775,2026-06-14 12:22:15.661676
pay_004778,cust_02188,4731.33,INR,UPI,SUCCESS,,1,0.535,2026-06-14 12:50:15.661676
pay_008236,cust_01119,3396.95,INR,WALLET,SUCCESS,,1,0.935,2026-06-14 12:51:15.661676
pay_005306,cust_00830,4297.08,INR,UPI,SUCCESS,,1,0.634,2026-06-14 12:59:15.661676
pay_005817,cust_02538,942.18,INR,NETBANKING,SUCCESS,,1,0.528,2026-06-14 13:02:15.661676
pay_005921,cust_02316,4923.76,INR,WALLET,SUCCESS,,1,0.819,2026-06-14 13:09:15.661676
pay_000150,cust_02364,2292.93,INR,UPI,SUCCESS,,1,0.754,2026-06-14 13:13:15.661676
pay_007861,cust_01631,9352.09,INR,NETBANKING,SUCCESS,,1,0.911,2026-06-14 13:17:15.661676
pay_001089,cust_02609,1469.63,INR,NETBANKING,SUCCESS,,1,0.508,2026-06-14 13:43:15.661676
pay_006535,cust_01467,1044.67,INR,WALLET,SUCCESS,,1,0.896,2026-06-14 13:52:15.661676
pay_006577,cust_01695,1111.21,INR,CARD,SUCCESS,,1,0.531,2026-06-14 14:13:15.661676
pay_002344,cust_00752,1186.99,INR,UPI,FAILED,CARD_EXPIRED,3,0.814,2026-06-14 14:22:15.661676
pay_005380,cust_01968,1157.82,INR,WALLET,SUCCESS,,1,0.976,2026-06-14 14:27:15.661676
pay_005326,cust_00072,1794.81,INR,NETBANKING,SUCCESS,,1,0.895,2026-06-14 14:33:15.661676
pay_003104,cust_02963,4257.72,INR,CARD,SUCCESS,,1,0.551,2026-06-14 15:23:15.661676
pay_000022,cust_00193,1509.27,INR,UPI,SUCCESS,,1,0.878,2026-06-14 15:39:15.661676
pay_007996,cust_02799,10592.32,INR,NETBANKING,FAILED,FRAUD_SUSPECTED,2,0.637,2026-06-14 15:43:15.661676
pay_008362,cust_02157,2220.74,INR,UPI,SUCCESS,,1,0.512,2026-06-14 15:49:15.661676
pay_005550,cust_00961,5231.46,INR,UPI,SUCCESS,,1,0.6,2026-06-14 16:19:15.661676
pay_001051,cust_02058,1096.14,INR,CARD,SUCCESS,,1,0.845,2026-06-14 16:25:15.661676
pay_001761,cust_02775,6714.14,INR,NETBANKING,SUCCESS,,1,0.546,2026-06-14 17:05:15.661676
pay_002709,cust_00512,1364.94,INR,WALLET,SUCCESS,,1,0.979,2026-06-14 17:28:15.661676
pay_001731,cust_00132,1512.06,INR,CARD,FAILED,TIMEOUT,4,0.979,2026-06-14 17:30:15.661676
pay_003820,cust_01362,701.19,INR,UPI,SUCCESS,,1,0.753,2026-06-14 17:35:15.661676
pay_009671,cust_01177,2099.99,INR,WALLET,FAILED,NETWORK_ERROR,3,0.951,2026-06-14 17:40:15.661676
pay_009657,cust_02031,2938.2,INR,UPI,SUCCESS,,1,0.701,2026-06-14 17:52:15.661676
pay_008076,cust_01353,2045.15,INR,NETBANKING,SUCCESS,,1,0.561,2026-06-14 17:53:15.661676
pay_003293,cust_01228,5021.94,INR,WALLET,SUCCESS,,1,0.9,2026-06-14 18:01:15.661676
pay_004894,cust_00016,1637.27,INR,WALLET,SUCCESS,,1,0.884,2026-06-14 18:32:15.661676
pay_000301,cust_00537,931.51,INR,WALLET,SUCCESS,,1,0.899,2026-06-14 18:44:15.661676
pay_005755,cust_00454,1545.92,INR,CARD,SUCCESS,,1,0.563,2026-06-14 18:45:15.661676
pay_001194,cust_01476,2335.14,INR,WALLET,SUCCESS,,1,0.921,2026-06-14 18:46:15.661676
pay_002575,cust_01802,14715.17,INR,NETBANKING,SUCCESS,,1,0.825,2026-06-14 19:08:15.661676
pay_006947,cust_00021,415.38,INR,NETBANKING,SUCCESS,,1,0.787,2026-06-14 19:18:15.661676
pay_002060,cust_02298,2110.9,INR,UPI,SUCCESS,,1,0.607,2026-06-14 19:24:15.661676
pay_004959,cust_02242,1735.03,INR,UPI,FAILED,LIMIT_EXCEEDED,4,0.908,2026-06-14 19:41:15.661676
pay_004733,cust_00777,782.98,INR,UPI,FAILED,INSUFFICIENT_FUNDS,1,0.452,2026-06-14 19:50:15.661676
pay_000052,cust_02277,1328.67,INR,WALLET,SUCCESS,,1,0.568,2026-06-14 19:55:15.661676
pay_003398,cust_02286,5950.86,INR,WALLET,SUCCESS,,1,0.514,2026-06-14 20:22:15.661676
pay_004162,cust_00305,2654.1,INR,CARD,SUCCESS,,1,0.877,2026-06-14 20:29:15.661676
pay_000449,cust_01887,1198.6,INR,NETBANKING,SUCCESS,,1,0.956,2026-06-14 20:38:15.661676
pay_003540,cust_00745,1590.35,INR,CARD,SUCCESS,,1,0.756,2026-06-14 20:47:15.661676
pay_007367,cust_02281,7203.85,INR,NETBANKING,SUCCESS,,1,0.581,2026-06-14 21:00:15.661676
pay_005574,cust_02265,1339.93,INR,NETBANKING,SUCCESS,,1,0.811,2026-06-14 21:01:15.661676
pay_005821,cust_01649,1857.48,INR,UPI,SUCCESS,,1,0.941,2026-06-14 21:12:15.661676
pay_001141,cust_00557,1425.03,INR,WALLET,SUCCESS,,1,0.932,2026-06-14 21:12:15.661676
pay_009301,cust_02624,2532.59,INR,UPI,SUCCESS,,1,0.709,2026-06-14 21:15:15.661676
pay_001942,cust_00087,1321.71,INR,CARD,SUCCESS,,1,0.457,2026-06-14 21:33:15.661676
pay_006352,cust_01087,788.09,INR,WALLET,SUCCESS,,1,0.589,2026-06-14 21:44:15.661676
pay_001986,cust_02580,2725.67,INR,WALLET,SUCCESS,,1,0.844,2026-06-14 21:46:15.661676
pay_005229,cust_02560,2922.43,INR,UPI,SUCCESS,,1,0.487,2026-06-14 22:17:15.661676
pay_001063,cust_00818,4532.43,INR,NETBANKING,SUCCESS,,1,0.91,2026-06-14 22:32:15.661676
pay_008291,cust_02365,1684.63,INR,CARD,SUCCESS,,1,0.953,2026-06-14 23:01:15.661676
pay_002881,cust_02530,301.69,INR,UPI,SUCCESS,,1,0.971,2026-06-14 23:05:15.661676
pay_004540,cust_01066,3337.56,INR,UPI,FAILED,CARD_EXPIRED,3,0.509,2026-06-14 23:09:15.661676
pay_006119,cust_00352,2811.78,INR,CARD,SUCCESS,,1,0.513,2026-06-14 23:48:15.661676
pay_003618,cust_02487,1440.4,INR,WALLET,SUCCESS,,1,0.947,2026-06-14 23:49:15.661676
pay_003342,cust_02588,1488.99,INR,WALLET,SUCCESS,,1,0.855,2026-06-15 00:01:15.661676
pay_005470,cust_02534,1997.8,INR,CARD,SUCCESS,,1,0.747,2026-06-15 00:09:15.661676
pay_006094,cust_02481,900.59,INR,WALLET,SUCCESS,,1,0.534,2026-06-15 00:13:15.661676
pay_008871,cust_01842,4214.85,INR,CARD,SUCCESS,,1,0.504,2026-06-15 00:15:15.661676
pay_006622,cust_01370,2109.32,INR,UPI,SUCCESS,,1,0.801,2026-06-15 00:21:15.661676
pay_008428,cust_01420,876.0,INR,WALLET,FAILED,USER_CANCELLED,4,0.671,2026-06-15 00:42:15.661676
pay_008826,cust_00773,606.1,INR,NETBANKING,SUCCESS,,1,0.494,2026-06-15 00:44:15.661676
pay_001738,cust_01683,769.51,INR,WALLET,FAILED,BANK_ERROR,4,0.708,2026-06-15 00:48:15.661676
pay_001561,cust_00842,1777.4,INR,NETBANKING,SUCCESS,,1,0.832,2026-06-15 00:48:15.661676
pay_000155,cust_01084,2285.77,INR,UPI,SUCCESS,,1,0.748,2026-06-15 00:51:15.661676
pay_008331,cust_02461,1522.09,INR,WALLET,FAILED,USER_CANCELLED,1,0.821,2026-06-15 00:54:15.661676
pay_009076,cust_01510,6212.04,INR,CARD,FAILED,BANK_ERROR,3,0.458,2026-06-15 00:56:15.661676
pay_006033,cust_00782,2702.68,INR,WALLET,SUCCESS,,1,0.574,2026-06-15 01:21:15.661676
pay_008490,cust_02612,1013.55,INR,NETBANKING,SUCCESS,,1,0.989,2026-06-15 01:23:15.661676
pay_003164,cust_01894,1037.24,INR,NETBANKING,SUCCESS,,1,0.828,2026-06-15 01:35:15.661676
pay_006786,cust_01514,1290.83,INR,WALLET,SUCCESS,,1,0.853,2026-06-15 01:36:15.661676
pay_000260,cust_01859,3360.04,INR,NETBANKING,SUCCESS,,1,0.84,2026-06-15 01:37:15.661676
pay_008436,cust_01146,2039.34,INR,UPI,SUCCESS,,1,0.523,2026-06-15 01:52:15.661676
pay_001010,cust_00367,1178.28,INR,CARD,SUCCESS,,1,0.82,2026-06-15 02:15:15.661676
pay_009696,cust_00592,955.67,INR,CARD,SUCCESS,,1,0.817,2026-06-15 02:18:15.661676
pay_001468,cust_00337,2479.31,INR,UPI,SUCCESS,,1,0.835,2026-06-15 02:32:15.661676
pay_001283,cust_02202,3185.89,INR,CARD,SUCCESS,,1,0.712,2026-06-15 03:01:15.661676
pay_004807,cust_01075,1001.02,INR,NETBANKING,SUCCESS,,1,0.864,2026-06-15 03:05:15.661676
pay_002669,cust_02452,2812.53,INR,CARD,SUCCESS,,1,0.638,2026-06-15 03:17:15.661676
pay_002856,cust_02533,1199.24,INR,WALLET,SUCCESS,,1,0.789,2026-06-15 03:32:15.661676
pay_002119,cust_02458,232.79,INR,UPI,SUCCESS,,1,0.587,2026-06-15 03:46:15.661676
pay_005988,cust_00976,1868.22,INR,WALLET,SUCCESS,,1,0.637,2026-06-15 03:54:15.661676
pay_001740,cust_02907,7104.55,INR,WALLET,SUCCESS,,1,0.957,2026-06-15 04:37:15.661676
pay_002945,cust_00849,2343.14,INR,WALLET,SUCCESS,,1,0.942,2026-06-15 05:14:15.661676
pay_003778,cust_02548,676.71,INR,WALLET,SUCCESS,,1,0.698,2026-06-15 05:46:15.661676
pay_002491,cust_00021,1788.14,INR,WALLET,SUCCESS,,1,0.704,2026-06-15 05:49:15.661676
pay_006252,cust_01358,1357.96,INR,NETBANKING,SUCCESS,,1,0.826,2026-06-15 06:50:15.661676
pay_008817,cust_02683,1458.71,INR,UPI,SUCCESS,,1,0.68,2026-06-15 06:52:15.661676
pay_005296,cust_00828,1579.24,INR,CARD,SUCCESS,,1,0.707,2026-06-15 06:55:15.661676
pay_004537,cust_00464,2150.27,INR,WALLET,SUCCESS,,1,0.873,2026-06-15 07:05:15.661676
pay_008822,cust_00100,5293.2,INR,WALLET,SUCCESS,,1,0.721,2026-06-15 07:06:15.661676
pay_005715,cust_02877,2479.13,INR,CARD,SUCCESS,,1,0.522,2026-06-15 07:22:15.661676
pay_009233,cust_01929,1910.51,INR,UPI,SUCCESS,,1,0.55,2026-06-15 07:36:15.661676
pay_004340,cust_01850,1402.65,INR,CARD,SUCCESS,,1,0.56,2026-06-15 07:49:15.661676
pay_002319,cust_01205,1156.74,INR,UPI,SUCCESS,,1,0.607,2026-06-15 07:58:15.661676
pay_009718,cust_00679,770.75,INR,CARD,FAILED,USER_CANCELLED,2,0.732,2026-06-15 08:38:15.661676
pay_000919,cust_02256,1265.03,INR,UPI,SUCCESS,,1,0.793,2026-06-15 08:54:15.661676
pay_003804,cust_02117,2054.05,INR,CARD,SUCCESS,,1,0.837,2026-06-15 09:17:15.661676
pay_000834,cust_01083,978.25,INR,CARD,SUCCESS,,1,0.588,2026-06-15 09:19:15.661676
pay_000862,cust_02100,537.76,INR,CARD,SUCCESS,,1,0.783,2026-06-15 09:22:15.661676
pay_007919,cust_01669,1041.81,INR,CARD,SUCCESS,,1,0.757,2026-06-15 09:39:15.661676
pay_002045,cust_00154,936.42,INR,NETBANKING,SUCCESS,,1,0.7,2026-06-15 09:57:15.661676
pay_001329,cust_00719,686.94,INR,CARD,SUCCESS,,1,0.472,2026-06-15 10:01:15.661676
pay_007373,cust_01147,1319.82,INR,UPI,SUCCESS,,1,0.971,2026-06-15 10:21:15.661676
pay_003547,cust_02020,3132.71,INR,CARD,SUCCESS,,1,0.607,2026-06-15 10:42:15.661676
pay_007009,cust_00710,5309.52,INR,UPI,SUCCESS,,1,0.476,2026-06-15 11:08:15.661676
pay_000362,cust_01246,6162.21,INR,CARD,SUCCESS,,1,0.833,2026-06-15 11:35:15.661676
pay_007258,cust_02064,3038.46,INR,WALLET,FAILED,BANK_ERROR,4,0.845,2026-06-15 11:36:15.661676
pay_006846,cust_01547,2564.97,INR,CARD,SUCCESS,,1,0.747,2026-06-15 11:46:15.661676
pay_003109,cust_00451,2592.77,INR,CARD,SUCCESS,,1,0.857,2026-06-15 11:51:15.661676
pay_005197,cust_01552,4119.77,INR,UPI,SUCCESS,,1,0.649,2026-06-15 11:59:15.661676
pay_004467,cust_01619,3569.08,INR,CARD,FAILED,BANK_ERROR,1,0.876,2026-06-15 12:14:15.661676
pay_002890,cust_01317,2456.25,INR,CARD,SUCCESS,,1,0.901,2026-06-15 12:35:15.661676
pay_000389,cust_01344,3867.41,INR,NETBANKING,SUCCESS,,1,0.783,2026-06-15 12:45:15.661676
pay_002300,cust_02328,543.23,INR,NETBANKING,FAILED,INSUFFICIENT_FUNDS,2,0.521,2026-06-15 12:51:15.661676
pay_000685,cust_01964,680.14,INR,CARD,SUCCESS,,1,0.882,2026-06-15 13:05:15.661676
pay_006520,cust_01251,2371.99,INR,UPI,SUCCESS,,1,0.963,2026-06-15 13:19:15.661676
pay_007986,cust_01550,922.77,INR,CARD,FAILED,NETWORK_ERROR,1,0.792,2026-06-15 13:29:15.661676
pay_002934,cust_01857,3882.52,INR,NETBANKING,SUCCESS,,1,0.624,2026-06-15 13:37:15.661676
pay_008971,cust_02027,1322.37,INR,NETBANKING,SUCCESS,,1,0.802,2026-06-15 14:01:15.661676
pay_002855,cust_00655,4790.39,INR,CARD,SUCCESS,,1,0.737,2026-06-15 14:24:15.661676
pay_007659,cust_00800,3320.36,INR,UPI,FAILED,USER_CANCELLED,3,0.898,2026-06-15 14:59:15.661676
pay_009757,cust_00320,3357.14,INR,CARD,FAILED,BANK_ERROR,4,0.599,2026-06-15 15:00:15.661676
pay_004106,cust_01862,2196.23,INR,CARD,SUCCESS,,1,0.913,2026-06-15 15:02:15.661676
pay_008823,cust_00011,2235.3,INR,WALLET,SUCCESS,,1,0.571,2026-06-15 15:35:15.661676
pay_007642,cust_01063,1942.08,INR,NETBANKING,SUCCESS,,1,0.673,2026-06-15 15:37:15.661676
pay_007884,cust_00901,1727.36,INR,WALLET,FAILED,BANK_ERROR,4,0.571,2026-06-15 15:47:15.661676
pay_004191,cust_00485,2481.55,INR,UPI,SUCCESS,,1,0.969,2026-06-15 16:05:15.661676
pay_009225,cust_01676,547.08,INR,CARD,SUCCESS,,1,0.568,2026-06-15 16:10:15.661676
pay_001792,cust_01914,1982.32,INR,NETBANKING,SUCCESS,,1,0.582,2026-06-15 16:22:15.661676
pay_006632,cust_02376,2606.52,INR,CARD,SUCCESS,,1,0.882,2026-06-15 16:30:15.661676
pay_000436,cust_00829,1918.46,INR,CARD,SUCCESS,,1,0.731,2026-06-15 17:12:15.661676
pay_008337,cust_02970,831.96,INR,WALLET,SUCCESS,,1,0.794,2026-06-15 17:19:15.661676
pay_005309,cust_02909,985.18,INR,UPI,SUCCESS,,1,0.922,2026-06-15 17:21:15.661676
pay_006830,cust_02379,1275.88,INR,WALLET,SUCCESS,,1,0.905,2026-06-15 17:24:15.661676
pay_000050,cust_01643,441.23,INR,UPI,SUCCESS,,1,0.982,2026-06-15 17:25:15.661676
pay_009792,cust_02504,2364.34,INR,UPI,SUCCESS,,1,0.915,2026-06-15 17:38:15.661676
pay_003492,cust_02454,1524.21,INR,WALLET,SUCCESS,,1,0.732,2026-06-15 17:48:15.661676
pay_004210,cust_01642,734.48,INR,NETBANKING,SUCCESS,,1,0.471,2026-06-15 17:51:15.661676
pay_009020,cust_00835,3080.05,INR,NETBANKING,SUCCESS,,1,0.45,2026-06-15 18:01:15.661676
pay_007585,cust_01369,3071.83,INR,WALLET,SUCCESS,,1,0.878,2026-06-15 18:34:15.661676
pay_005418,cust_01643,372.12,INR,WALLET,SUCCESS,,1,0.454,2026-06-15 18:37:15.661676
pay_007737,cust_00531,15807.9,INR,WALLET,SUCCESS,,1,0.655,2026-06-15 18:38:15.661676
pay_004845,cust_00766,4596.71,INR,NETBANKING,SUCCESS,,1,0.946,2026-06-15 18:57:15.661676
pay_007630,cust_01419,2479.88,INR,NETBANKING,SUCCESS,,1,0.939,2026-06-15 19:34:15.661676
pay_002127,cust_02407,702.99,INR,NETBANKING,SUCCESS,,1,0.965,2026-06-15 19:38:15.661676
pay_004935,cust_01544,1251.61,INR,NETBANKING,SUCCESS,,1,0.903,2026-06-15 19:50:15.661676
pay_007682,cust_01860,949.16,INR,WALLET,SUCCESS,,1,0.534,2026-06-15 20:26:15.661676
pay_007909,cust_00059,3355.24,INR,NETBANKING,SUCCESS,,1,0.603,2026-06-15 20:30:15.661676
pay_006014,cust_00082,4338.76,INR,CARD,SUCCESS,,1,0.943,2026-06-15 20:45:15.661676
pay_008063,cust_00589,543.25,INR,UPI,SUCCESS,,1,0.859,2026-06-15 20:56:15.661676
pay_001103,cust_01172,9611.35,INR,WALLET,SUCCESS,,1,0.781,2026-06-15 21:27:15.661676
pay_009555,cust_02204,1281.34,INR,CARD,SUCCESS,,1,0.474,2026-06-15 21:39:15.661676
pay_001424,cust_02060,923.93,INR,NETBANKING,SUCCESS,,1,0.646,2026-06-15 21:46:15.661676
pay_000974,cust_00328,1072.66,INR,CARD,SUCCESS,,1,0.502,2026-06-15 22:23:15.661676
pay_001968,cust_02146,1601.96,INR,UPI,SUCCESS,,1,0.826,2026-06-15 22:26:15.661676
pay_000611,cust_02953,3051.82,INR,NETBANKING,SUCCESS,,1,0.855,2026-06-15 22:30:15.661676
pay_000760,cust_02412,3166.07,INR,NETBANKING,SUCCESS,,1,0.475,2026-06-15 22:37:15.661676
pay_000556,cust_01819,1300.49,INR,WALLET,SUCCESS,,1,0.467,2026-06-15 23:08:15.661676
pay_003921,cust_02652,7977.68,INR,WALLET,SUCCESS,,1,0.52,2026-06-15 23:11:15.661676
pay_000846,cust_00338,2681.04,INR,UPI,FAILED,FRAUD_SUSPECTED,1,0.789,2026-06-15 23:26:15.661676
pay_009192,cust_01753,425.54,INR,UPI,SUCCESS,,1,0.542,2026-06-15 23:28:15.661676
pay_001704,cust_02718,4392.97,INR,UPI,SUCCESS,,1,0.856,2026-06-15 23:31:15.661676
pay_003885,cust_01900,1717.69,INR,WALLET,SUCCESS,,1,0.501,2026-06-15 23:37:15.661676
pay_001209,cust_01207,588.7,INR,NETBANKING,SUCCESS,,1,0.948,2026-06-15 23:41:15.661676
pay_003214,cust_01649,6115.56,INR,CARD,SUCCESS,,1,0.794,2026-06-15 23:43:15.661676
pay_004953,cust_01514,3401.38,INR,WALLET,SUCCESS,,1,0.747,2026-06-15 23:59:15.661676
pay_007789,cust_00692,1726.29,INR,NETBANKING,SUCCESS,,1,0.535,2026-06-16 00:10:15.661676
pay_007624,cust_00733,1006.78,INR,CARD,SUCCESS,,1,0.81,2026-06-16 00:10:15.661676
pay_003755,cust_00203,1039.19,INR,CARD,SUCCESS,,1,0.474,2026-06-16 00:17:15.661676
pay_004602,cust_02988,3827.56,INR,WALLET,SUCCESS,,1,0.984,2026-06-16 00:46:15.661676
pay_006753,cust_02760,1463.17,INR,UPI,SUCCESS,,1,0.749,2026-06-16 00:48:15.661676
pay_001841,cust_02757,1631.36,INR,WALLET,FAILED,TIMEOUT,4,0.808,2026-06-16 00:53:15.661676
pay_003891,cust_02105,3147.26,INR,CARD,SUCCESS,,1,0.707,2026-06-16 01:02:15.661676
pay_009737,cust_02581,2527.06,INR,NETBANKING,SUCCESS,,1,0.503,2026-06-16 01:10:15.661676
pay_006893,cust_02033,668.08,INR,UPI,SUCCESS,,1,0.531,2026-06-16 01:14:15.661676
pay_004934,cust_02649,4437.73,INR,CARD,FAILED,INSUFFICIENT_FUNDS,3,0.84,2026-06-16 01:27:15.661676
pay_003087,cust_02863,1728.02,INR,WALLET,SUCCESS,,1,0.562,2026-06-16 01:36:15.661676
pay_001760,cust_02190,5176.74,INR,WALLET,SUCCESS,,1,0.862,2026-06-16 01:45:15.661676
pay_005155,cust_01933,901.96,INR,WALLET,SUCCESS,,1,0.839,2026-06-16 01:51:15.661676
pay_008495,cust_01735,820.56,INR,UPI,SUCCESS,,1,0.541,2026-06-16 01:55:15.661676
pay_004008,cust_00075,1092.36,INR,NETBANKING,SUCCESS,,1,0.535,2026-06-16 02:21:15.661676
pay_004600,cust_00329,5157.22,INR,WALLET,SUCCESS,,1,0.543,2026-06-16 02:27:15.661676
pay_007593,cust_02103,987.92,INR,WALLET,SUCCESS,,1,0.746,2026-06-16 02:31:15.661676
pay_005868,cust_00757,1034.66,INR,WALLET,SUCCESS,,1,0.942,2026-06-16 02:55:15.661676
pay_005377,cust_01619,14151.79,INR,NETBANKING,SUCCESS,,1,0.945,2026-06-16 02:58:15.661676
pay_003203,cust_02995,2159.93,INR,NETBANKING,SUCCESS,,1,0.813,2026-06-16 03:00:15.661676
pay_008756,cust_00034,4991.06,INR,NETBANKING,SUCCESS,,1,0.666,2026-06-16 03:15:15.661676
pay_003239,cust_02985,2095.96,INR,CARD,SUCCESS,,1,0.894,2026-06-16 03:45:15.661676
pay_009852,cust_02655,1595.56,INR,UPI,SUCCESS,,1,0.46,2026-06-16 03:46:15.661676
pay_000512,cust_00695,1736.82,INR,WALLET,SUCCESS,,1,0.613,2026-06-16 04:02:15.661676
pay_005106,cust_01596,2124.56,INR,UPI,SUCCESS,,1,0.868,2026-06-16 04:43:15.661676
pay_000200,cust_02793,724.6,INR,CARD,SUCCESS,,1,0.779,2026-06-16 05:06:15.661676
pay_006694,cust_00840,2625.81,INR,CARD,FAILED,BANK_ERROR,4,0.595,2026-06-16 05:09:15.661676
pay_000687,cust_00304,1491.8,INR,NETBANKING,FAILED,BANK_ERROR,1,0.745,2026-06-16 05:22:15.661676
pay_004253,cust_01190,2138.0,INR,NETBANKING,SUCCESS,,1,0.661,2026-06-16 05:34:15.661676
pay_002180,cust_02818,1817.9,INR,CARD,SUCCESS,,1,0.488,2026-06-16 05:38:15.661676
pay_001069,cust_00179,1243.69,INR,NETBANKING,SUCCESS,,1,0.558,2026-06-16 05:50:15.661676
pay_005718,cust_01458,1466.44,INR,WALLET,SUCCESS,,1,0.656,2026-06-16 06:13:15.661676
pay_008579,cust_01182,297.49,INR,UPI,SUCCESS,,1,0.894,2026-06-16 06:17:15.661676
pay_000898,cust_01931,2033.21,INR,WALLET,SUCCESS,,1,0.672,2026-06-16 06:22:15.661676
pay_008790,cust_02777,1024.43,INR,UPI,SUCCESS,,1,0.474,2026-06-16 06:23:15.661676
pay_003369,cust_01669,2490.86,INR,CARD,SUCCESS,,1,0.535,2026-06-16 06:26:15.661676
pay_004084,cust_01059,391.77,INR,WALLET,SUCCESS,,1,0.567,2026-06-16 06:30:15.661676
pay_008003,cust_01047,1575.14,INR,UPI,SUCCESS,,1,0.882,2026-06-16 06:40:15.661676
pay_002183,cust_01081,1565.07,INR,UPI,SUCCESS,,1,0.911,2026-06-16 06:43:15.661676
pay_002232,cust_00581,3403.3,INR,CARD,SUCCESS,,1,0.828,2026-06-16 06:49:15.661676
pay_009840,cust_00005,680.01,INR,UPI,SUCCESS,,1,0.745,2026-06-16 06:50:15.661676
pay_009699,cust_02436,4735.59,INR,CARD,SUCCESS,,1,0.462,2026-06-16 06:54:15.661676
pay_004225,cust_02270,602.61,INR,NETBANKING,SUCCESS,,1,0.811,2026-06-16 07:15:15.661676
pay_008747,cust_01651,1669.95,INR,UPI,FAILED,NETWORK_ERROR,1,0.977,2026-06-16 07:28:15.661676
pay_001162,cust_01161,11302.22,INR,CARD,SUCCESS,,1,0.781,2026-06-16 07:55:15.661676
pay_007506,cust_01442,300.81,INR,WALLET,SUCCESS,,1,0.89,2026-06-16 08:27:15.661676
pay_004678,cust_02502,4379.4,INR,NETBANKING,SUCCESS,,1,0.608,2026-06-16 08:40:15.661676
pay_009722,cust_01226,2186.78,INR,UPI,SUCCESS,,1,0.949,2026-06-16 09:00:15.661676
pay_008869,cust_00670,1873.65,INR,NETBANKING,SUCCESS,,1,0.594,2026-06-16 09:11:15.661676
pay_005374,cust_01884,1712.49,INR,WALLET,SUCCESS,,1,0.549,2026-06-16 09:16:15.661676
pay_001261,cust_00535,2826.12,INR,UPI,SUCCESS,,1,0.939,2026-06-16 10:03:15.661676
pay_005934,cust_02446,283.94,INR,WALLET,SUCCESS,,1,0.878,2026-06-16 10:21:15.661676
pay_004329,cust_01086,7041.3,INR,CARD,SUCCESS,,1,0.508,2026-06-16 10:21:15.661676
pay_004631,cust_02313,525.34,INR,CARD,SUCCESS,,1,0.549,2026-06-16 10:27:15.661676
pay_002459,cust_01093,2696.6,INR,UPI,SUCCESS,,1,0.599,2026-06-16 10:47:15.661676
pay_000351,cust_00304,2318.62,INR,WALLET,FAILED,INSUFFICIENT_FUNDS,1,0.888,2026-06-16 10:56:15.661676
pay_006587,cust_02831,5681.22,INR,WALLET,SUCCESS,,1,0.951,2026-06-16 11:04:15.661676
pay_000653,cust_01568,1458.1,INR,WALLET,SUCCESS,,1,0.94,2026-06-16 11:16:15.661676
pay_008464,cust_02442,747.09,INR,CARD,SUCCESS,,1,0.695,2026-06-16 11:31:15.661676
pay_002460,cust_00814,2637.54,INR,WALLET,SUCCESS,,1,0.905,2026-06-16 11:37:15.661676
pay_007456,cust_00446,780.52,INR,WALLET,SUCCESS,,1,0.833,2026-06-16 11:57:15.661676
pay_005066,cust_01754,1534.71,INR,UPI,SUCCESS,,1,0.726,2026-06-16 12:15:15.661676
pay_001551,cust_01978,1668.83,INR,CARD,SUCCESS,,1,0.777,2026-06-16 12:19:15.661676
pay_007370,cust_02077,1206.66,INR,UPI,SUCCESS,,1,0.554,2026-06-16 12:20:15.661676
pay_004556,cust_00142,1421.73,INR,CARD,FAILED,NETWORK_ERROR,2,0.584,2026-06-16 12:27:15.661676
pay_005699,cust_00214,1662.41,INR,UPI,SUCCESS,,1,0.62,2026-06-16 12:32:15.661676
pay_005730,cust_02263,1733.67,INR,UPI,SUCCESS,,1,0.899,2026-06-16 12:47:15.661676
pay_007697,cust_02443,4127.07,INR,WALLET,SUCCESS,,1,0.843,2026-06-16 12:50:15.661676
pay_000723,cust_00556,614.9,INR,UPI,SUCCESS,,1,0.9,2026-06-16 13:18:15.661676
pay_003018,cust_00482,187.59,INR,WALLET,FAILED,NETWORK_ERROR,2,0.472,2026-06-16 13:41:15.661676
pay_005515,cust_00397,4705.21,INR,NETBANKING,SUCCESS,,1,0.505,2026-06-16 14:07:15.661676
pay_009779,cust_02906,3531.91,INR,WALLET,SUCCESS,,1,0.704,2026-06-16 14:14:15.661676
pay_006256,cust_02036,309.75,INR,WALLET,FAILED,FRAUD_SUSPECTED,2,0.772,2026-06-16 14:39:15.661676
pay_003998,cust_00901,1399.35,INR,WALLET,SUCCESS,,1,0.481,2026-06-16 15:00:15.661676
pay_005675,cust_00992,629.44,INR,WALLET,FAILED,BANK_ERROR,1,0.641,2026-06-16 15:28:15.661676
pay_001923,cust_02145,766.48,INR,CARD,SUCCESS,,1,0.903,2026-06-16 15:39:15.661676
pay_001350,cust_01120,1510.49,INR,WALLET,SUCCESS,,1,0.834,2026-06-16 15:49:15.661676
pay_001150,cust_00886,918.21,INR,NETBANKING,SUCCESS,,1,0.874,2026-06-16 16:05:15.661676
pay_005886,cust_01894,6889.91,INR,NETBANKING,SUCCESS,,1,0.629,2026-06-16 16:23:15.661676
pay_006571,cust_01437,1625.54,INR,NETBANKING,SUCCESS,,1,0.72,2026-06-16 17:02:15.661676
pay_006445,cust_02155,3385.7,INR,NETBANKING,SUCCESS,,1,0.931,2026-06-16 17:22:15.661676
pay_008999,cust_02354,1045.25,INR,WALLET,SUCCESS,,1,0.811,2026-06-16 17:49:15.661676
pay_005513,cust_01602,3011.17,INR,WALLET,SUCCESS,,1,0.561,2026-06-16 18:02:15.661676
pay_006021,cust_02927,2207.38,INR,NETBANKING,SUCCESS,,1,0.517,2026-06-16 18:19:15.661676
pay_008248,cust_00440,1313.09,INR,WALLET,SUCCESS,,1,0.945,2026-06-16 18:21:15.661676
pay_000664,cust_01454,1170.59,INR,CARD,SUCCESS,,1,0.622,2026-06-16 18:27:15.661676
pay_002375,cust_01741,4420.11,INR,UPI,SUCCESS,,1,0.622,2026-06-16 18:40:15.661676
pay_001280,cust_01944,1411.92,INR,WALLET,SUCCESS,,1,0.948,2026-06-16 18:57:15.661676
pay_008196,cust_02071,4018.14,INR,NETBANKING,SUCCESS,,1,0.459,2026-06-16 19:00:15.661676
pay_001819,cust_01766,1527.05,INR,CARD,SUCCESS,,1,0.83,2026-06-16 19:07:15.661676
pay_008075,cust_01684,344.51,INR,CARD,SUCCESS,,1,0.722,2026-06-16 19:15:15.661676
pay_000959,cust_01938,2852.11,INR,UPI,SUCCESS,,1,0.523,2026-06-16 19:34:15.661676
pay_008639,cust_01574,2717.41,INR,NETBANKING,SUCCESS,,1,0.651,2026-06-16 20:10:15.661676
pay_004727,cust_01859,2139.83,INR,WALLET,SUCCESS,,1,0.636,2026-06-16 20:15:15.661676
pay_009034,cust_02813,703.58,INR,WALLET,SUCCESS,,1,0.587,2026-06-16 20:21:15.661676
pay_003657,cust_02261,1818.46,INR,CARD,SUCCESS,,1,0.814,2026-06-16 20:29:15.661676
pay_004160,cust_02586,1933.98,INR,WALLET,SUCCESS,,1,0.507,2026-06-16 20:30:15.661676
pay_007687,cust_01047,1212.09,INR,NETBANKING,FAILED,INSUFFICIENT_FUNDS,4,0.543,2026-06-16 20:32:15.661676
pay_008459,cust_02724,905.47,INR,WALLET,SUCCESS,,1,0.471,2026-06-16 20:36:15.661676
pay_007974,cust_01481,1201.72,INR,WALLET,SUCCESS,,1,0.877,2026-06-16 20:37:15.661676
pay_004157,cust_01000,2755.16,INR,CARD,SUCCESS,,1,0.986,2026-06-16 21:06:15.661676
pay_005070,cust_02254,2278.67,INR,NETBANKING,SUCCESS,,1,0.898,2026-06-16 21:11:15.661676
pay_002660,cust_00577,2814.67,INR,CARD,SUCCESS,,1,0.519,2026-06-16 21:12:15.661676
pay_006725,cust_00333,1212.8,INR,CARD,SUCCESS,,1,0.633,2026-06-16 21:20:15.661676
pay_007944,cust_01326,2580.87,INR,UPI,SUCCESS,,1,0.623,2026-06-16 21:28:15.661676
pay_008551,cust_02827,624.4,INR,WALLET,SUCCESS,,1,0.727,2026-06-16 21:31:15.661676
pay_000727,cust_02434,1834.9,INR,WALLET,FAILED,INSUFFICIENT_FUNDS,3,0.636,2026-06-16 21:42:15.661676
pay_003801,cust_01141,595.36,INR,WALLET,SUCCESS,,1,0.947,2026-06-16 21:47:15.661676
pay_003892,cust_00005,2881.47,INR,UPI,SUCCESS,,1,0.782,2026-06-16 21:48:15.661676
pay_007193,cust_00244,1693.38,INR,NETBANKING,SUCCESS,,1,0.614,2026-06-16 21:54:15.661676
pay_003510,cust_01300,1179.82,INR,NETBANKING,SUCCESS,,1,0.614,2026-06-16 22:07:15.661676
pay_008168,cust_01561,3223.23,INR,CARD,SUCCESS,,1,0.944,2026-06-16 22:07:15.661676
pay_008702,cust_01228,1129.82,INR,CARD,SUCCESS,,1,0.683,2026-06-16 22:17:15.661676
pay_007413,cust_00525,1507.86,INR,WALLET,SUCCESS,,1,0.966,2026-06-16 22:34:15.661676
pay_002442,cust_02671,5459.78,INR,NETBANKING,SUCCESS,,1,0.647,2026-06-16 22:38:15.661676
pay_009063,cust_02494,2491.18,INR,WALLET,SUCCESS,,1,0.821,2026-06-16 22:46:15.661676
pay_006264,cust_01268,2313.77,INR,CARD,SUCCESS,,1,0.932,2026-06-16 22:48:15.661676
pay_008577,cust_02771,1831.88,INR,UPI,SUCCESS,,1,0.669,2026-06-16 22:52:15.661676
pay_009630,cust_01145,9247.49,INR,CARD,SUCCESS,,1,0.957,2026-06-16 22:58:15.661676
pay_004774,cust_01019,1836.29,INR,CARD,SUCCESS,,1,0.741,2026-06-16 23:04:15.661676
pay_001239,cust_00822,2850.32,INR,WALLET,SUCCESS,,1,0.509,2026-06-16 23:34:15.661676
pay_009453,cust_00328,1095.96,INR,CARD,SUCCESS,,1,0.536,2026-06-16 23:38:15.661676
pay_007218,cust_01839,6273.93,INR,NETBANKING,SUCCESS,,1,0.905,2026-06-16 23:39:15.661676
pay_001694,cust_02272,615.98,INR,CARD,SUCCESS,,1,0.545,2026-06-16 23:47:15.661676
pay_003990,cust_02724,972.93,INR,CARD,SUCCESS,,1,0.641,2026-06-17 00:00:15.661676
pay_004625,cust_00806,2404.27,INR,WALLET,SUCCESS,,1,0.806,2026-06-17 00:05:15.661676
pay_000915,cust_02262,1675.33,INR,WALLET,SUCCESS,,1,0.75,2026-06-17 00:11:15.661676
pay_002515,cust_00097,1635.39,INR,NETBANKING,SUCCESS,,1,0.675,2026-06-17 00:12:15.661676
pay_005307,cust_00646,1630.71,INR,WALLET,SUCCESS,,1,0.657,2026-06-17 00:17:15.661676
pay_005960,cust_02874,9349.28,INR,UPI,SUCCESS,,1,0.619,2026-06-17 00:21:15.661676
pay_003697,cust_02378,1144.36,INR,NETBANKING,SUCCESS,,1,0.947,2026-06-17 00:38:15.661676
pay_008992,cust_01577,3690.33,INR,CARD,SUCCESS,,1,0.728,2026-06-17 00:46:15.661676
pay_006918,cust_00364,14022.27,INR,UPI,SUCCESS,,1,0.686,2026-06-17 00:53:15.661676
pay_004258,cust_02427,5651.05,INR,UPI,SUCCESS,,1,0.688,2026-06-17 01:07:15.661676
pay_006868,cust_00097,948.81,INR,NETBANKING,SUCCESS,,1,0.715,2026-06-17 01:08:15.661676
pay_002054,cust_00366,1418.02,INR,UPI,SUCCESS,,1,0.699,2026-06-17 01:12:15.661676
pay_002422,cust_01302,4608.57,INR,WALLET,SUCCESS,,1,0.486,2026-06-17 01:17:15.661676
pay_007528,cust_00523,1309.36,INR,NETBANKING,SUCCESS,,1,0.478,2026-06-17 01:18:15.661676
pay_004828,cust_01530,3423.42,INR,CARD,SUCCESS,,1,0.491,2026-06-17 01:19:15.661676
pay_001393,cust_01949,9051.72,INR,NETBANKING,SUCCESS,,1,0.814,2026-06-17 01:26:15.661676
pay_000496,cust_01149,2782.56,INR,UPI,FAILED,NETWORK_ERROR,2,0.767,2026-06-17 01:34:15.661676
pay_000075,cust_01689,222.34,INR,UPI,SUCCESS,,1,0.629,2026-06-17 01:35:15.661676
pay_000145,cust_00932,2225.88,INR,NETBANKING,SUCCESS,,1,0.832,2026-06-17 01:45:15.661676
pay_007634,cust_00556,3176.29,INR,UPI,SUCCESS,,1,0.63,2026-06-17 01:55:15.661676
pay_001747,cust_01701,3944.82,INR,CARD,FAILED,FRAUD_SUSPECTED,4,0.658,2026-06-17 02:03:15.661676
pay_007693,cust_00332,5969.4,INR,NETBANKING,SUCCESS,,1,0.865,2026-06-17 02:10:15.661676
pay_007526,cust_01918,960.43,INR,UPI,FAILED,INSUFFICIENT_FUNDS,1,0.633,2026-06-17 02:22:15.661676
pay_001105,cust_02960,4387.64,INR,UPI,SUCCESS,,1,0.956,2026-06-17 02:28:15.661676
pay_004093,cust_01391,1651.13,INR,UPI,SUCCESS,,1,0.773,2026-06-17 02:43:15.661676
pay_007111,cust_01069,825.97,INR,WALLET,SUCCESS,,1,0.703,2026-06-17 02:49:15.661676
pay_007400,cust_01144,5390.65,INR,NETBANKING,SUCCESS,,1,0.988,2026-06-17 02:57:15.661676
pay_004957,cust_02791,1546.02,INR,UPI,SUCCESS,,1,0.791,2026-06-17 03:52:15.661676
pay_003549,cust_02041,743.03,INR,UPI,FAILED,CARD_EXPIRED,4,0.451,2026-06-17 03:59:15.661676
pay_003782,cust_01520,1392.2,INR,WALLET,SUCCESS,,1,0.906,2026-06-17 04:18:15.661676
pay_001908,cust_01303,734.06,INR,WALLET,SUCCESS,,1,0.85,2026-06-17 04:27:15.661676
pay_004574,cust_00401,1132.79,INR,CARD,SUCCESS,,1,0.491,2026-06-17 04:45:15.661676
pay_009911,cust_01768,2153.12,INR,NETBANKING,SUCCESS,,1,0.943,2026-06-17 04:48:15.661676
pay_008044,cust_01417,3853.53,INR,CARD,SUCCESS,,1,0.752,2026-06-17 04:49:15.661676
pay_001386,cust_02759,2297.17,INR,UPI,SUCCESS,,1,0.98,2026-06-17 04:50:15.661676
pay_003879,cust_00925,530.51,INR,UPI,SUCCESS,,1,0.828,2026-06-17 05:01:15.661676
pay_003708,cust_00624,5333.5,INR,NETBANKING,FAILED,USER_CANCELLED,4,0.971,2026-06-17 05:15:15.661676
pay_005584,cust_02526,2472.3,INR,NETBANKING,SUCCESS,,1,0.771,2026-06-17 05:41:15.661676
pay_006856,cust_00631,7008.21,INR,NETBANKING,SUCCESS,,1,0.921,2026-06-17 05:51:15.661676
pay_008293,cust_01413,3442.48,INR,UPI,SUCCESS,,1,0.607,2026-06-17 05:51:15.661676
pay_009661,cust_01701,1734.43,INR,UPI,SUCCESS,,1,0.972,2026-06-17 06:10:15.661676
pay_001620,cust_02517,4531.27,INR,NETBANKING,SUCCESS,,1,0.482,2026-06-17 06:10:15.661676
pay_005102,cust_02736,2700.92,INR,UPI,SUCCESS,,1,0.829,2026-06-17 06:18:15.661676
pay_006273,cust_02701,1679.79,INR,CARD,SUCCESS,,1,0.561,2026-06-17 06:20:15.661676
pay_004021,cust_02753,10259.4,INR,NETBANKING,SUCCESS,,1,0.528,2026-06-17 06:40:15.661676
pay_006853,cust_00949,1855.14,INR,UPI,SUCCESS,,1,0.803,2026-06-17 06:42:15.661676
pay_003659,cust_01886,2055.74,INR,WALLET,SUCCESS,,1,0.474,2026-06-17 06:45:15.661676
pay_003614,cust_02315,2481.59,INR,WALLET,SUCCESS,,1,0.914,2026-06-17 06:45:15.661676
pay_001955,cust_01311,1122.68,INR,UPI,SUCCESS,,1,0.478,2026-06-17 06:48:15.661676
pay_002778,cust_02608,1490.4,INR,WALLET,SUCCESS,,1,0.977,2026-06-17 06:53:15.661676
pay_007688,cust_02164,2791.76,INR,WALLET,FAILED,BANK_ERROR,4,0.467,2026-06-17 07:14:15.661676
pay_001820,cust_00812,820.78,INR,WALLET,SUCCESS,,1,0.51,2026-06-17 07:19:15.661676
pay_000678,cust_02325,7345.3,INR,UPI,SUCCESS,,1,0.947,2026-06-17 07:31:15.661676
pay_003839,cust_00339,833.44,INR,CARD,SUCCESS,,1,0.619,2026-06-17 07:52:15.661676
pay_003478,cust_01100,335.45,INR,NETBANKING,FAILED,NETWORK_ERROR,4,0.556,2026-06-17 08:33:15.661676
pay_000942,cust_02350,3633.55,INR,NETBANKING,FAILED,LIMIT_EXCEEDED,2,0.719,2026-06-17 09:03:15.661676
pay_002770,cust_00568,1545.07,INR,NETBANKING,SUCCESS,,1,0.642,2026-06-17 09:30:15.661676
pay_004660,cust_00493,951.63,INR,CARD,SUCCESS,,1,0.677,2026-06-17 09:36:15.661676
pay_003991,cust_00235,468.09,INR,WALLET,SUCCESS,,1,0.784,2026-06-17 09:37:15.661676
pay_004327,cust_01667,1122.79,INR,CARD,SUCCESS,,1,0.492,2026-06-17 10:15:15.661676
pay_002810,cust_02002,1164.87,INR,UPI,SUCCESS,,1,0.54,2026-06-17 10:19:15.661676
pay_004347,cust_01201,1740.81,INR,CARD,SUCCESS,,1,0.5,2026-06-17 10:59:15.661676
pay_002032,cust_00897,829.78,INR,WALLET,SUCCESS,,1,0.977,2026-06-17 11:03:15.661676
pay_003865,cust_01882,1342.8,INR,NETBANKING,SUCCESS,,1,0.789,2026-06-17 11:13:15.661676
pay_008451,cust_02632,443.9,INR,NETBANKING,SUCCESS,,1,0.678,2026-06-17 11:34:15.661676
pay_002822,cust_00261,3555.06,INR,CARD,SUCCESS,,1,0.631,2026-06-17 11:38:15.661676
pay_001086,cust_02283,2550.47,INR,UPI,SUCCESS,,1,0.925,2026-06-17 12:00:15.661676
pay_002629,cust_01827,1268.47,INR,CARD,SUCCESS,,1,0.573,2026-06-17 12:01:15.661676
pay_004213,cust_01743,3423.01,INR,CARD,FAILED,BANK_ERROR,1,0.629,2026-06-17 12:14:15.661676
pay_002311,cust_00469,1398.93,INR,UPI,SUCCESS,,1,0.915,2026-06-17 12:16:15.661676
pay_002815,cust_00156,7832.57,INR,WALLET,SUCCESS,,1,0.825,2026-06-17 12:45:15.661676
pay_004725,cust_00762,1694.71,INR,WALLET,SUCCESS,,1,0.672,2026-06-17 12:51:15.661676
pay_006966,cust_00404,2779.38,INR,NETBANKING,FAILED,NETWORK_ERROR,4,0.82,2026-06-17 13:10:15.661676
pay_005049,cust_00137,4435.92,INR,UPI,SUCCESS,,1,0.55,2026-06-17 13:13:15.661676
pay_000425,cust_01642,3029.95,INR,UPI,FAILED,INSUFFICIENT_FUNDS,2,0.454,2026-06-17 13:25:15.661676
pay_001957,cust_00413,327.49,INR,WALLET,SUCCESS,,1,0.715,2026-06-17 13:33:15.661676
pay_001119,cust_00851,2123.62,INR,UPI,SUCCESS,,1,0.803,2026-06-17 13:33:15.661676
pay_000697,cust_00374,2347.03,INR,WALLET,SUCCESS,,1,0.656,2026-06-17 13:38:15.661676
pay_005210,cust_01468,1900.49,INR,UPI,SUCCESS,,1,0.676,2026-06-17 13:47:15.661676
pay_003756,cust_00480,374.23,INR,UPI,SUCCESS,,1,0.93,2026-06-17 14:09:15.661676
pay_008650,cust_02721,734.98,INR,CARD,SUCCESS,,1,0.867,2026-06-17 14:23:15.661676
pay_002258,cust_00295,1291.28,INR,NETBANKING,SUCCESS,,1,0.967,2026-06-17 14:34:15.661676
pay_008556,cust_00989,2090.18,INR,UPI,SUCCESS,,1,0.712,2026-06-17 14:43:15.661676
pay_005874,cust_02608,872.61,INR,WALLET,FAILED,INSUFFICIENT_FUNDS,1,0.602,2026-06-17 15:05:15.661676
pay_001821,cust_02323,1627.82,INR,CARD,SUCCESS,,1,0.855,2026-06-17 15:17:15.661676
pay_003479,cust_01446,4549.95,INR,NETBANKING,SUCCESS,,1,0.792,2026-06-17 15:24:15.661676
pay_000503,cust_01538,590.6,INR,WALLET,SUCCESS,,1,0.807,2026-06-17 15:31:15.661676
pay_009984,cust_01074,2197.58,INR,CARD,SUCCESS,,1,0.926,2026-06-17 15:34:15.661676
pay_006642,cust_00611,7610.87,INR,UPI,SUCCESS,,1,0.547,2026-06-17 15:52:15.661676
pay_001676,cust_01972,1397.09,INR,WALLET,SUCCESS,,1,0.88,2026-06-17 15:55:15.661676
pay_000995,cust_02192,811.35,INR,UPI,FAILED,NETWORK_ERROR,2,0.836,2026-06-17 15:57:15.661676
pay_001351,cust_00561,709.04,INR,CARD,SUCCESS,,1,0.606,2026-06-17 16:06:15.661676
pay_006452,cust_02219,3929.0,INR,NETBANKING,SUCCESS,,1,0.736,2026-06-17 16:25:15.661676
pay_000418,cust_01627,1983.34,INR,WALLET,FAILED,TIMEOUT,3,0.923,2026-06-17 16:46:15.661676
pay_000541,cust_02580,3528.24,INR,CARD,SUCCESS,,1,0.683,2026-06-17 16:56:15.661676
pay_001074,cust_01986,647.82,INR,UPI,SUCCESS,,1,0.972,2026-06-17 17:00:15.661676
pay_006906,cust_02378,2275.72,INR,CARD,SUCCESS,,1,0.515,2026-06-17 17:14:15.661676
pay_002108,cust_01859,3013.07,INR,NETBANKING,SUCCESS,,1,0.935,2026-06-17 17:18:15.661676
pay_003343,cust_01191,795.45,INR,UPI,SUCCESS,,1,0.574,2026-06-17 17:22:15.661676
pay_003482,cust_02804,225.31,INR,NETBANKING,SUCCESS,,1,0.632,2026-06-17 17:24:15.661676
pay_008193,cust_00437,1708.43,INR,NETBANKING,SUCCESS,,1,0.955,2026-06-17 17:37:15.661676
pay_007627,cust_00569,4365.07,INR,NETBANKING,SUCCESS,,1,0.658,2026-06-17 18:03:15.661676
pay_009714,cust_00811,1387.39,INR,WALLET,SUCCESS,,1,0.607,2026-06-17 18:18:15.661676
pay_009086,cust_00653,1308.61,INR,WALLET,SUCCESS,,1,0.638,2026-06-17 18:40:15.661676
pay_007715,cust_01042,5111.87,INR,UPI,FAILED,INSUFFICIENT_FUNDS,4,0.876,2026-06-17 18:48:15.661676
pay_000323,cust_02338,939.57,INR,WALLET,SUCCESS,,1,0.496,2026-06-17 18:57:15.661676
pay_007174,cust_00661,2930.47,INR,WALLET,SUCCESS,,1,0.958,2026-06-17 19:05:15.661676
pay_001147,cust_02481,752.18,INR,WALLET,SUCCESS,,1,0.917,2026-06-17 19:06:15.661676
pay_006472,cust_00935,1405.64,INR,CARD,SUCCESS,,1,0.787,2026-06-17 19:10:15.661676
pay_008083,cust_00246,1184.25,INR,NETBANKING,FAILED,FRAUD_SUSPECTED,2,0.641,2026-06-17 19:23:15.661676
pay_006929,cust_00450,1713.3,INR,CARD,SUCCESS,,1,0.587,2026-06-17 19:35:15.661676
pay_002683,cust_01982,1389.14,INR,NETBANKING,SUCCESS,,1,0.891,2026-06-17 19:54:15.661676
pay_000994,cust_02870,1047.76,INR,WALLET,SUCCESS,,1,0.532,2026-06-17 19:59:15.661676
pay_007503,cust_00522,3303.49,INR,UPI,SUCCESS,,1,0.807,2026-06-17 20:10:15.661676
pay_000720,cust_01708,1727.52,INR,UPI,SUCCESS,,1,0.943,2026-06-17 20:19:15.661676
pay_005680,cust_00526,1213.29,INR,UPI,SUCCESS,,1,0.592,2026-06-17 20:24:15.661676
pay_004245,cust_01741,1844.88,INR,WALLET,SUCCESS,,1,0.919,2026-06-17 20:26:15.661676
pay_000992,cust_01102,353.05,INR,WALLET,SUCCESS,,1,0.548,2026-06-17 20:27:15.661676
pay_008803,cust_01539,2690.03,INR,WALLET,FAILED,USER_CANCELLED,2,0.546,2026-06-17 20:28:15.661676
pay_006435,cust_01443,2014.55,INR,WALLET,SUCCESS,,1,0.882,2026-06-17 20:34:15.661676
pay_008818,cust_01509,1929.53,INR,UPI,SUCCESS,,1,0.96,2026-06-17 20:37:15.661676
pay_006522,cust_01477,1702.85,INR,CARD,SUCCESS,,1,0.759,2026-06-17 21:01:15.661676
pay_001318,cust_02840,1416.32,INR,UPI,FAILED,INSUFFICIENT_FUNDS,1,0.661,2026-06-17 21:13:15.661676
pay_000738,cust_02669,3968.54,INR,NETBANKING,SUCCESS,,1,0.863,2026-06-17 21:14:15.661676
pay_006309,cust_02434,1711.7,INR,UPI,SUCCESS,,1,0.519,2026-06-17 21:16:15.661676
pay_008188,cust_01417,2998.22,INR,CARD,SUCCESS,,1,0.853,2026-06-17 21:18:15.661676
pay_006503,cust_01230,2567.95,INR,UPI,SUCCESS,,1,0.646,2026-06-17 21:39:15.661676
pay_007510,cust_00638,1212.95,INR,NETBANKING,SUCCESS,,1,0.657,2026-06-17 21:47:15.661676
pay_008561,cust_02674,1311.64,INR,WALLET,SUCCESS,,1,0.62,2026-06-17 21:49:15.661676
pay_006586,cust_01032,1964.18,INR,NETBANKING,FAILED,TIMEOUT,4,0.468,2026-06-17 22:14:15.661676
pay_007533,cust_01829,1939.88,INR,WALLET,SUCCESS,,1,0.928,2026-06-17 22:31:15.661676
pay_004060,cust_02264,1495.76,INR,NETBANKING,SUCCESS,,1,0.627,2026-06-17 22:58:15.661676
pay_008434,cust_02272,3270.88,INR,CARD,SUCCESS,,1,0.803,2026-06-17 23:32:15.661676
pay_008560,cust_01070,4584.34,INR,UPI,SUCCESS,,1,0.544,2026-06-17 23:41:15.661676
pay_004339,cust_01891,346.98,INR,UPI,SUCCESS,,1,0.469,2026-06-17 23:45:15.661676
pay_001937,cust_00813,2214.96,INR,UPI,SUCCESS,,1,0.522,2026-06-17 23:52:15.661676
pay_006737,cust_02370,3461.18,INR,UPI,FAILED,CARD_EXPIRED,3,0.47,2026-06-18 00:09:15.661676
pay_001015,cust_02224,7250.1,INR,WALLET,SUCCESS,,1,0.744,2026-06-18 00:20:15.661676
pay_000376,cust_02954,978.6,INR,NETBANKING,SUCCESS,,1,0.719,2026-06-18 00:27:15.661676
pay_001021,cust_02208,2747.01,INR,WALLET,SUCCESS,,1,0.719,2026-06-18 00:32:15.661676
pay_009255,cust_02115,2154.38,INR,UPI,SUCCESS,,1,0.522,2026-06-18 00:47:15.661676
pay_008158,cust_02894,789.37,INR,NETBANKING,SUCCESS,,1,0.52,2026-06-18 00:53:15.661676
pay_009754,cust_02914,2366.73,INR,NETBANKING,SUCCESS,,1,0.473,2026-06-18 00:58:15.661676
pay_009298,cust_02317,1024.53,INR,CARD,SUCCESS,,1,0.929,2026-06-18 01:03:15.661676
pay_002259,cust_02984,225.12,INR,WALLET,SUCCESS,,1,0.758,2026-06-18 01:07:15.661676
pay_009857,cust_01125,910.34,INR,NETBANKING,FAILED,TIMEOUT,1,0.545,2026-06-18 01:14:15.661676
pay_001152,cust_02049,322.88,INR,CARD,SUCCESS,,1,0.711,2026-06-18 01:17:15.661676
pay_008484,cust_00215,626.48,INR,CARD,SUCCESS,,1,0.484,2026-06-18 01:29:15.661676
pay_004057,cust_02896,5824.08,INR,WALLET,SUCCESS,,1,0.632,2026-06-18 01:30:15.661676
pay_003525,cust_00434,1135.21,INR,CARD,SUCCESS,,1,0.518,2026-06-18 01:45:15.661676
pay_002198,cust_01132,1835.95,INR,NETBANKING,SUCCESS,,1,0.731,2026-06-18 02:04:15.661676
pay_001719,cust_02800,3189.32,INR,NETBANKING,SUCCESS,,1,0.989,2026-06-18 02:13:15.661676
pay_006303,cust_00642,3893.46,INR,CARD,SUCCESS,,1,0.834,2026-06-18 02:27:15.661676
pay_000396,cust_02346,1242.23,INR,UPI,SUCCESS,,1,0.619,2026-06-18 02:32:15.661676
pay_004869,cust_01004,2033.57,INR,WALLET,SUCCESS,,1,0.808,2026-06-18 02:48:15.661676
pay_005830,cust_01891,5376.03,INR,UPI,SUCCESS,,1,0.66,2026-06-18 02:55:15.661676
pay_002654,cust_01298,4123.53,INR,WALLET,SUCCESS,,1,0.499,2026-06-18 02:58:15.661676
pay_008017,cust_02149,1005.92,INR,UPI,SUCCESS,,1,0.464,2026-06-18 03:10:15.661676
pay_004926,cust_00072,1210.77,INR,WALLET,SUCCESS,,1,0.533,2026-06-18 03:28:15.661676
pay_005992,cust_01057,2310.25,INR,NETBANKING,SUCCESS,,1,0.557,2026-06-18 03:36:15.661676
pay_008411,cust_00780,1608.11,INR,NETBANKING,SUCCESS,,1,0.626,2026-06-18 03:37:15.661676
pay_008431,cust_00765,979.38,INR,UPI,SUCCESS,,1,0.517,2026-06-18 03:51:15.661676
pay_001647,cust_02788,1556.64,INR,NETBANKING,SUCCESS,,1,0.781,2026-06-18 04:07:15.661676
pay_000143,cust_02195,499.7,INR,CARD,SUCCESS,,1,0.711,2026-06-18 04:11:15.661676
pay_000045,cust_00448,554.01,INR,CARD,SUCCESS,,1,0.692,2026-06-18 04:18:15.661676
pay_008498,cust_02042,4756.22,INR,NETBANKING,SUCCESS,,1,0.835,2026-06-18 04:25:15.661676
pay_001699,cust_00536,2727.46,INR,CARD,SUCCESS,,1,0.825,2026-06-18 04:30:15.661676
pay_000088,cust_01212,2351.95,INR,CARD,SUCCESS,,1,0.958,2026-06-18 04:50:15.661676
pay_003055,cust_01428,7244.15,INR,NETBANKING,SUCCESS,,1,0.73,2026-06-18 04:51:15.661676
pay_001654,cust_02143,1363.03,INR,NETBANKING,SUCCESS,,1,0.462,2026-06-18 04:52:15.661676
pay_001276,cust_00019,2025.1,INR,CARD,SUCCESS,,1,0.736,2026-06-18 04:59:15.661676
pay_002867,cust_01496,924.39,INR,NETBANKING,SUCCESS,,1,0.98,2026-06-18 05:14:15.661676
pay_005892,cust_00946,3204.77,INR,NETBANKING,SUCCESS,,1,0.786,2026-06-18 05:28:15.661676
pay_007779,cust_02997,1506.86,INR,CARD,SUCCESS,,1,0.552,2026-06-18 05:30:15.661676
pay_001000,cust_01926,2858.54,INR,CARD,FAILED,NETWORK_ERROR,4,0.897,2026-06-18 05:37:15.661676
pay_008931,cust_02872,1348.74,INR,NETBANKING,SUCCESS,,1,0.98,2026-06-18 05:44:15.661676
pay_005901,cust_01991,1709.27,INR,UPI,SUCCESS,,1,0.672,2026-06-18 05:44:15.661676
pay_008876,cust_01113,1385.15,INR,CARD,SUCCESS,,1,0.936,2026-06-18 06:03:15.661676
pay_005579,cust_02028,614.9,INR,NETBANKING,SUCCESS,,1,0.785,2026-06-18 06:04:15.661676
pay_005061,cust_02359,1416.36,INR,UPI,SUCCESS,,1,0.544,2026-06-18 06:09:15.661676
pay_003242,cust_00865,17938.82,INR,WALLET,SUCCESS,,1,0.608,2026-06-18 06:13:15.661676
pay_007835,cust_00615,2152.05,INR,CARD,SUCCESS,,1,0.552,2026-06-18 06:36:15.661676
pay_004050,cust_02125,2476.61,INR,NETBANKING,SUCCESS,,1,0.833,2026-06-18 06:45:15.661676
pay_007395,cust_00534,1872.91,INR,WALLET,FAILED,NETWORK_ERROR,1,0.851,2026-06-18 06:52:15.661676
pay_001963,cust_02681,2743.25,INR,CARD,SUCCESS,,1,0.95,2026-06-18 07:13:15.661676
pay_008032,cust_02226,6012.3,INR,UPI,SUCCESS,,1,0.771,2026-06-18 07:17:15.661676
pay_005266,cust_00590,939.28,INR,CARD,SUCCESS,,1,0.845,2026-06-18 07:31:15.661676
pay_001254,cust_00574,2438.76,INR,UPI,SUCCESS,,1,0.988,2026-06-18 07:35:15.661676
pay_004151,cust_00661,1722.75,INR,NETBANKING,SUCCESS,,1,0.552,2026-06-18 08:14:15.661676
pay_007093,cust_01509,562.05,INR,NETBANKING,SUCCESS,,1,0.92,2026-06-18 08:29:15.661676
pay_007384,cust_00939,956.43,INR,WALLET,SUCCESS,,1,0.522,2026-06-18 08:31:15.661676
pay_009874,cust_02255,5500.9,INR,WALLET,SUCCESS,,1,0.939,2026-06-18 08:46:15.661676
pay_006641,cust_00015,750.52,INR,UPI,SUCCESS,,1,0.863,2026-06-18 09:11:15.661676
pay_008287,cust_01749,2041.27,INR,WALLET,SUCCESS,,1,0.874,2026-06-18 09:15:15.661676
pay_004909,cust_01005,2240.1,INR,WALLET,SUCCESS,,1,0.786,2026-06-18 09:32:15.661676
pay_005461,cust_01169,1755.88,INR,NETBANKING,FAILED,INSUFFICIENT_FUNDS,2,0.799,2026-06-18 09:44:15.661676
pay_001805,cust_02317,427.3,INR,CARD,SUCCESS,,1,0.967,2026-06-18 10:03:15.661676
pay_007685,cust_01684,4005.73,INR,WALLET,SUCCESS,,1,0.871,2026-06-18 10:30:15.661676
pay_006314,cust_01031,2940.32,INR,UPI,SUCCESS,,1,0.617,2026-06-18 10:47:15.661676
pay_004705,cust_00718,2869.49,INR,WALLET,SUCCESS,,1,0.926,2026-06-18 10:55:15.661676
pay_002035,cust_01522,4222.44,INR,WALLET,SUCCESS,,1,0.506,2026-06-18 11:09:15.661676
pay_000924,cust_02123,1032.67,INR,NETBANKING,SUCCESS,,1,0.774,2026-06-18 11:11:15.661676
pay_005325,cust_01547,2119.03,INR,CARD,SUCCESS,,1,0.594,2026-06-18 11:15:15.661676
pay_003764,cust_02628,3493.38,INR,CARD,SUCCESS,,1,0.671,2026-06-18 11:43:15.661676
pay_004273,cust_02740,609.81,INR,NETBANKING,SUCCESS,,1,0.663,2026-06-18 12:05:15.661676
pay_006778,cust_00351,2343.1,INR,NETBANKING,SUCCESS,,1,0.661,2026-06-18 12:17:15.661676
pay_007677,cust_01643,1522.9,INR,WALLET,SUCCESS,,1,0.882,2026-06-18 12:43:15.661676
pay_006556,cust_00845,588.58,INR,WALLET,SUCCESS,,1,0.754,2026-06-18 12:44:15.661676
pay_001186,cust_01598,3837.66,INR,WALLET,SUCCESS,,1,0.924,2026-06-18 13:12:15.661676
pay_006756,cust_00943,268.29,INR,CARD,SUCCESS,,1,0.625,2026-06-18 13:12:15.661676
pay_002253,cust_00546,566.26,INR,CARD,SUCCESS,,1,0.686,2026-06-18 13:19:15.661676
pay_009176,cust_00596,1336.72,INR,NETBANKING,SUCCESS,,1,0.814,2026-06-18 14:32:15.661676
pay_007908,cust_02688,1447.08,INR,UPI,SUCCESS,,1,0.775,2026-06-18 14:37:15.661676
pay_009997,cust_00478,365.52,INR,NETBANKING,SUCCESS,,1,0.884,2026-06-18 14:54:15.661676
pay_008690,cust_02458,2033.8,INR,NETBANKING,SUCCESS,,1,0.475,2026-06-18 15:07:15.661676
pay_004335,cust_00288,2639.73,INR,NETBANKING,SUCCESS,,1,0.744,2026-06-18 15:13:15.661676
pay_009726,cust_00641,1422.77,INR,CARD,SUCCESS,,1,0.698,2026-06-18 15:16:15.661676
pay_008700,cust_02146,703.19,INR,UPI,SUCCESS,,1,0.909,2026-06-18 15:24:15.661676
pay_001661,cust_00305,5185.87,INR,CARD,SUCCESS,,1,0.618,2026-06-18 15:51:15.661676
pay_007448,cust_01266,1227.65,INR,NETBANKING,SUCCESS,,1,0.686,2026-06-18 16:03:15.661676
pay_003903,cust_01039,6872.31,INR,WALLET,SUCCESS,,1,0.982,2026-06-18 16:12:15.661676
pay_002139,cust_01312,670.96,INR,CARD,SUCCESS,,1,0.717,2026-06-18 16:23:15.661676
pay_004078,cust_00090,362.87,INR,CARD,SUCCESS,,1,0.703,2026-06-18 16:42:15.661676
pay_009260,cust_02972,1478.46,INR,WALLET,SUCCESS,,1,0.976,2026-06-18 17:24:15.661676
pay_002511,cust_01381,2658.43,INR,NETBANKING,SUCCESS,,1,0.782,2026-06-18 17:27:15.661676
pay_007404,cust_01825,1560.45,INR,UPI,SUCCESS,,1,0.457,2026-06-18 17:39:15.661676
pay_007323,cust_01886,1255.92,INR,NETBANKING,SUCCESS,,1,0.533,2026-06-18 17:53:15.661676
pay_007237,cust_02507,1471.97,INR,WALLET,SUCCESS,,1,0.696,2026-06-18 17:54:15.661676
pay_003577,cust_01793,929.3,INR,CARD,FAILED,FRAUD_SUSPECTED,2,0.47,2026-06-18 18:11:15.661676
pay_004570,cust_02034,1828.62,INR,WALLET,SUCCESS,,1,0.698,2026-06-18 18:29:15.661676
pay_000647,cust_00911,209.03,INR,CARD,SUCCESS,,1,0.651,2026-06-18 18:35:15.661676
pay_003538,cust_02816,943.95,INR,CARD,SUCCESS,,1,0.837,2026-06-18 19:00:15.661676
pay_006689,cust_02675,443.92,INR,NETBANKING,SUCCESS,,1,0.481,2026-06-18 19:08:15.661676
pay_003970,cust_00674,5077.2,INR,UPI,SUCCESS,,1,0.654,2026-06-18 19:18:15.661676
pay_009071,cust_01519,3783.41,INR,NETBANKING,SUCCESS,,1,0.588,2026-06-18 19:24:15.661676
pay_001471,cust_01342,4709.35,INR,NETBANKING,SUCCESS,,1,0.649,2026-06-18 19:45:15.661676
pay_003631,cust_02655,2913.62,INR,UPI,SUCCESS,,1,0.687,2026-06-18 19:45:15.661676
pay_004075,cust_01380,1265.53,INR,CARD,SUCCESS,,1,0.731,2026-06-18 20:25:15.661676
pay_002630,cust_01484,1232.01,INR,NETBANKING,SUCCESS,,1,0.83,2026-06-18 20:27:15.661676
pay_005891,cust_00580,1506.92,INR,CARD,SUCCESS,,1,0.649,2026-06-18 20:27:15.661676
pay_001735,cust_00110,3428.76,INR,CARD,SUCCESS,,1,0.97,2026-06-18 20:29:15.661676
pay_000386,cust_01498,2039.2,INR,CARD,SUCCESS,,1,0.667,2026-06-18 20:36:15.661676
pay_007991,cust_02704,4757.06,INR,NETBANKING,SUCCESS,,1,0.792,2026-06-18 21:02:15.661676
pay_004234,cust_02340,2706.97,INR,WALLET,SUCCESS,,1,0.908,2026-06-18 21:26:15.661676
pay_002064,cust_01626,1664.74,INR,WALLET,SUCCESS,,1,0.485,2026-06-18 21:31:15.661676
pay_002883,cust_00231,1112.66,INR,CARD,FAILED,TIMEOUT,2,0.5,2026-06-18 21:37:15.661676
pay_003811,cust_02333,816.4,INR,CARD,SUCCESS,,1,0.7,2026-06-18 21:49:15.661676
pay_000694,cust_02712,2959.42,INR,WALLET,SUCCESS,,1,0.562,2026-06-18 21:57:15.661676
pay_004692,cust_01346,2196.18,INR,UPI,FAILED,FRAUD_SUSPECTED,1,0.707,2026-06-18 22:02:15.661676
pay_005652,cust_01824,1932.15,INR,NETBANKING,SUCCESS,,1,0.491,2026-06-18 22:03:15.661676
pay_005442,cust_01703,1089.44,INR,WALLET,SUCCESS,,1,0.585,2026-06-18 22:13:15.661676
pay_004619,cust_01897,1784.18,INR,CARD,SUCCESS,,1,0.499,2026-06-18 22:25:15.661676
pay_001467,cust_00013,6876.9,INR,WALLET,SUCCESS,,1,0.619,2026-06-18 22:50:15.661676
pay_001431,cust_02212,2312.13,INR,NETBANKING,SUCCESS,,1,0.586,2026-06-18 22:50:15.661676
pay_002959,cust_00438,4485.01,INR,CARD,SUCCESS,,1,0.847,2026-06-18 22:59:15.661676
pay_008887,cust_00963,2370.86,INR,WALLET,SUCCESS,,1,0.603,2026-06-18 23:17:15.661676
pay_005270,cust_02131,3227.0,INR,WALLET,SUCCESS,,1,0.486,2026-06-18 23:40:15.661676
pay_006869,cust_00534,1186.49,INR,CARD,SUCCESS,,1,0.457,2026-06-18 23:43:15.661676
pay_004407,cust_00368,1648.83,INR,CARD,FAILED,BANK_ERROR,4,0.487,2026-06-18 23:46:15.661676
pay_002268,cust_01727,2334.89,INR,NETBANKING,SUCCESS,,1,0.863,2026-06-18 23:47:15.661676
pay_001158,cust_00860,10959.35,INR,NETBANKING,SUCCESS,,1,0.599,2026-06-18 23:53:15.661676
pay_002772,cust_01068,994.99,INR,WALLET,SUCCESS,,1,0.982,2026-06-18 23:59:15.661676
pay_000816,cust_02916,550.9,INR,CARD,SUCCESS,,1,0.836,2026-06-19 00:36:15.661676
pay_007001,cust_00209,3388.52,INR,NETBANKING,SUCCESS,,1,0.498,2026-06-19 00:41:15.661676
pay_002254,cust_01172,1790.64,INR,CARD,SUCCESS,,1,0.684,2026-06-19 01:16:15.661676
pay_007889,cust_01602,2885.98,INR,WALLET,SUCCESS,,1,0.491,2026-06-19 01:21:15.661676
pay_008860,cust_02154,423.3,INR,CARD,SUCCESS,,1,0.911,2026-06-19 01:23:15.661676
pay_001538,cust_01842,1180.67,INR,CARD,SUCCESS,,1,0.898,2026-06-19 01:35:15.661676
pay_000923,cust_01799,2010.98,INR,UPI,SUCCESS,,1,0.953,2026-06-19 02:24:15.661676
pay_004855,cust_02496,4652.94,INR,UPI,SUCCESS,,1,0.569,2026-06-19 02:28:15.661676
pay_009652,cust_02388,3107.57,INR,CARD,SUCCESS,,1,0.65,2026-06-19 02:39:15.661676
pay_009839,cust_02023,813.17,INR,NETBANKING,SUCCESS,,1,0.524,2026-06-19 02:54:15.661676
pay_009689,cust_00546,1782.0,INR,CARD,SUCCESS,,1,0.548,2026-06-19 02:56:15.661676
pay_001442,cust_02650,4622.91,INR,UPI,SUCCESS,,1,0.524,2026-06-19 03:01:15.661676
pay_006514,cust_01938,1415.43,INR,UPI,SUCCESS,,1,0.864,2026-06-19 03:19:15.661676
pay_001995,cust_01387,2395.05,INR,UPI,SUCCESS,,1,0.86,2026-06-19 03:44:15.661676
pay_004109,cust_00007,1540.28,INR,CARD,FAILED,NETWORK_ERROR,4,0.924,2026-06-19 03:49:15.661676
pay_002977,cust_02945,4968.96,INR,WALLET,SUCCESS,,1,0.463,2026-06-19 04:34:15.661676
pay_004019,cust_02861,1194.93,INR,NETBANKING,SUCCESS,,1,0.5,2026-06-19 05:15:15.661676
pay_004310,cust_01110,1246.8,INR,UPI,SUCCESS,,1,0.562,2026-06-19 05:26:15.661676
pay_009187,cust_02431,460.64,INR,NETBANKING,SUCCESS,,1,0.5,2026-06-19 05:30:15.661676
pay_003076,cust_00704,7742.26,INR,WALLET,SUCCESS,,1,0.459,2026-06-19 05:32:15.661676
pay_008068,cust_01867,3791.59,INR,WALLET,SUCCESS,,1,0.623,2026-06-19 05:40:15.661676
pay_003848,cust_02955,1248.44,INR,UPI,SUCCESS,,1,0.763,2026-06-19 05:48:15.661676
pay_007690,cust_02673,1545.54,INR,NETBANKING,SUCCESS,,1,0.607,2026-06-19 06:04:15.661676
pay_009261,cust_02274,387.43,INR,UPI,FAILED,TIMEOUT,4,0.8,2026-06-19 06:14:15.661676
pay_002256,cust_02739,2418.51,INR,UPI,SUCCESS,,1,0.526,2026-06-19 06:24:15.661676
pay_004859,cust_01913,2007.31,INR,CARD,FAILED,INSUFFICIENT_FUNDS,1,0.966,2026-06-19 06:52:15.661676
pay_001066,cust_00857,738.24,INR,CARD,SUCCESS,,1,0.855,2026-06-19 06:58:15.661676
pay_003719,cust_00675,1563.75,INR,UPI,SUCCESS,,1,0.574,2026-06-19 07:10:15.661676
pay_000824,cust_02829,1352.53,INR,NETBANKING,SUCCESS,,1,0.467,2026-06-19 07:24:15.661676
pay_007559,cust_01281,902.91,INR,WALLET,SUCCESS,,1,0.984,2026-06-19 07:26:15.661676
pay_005734,cust_02818,1552.53,INR,NETBANKING,SUCCESS,,1,0.936,2026-06-19 07:55:15.661676
pay_005617,cust_02306,1580.18,INR,CARD,SUCCESS,,1,0.562,2026-06-19 08:18:15.661676
pay_008255,cust_00443,1982.18,INR,UPI,SUCCESS,,1,0.647,2026-06-19 08:27:15.661676
pay_008955,cust_00914,1442.61,INR,NETBANKING,FAILED,NETWORK_ERROR,4,0.824,2026-06-19 08:40:15.661676
pay_002958,cust_02472,1496.31,INR,WALLET,SUCCESS,,1,0.472,2026-06-19 08:42:15.661676
pay_005273,cust_02225,692.44,INR,CARD,FAILED,BANK_ERROR,4,0.815,2026-06-19 08:42:15.661676
pay_002805,cust_01732,1675.1,INR,NETBANKING,FAILED,LIMIT_EXCEEDED,3,0.671,2026-06-19 09:19:15.661676
pay_003071,cust_02813,654.93,INR,WALLET,SUCCESS,,1,0.807,2026-06-19 09:21:15.661676
pay_003431,cust_01902,2626.05,INR,UPI,SUCCESS,,1,0.936,2026-06-19 09:24:15.661676
pay_003277,cust_01683,4610.81,INR,UPI,SUCCESS,,1,0.739,2026-06-19 09:30:15.661676
pay_009568,cust_00697,2733.83,INR,CARD,FAILED,CARD_EXPIRED,4,0.96,2026-06-19 09:44:15.661676
pay_001154,cust_00403,627.36,INR,CARD,SUCCESS,,1,0.698,2026-06-19 10:00:15.661676
pay_009252,cust_00269,6917.16,INR,WALLET,SUCCESS,,1,0.654,2026-06-19 10:05:15.661676
pay_001689,cust_01358,2267.95,INR,WALLET,SUCCESS,,1,0.896,2026-06-19 10:17:15.661676
pay_000768,cust_01944,7455.0,INR,CARD,SUCCESS,,1,0.79,2026-06-19 10:40:15.661676
pay_007326,cust_02660,3184.57,INR,CARD,SUCCESS,,1,0.894,2026-06-19 10:41:15.661676
pay_006887,cust_01911,555.01,INR,WALLET,SUCCESS,,1,0.549,2026-06-19 10:54:15.661676
pay_003060,cust_02616,1317.45,INR,CARD,SUCCESS,,1,0.792,2026-06-19 11:11:15.661676
pay_000543,cust_02887,2762.37,INR,CARD,SUCCESS,,1,0.83,2026-06-19 11:18:15.661676
pay_002706,cust_02400,4171.67,INR,CARD,SUCCESS,,1,0.813,2026-06-19 11:24:15.661676
pay_003830,cust_01627,2656.4,INR,CARD,SUCCESS,,1,0.844,2026-06-19 11:45:15.661676
pay_005799,cust_00677,2719.22,INR,NETBANKING,SUCCESS,,1,0.682,2026-06-19 11:47:15.661676
pay_002801,cust_00186,2094.49,INR,WALLET,FAILED,BANK_ERROR,3,0.453,2026-06-19 11:50:15.661676
pay_007836,cust_01709,934.75,INR,WALLET,SUCCESS,,1,0.641,2026-06-19 11:57:15.661676
pay_000451,cust_00065,1719.62,INR,CARD,SUCCESS,,1,0.771,2026-06-19 11:57:15.661676
pay_001273,cust_01950,754.57,INR,CARD,SUCCESS,,1,0.596,2026-06-19 12:07:15.661676
pay_004187,cust_02581,11840.26,INR,NETBANKING,SUCCESS,,1,0.764,2026-06-19 12:20:15.661676
pay_006788,cust_02037,730.9,INR,CARD,SUCCESS,,1,0.956,2026-06-19 12:23:15.661676
pay_006478,cust_00099,872.72,INR,NETBANKING,SUCCESS,,1,0.52,2026-06-19 12:29:15.661676
pay_002963,cust_00742,1184.19,INR,NETBANKING,SUCCESS,,1,0.839,2026-06-19 12:33:15.661676
pay_002800,cust_00834,2300.51,INR,WALLET,SUCCESS,,1,0.781,2026-06-19 13:23:15.661676
pay_003254,cust_00826,4215.38,INR,CARD,SUCCESS,,1,0.552,2026-06-19 13:29:15.661676
pay_007819,cust_00294,1262.75,INR,CARD,SUCCESS,,1,0.674,2026-06-19 14:04:15.661676
pay_003693,cust_00931,4791.29,INR,WALLET,SUCCESS,,1,0.584,2026-06-19 14:16:15.661676
pay_001708,cust_02392,8266.0,INR,UPI,SUCCESS,,1,0.56,2026-06-19 14:24:15.661676
pay_006334,cust_00159,1435.32,INR,UPI,SUCCESS,,1,0.563,2026-06-19 14:24:15.661676
pay_005517,cust_02179,2707.19,INR,WALLET,FAILED,INSUFFICIENT_FUNDS,4,0.465,2026-06-19 14:25:15.661676
pay_006074,cust_01497,2597.24,INR,WALLET,FAILED,NETWORK_ERROR,1,0.722,2026-06-19 14:27:15.661676
pay_009728,cust_02980,601.8,INR,CARD,SUCCESS,,1,0.691,2026-06-19 14:27:15.661676
pay_004861,cust_01815,1235.66,INR,UPI,SUCCESS,,1,0.478,2026-06-19 14:41:15.661676
pay_004528,cust_01741,3331.2,INR,UPI,SUCCESS,,1,0.885,2026-06-19 14:41:15.661676
pay_005509,cust_01489,1507.66,INR,WALLET,SUCCESS,,1,0.556,2026-06-19 14:59:15.661676
pay_009841,cust_02930,745.83,INR,UPI,SUCCESS,,1,0.498,2026-06-19 15:01:15.661676
pay_006821,cust_01936,8898.42,INR,NETBANKING,SUCCESS,,1,0.905,2026-06-19 15:17:15.661676
pay_009374,cust_02301,2356.26,INR,WALLET,SUCCESS,,1,0.514,2026-06-19 15:20:15.661676
pay_009780,cust_00395,2427.94,INR,NETBANKING,SUCCESS,,1,0.783,2026-06-19 15:43:15.661676
pay_006219,cust_00657,1461.99,INR,CARD,SUCCESS,,1,0.458,2026-06-19 16:08:15.661676
pay_007775,cust_01356,3472.41,INR,UPI,SUCCESS,,1,0.97,2026-06-19 16:12:15.661676
pay_001144,cust_02195,1999.12,INR,UPI,SUCCESS,,1,0.629,2026-06-19 16:43:15.661676
pay_006862,cust_00809,7919.76,INR,UPI,SUCCESS,,1,0.671,2026-06-19 17:24:15.661676
pay_004535,cust_02390,3274.65,INR,CARD,SUCCESS,,1,0.901,2026-06-19 17:37:15.661676
pay_006399,cust_02366,3655.74,INR,WALLET,SUCCESS,,1,0.652,2026-06-19 18:33:15.661676
pay_001533,cust_00771,2341.47,INR,UPI,SUCCESS,,1,0.528,2026-06-19 18:50:15.661676
pay_001703,cust_00518,3004.23,INR,WALLET,SUCCESS,,1,0.874,2026-06-19 18:51:15.661676
pay_002432,cust_01136,799.73,INR,WALLET,SUCCESS,,1,0.873,2026-06-19 19:00:15.661676
pay_007976,cust_00875,2337.28,INR,WALLET,SUCCESS,,1,0.559,2026-06-19 19:04:15.661676
pay_006075,cust_02564,7085.91,INR,WALLET,SUCCESS,,1,0.529,2026-06-19 19:26:15.661676
pay_005121,cust_00639,599.16,INR,UPI,SUCCESS,,1,0.49,2026-06-19 19:29:15.661676
pay_007325,cust_02822,2643.1,INR,NETBANKING,SUCCESS,,1,0.62,2026-06-19 20:29:15.661676
pay_004520,cust_00742,881.6,INR,WALLET,SUCCESS,,1,0.855,2026-06-19 20:38:15.661676
pay_000072,cust_00164,6188.38,INR,NETBANKING,SUCCESS,,1,0.81,2026-06-19 20:41:15.661676
pay_003494,cust_00353,1178.2,INR,NETBANKING,SUCCESS,,1,0.498,2026-06-19 20:55:15.661676
pay_003569,cust_01926,2163.48,INR,UPI,SUCCESS,,1,0.72,2026-06-19 21:25:15.661676
pay_003169,cust_01267,1673.55,INR,NETBANKING,SUCCESS,,1,0.53,2026-06-19 21:42:15.661676
pay_008094,cust_02817,1222.12,INR,NETBANKING,SUCCESS,,1,0.79,2026-06-19 21:57:15.661676
pay_002019,cust_01725,3005.91,INR,CARD,SUCCESS,,1,0.48,2026-06-19 22:07:15.661676
pay_001219,cust_02974,926.79,INR,CARD,SUCCESS,,1,0.905,2026-06-19 22:23:15.661676
pay_007973,cust_02205,1070.82,INR,CARD,SUCCESS,,1,0.542,2026-06-19 22:29:15.661676
pay_000018,cust_01097,2324.82,INR,UPI,FAILED,CARD_EXPIRED,3,0.565,2026-06-19 22:39:15.661676
pay_003186,cust_02053,5242.01,INR,CARD,SUCCESS,,1,0.817,2026-06-19 22:50:15.661676
pay_008154,cust_02099,535.97,INR,UPI,SUCCESS,,1,0.979,2026-06-19 22:52:15.661676
pay_004658,cust_01741,851.66,INR,CARD,SUCCESS,,1,0.711,2026-06-19 23:18:15.661676
pay_009198,cust_00770,5604.29,INR,CARD,SUCCESS,,1,0.78,2026-06-19 23:19:15.661676
pay_000890,cust_02636,4389.47,INR,NETBANKING,SUCCESS,,1,0.535,2026-06-19 23:49:15.661676
pay_009097,cust_02768,658.33,INR,WALLET,SUCCESS,,1,0.498,2026-06-19 23:53:15.661676
pay_001842,cust_00987,401.22,INR,CARD,SUCCESS,,1,0.96,2026-06-20 00:06:15.661676
pay_000861,cust_00861,2126.72,INR,NETBANKING,SUCCESS,,1,0.799,2026-06-20 00:18:15.661676
pay_003296,cust_00348,764.9,INR,CARD,SUCCESS,,1,0.674,2026-06-20 00:25:15.661676
pay_000468,cust_01242,3314.31,INR,UPI,FAILED,TIMEOUT,1,0.853,2026-06-20 00:28:15.661676
pay_002037,cust_00437,2474.84,INR,UPI,SUCCESS,,1,0.859,2026-06-20 00:41:15.661676
pay_000135,cust_00745,866.5,INR,WALLET,SUCCESS,,1,0.59,2026-06-20 01:08:15.661676
pay_008264,cust_00889,1687.38,INR,UPI,FAILED,NETWORK_ERROR,2,0.704,2026-06-20 01:12:15.661676
pay_004280,cust_00556,2419.16,INR,NETBANKING,SUCCESS,,1,0.562,2026-06-20 01:16:15.661676
pay_005084,cust_01328,768.62,INR,NETBANKING,FAILED,NETWORK_ERROR,3,0.72,2026-06-20 01:59:15.661676
pay_005192,cust_01027,1749.29,INR,CARD,SUCCESS,,1,0.453,2026-06-20 02:10:15.661676
pay_002065,cust_01403,2235.66,INR,WALLET,SUCCESS,,1,0.707,2026-06-20 02:16:15.661676
pay_004841,cust_00589,948.52,INR,WALLET,SUCCESS,,1,0.522,2026-06-20 02:25:15.661676
pay_009835,cust_00811,10223.22,INR,UPI,SUCCESS,,1,0.607,2026-06-20 02:52:15.661676
pay_006460,cust_01044,1996.88,INR,NETBANKING,SUCCESS,,1,0.642,2026-06-20 02:59:15.661676
pay_006938,cust_01439,1251.52,INR,WALLET,SUCCESS,,1,0.918,2026-06-20 03:13:15.661676
pay_008741,cust_02869,991.21,INR,WALLET,SUCCESS,,1,0.577,2026-06-20 03:18:15.661676
pay_002605,cust_00446,1097.21,INR,CARD,SUCCESS,,1,0.615,2026-06-20 03:32:15.661676
pay_003819,cust_02206,1315.35,INR,UPI,FAILED,LIMIT_EXCEEDED,1,0.469,2026-06-20 03:32:15.661676
pay_006185,cust_00086,1721.79,INR,WALLET,SUCCESS,,1,0.734,2026-06-20 03:46:15.661676
pay_001580,cust_00517,945.58,INR,NETBANKING,SUCCESS,,1,0.748,2026-06-20 04:40:15.661676
pay_009286,cust_01650,240.5,INR,CARD,SUCCESS,,1,0.744,2026-06-20 05:24:15.661676
pay_005743,cust_00327,1837.82,INR,UPI,SUCCESS,,1,0.562,2026-06-20 05:57:15.661676
pay_003671,cust_01229,4119.83,INR,UPI,FAILED,BANK_ERROR,2,0.643,2026-06-20 06:14:15.661676
pay_000918,cust_00663,2099.15,INR,UPI,SUCCESS,,1,0.874,2026-06-20 06:15:15.661676
pay_007043,cust_02465,2614.0,INR,NETBANKING,FAILED,TIMEOUT,2,0.702,2026-06-20 07:04:15.661676
pay_006922,cust_01080,1091.52,INR,NETBANKING,FAILED,INSUFFICIENT_FUNDS,3,0.596,2026-06-20 07:21:15.661676
pay_002760,cust_00547,2975.5,INR,WALLET,SUCCESS,,1,0.617,2026-06-20 07:53:15.661676
pay_009337,cust_01193,5503.65,INR,NETBANKING,FAILED,BANK_ERROR,2,0.496,2026-06-20 08:25:15.661676
pay_002974,cust_00260,8864.6,INR,CARD,SUCCESS,,1,0.816,2026-06-20 08:28:15.661676
pay_006547,cust_00886,511.04,INR,NETBANKING,SUCCESS,,1,0.882,2026-06-20 08:31:15.661676
pay_004077,cust_01644,1352.23,INR,UPI,SUCCESS,,1,0.455,2026-06-20 08:35:15.661676
pay_001601,cust_01250,1561.94,INR,NETBANKING,SUCCESS,,1,0.849,2026-06-20 08:42:15.661676
pay_005410,cust_01706,4424.18,INR,WALLET,SUCCESS,,1,0.661,2026-06-20 09:15:15.661676
pay_002121,cust_02097,12457.68,INR,CARD,SUCCESS,,1,0.512,2026-06-20 10:17:15.661676
pay_007197,cust_00029,2591.84,INR,UPI,SUCCESS,,1,0.969,2026-06-20 10:29:15.661676
pay_004878,cust_01788,2554.91,INR,NETBANKING,SUCCESS,,1,0.852,2026-06-20 10:40:15.661676
pay_003014,cust_02884,591.29,INR,WALLET,SUCCESS,,1,0.501,2026-06-20 10:50:15.661676
pay_007425,cust_02204,430.39,INR,NETBANKING,SUCCESS,,1,0.478,2026-06-20 10:59:15.661676
pay_009574,cust_02289,201.09,INR,WALLET,SUCCESS,,1,0.865,2026-06-20 11:04:15.661676
pay_003356,cust_00811,1583.66,INR,WALLET,SUCCESS,,1,0.798,2026-06-20 11:20:15.661676
pay_001116,cust_02022,2421.08,INR,CARD,SUCCESS,,1,0.707,2026-06-20 11:32:15.661676
pay_002905,cust_00619,537.14,INR,CARD,SUCCESS,,1,0.661,2026-06-20 11:47:15.661676
pay_004283,cust_01802,4571.08,INR,UPI,SUCCESS,,1,0.725,2026-06-20 11:52:15.661676
pay_008037,cust_01187,521.95,INR,UPI,SUCCESS,,1,0.503,2026-06-20 11:52:15.661676
pay_007839,cust_00035,1449.88,INR,UPI,SUCCESS,,1,0.536,2026-06-20 12:00:15.661676
pay_006837,cust_02487,3798.92,INR,NETBANKING,SUCCESS,,1,0.978,2026-06-20 12:34:15.661676
pay_005511,cust_00680,2015.15,INR,CARD,SUCCESS,,1,0.951,2026-06-20 12:43:15.661676
pay_006961,cust_01180,4417.57,INR,WALLET,FAILED,NETWORK_ERROR,4,0.774,2026-06-20 12:56:15.661676
pay_002464,cust_00694,671.74,INR,UPI,SUCCESS,,1,0.699,2026-06-20 12:57:15.661676
pay_009253,cust_02233,1276.52,INR,WALLET,SUCCESS,,1,0.684,2026-06-20 12:58:15.661676
pay_004474,cust_01968,2794.41,INR,UPI,SUCCESS,,1,0.475,2026-06-20 13:05:15.661676
pay_008251,cust_01611,1303.13,INR,WALLET,FAILED,BANK_ERROR,4,0.558,2026-06-20 13:21:15.661676
pay_004738,cust_02311,1857.91,INR,UPI,SUCCESS,,1,0.459,2026-06-20 13:23:15.661676
pay_007278,cust_01520,1713.37,INR,UPI,SUCCESS,,1,0.701,2026-06-20 13:25:15.661676
pay_000576,cust_00260,308.31,INR,WALLET,FAILED,USER_CANCELLED,4,0.595,2026-06-20 13:37:15.661676
pay_001368,cust_00668,856.96,INR,UPI,SUCCESS,,1,0.569,2026-06-20 13:43:15.661676
pay_007840,cust_00833,1353.73,INR,UPI,SUCCESS,,1,0.617,2026-06-20 13:59:15.661676
pay_001450,cust_00967,1839.07,INR,WALLET,SUCCESS,,1,0.545,2026-06-20 14:00:15.661676
pay_008239,cust_01004,6585.98,INR,UPI,SUCCESS,,1,0.859,2026-06-20 14:02:15.661676
pay_005022,cust_00526,1004.16,INR,WALLET,SUCCESS,,1,0.766,2026-06-20 14:23:15.661676
pay_006543,cust_00561,445.51,INR,CARD,SUCCESS,,1,0.482,2026-06-20 14:25:15.661676
pay_002541,cust_00398,1024.89,INR,WALLET,SUCCESS,,1,0.51,2026-06-20 14:39:15.661676
pay_006461,cust_02393,1333.27,INR,WALLET,SUCCESS,,1,0.518,2026-06-20 14:42:15.661676
pay_004706,cust_01150,1631.2,INR,NETBANKING,SUCCESS,,1,0.771,2026-06-20 14:44:15.661676
pay_001240,cust_02215,6652.3,INR,WALLET,SUCCESS,,1,0.507,2026-06-20 14:50:15.661676
pay_000840,cust_01478,1523.57,INR,NETBANKING,FAILED,CARD_EXPIRED,4,0.988,2026-06-20 14:58:15.661676
pay_005927,cust_01671,3096.14,INR,UPI,SUCCESS,,1,0.953,2026-06-20 15:03:15.661676
pay_009416,cust_01429,885.17,INR,WALLET,SUCCESS,,1,0.534,2026-06-20 15:08:15.661676
pay_001709,cust_00961,1626.02,INR,WALLET,SUCCESS,,1,0.93,2026-06-20 15:17:15.661676
pay_002082,cust_00400,2924.75,INR,UPI,SUCCESS,,1,0.551,2026-06-20 15:21:15.661676
pay_007617,cust_00977,2059.54,INR,NETBANKING,SUCCESS,,1,0.726,2026-06-20 15:33:15.661676
pay_002163,cust_00433,2693.45,INR,CARD,FAILED,NETWORK_ERROR,4,0.919,2026-06-20 15:42:15.661676
pay_000098,cust_00437,2227.97,INR,WALLET,SUCCESS,,1,0.967,2026-06-20 15:49:15.661676
pay_003866,cust_02710,1009.52,INR,CARD,SUCCESS,,1,0.616,2026-06-20 15:49:15.661676
pay_009677,cust_02723,795.46,INR,CARD,SUCCESS,,1,0.963,2026-06-20 16:02:15.661676
pay_002948,cust_00174,165.19,INR,UPI,SUCCESS,,1,0.963,2026-06-20 16:10:15.661676
pay_009214,cust_01774,2769.2,INR,WALLET,FAILED,FRAUD_SUSPECTED,2,0.888,2026-06-20 16:51:15.661676
pay_000021,cust_01636,5840.19,INR,NETBANKING,FAILED,BANK_ERROR,4,0.499,2026-06-20 16:52:15.661676
pay_001230,cust_01827,10597.98,INR,NETBANKING,SUCCESS,,1,0.586,2026-06-20 17:05:15.661676
pay_005187,cust_00574,1345.94,INR,NETBANKING,SUCCESS,,1,0.726,2026-06-20 18:15:15.661676
pay_006867,cust_00299,4340.91,INR,NETBANKING,SUCCESS,,1,0.988,2026-06-20 18:29:15.661676
pay_001773,cust_00872,1098.7,INR,WALLET,SUCCESS,,1,0.89,2026-06-20 18:34:15.661676
pay_007555,cust_01726,3583.74,INR,CARD,SUCCESS,,1,0.605,2026-06-20 18:50:15.661676
pay_009401,cust_00523,3204.11,INR,UPI,SUCCESS,,1,0.742,2026-06-20 19:11:15.661676
pay_008729,cust_01298,2516.23,INR,WALLET,SUCCESS,,1,0.727,2026-06-20 19:14:15.661676
pay_000005,cust_02233,1499.19,INR,WALLET,SUCCESS,,1,0.6,2026-06-20 19:19:15.661676
pay_009998,cust_00119,1028.39,INR,NETBANKING,SUCCESS,,1,0.866,2026-06-20 19:19:15.661676
pay_003421,cust_02990,1112.22,INR,NETBANKING,SUCCESS,,1,0.596,2026-06-20 19:28:15.661676
pay_003262,cust_00658,1875.82,INR,WALLET,SUCCESS,,1,0.522,2026-06-20 19:35:15.661676
pay_001768,cust_02741,1570.72,INR,UPI,FAILED,BANK_ERROR,2,0.841,2026-06-20 19:36:15.661676
pay_001985,cust_00845,3875.77,INR,WALLET,SUCCESS,,1,0.56,2026-06-20 19:45:15.661676
pay_005337,cust_01867,1199.88,INR,CARD,SUCCESS,,1,0.724,2026-06-20 19:47:15.661676
pay_005105,cust_00895,2490.38,INR,NETBANKING,SUCCESS,,1,0.468,2026-06-20 19:50:15.661676
pay_001027,cust_00202,1863.86,INR,NETBANKING,SUCCESS,,1,0.488,2026-06-20 19:56:15.661676
pay_007064,cust_01501,1985.65,INR,UPI,SUCCESS,,1,0.491,2026-06-20 20:10:15.661676
pay_004270,cust_01733,3802.93,INR,CARD,SUCCESS,,1,0.652,2026-06-20 20:34:15.661676
pay_006240,cust_02906,2412.34,INR,WALLET,SUCCESS,,1,0.904,2026-06-20 20:47:15.661676
pay_006758,cust_01758,2680.11,INR,CARD,SUCCESS,,1,0.604,2026-06-20 20:54:15.661676
pay_006844,cust_01881,915.34,INR,UPI,SUCCESS,,1,0.672,2026-06-20 20:56:15.661676
pay_006908,cust_00120,1357.78,INR,WALLET,SUCCESS,,1,0.48,2026-06-20 21:26:15.661676
pay_001646,cust_01821,2546.93,INR,UPI,SUCCESS,,1,0.86,2026-06-20 21:41:15.661676
pay_007070,cust_00178,342.2,INR,CARD,SUCCESS,,1,0.497,2026-06-20 21:59:15.661676
pay_002497,cust_02403,1446.4,INR,UPI,FAILED,BANK_ERROR,2,0.649,2026-06-20 22:03:15.661676
pay_001952,cust_01256,4961.87,INR,CARD,SUCCESS,,1,0.709,2026-06-20 22:14:15.661676
pay_003821,cust_02502,1313.01,INR,WALLET,SUCCESS,,1,0.487,2026-06-20 22:15:15.661676
pay_003597,cust_00650,829.89,INR,UPI,SUCCESS,,1,0.918,2026-06-20 22:22:15.661676
pay_007392,cust_02278,1924.47,INR,WALLET,SUCCESS,,1,0.887,2026-06-20 22:41:15.661676
pay_004646,cust_00385,6588.23,INR,NETBANKING,SUCCESS,,1,0.966,2026-06-20 23:00:15.661676
pay_004236,cust_02189,703.76,INR,UPI,SUCCESS,,1,0.736,2026-06-20 23:16:15.661676
pay_005639,cust_00617,1377.73,INR,CARD,SUCCESS,,1,0.817,2026-06-20 23:29:15.661676
pay_007923,cust_01335,661.66,INR,UPI,SUCCESS,,1,0.918,2026-06-20 23:44:15.661676
pay_004033,cust_00563,719.87,INR,WALLET,SUCCESS,,1,0.477,2026-06-21 00:20:15.661676
pay_005995,cust_02913,3607.69,INR,NETBANKING,FAILED,USER_CANCELLED,1,0.901,2026-06-21 00:28:15.661676
pay_005931,cust_00592,834.34,INR,WALLET,SUCCESS,,1,0.768,2026-06-21 00:31:15.661676
pay_008387,cust_02185,6661.53,INR,UPI,FAILED,NETWORK_ERROR,3,0.655,2026-06-21 00:39:15.661676
pay_006680,cust_02647,1164.64,INR,WALLET,FAILED,INSUFFICIENT_FUNDS,4,0.501,2026-06-21 01:15:15.661676
pay_000675,cust_02302,586.39,INR,NETBANKING,SUCCESS,,1,0.89,2026-06-21 01:26:15.661676
pay_008591,cust_00506,5789.85,INR,UPI,SUCCESS,,1,0.691,2026-06-21 01:38:15.661676
pay_005703,cust_00258,1894.47,INR,NETBANKING,SUCCESS,,1,0.482,2026-06-21 01:54:15.661676
pay_002224,cust_02029,1564.03,INR,CARD,FAILED,LIMIT_EXCEEDED,2,0.612,2026-06-21 02:06:15.661676
pay_001850,cust_01790,2544.67,INR,CARD,SUCCESS,,1,0.607,2026-06-21 02:07:15.661676
pay_009246,cust_02476,981.64,INR,NETBANKING,SUCCESS,,1,0.474,2026-06-21 02:12:15.661676
pay_004846,cust_02548,2764.96,INR,CARD,SUCCESS,,1,0.918,2026-06-21 02:44:15.661676
pay_005767,cust_01054,2984.38,INR,NETBANKING,SUCCESS,,1,0.669,2026-06-21 03:08:15.661676
pay_007311,cust_02702,1261.17,INR,NETBANKING,SUCCESS,,1,0.466,2026-06-21 03:23:15.661676
pay_009907,cust_00001,3008.64,INR,CARD,SUCCESS,,1,0.989,2026-06-21 04:00:15.661676
pay_006096,cust_00154,3263.61,INR,CARD,FAILED,NETWORK_ERROR,3,0.656,2026-06-21 04:05:15.661676
pay_000314,cust_00335,3466.18,INR,NETBANKING,SUCCESS,,1,0.953,2026-06-21 04:16:15.661676
pay_000094,cust_02756,1391.13,INR,NETBANKING,SUCCESS,,1,0.53,2026-06-21 04:30:15.661676
pay_000403,cust_01143,1815.64,INR,NETBANKING,FAILED,TIMEOUT,3,0.831,2026-06-21 04:59:15.661676
pay_009733,cust_01954,4992.49,INR,CARD,SUCCESS,,1,0.827,2026-06-21 05:16:15.661676
pay_008585,cust_00695,1461.57,INR,UPI,FAILED,BANK_ERROR,2,0.526,2026-06-21 05:42:15.661676
pay_006479,cust_02943,1487.39,INR,UPI,SUCCESS,,1,0.582,2026-06-21 06:08:15.661676
pay_004755,cust_01433,1178.73,INR,UPI,SUCCESS,,1,0.859,2026-06-21 06:56:15.661676
pay_001391,cust_01278,2612.28,INR,WALLET,SUCCESS,,1,0.607,2026-06-21 07:11:15.661676
pay_002000,cust_01448,996.33,INR,NETBANKING,FAILED,LIMIT_EXCEEDED,1,0.716,2026-06-21 07:13:15.661676
pay_007834,cust_01487,1456.49,INR,NETBANKING,SUCCESS,,1,0.452,2026-06-21 07:57:15.661676
pay_006832,cust_00844,991.7,INR,NETBANKING,SUCCESS,,1,0.774,2026-06-21 08:05:15.661676
pay_002150,cust_01323,485.63,INR,WALLET,SUCCESS,,1,0.553,2026-06-21 08:13:15.661676
pay_005201,cust_00571,1387.67,INR,WALLET,SUCCESS,,1,0.461,2026-06-21 08:15:15.661676
pay_005109,cust_00334,765.9,INR,CARD,SUCCESS,,1,0.975,2026-06-21 08:23:15.661676
pay_000299,cust_01992,3464.38,INR,CARD,FAILED,BANK_ERROR,3,0.906,2026-06-21 08:39:15.661676
pay_007034,cust_00761,823.98,INR,UPI,SUCCESS,,1,0.574,2026-06-21 08:41:15.661676
pay_005218,cust_02547,1205.19,INR,CARD,SUCCESS,,1,0.879,2026-06-21 09:26:15.661676
pay_005396,cust_00743,3437.58,INR,CARD,SUCCESS,,1,0.67,2026-06-21 09:47:15.661676
pay_006829,cust_01485,1574.55,INR,CARD,SUCCESS,,1,0.929,2026-06-21 09:50:15.661676
pay_006647,cust_00161,2813.89,INR,WALLET,SUCCESS,,1,0.684,2026-06-21 09:52:15.661676
pay_004397,cust_00557,879.6,INR,WALLET,SUCCESS,,1,0.644,2026-06-21 10:31:15.661676
pay_003810,cust_00179,3458.67,INR,NETBANKING,FAILED,USER_CANCELLED,4,0.479,2026-06-21 10:33:15.661676
pay_001723,cust_00612,3265.11,INR,WALLET,SUCCESS,,1,0.855,2026-06-21 10:55:15.661676
pay_005910,cust_00969,879.1,INR,UPI,SUCCESS,,1,0.593,2026-06-21 11:04:15.661676
pay_006686,cust_02347,2027.67,INR,WALLET,SUCCESS,,1,0.589,2026-06-21 11:31:15.661676
pay_009418,cust_01551,2458.65,INR,NETBANKING,FAILED,CARD_EXPIRED,3,0.597,2026-06-21 11:37:15.661676
pay_008939,cust_01177,2646.9,INR,CARD,SUCCESS,,1,0.977,2026-06-21 11:37:15.661676
pay_005002,cust_01175,1257.99,INR,UPI,SUCCESS,,1,0.612,2026-06-21 11:40:15.661676
pay_004849,cust_01734,1153.47,INR,CARD,SUCCESS,,1,0.545,2026-06-21 11:44:15.661676
pay_003720,cust_01961,1660.59,INR,NETBANKING,SUCCESS,,1,0.826,2026-06-21 11:47:15.661676
pay_006937,cust_00804,5751.7,INR,UPI,SUCCESS,,1,0.904,2026-06-21 11:50:15.661676
pay_006000,cust_01452,708.94,INR,WALLET,SUCCESS,,1,0.519,2026-06-21 11:57:15.661676
pay_008580,cust_00517,2552.45,INR,CARD,SUCCESS,,1,0.939,2026-06-21 12:09:15.661676
pay_005161,cust_01853,2249.38,INR,UPI,SUCCESS,,1,0.872,2026-06-21 12:13:15.661676
pay_002590,cust_02826,1718.45,INR,CARD,SUCCESS,,1,0.696,2026-06-21 12:34:15.661676
pay_000616,cust_02961,2004.96,INR,UPI,SUCCESS,,1,0.451,2026-06-21 12:43:15.661676
pay_000763,cust_01653,14017.58,INR,UPI,SUCCESS,,1,0.982,2026-06-21 12:45:15.661676
pay_009816,cust_00085,2131.09,INR,WALLET,FAILED,BANK_ERROR,3,0.474,2026-06-21 12:59:15.661676
pay_008953,cust_01482,853.4,INR,NETBANKING,SUCCESS,,1,0.984,2026-06-21 13:08:15.661676
pay_009149,cust_02826,1196.57,INR,NETBANKING,SUCCESS,,1,0.562,2026-06-21 13:20:15.661676
pay_002610,cust_02976,5013.55,INR,NETBANKING,FAILED,INSUFFICIENT_FUNDS,3,0.65,2026-06-21 13:25:15.661676
pay_007982,cust_02785,1207.97,INR,UPI,FAILED,BANK_ERROR,1,0.66,2026-06-21 13:27:15.661676
pay_007179,cust_01009,1297.63,INR,NETBANKING,SUCCESS,,1,0.657,2026-06-21 14:11:15.661676
pay_003996,cust_02741,1849.68,INR,NETBANKING,SUCCESS,,1,0.963,2026-06-21 14:16:15.661676
pay_003999,cust_01175,6732.5,INR,WALLET,SUCCESS,,1,0.839,2026-06-21 14:32:15.661676
pay_003655,cust_02412,2037.52,INR,NETBANKING,SUCCESS,,1,0.59,2026-06-21 14:45:15.661676
pay_000977,cust_01597,1259.1,INR,NETBANKING,SUCCESS,,1,0.603,2026-06-21 14:48:15.661676
pay_002658,cust_02671,3685.63,INR,NETBANKING,FAILED,BANK_ERROR,4,0.923,2026-06-21 14:48:15.661676
pay_001949,cust_00773,4450.8,INR,CARD,SUCCESS,,1,0.667,2026-06-21 14:51:15.661676
pay_005882,cust_01993,5508.04,INR,UPI,SUCCESS,,1,0.632,2026-06-21 15:02:15.661676
pay_002952,cust_00148,3367.5,INR,CARD,SUCCESS,,1,0.454,2026-06-21 15:07:15.661676
pay_003303,cust_00520,2150.17,INR,UPI,SUCCESS,,1,0.738,2026-06-21 15:38:15.661676
pay_000494,cust_00391,907.75,INR,UPI,SUCCESS,,1,0.919,2026-06-21 15:41:15.661676
pay_009061,cust_00028,1666.23,INR,UPI,SUCCESS,,1,0.495,2026-06-21 17:14:15.661676
pay_006653,cust_02018,992.74,INR,WALLET,SUCCESS,,1,0.589,2026-06-21 17:24:15.661676
pay_002263,cust_00484,4859.18,INR,WALLET,SUCCESS,,1,0.742,2026-06-21 17:27:15.661676
pay_008367,cust_01789,2849.55,INR,UPI,SUCCESS,,1,0.459,2026-06-21 18:18:15.661676
pay_008483,cust_01633,8351.12,INR,CARD,SUCCESS,,1,0.501,2026-06-21 18:37:15.661676
pay_001073,cust_02660,1922.65,INR,WALLET,FAILED,INSUFFICIENT_FUNDS,1,0.938,2026-06-21 18:45:15.661676
pay_004014,cust_02010,2119.52,INR,WALLET,SUCCESS,,1,0.775,2026-06-21 19:06:15.661676
pay_007377,cust_00670,2621.24,INR,WALLET,SUCCESS,,1,0.967,2026-06-21 19:16:15.661676
pay_000157,cust_01193,8043.5,INR,UPI,SUCCESS,,1,0.603,2026-06-21 19:26:15.661676
pay_003230,cust_02385,1752.48,INR,UPI,SUCCESS,,1,0.618,2026-06-21 19:31:15.661676
pay_008059,cust_01895,2093.12,INR,CARD,SUCCESS,,1,0.616,2026-06-21 19:42:15.661676
pay_005587,cust_01422,1079.8,INR,CARD,SUCCESS,,1,0.5,2026-06-21 19:57:15.661676
pay_001542,cust_02421,7463.66,INR,WALLET,SUCCESS,,1,0.735,2026-06-21 20:22:15.661676
pay_004685,cust_00666,788.67,INR,NETBANKING,SUCCESS,,1,0.727,2026-06-21 20:34:15.661676
pay_002279,cust_00238,3081.12,INR,CARD,SUCCESS,,1,0.455,2026-06-21 20:39:15.661676
pay_009417,cust_00977,7238.97,INR,UPI,SUCCESS,,1,0.739,2026-06-21 20:39:15.661676
pay_004798,cust_00012,380.13,INR,NETBANKING,FAILED,BANK_ERROR,4,0.49,2026-06-21 20:46:15.661676
pay_000500,cust_00401,598.1,INR,WALLET,SUCCESS,,1,0.634,2026-06-21 20:53:15.661676
pay_002708,cust_00421,1842.95,INR,WALLET,SUCCESS,,1,0.611,2026-06-21 20:58:15.661676
pay_009067,cust_00559,882.48,INR,WALLET,SUCCESS,,1,0.953,2026-06-21 21:27:15.661676
pay_001771,cust_01753,1872.22,INR,UPI,SUCCESS,,1,0.643,2026-06-21 21:28:15.661676
pay_004314,cust_01029,2457.13,INR,UPI,SUCCESS,,1,0.777,2026-06-21 21:46:15.661676
pay_006040,cust_00540,3476.72,INR,NETBANKING,SUCCESS,,1,0.889,2026-06-21 21:49:15.661676
pay_004123,cust_02724,3890.27,INR,WALLET,SUCCESS,,1,0.7,2026-06-21 21:52:15.661676
pay_001780,cust_02887,1039.05,INR,UPI,SUCCESS,,1,0.86,2026-06-21 21:54:15.661676
pay_005638,cust_02944,807.28,INR,CARD,SUCCESS,,1,0.489,2026-06-21 21:57:15.661676
pay_004483,cust_02736,919.54,INR,NETBANKING,SUCCESS,,1,0.499,2026-06-21 22:02:15.661676
pay_000996,cust_02979,1443.92,INR,UPI,SUCCESS,,1,0.458,2026-06-21 22:20:15.661676
pay_001736,cust_01163,496.19,INR,CARD,SUCCESS,,1,0.733,2026-06-21 22:50:15.661676
pay_006661,cust_00810,3521.09,INR,CARD,FAILED,BANK_ERROR,1,0.791,2026-06-21 23:14:15.661676
pay_005556,cust_00498,566.38,INR,WALLET,SUCCESS,,1,0.591,2026-06-21 23:21:15.661676
pay_006150,cust_00932,2221.82,INR,CARD,SUCCESS,,1,0.73,2026-06-21 23:24:15.661676
pay_005747,cust_00196,1329.95,INR,NETBANKING,SUCCESS,,1,0.519,2026-06-21 23:32:15.661676
pay_001836,cust_01334,2414.39,INR,WALLET,SUCCESS,,1,0.666,2026-06-21 23:58:15.661676
pay_005558,cust_01031,4184.29,INR,NETBANKING,SUCCESS,,1,0.66,2026-06-22 00:24:15.661676
pay_003445,cust_02013,3153.67,INR,WALLET,SUCCESS,,1,0.918,2026-06-22 00:39:15.661676
pay_008001,cust_01035,1760.9,INR,NETBANKING,FAILED,LIMIT_EXCEEDED,1,0.72,2026-06-22 00:54:15.661676
pay_000454,cust_02064,2706.03,INR,NETBANKING,SUCCESS,,1,0.845,2026-06-22 01:18:15.661676
pay_001648,cust_01242,3978.2,INR,CARD,FAILED,TIMEOUT,1,0.602,2026-06-22 01:30:15.661676
pay_005958,cust_01750,2927.97,INR,UPI,SUCCESS,,1,0.549,2026-06-22 01:56:15.661676
pay_000105,cust_02923,1589.18,INR,NETBANKING,SUCCESS,,1,0.623,2026-06-22 02:01:15.661676
pay_009934,cust_01941,1014.47,INR,UPI,SUCCESS,,1,0.84,2026-06-22 02:08:15.661676
pay_009079,cust_00603,770.82,INR,NETBANKING,SUCCESS,,1,0.528,2026-06-22 02:32:15.661676
pay_002978,cust_01114,918.69,INR,CARD,SUCCESS,,1,0.888,2026-06-22 02:44:15.661676
pay_004416,cust_00610,2942.82,INR,NETBANKING,SUCCESS,,1,0.969,2026-06-22 02:51:15.661676
pay_009311,cust_00847,8423.75,INR,UPI,SUCCESS,,1,0.614,2026-06-22 02:56:15.661676
pay_007778,cust_01522,800.23,INR,CARD,SUCCESS,,1,0.74,2026-06-22 03:13:15.661676
pay_003642,cust_00390,1562.35,INR,UPI,SUCCESS,,1,0.829,2026-06-22 03:35:15.661676
pay_006157,cust_01957,1592.67,INR,WALLET,SUCCESS,,1,0.695,2026-06-22 03:54:15.661676
pay_007050,cust_02570,718.76,INR,UPI,SUCCESS,,1,0.925,2026-06-22 04:04:15.661676
pay_004942,cust_01722,1533.79,INR,CARD,SUCCESS,,1,0.841,2026-06-22 04:22:15.661676
pay_006421,cust_01208,728.05,INR,UPI,SUCCESS,,1,0.512,2026-06-22 04:26:15.661676
pay_002270,cust_02718,1693.89,INR,UPI,SUCCESS,,1,0.885,2026-06-22 04:28:15.661676
pay_001447,cust_02967,1184.54,INR,CARD,SUCCESS,,1,0.847,2026-06-22 05:24:15.661676
pay_003543,cust_00309,3653.84,INR,NETBANKING,SUCCESS,,1,0.528,2026-06-22 05:54:15.661676
pay_001791,cust_02428,403.37,INR,CARD,SUCCESS,,1,0.68,2026-06-22 05:59:15.661676
pay_001781,cust_00509,586.95,INR,NETBANKING,SUCCESS,,1,0.859,2026-06-22 06:10:15.661676
pay_003439,cust_01167,645.07,INR,UPI,SUCCESS,,1,0.818,2026-06-22 06:25:15.661676
pay_006963,cust_02785,2694.87,INR,NETBANKING,SUCCESS,,1,0.507,2026-06-22 06:51:15.661676
pay_004222,cust_02938,3553.97,INR,WALLET,FAILED,LIMIT_EXCEEDED,4,0.717,2026-06-22 07:07:15.661676
pay_000455,cust_01307,1182.98,INR,NETBANKING,SUCCESS,,1,0.527,2026-06-22 07:17:15.661676
pay_006903,cust_01364,2535.0,INR,UPI,SUCCESS,,1,0.89,2026-06-22 07:33:15.661676
pay_001893,cust_02715,1275.24,INR,UPI,SUCCESS,,1,0.527,2026-06-22 07:43:15.661676
pay_007249,cust_00584,389.99,INR,CARD,SUCCESS,,1,0.677,2026-06-22 08:03:15.661676
pay_000826,cust_00919,5783.17,INR,WALLET,SUCCESS,,1,0.88,2026-06-22 08:48:15.661676
pay_006307,cust_00650,945.37,INR,WALLET,SUCCESS,,1,0.812,2026-06-22 09:27:15.661676
pay_009560,cust_00059,1382.12,INR,CARD,SUCCESS,,1,0.658,2026-06-22 09:41:15.661676
pay_007928,cust_01465,2025.52,INR,CARD,SUCCESS,,1,0.457,2026-06-22 10:10:15.661676
pay_001960,cust_02413,2161.57,INR,NETBANKING,SUCCESS,,1,0.563,2026-06-22 10:14:15.661676
pay_007449,cust_02705,4864.62,INR,WALLET,SUCCESS,,1,0.829,2026-06-22 10:28:15.661676
pay_000319,cust_00500,2343.34,INR,UPI,SUCCESS,,1,0.879,2026-06-22 10:38:15.661676
pay_008073,cust_00185,1102.47,INR,CARD,SUCCESS,,1,0.987,2026-06-22 10:39:15.661676
pay_000121,cust_02545,3404.41,INR,CARD,SUCCESS,,1,0.812,2026-06-22 10:52:15.661676
pay_004776,cust_02996,3381.6,INR,UPI,SUCCESS,,1,0.944,2026-06-22 10:52:15.661676
pay_001176,cust_02419,1444.42,INR,WALLET,SUCCESS,,1,0.746,2026-06-22 10:56:15.661676
pay_007257,cust_01253,1691.77,INR,CARD,FAILED,BANK_ERROR,1,0.988,2026-06-22 11:00:15.661676
pay_008011,cust_00949,1435.9,INR,NETBANKING,SUCCESS,,1,0.892,2026-06-22 11:01:15.661676
pay_009622,cust_01395,1202.41,INR,CARD,SUCCESS,,1,0.786,2026-06-22 11:08:15.661676
pay_005131,cust_00769,2562.67,INR,UPI,SUCCESS,,1,0.971,2026-06-22 11:31:15.661676
pay_009158,cust_01700,2861.25,INR,NETBANKING,SUCCESS,,1,0.477,2026-06-22 11:33:15.661676
pay_001688,cust_02556,2123.73,INR,CARD,SUCCESS,,1,0.865,2026-06-22 11:54:15.661676
pay_005905,cust_01314,884.48,INR,CARD,SUCCESS,,1,0.752,2026-06-22 12:01:15.661676
pay_001274,cust_01845,1403.71,INR,WALLET,FAILED,CARD_EXPIRED,1,0.772,2026-06-22 12:25:15.661676
pay_002946,cust_01069,721.87,INR,CARD,SUCCESS,,1,0.819,2026-06-22 12:26:15.661676
pay_008574,cust_00609,4777.79,INR,UPI,SUCCESS,,1,0.505,2026-06-22 12:38:15.661676
pay_008575,cust_02608,1610.19,INR,UPI,SUCCESS,,1,0.477,2026-06-22 12:41:15.661676
pay_000031,cust_01487,1117.26,INR,NETBANKING,SUCCESS,,1,0.924,2026-06-22 12:51:15.661676
pay_008849,cust_01683,1212.5,INR,CARD,FAILED,FRAUD_SUSPECTED,2,0.557,2026-06-22 13:44:15.661676
pay_005484,cust_02964,1862.04,INR,CARD,SUCCESS,,1,0.743,2026-06-22 14:15:15.661676
pay_008042,cust_02557,1561.5,INR,NETBANKING,SUCCESS,,1,0.523,2026-06-22 14:46:15.661676
pay_005411,cust_01228,1186.51,INR,NETBANKING,SUCCESS,,1,0.915,2026-06-22 14:47:15.661676
pay_006585,cust_01064,6472.66,INR,UPI,SUCCESS,,1,0.735,2026-06-22 15:15:15.661676
pay_005183,cust_01722,1539.92,INR,WALLET,SUCCESS,,1,0.858,2026-06-22 15:20:15.661676
pay_003411,cust_01633,1053.69,INR,CARD,SUCCESS,,1,0.867,2026-06-22 15:22:15.661676
pay_003744,cust_02629,2068.23,INR,NETBANKING,SUCCESS,,1,0.517,2026-06-22 16:04:15.661676
pay_004788,cust_00668,1074.35,INR,WALLET,SUCCESS,,1,0.514,2026-06-22 16:10:15.661676
pay_009072,cust_00745,1192.13,INR,UPI,SUCCESS,,1,0.452,2026-06-22 16:19:15.661676
pay_007219,cust_00213,741.28,INR,UPI,SUCCESS,,1,0.827,2026-06-22 16:27:15.661676
pay_002713,cust_00363,2696.99,INR,NETBANKING,SUCCESS,,1,0.809,2026-06-22 16:52:15.661676
pay_009015,cust_02976,1523.64,INR,CARD,SUCCESS,,1,0.78,2026-06-22 16:54:15.661676
pay_001582,cust_02212,4531.96,INR,NETBANKING,SUCCESS,,1,0.614,2026-06-22 16:58:15.661676
pay_003046,cust_01666,350.74,INR,CARD,SUCCESS,,1,0.605,2026-06-22 16:58:15.661676
pay_005498,cust_00468,1073.48,INR,WALLET,SUCCESS,,1,0.647,2026-06-22 17:12:15.661676
pay_003306,cust_02083,4226.36,INR,UPI,SUCCESS,,1,0.495,2026-06-22 17:19:15.661676
pay_006645,cust_01816,826.63,INR,CARD,SUCCESS,,1,0.942,2026-06-22 17:22:15.661676
pay_005423,cust_02576,3792.5,INR,UPI,SUCCESS,,1,0.465,2026-06-22 17:44:15.661676
pay_000373,cust_00435,5772.81,INR,NETBANKING,SUCCESS,,1,0.594,2026-06-22 17:51:15.661676
pay_007213,cust_01037,643.71,INR,CARD,SUCCESS,,1,0.688,2026-06-22 17:51:15.661676
pay_007482,cust_00778,2290.23,INR,CARD,SUCCESS,,1,0.934,2026-06-22 18:01:15.661676
pay_002557,cust_02471,219.51,INR,WALLET,SUCCESS,,1,0.975,2026-06-22 18:10:15.661676
pay_003107,cust_00639,642.58,INR,CARD,SUCCESS,,1,0.901,2026-06-22 18:15:15.661676
pay_009077,cust_00884,1382.12,INR,WALLET,SUCCESS,,1,0.623,2026-06-22 18:53:15.661676
pay_001058,cust_02148,4620.15,INR,CARD,SUCCESS,,1,0.869,2026-06-22 19:06:15.661676
pay_007709,cust_02437,1010.88,INR,WALLET,SUCCESS,,1,0.943,2026-06-22 19:10:15.661676
pay_000410,cust_00448,2728.62,INR,CARD,SUCCESS,,1,0.939,2026-06-22 19:25:15.661676
pay_003703,cust_01742,868.65,INR,CARD,SUCCESS,,1,0.65,2026-06-22 19:33:15.661676
pay_005169,cust_02918,979.56,INR,NETBANKING,SUCCESS,,1,0.781,2026-06-22 19:42:15.661676
pay_002717,cust_02921,2982.17,INR,WALLET,SUCCESS,,1,0.57,2026-06-22 20:02:15.661676
pay_003730,cust_01631,283.46,INR,CARD,SUCCESS,,1,0.798,2026-06-22 20:22:15.661676
pay_009277,cust_02116,1287.32,INR,CARD,FAILED,FRAUD_SUSPECTED,1,0.687,2026-06-22 20:32:15.661676
pay_007011,cust_00890,2282.67,INR,WALLET,SUCCESS,,1,0.473,2026-06-22 20:35:15.661676
pay_007032,cust_02362,1181.45,INR,CARD,SUCCESS,,1,0.801,2026-06-22 20:35:15.661676
pay_000041,cust_02339,3264.21,INR,WALLET,SUCCESS,,1,0.886,2026-06-22 20:36:15.661676
pay_001064,cust_00461,449.54,INR,UPI,FAILED,TIMEOUT,3,0.457,2026-06-22 20:42:15.661676
pay_002327,cust_01000,754.94,INR,NETBANKING,SUCCESS,,1,0.978,2026-06-22 20:46:15.661676
pay_003153,cust_00964,176.69,INR,NETBANKING,SUCCESS,,1,0.539,2026-06-22 21:07:15.661676
pay_008433,cust_00061,1086.29,INR,NETBANKING,SUCCESS,,1,0.944,2026-06-22 21:19:15.661676
pay_004277,cust_01432,1120.19,INR,UPI,SUCCESS,,1,0.473,2026-06-22 21:22:15.661676
pay_003901,cust_00521,1158.76,INR,UPI,SUCCESS,,1,0.555,2026-06-22 22:08:15.661676
pay_005413,cust_02081,981.08,INR,NETBANKING,SUCCESS,,1,0.927,2026-06-22 22:08:15.661676
pay_000180,cust_01977,15932.8,INR,WALLET,SUCCESS,,1,0.528,2026-06-22 22:12:15.661676
pay_009954,cust_01220,838.3,INR,NETBANKING,SUCCESS,,1,0.554,2026-06-22 22:19:15.661676
pay_007999,cust_00099,6784.06,INR,CARD,SUCCESS,,1,0.464,2026-06-22 22:32:15.661676
pay_004153,cust_00736,1936.99,INR,NETBANKING,FAILED,USER_CANCELLED,1,0.955,2026-06-22 23:23:15.661676
pay_006107,cust_00784,11734.19,INR,UPI,SUCCESS,,1,0.577,2026-06-22 23:29:15.661676
pay_003362,cust_00524,468.78,INR,UPI,SUCCESS,,1,0.63,2026-06-22 23:38:15.661676
pay_004052,cust_00515,2090.17,INR,UPI,SUCCESS,,1,0.613,2026-06-22 23:44:15.661676
pay_000607,cust_00978,973.57,INR,UPI,SUCCESS,,1,0.685,2026-06-22 23:50:15.661676
pay_004138,cust_02149,2369.34,INR,WALLET,SUCCESS,,1,0.731,2026-06-22 23:59:15.661676
pay_005575,cust_00645,825.56,INR,NETBANKING,SUCCESS,,1,0.857,2026-06-23 00:12:15.661676
pay_002589,cust_02142,953.34,INR,CARD,SUCCESS,,1,0.849,2026-06-23 00:18:15.661676
pay_000452,cust_01829,3882.03,INR,UPI,SUCCESS,,1,0.667,2026-06-23 00:23:15.661676
pay_009956,cust_00914,3157.83,INR,NETBANKING,SUCCESS,,1,0.946,2026-06-23 00:35:15.661676
pay_008294,cust_02251,10428.87,INR,WALLET,SUCCESS,,1,0.619,2026-06-23 00:42:15.661676
pay_001874,cust_02960,3373.58,INR,WALLET,SUCCESS,,1,0.58,2026-06-23 00:58:15.661676
pay_009276,cust_02432,406.12,INR,NETBANKING,SUCCESS,,1,0.678,2026-06-23 01:09:15.661676
pay_008926,cust_01723,3023.84,INR,NETBANKING,SUCCESS,,1,0.761,2026-06-23 01:24:15.661676
pay_002625,cust_00361,2509.43,INR,WALLET,SUCCESS,,1,0.745,2026-06-23 01:28:15.661676
pay_007142,cust_02569,2481.15,INR,UPI,SUCCESS,,1,0.708,2026-06-23 01:40:15.661676
pay_004611,cust_00346,1908.88,INR,CARD,SUCCESS,,1,0.558,2026-06-23 02:18:15.661676
pay_009662,cust_01538,2264.43,INR,CARD,SUCCESS,,1,0.665,2026-06-23 02:22:15.661676
pay_004605,cust_00695,754.67,INR,CARD,FAILED,BANK_ERROR,2,0.771,2026-06-23 02:28:15.661676
pay_007480,cust_02393,1362.93,INR,UPI,SUCCESS,,1,0.918,2026-06-23 02:37:15.661676
pay_001637,cust_01855,842.1,INR,NETBANKING,SUCCESS,,1,0.624,2026-06-23 03:00:15.661676
pay_004747,cust_01941,2020.13,INR,NETBANKING,SUCCESS,,1,0.452,2026-06-23 03:10:15.661676
pay_006047,cust_01138,1810.9,INR,WALLET,SUCCESS,,1,0.873,2026-06-23 03:13:15.661676
pay_003222,cust_02614,3314.28,INR,NETBANKING,SUCCESS,,1,0.894,2026-06-23 03:14:15.661676
pay_008440,cust_01473,2720.25,INR,WALLET,SUCCESS,,1,0.497,2026-06-23 03:18:15.661676
pay_009631,cust_02725,8987.04,INR,CARD,FAILED,LIMIT_EXCEEDED,3,0.491,2026-06-23 03:29:15.661676
pay_008890,cust_02960,1464.49,INR,NETBANKING,SUCCESS,,1,0.51,2026-06-23 03:42:15.661676
pay_008133,cust_00179,2264.15,INR,NETBANKING,SUCCESS,,1,0.877,2026-06-23 03:43:15.661676
pay_005119,cust_00297,509.82,INR,UPI,SUCCESS,,1,0.516,2026-06-23 04:08:15.661676
pay_007365,cust_02395,4148.12,INR,NETBANKING,SUCCESS,,1,0.773,2026-06-23 04:18:15.661676
pay_008406,cust_00788,272.63,INR,WALLET,SUCCESS,,1,0.953,2026-06-23 04:19:15.661676
pay_006681,cust_01220,1404.99,INR,WALLET,SUCCESS,,1,0.765,2026-06-23 04:30:15.661676
pay_004441,cust_02975,610.61,INR,CARD,SUCCESS,,1,0.514,2026-06-23 05:38:15.661676
pay_002227,cust_02130,5628.97,INR,UPI,SUCCESS,,1,0.706,2026-06-23 05:47:15.661676
pay_009221,cust_00477,2273.58,INR,NETBANKING,SUCCESS,,1,0.881,2026-06-23 05:51:15.661676
pay_008707,cust_01077,2129.92,INR,UPI,SUCCESS,,1,0.508,2026-06-23 05:57:15.661676
pay_009196,cust_00395,531.76,INR,WALLET,FAILED,INSUFFICIENT_FUNDS,1,0.64,2026-06-23 06:03:15.661676
pay_005068,cust_02390,6542.42,INR,NETBANKING,SUCCESS,,1,0.695,2026-06-23 06:28:15.661676
pay_000288,cust_00707,2894.75,INR,UPI,SUCCESS,,1,0.985,2026-06-23 06:58:15.661676
pay_001945,cust_00339,2972.79,INR,WALLET,SUCCESS,,1,0.844,2026-06-23 06:58:15.661676
pay_006482,cust_02230,357.04,INR,CARD,SUCCESS,,1,0.747,2026-06-23 06:59:15.661676
pay_001297,cust_01754,3771.62,INR,CARD,SUCCESS,,1,0.763,2026-06-23 07:09:15.661676
pay_000662,cust_00654,1167.37,INR,UPI,SUCCESS,,1,0.594,2026-06-23 07:13:15.661676
pay_007286,cust_02982,776.5,INR,UPI,SUCCESS,,1,0.879,2026-06-23 07:28:15.661676
pay_004039,cust_01696,1776.07,INR,WALLET,SUCCESS,,1,0.628,2026-06-23 07:33:15.661676
pay_009099,cust_02828,1969.99,INR,NETBANKING,SUCCESS,,1,0.741,2026-06-23 07:54:15.661676
pay_000151,cust_01245,2209.22,INR,UPI,SUCCESS,,1,0.863,2026-06-23 07:56:15.661676
pay_002929,cust_00799,6390.03,INR,NETBANKING,SUCCESS,,1,0.678,2026-06-23 08:01:15.661676
pay_008129,cust_01768,1562.86,INR,NETBANKING,SUCCESS,,1,0.526,2026-06-23 08:06:15.661676
pay_000375,cust_02521,10122.8,INR,WALLET,FAILED,TIMEOUT,3,0.954,2026-06-23 08:07:15.661676
pay_009748,cust_01982,716.52,INR,UPI,SUCCESS,,1,0.894,2026-06-23 08:18:15.661676
pay_007015,cust_01771,1411.98,INR,WALLET,SUCCESS,,1,0.597,2026-06-23 08:32:15.661676
pay_007679,cust_02775,1031.71,INR,WALLET,SUCCESS,,1,0.576,2026-06-23 08:32:15.661676
pay_002704,cust_01602,4100.92,INR,CARD,SUCCESS,,1,0.488,2026-06-23 08:46:15.661676
pay_007945,cust_01755,2513.05,INR,UPI,FAILED,NETWORK_ERROR,3,0.653,2026-06-23 08:53:15.661676
pay_007390,cust_01461,3521.15,INR,WALLET,SUCCESS,,1,0.464,2026-06-23 08:53:15.661676
pay_006242,cust_01252,852.87,INR,UPI,SUCCESS,,1,0.451,2026-06-23 09:07:15.661676
pay_005601,cust_01965,1555.32,INR,UPI,SUCCESS,,1,0.886,2026-06-23 09:08:15.661676
pay_003244,cust_01179,4217.44,INR,NETBANKING,SUCCESS,,1,0.93,2026-06-23 09:46:15.661676
pay_004096,cust_01014,791.9,INR,WALLET,SUCCESS,,1,0.694,2026-06-23 09:56:15.661676
pay_005076,cust_01514,1959.87,INR,CARD,SUCCESS,,1,0.764,2026-06-23 10:10:15.661676
pay_007787,cust_01857,1968.34,INR,WALLET,SUCCESS,,1,0.765,2026-06-23 10:15:15.661676
pay_007026,cust_02331,2488.85,INR,NETBANKING,SUCCESS,,1,0.627,2026-06-23 10:25:15.661676
pay_008732,cust_02438,1628.41,INR,NETBANKING,SUCCESS,,1,0.584,2026-06-23 10:29:15.661676
pay_000682,cust_01087,732.72,INR,CARD,SUCCESS,,1,0.639,2026-06-23 10:53:15.661676
pay_000348,cust_01288,586.42,INR,NETBANKING,FAILED,BANK_ERROR,2,0.719,2026-06-23 11:03:15.661676
pay_002620,cust_02894,5794.46,INR,WALLET,SUCCESS,,1,0.778,2026-06-23 11:33:15.661676
pay_004713,cust_02885,2509.17,INR,UPI,SUCCESS,,1,0.8,2026-06-23 11:44:15.661676
pay_001718,cust_00806,2105.69,INR,NETBANKING,SUCCESS,,1,0.89,2026-06-23 11:57:15.661676
pay_003096,cust_02521,5032.0,INR,UPI,SUCCESS,,1,0.953,2026-06-23 12:45:15.661676
pay_007829,cust_00322,2106.75,INR,WALLET,SUCCESS,,1,0.452,2026-06-23 12:51:15.661676
pay_006170,cust_00946,2567.61,INR,CARD,SUCCESS,,1,0.707,2026-06-23 13:04:15.661676
pay_005176,cust_02944,7639.93,INR,WALLET,FAILED,TIMEOUT,4,0.772,2026-06-23 13:10:15.661676
pay_001401,cust_00443,782.48,INR,UPI,SUCCESS,,1,0.575,2026-06-23 13:24:15.661676
pay_001014,cust_01468,1041.74,INR,CARD,FAILED,INSUFFICIENT_FUNDS,4,0.752,2026-06-23 13:25:15.661676
pay_007817,cust_00979,1137.78,INR,WALLET,SUCCESS,,1,0.458,2026-06-23 13:49:15.661676
pay_006660,cust_02683,2296.79,INR,CARD,FAILED,BANK_ERROR,4,0.456,2026-06-23 14:02:15.661676
pay_007543,cust_01094,3415.02,INR,NETBANKING,SUCCESS,,1,0.537,2026-06-23 14:02:15.661676
pay_006106,cust_01064,4231.38,INR,CARD,SUCCESS,,1,0.902,2026-06-23 14:13:15.661676
pay_008997,cust_02667,4599.83,INR,NETBANKING,SUCCESS,,1,0.595,2026-06-23 14:17:15.661676
pay_003271,cust_01255,1521.52,INR,WALLET,SUCCESS,,1,0.597,2026-06-23 14:27:15.661676
pay_008649,cust_02637,2202.89,INR,CARD,SUCCESS,,1,0.495,2026-06-23 14:43:15.661676
pay_004460,cust_00831,3070.64,INR,WALLET,SUCCESS,,1,0.868,2026-06-23 14:46:15.661676
pay_004848,cust_00089,1183.73,INR,UPI,SUCCESS,,1,0.45,2026-06-23 14:52:15.661676
pay_002205,cust_00003,841.22,INR,UPI,SUCCESS,,1,0.925,2026-06-23 15:01:15.661676
pay_003053,cust_01403,1435.35,INR,UPI,SUCCESS,,1,0.954,2026-06-23 15:22:15.661676
pay_009723,cust_00760,1963.46,INR,CARD,SUCCESS,,1,0.659,2026-06-23 15:28:15.661676
pay_007291,cust_00333,170.14,INR,NETBANKING,SUCCESS,,1,0.672,2026-06-23 15:31:15.661676
pay_007248,cust_01373,1829.91,INR,UPI,SUCCESS,,1,0.578,2026-06-23 15:51:15.661676
pay_004577,cust_02084,705.16,INR,WALLET,SUCCESS,,1,0.935,2026-06-23 15:59:15.661676
pay_008633,cust_01044,6077.39,INR,NETBANKING,SUCCESS,,1,0.658,2026-06-23 16:05:15.661676
pay_003894,cust_00637,392.92,INR,UPI,SUCCESS,,1,0.601,2026-06-23 16:11:15.661676
pay_000292,cust_01584,1218.77,INR,NETBANKING,SUCCESS,,1,0.805,2026-06-23 16:15:15.661676
pay_000733,cust_01429,2506.4,INR,WALLET,SUCCESS,,1,0.613,2026-06-23 16:15:15.661676
pay_003011,cust_00356,1677.55,INR,WALLET,SUCCESS,,1,0.495,2026-06-23 16:36:15.661676
pay_005937,cust_02415,4825.3,INR,CARD,SUCCESS,,1,0.462,2026-06-23 16:46:15.661676
pay_000171,cust_00361,887.48,INR,NETBANKING,SUCCESS,,1,0.974,2026-06-23 17:08:15.661676
pay_006859,cust_00924,1102.65,INR,WALLET,SUCCESS,,1,0.736,2026-06-23 17:11:15.661676
pay_008296,cust_02595,4113.31,INR,UPI,SUCCESS,,1,0.856,2026-06-23 17:21:15.661676
pay_005967,cust_02790,3572.07,INR,WALLET,SUCCESS,,1,0.896,2026-06-23 18:09:15.661676
pay_009637,cust_01112,1701.06,INR,WALLET,FAILED,BANK_ERROR,3,0.869,2026-06-23 18:13:15.661676
pay_003120,cust_00931,6797.61,INR,WALLET,SUCCESS,,1,0.702,2026-06-23 18:16:15.661676
pay_001456,cust_00224,442.04,INR,CARD,SUCCESS,,1,0.617,2026-06-23 18:24:15.661676
pay_006765,cust_00423,330.57,INR,UPI,SUCCESS,,1,0.88,2026-06-23 18:49:15.661676
pay_001005,cust_02252,3160.79,INR,UPI,SUCCESS,,1,0.611,2026-06-23 19:08:15.661676
pay_007590,cust_00789,2071.02,INR,CARD,SUCCESS,,1,0.923,2026-06-23 19:08:15.661676
pay_005678,cust_02420,5303.48,INR,UPI,SUCCESS,,1,0.85,2026-06-23 19:10:15.661676
pay_002807,cust_00777,1695.14,INR,WALLET,SUCCESS,,1,0.788,2026-06-23 19:22:15.661676
pay_002189,cust_02718,1282.55,INR,WALLET,SUCCESS,,1,0.457,2026-06-23 19:37:15.661676
pay_008285,cust_02015,809.76,INR,NETBANKING,SUCCESS,,1,0.493,2026-06-23 19:50:15.661676
pay_003989,cust_02489,8423.3,INR,NETBANKING,FAILED,NETWORK_ERROR,2,0.837,2026-06-23 20:06:15.661676
pay_007981,cust_01775,859.94,INR,CARD,SUCCESS,,1,0.832,2026-06-23 20:54:15.661676
pay_008509,cust_00021,1118.48,INR,CARD,SUCCESS,,1,0.516,2026-06-23 21:00:15.661676
pay_005406,cust_01527,1817.14,INR,CARD,SUCCESS,,1,0.485,2026-06-23 21:28:15.661676
pay_006385,cust_01849,2569.75,INR,NETBANKING,SUCCESS,,1,0.54,2026-06-23 21:31:15.661676
pay_005825,cust_01822,1121.57,INR,UPI,SUCCESS,,1,0.716,2026-06-23 21:41:15.661676
pay_006614,cust_01644,10480.97,INR,NETBANKING,SUCCESS,,1,0.801,2026-06-23 21:54:15.661676
pay_000084,cust_01578,1194.38,INR,CARD,SUCCESS,,1,0.685,2026-06-23 22:12:15.661676
pay_007751,cust_01628,1839.98,INR,WALLET,SUCCESS,,1,0.766,2026-06-23 22:22:15.661676
pay_006214,cust_02636,636.72,INR,CARD,SUCCESS,,1,0.595,2026-06-23 22:30:15.661676
pay_006749,cust_00633,1205.98,INR,WALLET,SUCCESS,,1,0.66,2026-06-23 22:34:15.661676
pay_000463,cust_01591,1033.0,INR,CARD,SUCCESS,,1,0.799,2026-06-23 22:48:15.661676
pay_003245,cust_02896,1574.6,INR,WALLET,SUCCESS,,1,0.719,2026-06-23 22:49:15.661676
pay_005308,cust_02427,914.77,INR,CARD,SUCCESS,,1,0.795,2026-06-23 22:55:15.661676
pay_006589,cust_00743,894.25,INR,NETBANKING,SUCCESS,,1,0.854,2026-06-23 23:00:15.661676
pay_003389,cust_00065,3602.23,INR,WALLET,SUCCESS,,1,0.539,2026-06-23 23:21:15.661676
pay_002686,cust_01382,2328.37,INR,CARD,SUCCESS,,1,0.921,2026-06-23 23:26:15.661676
pay_004359,cust_02195,2902.0,INR,WALLET,SUCCESS,,1,0.681,2026-06-23 23:28:15.661676
pay_009283,cust_00617,920.91,INR,UPI,SUCCESS,,1,0.507,2026-06-23 23:31:15.661676
pay_008969,cust_02032,2770.98,INR,UPI,SUCCESS,,1,0.472,2026-06-23 23:33:15.661676
pay_006558,cust_00965,4401.41,INR,WALLET,SUCCESS,,1,0.73,2026-06-23 23:33:15.661676
pay_005458,cust_00439,1448.07,INR,CARD,SUCCESS,,1,0.645,2026-06-23 23:35:15.661676
pay_005946,cust_02132,3522.35,INR,UPI,SUCCESS,,1,0.639,2026-06-24 00:50:15.661676
pay_009032,cust_02209,1492.72,INR,CARD,SUCCESS,,1,0.696,2026-06-24 00:55:15.661676
pay_005060,cust_00467,1288.05,INR,CARD,SUCCESS,,1,0.563,2026-06-24 01:03:15.661676
pay_005054,cust_01291,1455.27,INR,UPI,SUCCESS,,1,0.768,2026-06-24 01:12:15.661676
pay_001439,cust_02647,2677.88,INR,CARD,SUCCESS,,1,0.578,2026-06-24 01:58:15.661676
pay_008642,cust_00290,976.19,INR,WALLET,SUCCESS,,1,0.684,2026-06-24 02:35:15.661676
pay_008015,cust_01610,1336.88,INR,NETBANKING,SUCCESS,,1,0.765,2026-06-24 02:57:15.661676
pay_008024,cust_01037,845.09,INR,NETBANKING,SUCCESS,,1,0.823,2026-06-24 03:31:15.661676
pay_005733,cust_02374,4098.08,INR,UPI,FAILED,LIMIT_EXCEEDED,3,0.685,2026-06-24 03:34:15.661676
pay_005445,cust_00684,3309.43,INR,WALLET,FAILED,BANK_ERROR,4,0.466,2026-06-24 03:54:15.661676
pay_001236,cust_02836,6709.59,INR,NETBANKING,SUCCESS,,1,0.49,2026-06-24 03:55:15.661676
pay_005258,cust_01806,1001.29,INR,CARD,SUCCESS,,1,0.595,2026-06-24 04:04:15.661676
pay_004751,cust_01259,4372.75,INR,WALLET,SUCCESS,,1,0.538,2026-06-24 04:33:15.661676
pay_009941,cust_00743,1148.3,INR,CARD,SUCCESS,,1,0.802,2026-06-24 04:34:15.661676
pay_004874,cust_01138,2178.29,INR,UPI,SUCCESS,,1,0.831,2026-06-24 04:41:15.661676
pay_004812,cust_02710,391.02,INR,NETBANKING,SUCCESS,,1,0.98,2026-06-24 04:54:15.661676
pay_009838,cust_01293,4604.85,INR,CARD,SUCCESS,,1,0.98,2026-06-24 06:55:15.661676
pay_000103,cust_01945,1374.48,INR,WALLET,SUCCESS,,1,0.904,2026-06-24 07:58:15.661676
pay_004490,cust_01399,1809.96,INR,NETBANKING,SUCCESS,,1,0.911,2026-06-24 08:51:15.661676
pay_005746,cust_00301,2424.54,INR,UPI,SUCCESS,,1,0.754,2026-06-24 08:54:15.661676
pay_003307,cust_02151,2767.24,INR,UPI,SUCCESS,,1,0.746,2026-06-24 08:59:15.661676
pay_005239,cust_00849,2087.94,INR,CARD,SUCCESS,,1,0.774,2026-06-24 08:59:15.661676
pay_009203,cust_01965,1221.1,INR,WALLET,SUCCESS,,1,0.891,2026-06-24 09:07:15.661676
pay_000116,cust_00745,2301.32,INR,UPI,SUCCESS,,1,0.564,2026-06-24 10:05:15.661676
pay_008934,cust_00768,821.12,INR,UPI,SUCCESS,,1,0.813,2026-06-24 10:27:15.661676
pay_007166,cust_02429,1647.81,INR,WALLET,SUCCESS,,1,0.638,2026-06-24 10:42:15.661676
pay_008378,cust_02634,860.39,INR,CARD,SUCCESS,,1,0.793,2026-06-24 11:07:15.661676
pay_003932,cust_00922,6139.05,INR,CARD,FAILED,TIMEOUT,1,0.887,2026-06-24 11:21:15.661676
pay_007314,cust_02618,380.99,INR,UPI,SUCCESS,,1,0.573,2026-06-24 11:27:15.661676
pay_007417,cust_01995,3379.97,INR,WALLET,SUCCESS,,1,0.952,2026-06-24 11:28:15.661676
pay_002930,cust_00045,3977.31,INR,NETBANKING,SUCCESS,,1,0.61,2026-06-24 11:54:15.661676
pay_002502,cust_01969,3922.75,INR,UPI,FAILED,INSUFFICIENT_FUNDS,2,0.665,2026-06-24 11:58:15.661676
pay_003548,cust_00081,5844.36,INR,NETBANKING,SUCCESS,,1,0.762,2026-06-24 12:00:15.661676
pay_009122,cust_02713,579.53,INR,NETBANKING,SUCCESS,,1,0.597,2026-06-24 12:05:15.661676
pay_007316,cust_02049,6194.13,INR,CARD,SUCCESS,,1,0.76,2026-06-24 12:11:15.661676
pay_005679,cust_01391,2410.99,INR,CARD,SUCCESS,,1,0.917,2026-06-24 12:15:15.661676
pay_009823,cust_00277,948.42,INR,CARD,SUCCESS,,1,0.486,2026-06-24 12:28:15.661676
pay_000913,cust_02669,2207.26,INR,NETBANKING,SUCCESS,,1,0.679,2026-06-24 12:35:15.661676
pay_006849,cust_00548,13683.45,INR,WALLET,SUCCESS,,1,0.566,2026-06-24 12:51:15.661676
pay_000427,cust_01237,835.53,INR,UPI,SUCCESS,,1,0.824,2026-06-24 13:08:15.661676
pay_003333,cust_00509,6450.23,INR,UPI,SUCCESS,,1,0.59,2026-06-24 13:15:15.661676
pay_000349,cust_01586,1017.64,INR,UPI,SUCCESS,,1,0.83,2026-06-24 13:37:15.661676
pay_003741,cust_01473,1020.71,INR,NETBANKING,SUCCESS,,1,0.896,2026-06-24 13:52:15.661676
pay_009254,cust_00826,631.5,INR,UPI,SUCCESS,,1,0.822,2026-06-24 13:54:15.661676
pay_004197,cust_02535,4349.6,INR,WALLET,SUCCESS,,1,0.851,2026-06-24 13:55:15.661676
pay_004249,cust_01541,2682.19,INR,WALLET,FAILED,NETWORK_ERROR,1,0.822,2026-06-24 14:05:15.661676
pay_006513,cust_01240,983.12,INR,CARD,SUCCESS,,1,0.833,2026-06-24 14:05:15.661676
pay_006416,cust_00739,1049.28,INR,UPI,SUCCESS,,1,0.697,2026-06-24 14:39:15.661676
pay_006771,cust_02836,1762.28,INR,WALLET,SUCCESS,,1,0.683,2026-06-24 14:43:15.661676
pay_000976,cust_00341,398.76,INR,UPI,SUCCESS,,1,0.496,2026-06-24 15:06:15.661676
pay_001354,cust_00011,3318.69,INR,CARD,SUCCESS,,1,0.796,2026-06-24 15:35:15.661676
pay_002080,cust_02761,1261.24,INR,WALLET,SUCCESS,,1,0.452,2026-06-24 15:52:15.661676
pay_008816,cust_00994,1905.67,INR,UPI,SUCCESS,,1,0.518,2026-06-24 15:52:15.661676
pay_006327,cust_02963,1195.74,INR,UPI,SUCCESS,,1,0.672,2026-06-24 15:58:15.661676
pay_000874,cust_00574,1007.53,INR,CARD,SUCCESS,,1,0.788,2026-06-24 16:48:15.661676
pay_002888,cust_00721,5489.93,INR,CARD,SUCCESS,,1,0.743,2026-06-24 16:52:15.661676
pay_004300,cust_02086,959.09,INR,UPI,SUCCESS,,1,0.815,2026-06-24 16:56:15.661676
pay_001413,cust_00229,2603.76,INR,WALLET,SUCCESS,,1,0.974,2026-06-24 17:09:15.661676
pay_004983,cust_01747,2274.28,INR,NETBANKING,SUCCESS,,1,0.705,2026-06-24 17:10:15.661676
pay_003910,cust_00489,1002.83,INR,UPI,SUCCESS,,1,0.971,2026-06-24 17:45:15.661676
pay_003929,cust_00347,703.81,INR,WALLET,SUCCESS,,1,0.752,2026-06-24 17:45:15.661676
pay_008492,cust_01481,831.43,INR,CARD,SUCCESS,,1,0.802,2026-06-24 17:54:15.661676
pay_004044,cust_01105,2297.82,INR,WALLET,SUCCESS,,1,0.86,2026-06-24 18:02:15.661676
pay_004835,cust_02923,391.88,INR,WALLET,SUCCESS,,1,0.752,2026-06-24 18:08:15.661676
pay_005345,cust_01610,1389.1,INR,NETBANKING,SUCCESS,,1,0.77,2026-06-24 18:11:15.661676
pay_003363,cust_02609,430.47,INR,WALLET,SUCCESS,,1,0.894,2026-06-24 18:14:15.661676
pay_003056,cust_01686,911.04,INR,NETBANKING,SUCCESS,,1,0.812,2026-06-24 18:17:15.661676
pay_008306,cust_01037,3423.69,INR,NETBANKING,FAILED,LIMIT_EXCEEDED,4,0.485,2026-06-24 18:21:15.661676
pay_006840,cust_02467,1470.85,INR,NETBANKING,SUCCESS,,1,0.952,2026-06-24 18:34:15.661676
pay_008689,cust_01783,9225.89,INR,NETBANKING,SUCCESS,,1,0.796,2026-06-24 18:55:15.661676
pay_006916,cust_02337,646.26,INR,WALLET,SUCCESS,,1,0.771,2026-06-24 19:28:15.661676
pay_002469,cust_01063,3123.36,INR,WALLET,SUCCESS,,1,0.642,2026-06-24 19:40:15.661676
pay_007349,cust_01121,879.75,INR,WALLET,SUCCESS,,1,0.582,2026-06-24 19:40:15.661676
pay_006408,cust_00606,2310.36,INR,WALLET,SUCCESS,,1,0.783,2026-06-24 20:00:15.661676
pay_006952,cust_01637,4614.39,INR,NETBANKING,FAILED,TIMEOUT,1,0.688,2026-06-24 20:05:15.661676
pay_009702,cust_00702,2584.7,INR,CARD,SUCCESS,,1,0.63,2026-06-24 20:08:15.661676
pay_004548,cust_00842,1726.91,INR,WALLET,SUCCESS,,1,0.788,2026-06-24 20:10:15.661676
pay_007331,cust_02765,19042.69,INR,NETBANKING,SUCCESS,,1,0.917,2026-06-24 20:11:15.661676
pay_009774,cust_01095,1525.44,INR,UPI,SUCCESS,,1,0.637,2026-06-24 20:24:15.661676
pay_006717,cust_02621,4182.73,INR,CARD,FAILED,NETWORK_ERROR,2,0.643,2026-06-24 21:08:15.661676
pay_007626,cust_00880,3553.06,INR,CARD,SUCCESS,,1,0.745,2026-06-24 21:19:15.661676
pay_006128,cust_00880,5993.78,INR,WALLET,SUCCESS,,1,0.789,2026-06-24 21:48:15.661676
pay_006398,cust_01820,646.47,INR,NETBANKING,SUCCESS,,1,0.755,2026-06-24 21:49:15.661676
pay_000058,cust_01287,1411.81,INR,CARD,SUCCESS,,1,0.813,2026-06-24 22:00:15.661676
pay_003948,cust_02939,2546.69,INR,UPI,SUCCESS,,1,0.516,2026-06-24 22:11:15.661676
pay_007164,cust_02373,619.19,INR,NETBANKING,SUCCESS,,1,0.483,2026-06-24 22:54:15.661676
pay_009985,cust_00491,696.19,INR,NETBANKING,SUCCESS,,1,0.785,2026-06-24 22:59:15.661676
pay_007930,cust_00454,551.32,INR,CARD,SUCCESS,,1,0.705,2026-06-24 23:28:15.661676
pay_007033,cust_02645,2699.26,INR,CARD,SUCCESS,,1,0.715,2026-06-24 23:29:15.661676
pay_000999,cust_00599,1144.88,INR,UPI,SUCCESS,,1,0.489,2026-06-24 23:57:15.661676
pay_003925,cust_02682,1465.38,INR,NETBANKING,SUCCESS,,1,0.505,2026-06-25 00:03:15.661676
pay_000076,cust_01687,3489.53,INR,CARD,SUCCESS,,1,0.829,2026-06-25 00:36:15.661676
pay_004392,cust_00240,3484.01,INR,CARD,FAILED,LIMIT_EXCEEDED,2,0.831,2026-06-25 01:01:15.661676
pay_004871,cust_01159,21194.32,INR,WALLET,SUCCESS,,1,0.712,2026-06-25 01:37:15.661676
pay_003162,cust_02009,2603.79,INR,UPI,SUCCESS,,1,0.782,2026-06-25 01:45:15.661676
pay_002123,cust_02833,1780.4,INR,CARD,SUCCESS,,1,0.558,2026-06-25 02:19:15.661676
pay_005067,cust_01759,1854.03,INR,CARD,SUCCESS,,1,0.479,2026-06-25 02:23:15.661676
pay_004998,cust_02569,21814.46,INR,WALLET,SUCCESS,,1,0.949,2026-06-25 02:38:15.661676
pay_005546,cust_02515,474.88,INR,NETBANKING,SUCCESS,,1,0.857,2026-06-25 02:41:15.661676
pay_008138,cust_00172,2931.55,INR,UPI,SUCCESS,,1,0.567,2026-06-25 02:43:15.661676
pay_007664,cust_01386,3072.58,INR,CARD,SUCCESS,,1,0.848,2026-06-25 03:09:15.661676
pay_009164,cust_00988,4248.83,INR,UPI,SUCCESS,,1,0.453,2026-06-25 03:11:15.661676
pay_002381,cust_01068,836.3,INR,UPI,SUCCESS,,1,0.568,2026-06-25 03:54:15.661676
pay_001707,cust_02027,3096.6,INR,WALLET,SUCCESS,,1,0.795,2026-06-25 03:57:15.661676
pay_005573,cust_01270,1372.99,INR,NETBANKING,SUCCESS,,1,0.861,2026-06-25 04:12:15.661676
pay_005013,cust_02863,1820.79,INR,CARD,SUCCESS,,1,0.744,2026-06-25 04:40:15.661676
pay_003770,cust_01598,1161.73,INR,WALLET,SUCCESS,,1,0.457,2026-06-25 04:41:15.661676
pay_002303,cust_01124,1329.85,INR,NETBANKING,SUCCESS,,1,0.873,2026-06-25 04:51:15.661676
pay_001816,cust_01411,886.29,INR,CARD,SUCCESS,,1,0.952,2026-06-25 05:27:15.661676
pay_009893,cust_01594,1352.16,INR,UPI,SUCCESS,,1,0.587,2026-06-25 05:40:15.661676
pay_001626,cust_00958,4289.98,INR,UPI,SUCCESS,,1,0.767,2026-06-25 05:45:15.661676
pay_002326,cust_01807,3087.12,INR,NETBANKING,SUCCESS,,1,0.761,2026-06-25 05:48:15.661676
pay_009025,cust_01359,1877.77,INR,UPI,SUCCESS,,1,0.698,2026-06-25 05:49:15.661676
pay_007753,cust_02118,3456.53,INR,NETBANKING,SUCCESS,,1,0.45,2026-06-25 05:51:15.661676
pay_006664,cust_02564,207.26,INR,UPI,SUCCESS,,1,0.688,2026-06-25 06:14:15.661676
pay_000953,cust_01077,664.32,INR,CARD,SUCCESS,,1,0.781,2026-06-25 06:17:15.661676
pay_009354,cust_01585,2068.51,INR,WALLET,SUCCESS,,1,0.731,2026-06-25 06:34:15.661676
pay_008925,cust_00092,738.91,INR,WALLET,SUCCESS,,1,0.979,2026-06-25 07:00:15.661676
pay_008131,cust_00010,1453.3,INR,UPI,SUCCESS,,1,0.508,2026-06-25 07:05:15.661676
pay_002070,cust_02801,3793.23,INR,WALLET,SUCCESS,,1,0.545,2026-06-25 07:15:15.661676
pay_002973,cust_01865,605.07,INR,NETBANKING,SUCCESS,,1,0.754,2026-06-25 07:44:15.661676
pay_006784,cust_02445,1461.95,INR,CARD,SUCCESS,,1,0.666,2026-06-25 07:44:15.661676
pay_005840,cust_00545,1126.62,INR,CARD,SUCCESS,,1,0.972,2026-06-25 07:47:15.661676
pay_007335,cust_01281,2193.91,INR,NETBANKING,SUCCESS,,1,0.673,2026-06-25 07:53:15.661676
pay_004865,cust_00542,1701.56,INR,WALLET,SUCCESS,,1,0.8,2026-06-25 08:08:15.661676
pay_004923,cust_00691,2892.61,INR,NETBANKING,SUCCESS,,1,0.921,2026-06-25 08:10:15.661676
pay_004355,cust_00099,2498.31,INR,CARD,FAILED,USER_CANCELLED,3,0.766,2026-06-25 08:21:15.661676
pay_007429,cust_02239,2125.81,INR,UPI,SUCCESS,,1,0.608,2026-06-25 08:28:15.661676
pay_002272,cust_01962,1224.41,INR,CARD,SUCCESS,,1,0.506,2026-06-25 08:42:15.661676
pay_006962,cust_00838,2176.94,INR,CARD,SUCCESS,,1,0.628,2026-06-25 09:32:15.661676
pay_006594,cust_01831,1099.03,INR,CARD,SUCCESS,,1,0.763,2026-06-25 09:33:15.661676
pay_008071,cust_02243,3858.41,INR,UPI,SUCCESS,,1,0.451,2026-06-25 09:44:15.661676
pay_001161,cust_01435,244.81,INR,NETBANKING,SUCCESS,,1,0.83,2026-06-25 09:53:15.661676
pay_000495,cust_02322,6115.0,INR,WALLET,SUCCESS,,1,0.49,2026-06-25 09:58:15.661676
pay_009923,cust_02825,457.08,INR,CARD,SUCCESS,,1,0.8,2026-06-25 10:41:15.661676
pay_001365,cust_02806,4709.12,INR,NETBANKING,SUCCESS,,1,0.822,2026-06-25 10:46:15.661676
pay_006979,cust_02035,6299.37,INR,WALLET,SUCCESS,,1,0.922,2026-06-25 10:53:15.661676
pay_007657,cust_02738,6099.5,INR,WALLET,SUCCESS,,1,0.957,2026-06-25 10:54:15.661676
pay_003265,cust_01044,3078.92,INR,UPI,SUCCESS,,1,0.729,2026-06-25 11:32:15.661676
pay_001794,cust_02604,3093.54,INR,CARD,SUCCESS,,1,0.71,2026-06-25 11:39:15.661676
pay_005842,cust_00030,694.2,INR,UPI,SUCCESS,,1,0.776,2026-06-25 12:11:15.661676
pay_004129,cust_00166,1004.09,INR,UPI,SUCCESS,,1,0.91,2026-06-25 13:17:15.661676
pay_007081,cust_02580,2378.78,INR,NETBANKING,SUCCESS,,1,0.846,2026-06-25 13:21:15.661676
pay_000421,cust_00550,9401.25,INR,WALLET,SUCCESS,,1,0.511,2026-06-25 13:47:15.661676
pay_006395,cust_00323,878.09,INR,NETBANKING,SUCCESS,,1,0.469,2026-06-25 13:51:15.661676
pay_001714,cust_02038,3561.5,INR,NETBANKING,SUCCESS,,1,0.547,2026-06-25 14:11:15.661676
pay_005482,cust_02477,2592.79,INR,CARD,SUCCESS,,1,0.822,2026-06-25 14:27:15.661676
pay_008415,cust_02733,1138.46,INR,NETBANKING,FAILED,USER_CANCELLED,3,0.867,2026-06-25 14:30:15.661676
pay_006768,cust_02261,2265.67,INR,CARD,SUCCESS,,1,0.626,2026-06-25 14:31:15.661676
pay_008381,cust_02424,1961.43,INR,UPI,SUCCESS,,1,0.921,2026-06-25 14:38:15.661676
pay_001859,cust_02821,2277.78,INR,UPI,FAILED,LIMIT_EXCEEDED,4,0.791,2026-06-25 15:07:15.661676
pay_006789,cust_01321,750.6,INR,CARD,SUCCESS,,1,0.56,2026-06-25 15:16:15.661676
pay_003678,cust_00792,1603.28,INR,NETBANKING,SUCCESS,,1,0.756,2026-06-25 15:27:15.661676
pay_002461,cust_00014,1921.31,INR,NETBANKING,SUCCESS,,1,0.514,2026-06-25 15:48:15.661676
pay_009660,cust_00952,2014.53,INR,NETBANKING,SUCCESS,,1,0.601,2026-06-25 15:52:15.661676
pay_005093,cust_00017,593.74,INR,UPI,SUCCESS,,1,0.679,2026-06-25 16:02:15.661676
pay_009275,cust_02118,1073.68,INR,UPI,SUCCESS,,1,0.638,2026-06-25 16:05:15.661676
pay_009006,cust_01455,717.26,INR,UPI,SUCCESS,,1,0.851,2026-06-25 16:05:15.661676
pay_002071,cust_00581,3914.01,INR,UPI,SUCCESS,,1,0.611,2026-06-25 16:07:15.661676
pay_006190,cust_01895,5028.42,INR,WALLET,SUCCESS,,1,0.582,2026-06-25 16:08:15.661676
pay_005605,cust_02412,2527.56,INR,NETBANKING,SUCCESS,,1,0.725,2026-06-25 16:15:15.661676
pay_000725,cust_02887,2072.88,INR,CARD,SUCCESS,,1,0.701,2026-06-25 16:16:15.661676
pay_002399,cust_00096,2134.13,INR,NETBANKING,SUCCESS,,1,0.504,2026-06-25 16:26:15.661676
pay_004370,cust_01681,2161.63,INR,NETBANKING,SUCCESS,,1,0.53,2026-06-25 17:01:15.661676
pay_005286,cust_02681,2521.63,INR,UPI,SUCCESS,,1,0.567,2026-06-25 17:17:15.661676
pay_000207,cust_00090,2729.92,INR,WALLET,SUCCESS,,1,0.917,2026-06-25 17:22:15.661676
pay_005763,cust_02868,824.63,INR,WALLET,SUCCESS,,1,0.697,2026-06-25 17:30:15.661676
pay_000341,cust_01445,936.57,INR,WALLET,SUCCESS,,1,0.877,2026-06-25 17:32:15.661676
pay_005778,cust_00340,1359.97,INR,UPI,SUCCESS,,1,0.56,2026-06-25 17:37:15.661676
pay_008521,cust_01788,1499.84,INR,CARD,FAILED,INSUFFICIENT_FUNDS,2,0.574,2026-06-25 17:58:15.661676
pay_002528,cust_01698,2937.99,INR,CARD,SUCCESS,,1,0.774,2026-06-25 18:00:15.661676
pay_007019,cust_01692,5076.46,INR,NETBANKING,SUCCESS,,1,0.589,2026-06-25 18:06:15.661676
pay_009587,cust_02081,2505.27,INR,UPI,SUCCESS,,1,0.592,2026-06-25 18:09:15.661676
pay_004594,cust_01188,318.22,INR,WALLET,SUCCESS,,1,0.731,2026-06-25 18:22:15.661676
pay_000243,cust_00270,2708.07,INR,CARD,SUCCESS,,1,0.766,2026-06-25 18:32:15.661676
pay_004759,cust_01204,1061.74,INR,NETBANKING,SUCCESS,,1,0.605,2026-06-25 18:38:15.661676
pay_006898,cust_01449,734.71,INR,CARD,SUCCESS,,1,0.94,2026-06-25 18:40:15.661676
pay_004267,cust_02014,2281.79,INR,UPI,FAILED,NETWORK_ERROR,1,0.929,2026-06-25 18:44:15.661676
pay_003800,cust_01402,802.15,INR,WALLET,FAILED,INSUFFICIENT_FUNDS,2,0.897,2026-06-25 18:45:15.661676
pay_001016,cust_01326,2118.21,INR,WALLET,SUCCESS,,1,0.773,2026-06-25 19:13:15.661676
pay_002175,cust_00270,926.94,INR,UPI,SUCCESS,,1,0.785,2026-06-25 19:31:15.661676
pay_004647,cust_02141,593.37,INR,NETBANKING,SUCCESS,,1,0.478,2026-06-25 20:16:15.661676
pay_008080,cust_02585,5257.36,INR,NETBANKING,SUCCESS,,1,0.957,2026-06-25 20:23:15.661676
pay_005017,cust_00614,335.69,INR,NETBANKING,SUCCESS,,1,0.515,2026-06-25 20:52:15.661676
pay_006993,cust_00464,3853.4,INR,CARD,SUCCESS,,1,0.939,2026-06-25 21:21:15.661676
pay_007222,cust_00564,293.04,INR,NETBANKING,SUCCESS,,1,0.637,2026-06-25 21:48:15.661676
pay_002239,cust_02962,1305.54,INR,WALLET,SUCCESS,,1,0.535,2026-06-25 22:40:15.661676
pay_009040,cust_02998,1797.25,INR,UPI,SUCCESS,,1,0.536,2026-06-25 22:56:15.661676
pay_009258,cust_02631,752.43,INR,CARD,SUCCESS,,1,0.803,2026-06-25 23:17:15.661676
pay_006029,cust_01972,375.24,INR,CARD,SUCCESS,,1,0.79,2026-06-25 23:23:15.661676
pay_000234,cust_00605,1073.54,INR,UPI,SUCCESS,,1,0.528,2026-06-25 23:28:15.661676
pay_006826,cust_01588,1121.05,INR,UPI,FAILED,NETWORK_ERROR,4,0.953,2026-06-25 23:40:15.661676
pay_008330,cust_00227,1636.09,INR,NETBANKING,FAILED,LIMIT_EXCEEDED,4,0.83,2026-06-25 23:50:15.661676
pay_000604,cust_02198,5348.17,INR,CARD,SUCCESS,,1,0.493,2026-06-25 23:54:15.661676
pay_008107,cust_02601,1753.45,INR,CARD,SUCCESS,,1,0.975,2026-06-26 00:26:15.661676
pay_007281,cust_00659,972.66,INR,UPI,SUCCESS,,1,0.571,2026-06-26 00:29:15.661676
pay_004571,cust_02409,1122.0,INR,NETBANKING,SUCCESS,,1,0.939,2026-06-26 00:45:15.661676
pay_008720,cust_02529,952.92,INR,CARD,SUCCESS,,1,0.804,2026-06-26 00:53:15.661676
pay_004082,cust_00233,1034.26,INR,CARD,SUCCESS,,1,0.564,2026-06-26 01:03:15.661676
pay_006147,cust_00214,1902.49,INR,UPI,SUCCESS,,1,0.542,2026-06-26 01:08:15.661676
pay_008693,cust_01049,2763.62,INR,CARD,SUCCESS,,1,0.677,2026-06-26 01:29:15.661676
pay_007721,cust_01172,1575.56,INR,UPI,SUCCESS,,1,0.524,2026-06-26 01:38:15.661676
pay_002242,cust_02930,2885.72,INR,CARD,SUCCESS,,1,0.806,2026-06-26 01:48:15.661676
pay_006597,cust_00665,1207.81,INR,WALLET,FAILED,INSUFFICIENT_FUNDS,4,0.838,2026-06-26 02:09:15.661676
pay_000046,cust_01729,1016.5,INR,CARD,SUCCESS,,1,0.922,2026-06-26 02:15:15.661676
pay_005758,cust_00076,1386.94,INR,WALLET,SUCCESS,,1,0.748,2026-06-26 02:15:15.661676
pay_008010,cust_02919,4124.65,INR,CARD,SUCCESS,,1,0.774,2026-06-26 02:17:15.661676
pay_009831,cust_02736,800.28,INR,UPI,SUCCESS,,1,0.717,2026-06-26 03:25:15.661676
pay_008525,cust_00610,447.73,INR,CARD,FAILED,INSUFFICIENT_FUNDS,3,0.529,2026-06-26 03:25:15.661676
pay_009130,cust_02153,4005.93,INR,WALLET,SUCCESS,,1,0.773,2026-06-26 03:50:15.661676
pay_009717,cust_00640,2224.11,INR,UPI,SUCCESS,,1,0.771,2026-06-26 04:02:15.661676
pay_004555,cust_00976,1696.78,INR,UPI,SUCCESS,,1,0.759,2026-06-26 04:19:15.661676
pay_005278,cust_01518,658.38,INR,WALLET,SUCCESS,,1,0.9,2026-06-26 05:17:15.661676
pay_006485,cust_00847,3173.25,INR,WALLET,SUCCESS,,1,0.557,2026-06-26 05:52:15.661676
pay_003791,cust_02259,2889.77,INR,CARD,SUCCESS,,1,0.835,2026-06-26 06:09:15.661676
pay_005419,cust_01876,1145.67,INR,CARD,SUCCESS,,1,0.982,2026-06-26 06:13:15.661676
pay_005453,cust_00710,7070.41,INR,CARD,SUCCESS,,1,0.897,2026-06-26 06:18:15.661676
pay_006716,cust_02338,2614.06,INR,WALLET,SUCCESS,,1,0.778,2026-06-26 06:21:15.661676
pay_005590,cust_01252,6199.72,INR,CARD,SUCCESS,,1,0.914,2026-06-26 06:24:15.661676
pay_005667,cust_02740,3149.94,INR,UPI,SUCCESS,,1,0.846,2026-06-26 06:53:15.661676
pay_009848,cust_02455,2210.03,INR,UPI,SUCCESS,,1,0.769,2026-06-26 06:57:15.661676
pay_005527,cust_02104,4424.47,INR,CARD,SUCCESS,,1,0.73,2026-06-26 07:06:15.661676
pay_004638,cust_02326,681.12,INR,UPI,SUCCESS,,1,0.543,2026-06-26 07:20:15.661676
pay_006800,cust_01136,4839.48,INR,UPI,SUCCESS,,1,0.886,2026-06-26 07:42:15.661676
pay_001946,cust_00766,1345.22,INR,CARD,SUCCESS,,1,0.917,2026-06-26 07:55:15.661676
pay_007980,cust_01164,458.26,INR,WALLET,SUCCESS,,1,0.791,2026-06-26 08:14:15.661676
pay_009250,cust_02749,473.21,INR,CARD,SUCCESS,,1,0.667,2026-06-26 08:16:15.661676
pay_000379,cust_00200,10423.75,INR,UPI,SUCCESS,,1,0.926,2026-06-26 08:23:15.661676
pay_009049,cust_01771,1548.94,INR,NETBANKING,SUCCESS,,1,0.482,2026-06-26 08:32:15.661676
pay_002893,cust_02800,3342.81,INR,NETBANKING,SUCCESS,,1,0.485,2026-06-26 08:36:15.661676
pay_003871,cust_00558,594.56,INR,UPI,FAILED,NETWORK_ERROR,4,0.63,2026-06-26 08:54:15.661676
pay_000065,cust_00637,3463.45,INR,NETBANKING,SUCCESS,,1,0.838,2026-06-26 09:16:15.661676
pay_004139,cust_01589,3688.75,INR,WALLET,FAILED,NETWORK_ERROR,3,0.869,2026-06-26 09:18:15.661676
pay_002357,cust_01514,1345.58,INR,CARD,FAILED,CARD_EXPIRED,4,0.731,2026-06-26 09:27:15.661676
pay_009299,cust_01546,2006.2,INR,UPI,SUCCESS,,1,0.594,2026-06-26 09:54:15.661676
pay_008635,cust_01665,742.59,INR,UPI,FAILED,CARD_EXPIRED,2,0.914,2026-06-26 09:55:15.661676
pay_001173,cust_01890,1965.22,INR,CARD,SUCCESS,,1,0.776,2026-06-26 10:22:15.661676
pay_005302,cust_02086,1407.92,INR,CARD,SUCCESS,,1,0.666,2026-06-26 10:26:15.661676
pay_007350,cust_01254,5628.31,INR,WALLET,SUCCESS,,1,0.476,2026-06-26 10:29:15.661676
pay_006510,cust_02898,5651.65,INR,UPI,FAILED,INSUFFICIENT_FUNDS,3,0.498,2026-06-26 10:29:15.661676
pay_001550,cust_00664,4824.91,INR,CARD,SUCCESS,,1,0.497,2026-06-26 10:48:15.661676
pay_002830,cust_02341,1348.56,INR,WALLET,SUCCESS,,1,0.659,2026-06-26 10:49:15.661676
pay_007067,cust_01884,1329.41,INR,UPI,FAILED,NETWORK_ERROR,2,0.474,2026-06-26 10:55:15.661676
pay_000771,cust_02945,3184.98,INR,UPI,SUCCESS,,1,0.507,2026-06-26 11:20:15.661676
pay_008477,cust_02407,2042.69,INR,UPI,SUCCESS,,1,0.578,2026-06-26 11:26:15.661676
pay_007755,cust_00337,1887.94,INR,CARD,SUCCESS,,1,0.755,2026-06-26 11:42:15.661676
pay_002203,cust_00168,3215.72,INR,CARD,SUCCESS,,1,0.517,2026-06-26 12:01:15.661676
pay_004622,cust_02529,7193.85,INR,NETBANKING,SUCCESS,,1,0.971,2026-06-26 12:14:15.661676
pay_006397,cust_01642,1985.18,INR,CARD,SUCCESS,,1,0.814,2026-06-26 12:31:15.661676
pay_000909,cust_00953,3030.21,INR,UPI,SUCCESS,,1,0.744,2026-06-26 12:34:15.661676
pay_006321,cust_01582,4849.96,INR,NETBANKING,SUCCESS,,1,0.825,2026-06-26 12:36:15.661676
pay_004390,cust_01537,2887.77,INR,NETBANKING,SUCCESS,,1,0.83,2026-06-26 12:49:15.661676
pay_005602,cust_02479,1664.25,INR,WALLET,SUCCESS,,1,0.624,2026-06-26 12:49:15.661676
pay_006473,cust_00289,2005.19,INR,CARD,SUCCESS,,1,0.628,2026-06-26 12:54:15.661676
pay_003258,cust_01177,1022.72,INR,CARD,SUCCESS,,1,0.68,2026-06-26 12:57:15.661676
pay_003500,cust_00614,1359.21,INR,UPI,FAILED,USER_CANCELLED,1,0.869,2026-06-26 13:02:15.661676
pay_005339,cust_00766,1369.57,INR,UPI,SUCCESS,,1,0.705,2026-06-26 13:29:15.661676
pay_004722,cust_01899,2736.39,INR,WALLET,SUCCESS,,1,0.52,2026-06-26 13:31:15.661676
pay_004313,cust_00879,2685.88,INR,WALLET,SUCCESS,,1,0.693,2026-06-26 14:05:15.661676
pay_006434,cust_01696,619.2,INR,CARD,SUCCESS,,1,0.921,2026-06-26 14:45:15.661676
pay_005596,cust_01180,448.44,INR,CARD,SUCCESS,,1,0.753,2026-06-26 14:46:15.661676
pay_001502,cust_01347,1163.34,INR,UPI,SUCCESS,,1,0.818,2026-06-26 14:47:15.661676
pay_002143,cust_00020,2076.99,INR,WALLET,SUCCESS,,1,0.972,2026-06-26 14:58:15.661676
pay_003518,cust_01163,2538.97,INR,NETBANKING,SUCCESS,,1,0.733,2026-06-26 14:58:15.661676
pay_003581,cust_00412,9895.32,INR,UPI,SUCCESS,,1,0.752,2026-06-26 15:09:15.661676
pay_000991,cust_02843,2136.03,INR,NETBANKING,SUCCESS,,1,0.737,2026-06-26 15:39:15.661676
pay_006308,cust_01356,3588.83,INR,UPI,SUCCESS,,1,0.534,2026-06-26 15:47:15.661676
pay_002811,cust_01051,1646.8,INR,WALLET,SUCCESS,,1,0.604,2026-06-26 15:56:15.661676
pay_009344,cust_00448,2581.11,INR,UPI,SUCCESS,,1,0.665,2026-06-26 15:57:15.661676
pay_002501,cust_01744,2854.04,INR,CARD,SUCCESS,,1,0.815,2026-06-26 16:16:15.661676
pay_003601,cust_01426,935.29,INR,NETBANKING,SUCCESS,,1,0.543,2026-06-26 16:27:15.661676
pay_004772,cust_00012,828.95,INR,UPI,SUCCESS,,1,0.583,2026-06-26 16:28:15.661676
pay_001281,cust_00222,2011.9,INR,NETBANKING,SUCCESS,,1,0.586,2026-06-26 16:29:15.661676
pay_000728,cust_01060,2387.65,INR,UPI,SUCCESS,,1,0.477,2026-06-26 16:30:15.661676
pay_003726,cust_01252,2881.86,INR,NETBANKING,SUCCESS,,1,0.633,2026-06-26 16:48:15.661676
pay_009595,cust_02335,1963.52,INR,WALLET,SUCCESS,,1,0.971,2026-06-26 16:50:15.661676
pay_000051,cust_01087,2343.19,INR,WALLET,SUCCESS,,1,0.967,2026-06-26 16:54:15.661676
pay_002348,cust_02375,906.67,INR,WALLET,SUCCESS,,1,0.622,2026-06-26 16:55:15.661676
pay_001956,cust_01318,5429.22,INR,CARD,SUCCESS,,1,0.941,2026-06-26 17:03:15.661676
pay_003728,cust_02921,4254.86,INR,WALLET,SUCCESS,,1,0.782,2026-06-26 17:22:15.661676
pay_008730,cust_00577,1500.32,INR,UPI,SUCCESS,,1,0.492,2026-06-26 17:48:15.661676
pay_000380,cust_02680,947.06,INR,WALLET,SUCCESS,,1,0.907,2026-06-26 17:59:15.661676
pay_009948,cust_01104,1106.29,INR,CARD,SUCCESS,,1,0.921,2026-06-26 18:26:15.661676
pay_007678,cust_01263,101.41,INR,WALLET,SUCCESS,,1,0.594,2026-06-26 18:56:15.661676
pay_007173,cust_00379,1580.13,INR,WALLET,SUCCESS,,1,0.925,2026-06-26 19:10:15.661676
pay_005860,cust_01299,1091.0,INR,NETBANKING,FAILED,BANK_ERROR,1,0.881,2026-06-26 19:26:15.661676
pay_006148,cust_00381,1342.89,INR,NETBANKING,SUCCESS,,1,0.96,2026-06-26 19:53:15.661676
pay_003634,cust_00886,3279.18,INR,WALLET,FAILED,INSUFFICIENT_FUNDS,3,0.584,2026-06-26 19:58:15.661676
pay_002026,cust_02642,2094.52,INR,UPI,SUCCESS,,1,0.482,2026-06-26 20:13:15.661676
pay_008611,cust_00209,1252.35,INR,UPI,FAILED,NETWORK_ERROR,2,0.474,2026-06-26 20:16:15.661676
pay_004403,cust_02313,894.78,INR,UPI,SUCCESS,,1,0.932,2026-06-26 20:25:15.661676
pay_005262,cust_02825,969.5,INR,UPI,FAILED,TIMEOUT,4,0.913,2026-06-26 20:27:15.661676
pay_000090,cust_00002,2726.06,INR,NETBANKING,SUCCESS,,1,0.874,2026-06-26 20:32:15.661676
pay_005944,cust_01040,525.55,INR,NETBANKING,SUCCESS,,1,0.871,2026-06-26 21:18:15.661676
pay_001426,cust_00309,375.0,INR,CARD,SUCCESS,,1,0.611,2026-06-26 21:30:15.661676
pay_005935,cust_01667,6896.39,INR,CARD,SUCCESS,,1,0.575,2026-06-26 21:38:15.661676
pay_007106,cust_00868,1325.97,INR,WALLET,SUCCESS,,1,0.465,2026-06-26 21:52:15.661676
pay_000405,cust_02956,1261.36,INR,NETBANKING,SUCCESS,,1,0.815,2026-06-26 22:27:15.661676
pay_009624,cust_02084,3690.44,INR,NETBANKING,SUCCESS,,1,0.605,2026-06-26 22:32:15.661676
pay_008549,cust_02484,1276.58,INR,CARD,SUCCESS,,1,0.958,2026-06-26 22:57:15.661676
pay_007414,cust_00428,2489.91,INR,UPI,SUCCESS,,1,0.523,2026-06-26 22:59:15.661676
pay_006973,cust_02681,8346.56,INR,NETBANKING,SUCCESS,,1,0.607,2026-06-26 23:08:15.661676
pay_009331,cust_02278,5588.99,INR,UPI,SUCCESS,,1,0.795,2026-06-26 23:53:15.661676
pay_005077,cust_01520,1868.76,INR,CARD,FAILED,FRAUD_SUSPECTED,3,0.949,2026-06-27 00:05:15.661676
pay_009607,cust_01963,192.19,INR,WALLET,SUCCESS,,1,0.581,2026-06-27 00:45:15.661676
pay_004186,cust_01893,2410.48,INR,CARD,SUCCESS,,1,0.73,2026-06-27 01:02:15.661676
pay_009474,cust_02204,1204.53,INR,UPI,SUCCESS,,1,0.566,2026-06-27 01:07:15.661676
pay_004842,cust_02317,1920.91,INR,WALLET,SUCCESS,,1,0.55,2026-06-27 01:18:15.661676
pay_004794,cust_01818,2233.7,INR,UPI,SUCCESS,,1,0.49,2026-06-27 01:41:15.661676
pay_005127,cust_02134,1452.46,INR,UPI,SUCCESS,,1,0.522,2026-06-27 01:48:15.661676
pay_000567,cust_01326,354.07,INR,NETBANKING,SUCCESS,,1,0.964,2026-06-27 01:49:15.661676
pay_000267,cust_00563,6673.7,INR,NETBANKING,SUCCESS,,1,0.454,2026-06-27 02:04:15.661676
pay_007461,cust_00568,1113.71,INR,UPI,SUCCESS,,1,0.962,2026-06-27 02:07:15.661676
pay_000271,cust_02907,5727.41,INR,WALLET,SUCCESS,,1,0.461,2026-06-27 02:13:15.661676
pay_006506,cust_01788,1470.8,INR,CARD,SUCCESS,,1,0.879,2026-06-27 02:19:15.661676
pay_008443,cust_01447,1496.33,INR,UPI,SUCCESS,,1,0.963,2026-06-27 02:38:15.661676
pay_002854,cust_02882,2156.91,INR,CARD,SUCCESS,,1,0.883,2026-06-27 02:42:15.661676
pay_001053,cust_00910,2684.43,INR,WALLET,SUCCESS,,1,0.53,2026-06-27 02:48:15.661676
pay_000855,cust_02060,5633.03,INR,UPI,SUCCESS,,1,0.613,2026-06-27 02:55:15.661676
pay_006841,cust_01799,1086.83,INR,UPI,SUCCESS,,1,0.82,2026-06-27 02:55:15.661676
pay_004189,cust_00115,1295.56,INR,NETBANKING,SUCCESS,,1,0.878,2026-06-27 03:18:15.661676
pay_001926,cust_01024,866.53,INR,UPI,SUCCESS,,1,0.609,2026-06-27 03:25:15.661676
pay_006574,cust_00112,1241.64,INR,CARD,FAILED,LIMIT_EXCEEDED,3,0.602,2026-06-27 03:25:15.661676
pay_008045,cust_01917,3875.93,INR,CARD,SUCCESS,,1,0.466,2026-06-27 03:53:15.661676
pay_007148,cust_02421,216.71,INR,CARD,SUCCESS,,1,0.516,2026-06-27 04:07:15.661676
pay_009759,cust_01796,1633.81,INR,WALLET,SUCCESS,,1,0.723,2026-06-27 04:18:15.661676
pay_001691,cust_00472,2890.99,INR,CARD,SUCCESS,,1,0.791,2026-06-27 04:32:15.661676
pay_008156,cust_02054,1327.69,INR,WALLET,SUCCESS,,1,0.665,2026-06-27 04:48:15.661676
pay_001518,cust_02150,2994.85,INR,UPI,SUCCESS,,1,0.493,2026-06-27 04:49:15.661676
pay_008516,cust_02727,2176.31,INR,NETBANKING,SUCCESS,,1,0.872,2026-06-27 04:57:15.661676
pay_001869,cust_01810,755.38,INR,WALLET,FAILED,BANK_ERROR,2,0.847,2026-06-27 05:38:15.661676
pay_004101,cust_00203,544.48,INR,WALLET,SUCCESS,,1,0.881,2026-06-27 06:13:15.661676
pay_001860,cust_00884,2226.66,INR,WALLET,SUCCESS,,1,0.653,2026-06-27 06:32:15.661676
pay_001322,cust_02641,2762.12,INR,UPI,SUCCESS,,1,0.462,2026-06-27 06:35:15.661676
pay_009935,cust_00809,1896.81,INR,UPI,SUCCESS,,1,0.795,2026-06-27 07:08:15.661676
pay_006957,cust_00018,1950.07,INR,UPI,SUCCESS,,1,0.492,2026-06-27 08:06:15.661676
pay_009959,cust_01342,3042.8,INR,UPI,SUCCESS,,1,0.811,2026-06-27 08:09:15.661676
pay_002726,cust_01348,1813.4,INR,UPI,FAILED,USER_CANCELLED,4,0.909,2026-06-27 08:15:15.661676
pay_002865,cust_02598,2507.11,INR,NETBANKING,SUCCESS,,1,0.962,2026-06-27 08:24:15.661676
pay_004087,cust_00670,3596.33,INR,CARD,SUCCESS,,1,0.652,2026-06-27 09:07:15.661676
pay_008004,cust_02263,3202.81,INR,CARD,SUCCESS,,1,0.763,2026-06-27 09:11:15.661676
pay_004202,cust_01465,755.84,INR,WALLET,SUCCESS,,1,0.591,2026-06-27 09:21:15.661676
pay_005245,cust_01753,3934.92,INR,WALLET,SUCCESS,,1,0.69,2026-06-27 09:28:15.661676
pay_007692,cust_02359,1121.48,INR,NETBANKING,FAILED,NETWORK_ERROR,3,0.54,2026-06-27 09:53:15.661676
pay_001823,cust_00681,1510.38,INR,UPI,SUCCESS,,1,0.517,2026-06-27 10:06:15.661676
pay_003097,cust_01856,4160.46,INR,CARD,SUCCESS,,1,0.685,2026-06-27 10:10:15.661676
pay_006467,cust_01877,916.19,INR,UPI,SUCCESS,,1,0.674,2026-06-27 10:12:15.661676
pay_008054,cust_02126,1222.53,INR,UPI,SUCCESS,,1,0.831,2026-06-27 10:34:15.661676
pay_006780,cust_00506,1585.54,INR,WALLET,SUCCESS,,1,0.653,2026-06-27 10:54:15.661676
pay_008088,cust_00242,1460.14,INR,UPI,SUCCESS,,1,0.936,2026-06-27 10:57:15.661676
pay_006590,cust_01753,2242.5,INR,NETBANKING,SUCCESS,,1,0.496,2026-06-27 11:19:15.661676
pay_000744,cust_02694,1846.18,INR,CARD,SUCCESS,,1,0.519,2026-06-27 11:32:15.661676
pay_007017,cust_00380,1757.98,INR,CARD,SUCCESS,,1,0.864,2026-06-27 11:54:15.661676
pay_000139,cust_00071,3466.2,INR,UPI,SUCCESS,,1,0.824,2026-06-27 12:32:15.661676
pay_008726,cust_00342,1336.84,INR,UPI,SUCCESS,,1,0.655,2026-06-27 13:15:15.661676
pay_008862,cust_02379,2014.94,INR,CARD,SUCCESS,,1,0.477,2026-06-27 13:20:15.661676
pay_002615,cust_02936,2919.11,INR,NETBANKING,SUCCESS,,1,0.463,2026-06-27 13:45:15.661676
pay_008772,cust_02308,6341.15,INR,UPI,SUCCESS,,1,0.94,2026-06-27 13:47:15.661676
pay_004293,cust_01406,551.56,INR,CARD,SUCCESS,,1,0.494,2026-06-27 14:10:15.661676
pay_007302,cust_00512,1197.57,INR,CARD,SUCCESS,,1,0.822,2026-06-27 14:18:15.661676
pay_000475,cust_02373,6741.07,INR,WALLET,SUCCESS,,1,0.628,2026-06-27 14:37:15.661676
pay_005700,cust_01935,2951.98,INR,CARD,SUCCESS,,1,0.497,2026-06-27 14:37:15.661676
pay_005318,cust_00577,1515.6,INR,CARD,SUCCESS,,1,0.714,2026-06-27 14:38:15.661676
pay_002373,cust_02226,2054.97,INR,WALLET,SUCCESS,,1,0.511,2026-06-27 15:06:15.661676
pay_001520,cust_02143,7968.68,INR,WALLET,SUCCESS,,1,0.748,2026-06-27 15:15:15.661676
pay_000740,cust_00105,4070.4,INR,WALLET,SUCCESS,,1,0.676,2026-06-27 15:31:15.661676
pay_005189,cust_02623,867.5,INR,WALLET,SUCCESS,,1,0.698,2026-06-27 15:51:15.661676
pay_006667,cust_02572,663.28,INR,WALLET,SUCCESS,,1,0.831,2026-06-27 15:56:15.661676
pay_007324,cust_01562,2199.46,INR,WALLET,SUCCESS,,1,0.889,2026-06-27 16:25:15.661676
pay_004792,cust_02913,1313.04,INR,NETBANKING,SUCCESS,,1,0.827,2026-06-27 16:58:15.661676
pay_001975,cust_01243,1781.18,INR,CARD,SUCCESS,,1,0.748,2026-06-27 17:10:15.661676
pay_005381,cust_02032,1131.01,INR,WALLET,SUCCESS,,1,0.903,2026-06-27 17:13:15.661676
pay_008113,cust_02286,443.41,INR,WALLET,SUCCESS,,1,0.899,2026-06-27 17:43:15.661676
pay_004742,cust_02733,2688.25,INR,CARD,FAILED,NETWORK_ERROR,2,0.48,2026-06-27 18:14:15.661676
pay_005514,cust_00895,2223.9,INR,UPI,FAILED,BANK_ERROR,4,0.675,2026-06-27 18:15:15.661676
pay_009680,cust_02310,1797.86,INR,WALLET,SUCCESS,,1,0.66,2026-06-27 18:45:15.661676
pay_000369,cust_02806,1954.99,INR,WALLET,SUCCESS,,1,0.822,2026-06-27 19:31:15.661676
pay_008844,cust_00777,1437.0,INR,WALLET,SUCCESS,,1,0.681,2026-06-27 19:37:15.661676
pay_004734,cust_00273,2640.51,INR,NETBANKING,SUCCESS,,1,0.979,2026-06-27 19:38:15.661676
pay_005483,cust_02783,1931.82,INR,NETBANKING,SUCCESS,,1,0.74,2026-06-27 19:52:15.661676
pay_007352,cust_00556,2000.53,INR,WALLET,SUCCESS,,1,0.518,2026-06-27 19:59:15.661676
pay_002516,cust_01830,2350.31,INR,NETBANKING,SUCCESS,,1,0.772,2026-06-27 20:03:15.661676
pay_006290,cust_01167,1405.2,INR,CARD,SUCCESS,,1,0.898,2026-06-27 20:08:15.661676
pay_004447,cust_00055,895.51,INR,CARD,FAILED,INSUFFICIENT_FUNDS,1,0.58,2026-06-27 20:21:15.661676
pay_009698,cust_01178,2957.11,INR,NETBANKING,SUCCESS,,1,0.591,2026-06-27 20:38:15.661676
pay_001585,cust_00511,2547.97,INR,WALLET,SUCCESS,,1,0.453,2026-06-27 20:40:15.661676
pay_004709,cust_01210,3882.43,INR,CARD,SUCCESS,,1,0.924,2026-06-27 21:19:15.661676
pay_002117,cust_00660,1505.86,INR,CARD,SUCCESS,,1,0.546,2026-06-27 22:24:15.661676
pay_004917,cust_01108,4230.71,INR,UPI,SUCCESS,,1,0.473,2026-06-27 22:33:15.661676
pay_005186,cust_02720,378.4,INR,UPI,SUCCESS,,1,0.748,2026-06-27 22:35:15.661676
pay_005987,cust_01269,955.57,INR,CARD,SUCCESS,,1,0.703,2026-06-27 23:00:15.661676
pay_001863,cust_01997,3411.1,INR,WALLET,FAILED,LIMIT_EXCEEDED,2,0.985,2026-06-27 23:09:15.661676
pay_009195,cust_00116,806.94,INR,NETBANKING,FAILED,INSUFFICIENT_FUNDS,3,0.817,2026-06-27 23:18:15.661676
pay_006247,cust_02007,2779.23,INR,WALLET,SUCCESS,,1,0.961,2026-06-27 23:38:15.661676
pay_004036,cust_00846,3886.88,INR,WALLET,SUCCESS,,1,0.492,2026-06-28 00:29:15.661676
pay_004995,cust_01912,1068.6,INR,CARD,SUCCESS,,1,0.658,2026-06-28 00:53:15.661676
pay_000490,cust_02856,3660.34,INR,CARD,SUCCESS,,1,0.908,2026-06-28 01:04:15.661676
pay_005581,cust_02607,8268.55,INR,CARD,SUCCESS,,1,0.985,2026-06-28 01:18:15.661676
pay_004381,cust_00037,2050.22,INR,NETBANKING,SUCCESS,,1,0.905,2026-06-28 01:34:15.661676
pay_003193,cust_01841,11218.52,INR,NETBANKING,FAILED,USER_CANCELLED,2,0.811,2026-06-28 01:44:15.661676
pay_001041,cust_01237,6954.49,INR,UPI,FAILED,BANK_ERROR,3,0.462,2026-06-28 01:51:15.661676
pay_006493,cust_01815,3890.9,INR,UPI,SUCCESS,,1,0.923,2026-06-28 01:55:15.661676
pay_000518,cust_02667,827.12,INR,CARD,SUCCESS,,1,0.962,2026-06-28 02:04:15.661676
pay_000719,cust_00934,1351.69,INR,CARD,FAILED,INSUFFICIENT_FUNDS,3,0.595,2026-06-28 02:10:15.661676
pay_003918,cust_01176,2803.59,INR,NETBANKING,SUCCESS,,1,0.688,2026-06-28 02:13:15.661676
pay_007947,cust_00618,4432.74,INR,CARD,SUCCESS,,1,0.928,2026-06-28 02:33:15.661676
pay_001535,cust_00782,1245.35,INR,UPI,SUCCESS,,1,0.53,2026-06-28 03:07:15.661676
pay_002212,cust_01706,2932.5,INR,CARD,SUCCESS,,1,0.611,2026-06-28 03:26:15.661676
pay_006990,cust_00086,1726.13,INR,WALLET,SUCCESS,,1,0.534,2026-06-28 03:35:15.661676
pay_006393,cust_00363,506.68,INR,WALLET,SUCCESS,,1,0.475,2026-06-28 03:42:15.661676
pay_009314,cust_01309,1687.54,INR,WALLET,SUCCESS,,1,0.565,2026-06-28 03:55:15.661676
pay_004550,cust_02237,1502.89,INR,WALLET,SUCCESS,,1,0.676,2026-06-28 04:04:15.661676
pay_002392,cust_00643,859.53,INR,NETBANKING,SUCCESS,,1,0.791,2026-06-28 04:19:15.661676
pay_001668,cust_01811,1207.35,INR,UPI,SUCCESS,,1,0.683,2026-06-28 04:20:15.661676
pay_001964,cust_00307,3029.56,INR,NETBANKING,SUCCESS,,1,0.984,2026-06-28 04:21:15.661676
pay_005132,cust_00154,3551.31,INR,WALLET,SUCCESS,,1,0.51,2026-06-28 04:45:15.661676
pay_007201,cust_00443,2021.76,INR,WALLET,FAILED,BANK_ERROR,3,0.829,2026-06-28 05:25:15.661676
pay_003946,cust_01562,3754.76,INR,WALLET,SUCCESS,,1,0.548,2026-06-28 05:41:15.661676
pay_005684,cust_02036,1878.56,INR,WALLET,SUCCESS,,1,0.499,2026-06-28 06:28:15.661676
pay_001487,cust_02067,581.32,INR,WALLET,FAILED,LIMIT_EXCEEDED,2,0.973,2026-06-28 06:36:15.661676
pay_002436,cust_01933,1345.31,INR,NETBANKING,SUCCESS,,1,0.513,2026-06-28 06:42:15.661676
pay_009486,cust_01505,5095.77,INR,UPI,SUCCESS,,1,0.925,2026-06-28 06:46:15.661676
pay_005986,cust_01370,1146.74,INR,WALLET,SUCCESS,,1,0.51,2026-06-28 07:02:15.661676
pay_001404,cust_01340,3213.65,INR,CARD,SUCCESS,,1,0.502,2026-06-28 07:08:15.661676
pay_001530,cust_02466,738.27,INR,WALLET,SUCCESS,,1,0.976,2026-06-28 07:14:15.661676
pay_006105,cust_01155,883.35,INR,NETBANKING,SUCCESS,,1,0.528,2026-06-28 07:31:15.661676
pay_002648,cust_00856,587.31,INR,CARD,SUCCESS,,1,0.985,2026-06-28 07:31:15.661676
pay_006907,cust_01668,712.49,INR,WALLET,FAILED,INSUFFICIENT_FUNDS,3,0.888,2026-06-28 07:33:15.661676
pay_004208,cust_01112,184.25,INR,NETBANKING,FAILED,NETWORK_ERROR,1,0.662,2026-06-28 07:42:15.661676
pay_001793,cust_00723,1590.64,INR,CARD,SUCCESS,,1,0.692,2026-06-28 07:54:15.661676
pay_009376,cust_01242,795.86,INR,WALLET,SUCCESS,,1,0.587,2026-06-28 08:01:15.661676
pay_003260,cust_01862,5704.83,INR,NETBANKING,SUCCESS,,1,0.693,2026-06-28 08:06:15.661676
pay_008629,cust_02571,3033.66,INR,UPI,FAILED,NETWORK_ERROR,1,0.659,2026-06-28 08:09:15.661676
pay_001599,cust_01249,1838.37,INR,NETBANKING,SUCCESS,,1,0.465,2026-06-28 08:14:15.661676
pay_005126,cust_00067,1046.38,INR,CARD,FAILED,LIMIT_EXCEEDED,1,0.537,2026-06-28 08:40:15.661676
pay_009859,cust_02618,2820.29,INR,NETBANKING,SUCCESS,,1,0.845,2026-06-28 09:07:15.661676
pay_009684,cust_01184,972.15,INR,UPI,SUCCESS,,1,0.928,2026-06-28 09:49:15.661676
pay_009306,cust_02975,3827.22,INR,UPI,SUCCESS,,1,0.588,2026-06-28 09:54:15.661676
pay_008375,cust_00574,1560.2,INR,CARD,SUCCESS,,1,0.866,2026-06-28 10:44:15.661676
pay_007088,cust_02953,399.85,INR,UPI,SUCCESS,,1,0.868,2026-06-28 11:08:15.661676
pay_002289,cust_00562,1121.02,INR,CARD,SUCCESS,,1,0.564,2026-06-28 11:54:15.661676
pay_006774,cust_01124,710.14,INR,UPI,SUCCESS,,1,0.784,2026-06-28 12:09:15.661676
pay_001065,cust_02842,1352.96,INR,UPI,SUCCESS,,1,0.462,2026-06-28 12:18:15.661676
pay_004599,cust_00690,2533.67,INR,NETBANKING,FAILED,USER_CANCELLED,3,0.848,2026-06-28 12:21:15.661676
pay_000078,cust_01886,1423.39,INR,NETBANKING,SUCCESS,,1,0.921,2026-06-28 12:27:15.661676
pay_005775,cust_02218,2313.25,INR,CARD,SUCCESS,,1,0.774,2026-06-28 12:43:15.661676
pay_007669,cust_01434,1802.16,INR,CARD,SUCCESS,,1,0.922,2026-06-28 12:46:15.661676
pay_006365,cust_01645,5498.36,INR,WALLET,FAILED,TIMEOUT,3,0.793,2026-06-28 13:23:15.661676
pay_006024,cust_00921,1450.85,INR,CARD,FAILED,LIMIT_EXCEEDED,4,0.767,2026-06-28 13:44:15.661676
pay_007125,cust_02458,5290.9,INR,WALLET,SUCCESS,,1,0.971,2026-06-28 14:02:15.661676
pay_007666,cust_01843,3021.52,INR,WALLET,SUCCESS,,1,0.953,2026-06-28 15:09:15.661676
pay_008537,cust_01162,3013.43,INR,WALLET,SUCCESS,,1,0.58,2026-06-28 15:11:15.661676
pay_000339,cust_01344,2515.8,INR,NETBANKING,SUCCESS,,1,0.838,2026-06-28 15:19:15.661676
pay_009902,cust_00353,2430.71,INR,WALLET,SUCCESS,,1,0.842,2026-06-28 15:29:15.661676
pay_002574,cust_01486,1736.86,INR,NETBANKING,FAILED,BANK_ERROR,3,0.707,2026-06-28 15:40:15.661676
pay_004435,cust_01758,1161.57,INR,CARD,SUCCESS,,1,0.816,2026-06-28 15:48:15.661676
pay_007269,cust_00873,2093.09,INR,CARD,SUCCESS,,1,0.506,2026-06-28 15:57:15.661676
pay_006858,cust_02899,1430.6,INR,UPI,SUCCESS,,1,0.842,2026-06-28 16:15:15.661676
pay_004183,cust_02439,918.66,INR,WALLET,SUCCESS,,1,0.719,2026-06-28 16:24:15.661676
pay_003436,cust_02736,3682.07,INR,NETBANKING,SUCCESS,,1,0.477,2026-06-28 16:37:15.661676
pay_004230,cust_01836,1820.46,INR,WALLET,SUCCESS,,1,0.574,2026-06-28 16:58:15.661676
pay_004276,cust_02350,1667.32,INR,WALLET,SUCCESS,,1,0.918,2026-06-28 17:14:15.661676
pay_001996,cust_01820,4256.15,INR,CARD,SUCCESS,,1,0.533,2026-06-28 17:15:15.661676
pay_002097,cust_02698,3091.42,INR,NETBANKING,SUCCESS,,1,0.879,2026-06-28 17:17:15.661676
pay_004829,cust_01005,3785.02,INR,NETBANKING,SUCCESS,,1,0.593,2026-06-28 17:42:15.661676
pay_004427,cust_01114,2392.98,INR,CARD,SUCCESS,,1,0.842,2026-06-28 17:43:15.661676
pay_007454,cust_02968,4094.09,INR,WALLET,SUCCESS,,1,0.542,2026-06-28 17:44:15.661676
pay_001137,cust_01043,4682.45,INR,UPI,SUCCESS,,1,0.747,2026-06-28 18:06:15.661676
pay_002465,cust_02967,3623.97,INR,CARD,SUCCESS,,1,0.797,2026-06-28 18:07:15.661676
pay_006872,cust_01262,3081.9,INR,UPI,SUCCESS,,1,0.855,2026-06-28 18:12:15.661676
pay_007660,cust_01835,923.69,INR,UPI,SUCCESS,,1,0.743,2026-06-28 18:23:15.661676
pay_007312,cust_01001,987.52,INR,CARD,SUCCESS,,1,0.806,2026-06-28 18:30:15.661676
pay_001345,cust_01413,3864.72,INR,NETBANKING,FAILED,USER_CANCELLED,1,0.566,2026-06-28 18:47:15.661676
pay_007967,cust_01241,4122.44,INR,UPI,FAILED,CARD_EXPIRED,4,0.645,2026-06-28 19:22:15.661676
pay_000471,cust_02658,1450.93,INR,NETBANKING,SUCCESS,,1,0.727,2026-06-28 19:31:15.661676
pay_002645,cust_00608,756.19,INR,CARD,SUCCESS,,1,0.464,2026-06-28 19:39:15.661676
pay_002382,cust_02607,840.74,INR,UPI,SUCCESS,,1,0.57,2026-06-28 19:43:15.661676
pay_008961,cust_00748,2613.2,INR,WALLET,SUCCESS,,1,0.501,2026-06-28 19:50:15.661676
pay_005454,cust_02176,745.09,INR,UPI,SUCCESS,,1,0.909,2026-06-28 19:51:15.661676
pay_008593,cust_01501,8507.38,INR,NETBANKING,SUCCESS,,1,0.912,2026-06-28 19:53:15.661676
pay_004020,cust_01566,1685.01,INR,NETBANKING,SUCCESS,,1,0.965,2026-06-28 20:16:15.661676
pay_000298,cust_00075,2311.93,INR,NETBANKING,SUCCESS,,1,0.566,2026-06-28 20:29:15.661676
pay_001084,cust_00829,9522.36,INR,CARD,SUCCESS,,1,0.935,2026-06-28 20:47:15.661676
pay_009132,cust_01462,9052.93,INR,WALLET,SUCCESS,,1,0.567,2026-06-28 21:09:15.661676
pay_002486,cust_00221,3596.33,INR,UPI,SUCCESS,,1,0.526,2026-06-28 21:23:15.661676
pay_000608,cust_01858,667.99,INR,UPI,SUCCESS,,1,0.805,2026-06-28 21:25:15.661676
pay_004136,cust_00240,1325.32,INR,WALLET,FAILED,FRAUD_SUSPECTED,1,0.473,2026-06-28 21:27:15.661676
pay_000295,cust_00529,2405.74,INR,UPI,SUCCESS,,1,0.797,2026-06-28 22:03:15.661676
pay_006120,cust_02406,1372.96,INR,UPI,SUCCESS,,1,0.471,2026-06-28 22:21:15.661676
pay_003723,cust_01085,487.64,INR,CARD,SUCCESS,,1,0.813,2026-06-28 22:27:15.661676
pay_009268,cust_00633,387.31,INR,WALLET,SUCCESS,,1,0.458,2026-06-28 22:28:15.661676
pay_007525,cust_01383,1705.33,INR,NETBANKING,SUCCESS,,1,0.508,2026-06-28 22:56:15.661676
pay_004064,cust_01019,2332.78,INR,CARD,SUCCESS,,1,0.549,2026-06-28 23:01:15.661676
pay_000606,cust_02662,8114.73,INR,UPI,SUCCESS,,1,0.844,2026-06-28 23:20:15.661676
pay_008348,cust_02350,2328.21,INR,CARD,SUCCESS,,1,0.705,2026-06-28 23:21:15.661676
pay_003126,cust_01358,3267.31,INR,CARD,FAILED,BANK_ERROR,1,0.529,2026-06-28 23:43:15.661676
pay_000282,cust_02079,3070.83,INR,UPI,SUCCESS,,1,0.47,2026-06-28 23:51:15.661676
pay_006683,cust_01372,3203.95,INR,CARD,SUCCESS,,1,0.704,2026-06-28 23:53:15.661676
pay_002466,cust_00783,3676.93,INR,CARD,SUCCESS,,1,0.831,2026-06-29 00:02:15.661676
pay_003709,cust_01960,2538.31,INR,WALLET,SUCCESS,,1,0.862,2026-06-29 00:19:15.661676
pay_001853,cust_02364,695.82,INR,UPI,SUCCESS,,1,0.739,2026-06-29 00:43:15.661676
pay_004442,cust_01645,2161.42,INR,UPI,SUCCESS,,1,0.964,2026-06-29 01:03:15.661676
pay_007027,cust_01791,2317.81,INR,WALLET,SUCCESS,,1,0.556,2026-06-29 01:03:15.661676
pay_008409,cust_02769,1094.8,INR,UPI,SUCCESS,,1,0.906,2026-06-29 01:08:15.661676
pay_007024,cust_02321,1855.87,INR,CARD,SUCCESS,,1,0.691,2026-06-29 01:22:15.661676
pay_001678,cust_02670,6106.16,INR,NETBANKING,SUCCESS,,1,0.742,2026-06-29 01:34:15.661676
pay_004398,cust_00790,836.01,INR,WALLET,SUCCESS,,1,0.952,2026-06-29 02:24:15.661676
pay_007979,cust_00850,1936.06,INR,WALLET,SUCCESS,,1,0.728,2026-06-29 02:27:15.661676
pay_005427,cust_02304,3909.35,INR,UPI,SUCCESS,,1,0.573,2026-06-29 02:34:15.661676
pay_001677,cust_00248,4787.32,INR,CARD,SUCCESS,,1,0.727,2026-06-29 02:36:15.661676
pay_006876,cust_02884,880.91,INR,UPI,SUCCESS,,1,0.98,2026-06-29 03:02:15.661676
pay_006827,cust_01444,546.52,INR,WALLET,SUCCESS,,1,0.561,2026-06-29 03:05:15.661676
pay_003233,cust_01654,767.64,INR,UPI,FAILED,INSUFFICIENT_FUNDS,3,0.595,2026-06-29 03:06:15.661676
pay_006118,cust_02304,925.58,INR,UPI,SUCCESS,,1,0.981,2026-06-29 03:27:15.661676
pay_008164,cust_02362,1776.46,INR,CARD,FAILED,BANK_ERROR,2,0.649,2026-06-29 03:58:15.661676
pay_008074,cust_00209,957.27,INR,WALLET,FAILED,BANK_ERROR,4,0.536,2026-06-29 04:06:15.661676
pay_008479,cust_00200,10630.3,INR,UPI,SUCCESS,,1,0.499,2026-06-29 04:10:15.661676
pay_009537,cust_01704,954.74,INR,WALLET,SUCCESS,,1,0.73,2026-06-29 04:13:15.661676
pay_004218,cust_02189,1229.78,INR,CARD,SUCCESS,,1,0.898,2026-06-29 04:31:15.661676
pay_000371,cust_02485,1843.84,INR,CARD,SUCCESS,,1,0.622,2026-06-29 04:36:15.661676
pay_003054,cust_01184,965.84,INR,CARD,FAILED,NETWORK_ERROR,2,0.756,2026-06-29 05:38:15.661676
pay_005518,cust_01026,2984.63,INR,WALLET,SUCCESS,,1,0.978,2026-06-29 05:56:15.661676
pay_001667,cust_00137,812.86,INR,WALLET,FAILED,LIMIT_EXCEEDED,2,0.483,2026-06-29 06:08:15.661676
pay_005011,cust_00007,6494.15,INR,CARD,SUCCESS,,1,0.944,2026-06-29 06:30:15.661676
pay_002898,cust_01230,7185.05,INR,WALLET,SUCCESS,,1,0.852,2026-06-29 06:33:15.661676
pay_007795,cust_02869,1918.1,INR,NETBANKING,SUCCESS,,1,0.663,2026-06-29 06:45:15.661676
pay_007818,cust_02330,882.63,INR,NETBANKING,SUCCESS,,1,0.673,2026-06-29 06:48:15.661676
pay_009348,cust_01728,3293.85,INR,WALLET,SUCCESS,,1,0.694,2026-06-29 06:51:15.661676
pay_005835,cust_02167,2095.29,INR,NETBANKING,SUCCESS,,1,0.665,2026-06-29 07:18:15.661676
pay_002333,cust_01176,536.84,INR,NETBANKING,SUCCESS,,1,0.671,2026-06-29 07:22:15.661676
pay_006092,cust_02638,1948.51,INR,WALLET,FAILED,INSUFFICIENT_FUNDS,4,0.532,2026-06-29 07:54:15.661676
pay_003321,cust_01184,2115.2,INR,UPI,SUCCESS,,1,0.472,2026-06-29 07:57:15.661676
pay_009365,cust_00127,4397.22,INR,CARD,SUCCESS,,1,0.963,2026-06-29 08:01:15.661676
pay_000519,cust_00823,1957.58,INR,WALLET,SUCCESS,,1,0.665,2026-06-29 08:06:15.661676
pay_002454,cust_01817,1019.83,INR,UPI,SUCCESS,,1,0.744,2026-06-29 08:13:15.661676
pay_004515,cust_01055,1568.17,INR,UPI,SUCCESS,,1,0.804,2026-06-29 08:18:15.661676
pay_008901,cust_00097,1647.05,INR,UPI,FAILED,NETWORK_ERROR,2,0.729,2026-06-29 08:39:15.661676
pay_009473,cust_01157,408.86,INR,WALLET,SUCCESS,,1,0.866,2026-06-29 08:46:15.661676
pay_006125,cust_01597,6150.37,INR,NETBANKING,SUCCESS,,1,0.961,2026-06-29 09:14:15.661676
pay_003700,cust_00059,1512.96,INR,NETBANKING,SUCCESS,,1,0.647,2026-06-29 09:20:15.661676
pay_002328,cust_00946,1326.53,INR,WALLET,SUCCESS,,1,0.512,2026-06-29 09:29:15.661676
pay_003809,cust_02691,3053.31,INR,UPI,SUCCESS,,1,0.494,2026-06-29 09:51:15.661676
pay_003837,cust_01520,4866.46,INR,CARD,SUCCESS,,1,0.953,2026-06-29 10:10:15.661676
pay_002936,cust_01511,5873.09,INR,CARD,SUCCESS,,1,0.653,2026-06-29 10:28:15.661676
pay_004580,cust_02184,3516.75,INR,NETBANKING,FAILED,NETWORK_ERROR,2,0.54,2026-06-29 10:46:15.661676
pay_005674,cust_01171,17317.36,INR,UPI,SUCCESS,,1,0.71,2026-06-29 11:05:15.661676
pay_004269,cust_00193,737.31,INR,NETBANKING,SUCCESS,,1,0.915,2026-06-29 11:15:15.661676
pay_003300,cust_01824,4491.09,INR,NETBANKING,SUCCESS,,1,0.566,2026-06-29 11:29:15.661676
pay_009116,cust_01701,3747.17,INR,CARD,SUCCESS,,1,0.821,2026-06-29 12:01:15.661676
pay_000059,cust_01229,2356.68,INR,WALLET,FAILED,TIMEOUT,1,0.697,2026-06-29 12:27:15.661676
pay_006301,cust_02811,1514.32,INR,CARD,SUCCESS,,1,0.797,2026-06-29 12:44:15.661676
pay_007934,cust_02845,5367.59,INR,NETBANKING,SUCCESS,,1,0.642,2026-06-29 12:51:15.661676
pay_007730,cust_01117,2065.64,INR,UPI,SUCCESS,,1,0.602,2026-06-29 13:04:15.661676
pay_002732,cust_02205,6960.53,INR,CARD,SUCCESS,,1,0.505,2026-06-29 13:14:15.661676
pay_003628,cust_02899,3331.65,INR,UPI,SUCCESS,,1,0.473,2026-06-29 13:32:15.661676
pay_006189,cust_01735,1775.01,INR,CARD,FAILED,CARD_EXPIRED,1,0.673,2026-06-29 13:58:15.661676
pay_000404,cust_02828,1877.29,INR,WALLET,SUCCESS,,1,0.753,2026-06-29 14:21:15.661676
pay_008993,cust_02503,1597.64,INR,WALLET,SUCCESS,,1,0.491,2026-06-29 14:49:15.661676
pay_009866,cust_02968,1765.5,INR,UPI,SUCCESS,,1,0.977,2026-06-29 15:01:15.661676
pay_002463,cust_00354,2659.25,INR,CARD,SUCCESS,,1,0.972,2026-06-29 15:21:15.661676
pay_009497,cust_01405,4886.65,INR,CARD,SUCCESS,,1,0.95,2026-06-29 15:22:15.661676
pay_008345,cust_02191,367.99,INR,UPI,SUCCESS,,1,0.581,2026-06-29 15:30:15.661676
pay_004582,cust_01453,822.52,INR,UPI,SUCCESS,,1,0.563,2026-06-29 16:00:15.661676
pay_000636,cust_02871,481.12,INR,NETBANKING,SUCCESS,,1,0.576,2026-06-29 16:34:15.661676
pay_006020,cust_02891,3909.4,INR,NETBANKING,SUCCESS,,1,0.957,2026-06-29 16:39:15.661676
pay_004385,cust_02144,1112.12,INR,UPI,SUCCESS,,1,0.776,2026-06-29 17:11:15.661676
pay_002494,cust_01588,5738.23,INR,CARD,SUCCESS,,1,0.522,2026-06-29 17:13:15.661676
pay_008098,cust_02354,4582.77,INR,UPI,SUCCESS,,1,0.988,2026-06-29 17:41:15.661676
pay_002868,cust_00097,889.5,INR,WALLET,FAILED,BANK_ERROR,2,0.828,2026-06-29 17:41:15.661676
pay_001437,cust_01784,1481.85,INR,WALLET,SUCCESS,,1,0.942,2026-06-29 17:52:15.661676
pay_005163,cust_01288,1679.81,INR,CARD,FAILED,TIMEOUT,2,0.539,2026-06-29 17:56:15.661676
pay_007233,cust_00332,2199.73,INR,CARD,SUCCESS,,1,0.832,2026-06-29 18:05:15.661676
pay_009308,cust_00040,2436.39,INR,WALLET,SUCCESS,,1,0.515,2026-06-29 18:14:15.661676
pay_004117,cust_02040,1488.97,INR,WALLET,SUCCESS,,1,0.536,2026-06-29 18:25:15.661676
pay_000537,cust_02854,908.39,INR,WALLET,SUCCESS,,1,0.474,2026-06-29 18:26:15.661676
pay_004773,cust_00052,3030.46,INR,NETBANKING,FAILED,BANK_ERROR,3,0.982,2026-06-29 18:29:15.661676
pay_004832,cust_01916,699.9,INR,UPI,SUCCESS,,1,0.516,2026-06-29 19:19:15.661676
pay_001050,cust_01249,5453.83,INR,UPI,SUCCESS,,1,0.531,2026-06-29 19:19:15.661676
pay_006258,cust_00652,616.36,INR,NETBANKING,SUCCESS,,1,0.685,2026-06-29 19:22:15.661676
pay_008962,cust_02704,1617.06,INR,UPI,SUCCESS,,1,0.865,2026-06-29 19:22:15.661676
pay_002544,cust_02455,1412.64,INR,NETBANKING,SUCCESS,,1,0.79,2026-06-29 19:30:15.661676
pay_007994,cust_02014,3738.42,INR,NETBANKING,FAILED,USER_CANCELLED,2,0.908,2026-06-29 19:36:15.661676
pay_005057,cust_00154,3189.06,INR,UPI,SUCCESS,,1,0.978,2026-06-29 19:45:15.661676
pay_007927,cust_00640,875.7,INR,WALLET,SUCCESS,,1,0.596,2026-06-29 19:55:15.661676
pay_001854,cust_01590,3771.86,INR,WALLET,SUCCESS,,1,0.881,2026-06-29 20:02:15.661676
pay_004357,cust_02356,2168.15,INR,UPI,FAILED,INSUFFICIENT_FUNDS,1,0.542,2026-06-29 20:05:15.661676
pay_005287,cust_01271,682.99,INR,WALLET,SUCCESS,,1,0.477,2026-06-29 20:12:15.661676
pay_007485,cust_01406,1379.87,INR,WALLET,SUCCESS,,1,0.826,2026-06-29 20:20:15.661676
pay_008128,cust_01543,847.94,INR,UPI,SUCCESS,,1,0.828,2026-06-29 20:28:15.661676
pay_001621,cust_01598,1979.53,INR,UPI,SUCCESS,,1,0.932,2026-06-29 20:54:15.661676
pay_002067,cust_00597,256.97,INR,CARD,SUCCESS,,1,0.983,2026-06-29 21:13:15.661676
pay_003545,cust_02366,5438.17,INR,CARD,SUCCESS,,1,0.616,2026-06-29 21:15:15.661676
pay_008102,cust_01601,1050.28,INR,UPI,SUCCESS,,1,0.83,2026-06-29 21:24:15.661676
pay_004615,cust_02700,1890.68,INR,UPI,SUCCESS,,1,0.666,2026-06-29 21:37:15.661676
pay_002345,cust_01858,322.89,INR,WALLET,SUCCESS,,1,0.725,2026-06-29 21:46:15.661676
pay_006201,cust_02899,1162.34,INR,UPI,SUCCESS,,1,0.709,2026-06-29 21:51:15.661676
pay_001020,cust_02541,2538.51,INR,CARD,SUCCESS,,1,0.805,2026-06-29 22:20:15.661676
pay_002983,cust_02257,3248.65,INR,CARD,SUCCESS,,1,0.637,2026-06-29 22:22:15.661676
pay_001060,cust_01427,1344.14,INR,CARD,SUCCESS,,1,0.804,2026-06-29 22:25:15.661676
pay_008594,cust_00063,2015.63,INR,UPI,FAILED,TIMEOUT,3,0.801,2026-06-29 22:43:15.661676
pay_009786,cust_00131,2128.46,INR,NETBANKING,SUCCESS,,1,0.854,2026-06-29 22:44:15.661676
pay_009511,cust_02085,266.97,INR,UPI,SUCCESS,,1,0.844,2026-06-29 22:48:15.661676
pay_007143,cust_00888,1858.3,INR,UPI,SUCCESS,,1,0.736,2026-06-29 22:51:15.661676
pay_006819,cust_02029,1804.62,INR,NETBANKING,SUCCESS,,1,0.897,2026-06-29 22:53:15.661676
pay_004090,cust_01951,1326.25,INR,WALLET,SUCCESS,,1,0.674,2026-06-29 23:15:15.661676
pay_008601,cust_01208,1329.63,INR,UPI,FAILED,USER_CANCELLED,2,0.567,2026-06-29 23:16:15.661676
pay_002252,cust_00121,6056.72,INR,CARD,SUCCESS,,1,0.693,2026-06-29 23:20:15.661676
pay_006083,cust_01189,4803.19,INR,NETBANKING,SUCCESS,,1,0.481,2026-06-29 23:32:15.661676
pay_004739,cust_02116,606.67,INR,WALLET,SUCCESS,,1,0.793,2026-06-29 23:52:15.661676
pay_001266,cust_02236,583.49,INR,CARD,SUCCESS,,1,0.878,2026-06-30 00:17:15.661676
pay_007740,cust_01430,2957.59,INR,CARD,SUCCESS,,1,0.58,2026-06-30 00:25:15.661676
pay_004152,cust_00395,4456.97,INR,UPI,SUCCESS,,1,0.626,2026-06-30 00:40:15.661676
pay_008621,cust_01078,961.01,INR,NETBANKING,SUCCESS,,1,0.964,2026-06-30 00:49:15.661676
pay_004472,cust_00582,5049.55,INR,UPI,SUCCESS,,1,0.512,2026-06-30 00:52:15.661676
pay_006137,cust_00388,4323.95,INR,CARD,SUCCESS,,1,0.47,2026-06-30 01:26:15.661676
pay_005200,cust_00911,3791.58,INR,UPI,SUCCESS,,1,0.948,2026-06-30 01:31:15.661676
pay_004843,cust_02297,3129.01,INR,CARD,SUCCESS,,1,0.538,2026-06-30 01:32:15.661676
pay_003216,cust_01876,7520.89,INR,WALLET,SUCCESS,,1,0.558,2026-06-30 01:39:15.661676
pay_007641,cust_00113,345.61,INR,WALLET,SUCCESS,,1,0.451,2026-06-30 01:57:15.661676
pay_004898,cust_02142,738.01,INR,WALLET,SUCCESS,,1,0.86,2026-06-30 02:13:15.661676
pay_008229,cust_02180,1484.37,INR,WALLET,SUCCESS,,1,0.809,2026-06-30 02:39:15.661676
pay_002555,cust_01935,902.68,INR,CARD,SUCCESS,,1,0.485,2026-06-30 02:46:15.661676
pay_004971,cust_00894,6142.57,INR,UPI,SUCCESS,,1,0.791,2026-06-30 03:09:15.661676
pay_002949,cust_00564,1556.95,INR,NETBANKING,SUCCESS,,1,0.793,2026-06-30 03:15:15.661676
pay_002010,cust_00593,3827.84,INR,UPI,FAILED,BANK_ERROR,4,0.64,2026-06-30 03:29:15.661676
pay_008448,cust_00136,10590.2,INR,UPI,SUCCESS,,1,0.906,2026-06-30 03:32:15.661676
pay_003945,cust_01635,1300.14,INR,CARD,SUCCESS,,1,0.65,2026-06-30 03:34:15.661676
pay_005190,cust_02044,7222.35,INR,CARD,SUCCESS,,1,0.888,2026-06-30 03:36:15.661676
pay_005941,cust_02203,628.48,INR,WALLET,SUCCESS,,1,0.773,2026-06-30 03:37:15.661676
pay_001507,cust_00200,3156.16,INR,NETBANKING,SUCCESS,,1,0.852,2026-06-30 03:44:15.661676
pay_003872,cust_02305,2051.26,INR,WALLET,SUCCESS,,1,0.915,2026-06-30 03:58:15.661676
pay_007931,cust_00717,2941.32,INR,WALLET,SUCCESS,,1,0.925,2026-06-30 04:44:15.661676
pay_002607,cust_00862,1114.55,INR,CARD,SUCCESS,,1,0.864,2026-06-30 05:02:15.661676
pay_002742,cust_01204,2619.22,INR,UPI,FAILED,INSUFFICIENT_FUNDS,1,0.583,2026-06-30 05:11:15.661676
pay_001265,cust_02779,2070.38,INR,WALLET,SUCCESS,,1,0.819,2026-06-30 06:04:15.661676
pay_004979,cust_01819,2469.28,INR,UPI,SUCCESS,,1,0.663,2026-06-30 06:12:15.661676
pay_006253,cust_00546,14917.73,INR,UPI,SUCCESS,,1,0.746,2026-06-30 06:22:15.661676
pay_000198,cust_00119,2044.65,INR,UPI,SUCCESS,,1,0.608,2026-06-30 06:22:15.661676
pay_001007,cust_00967,3700.25,INR,WALLET,SUCCESS,,1,0.879,2026-06-30 06:40:15.661676
pay_005040,cust_02386,2456.6,INR,UPI,SUCCESS,,1,0.485,2026-06-30 06:48:15.661676
pay_005908,cust_00920,177.75,INR,NETBANKING,FAILED,LIMIT_EXCEEDED,4,0.815,2026-06-30 06:51:15.661676
pay_001940,cust_02793,1955.47,INR,CARD,SUCCESS,,1,0.871,2026-06-30 07:29:15.661676
pay_001506,cust_00180,1258.18,INR,WALLET,FAILED,TIMEOUT,2,0.564,2026-06-30 07:33:15.661676
pay_007171,cust_00413,1227.92,INR,UPI,SUCCESS,,1,0.47,2026-06-30 07:37:15.661676
pay_003253,cust_00505,3013.71,INR,NETBANKING,FAILED,NETWORK_ERROR,3,0.689,2026-06-30 07:59:15.661676
pay_008389,cust_01561,1128.45,INR,NETBANKING,SUCCESS,,1,0.671,2026-06-30 08:51:15.661676
pay_002616,cust_01752,3086.13,INR,WALLET,SUCCESS,,1,0.849,2026-06-30 09:14:15.661676
pay_000521,cust_02359,475.55,INR,CARD,SUCCESS,,1,0.891,2026-06-30 09:40:15.661676
pay_001730,cust_02829,7867.9,INR,NETBANKING,SUCCESS,,1,0.756,2026-06-30 10:05:15.661676
pay_006035,cust_01019,577.4,INR,CARD,SUCCESS,,1,0.465,2026-06-30 11:21:15.661676
pay_003699,cust_01682,3814.26,INR,UPI,SUCCESS,,1,0.592,2026-06-30 11:50:15.661676
pay_005254,cust_02325,552.04,INR,WALLET,SUCCESS,,1,0.952,2026-06-30 12:05:15.661676
pay_007493,cust_02677,1116.44,INR,CARD,FAILED,NETWORK_ERROR,1,0.824,2026-06-30 12:09:15.661676
pay_003269,cust_00611,2175.81,INR,UPI,SUCCESS,,1,0.866,2026-06-30 12:55:15.661676
pay_009903,cust_00252,739.62,INR,CARD,SUCCESS,,1,0.726,2026-06-30 12:59:15.661676
pay_002122,cust_00889,3386.94,INR,UPI,SUCCESS,,1,0.495,2026-06-30 13:17:15.661676
pay_008545,cust_00693,1898.14,INR,UPI,SUCCESS,,1,0.805,2026-06-30 13:18:15.661676
pay_005195,cust_02460,412.71,INR,UPI,SUCCESS,,1,0.62,2026-06-30 13:28:15.661676
pay_007647,cust_00952,404.07,INR,NETBANKING,SUCCESS,,1,0.454,2026-06-30 13:34:15.661676
pay_004629,cust_00285,4345.33,INR,WALLET,SUCCESS,,1,0.504,2026-06-30 13:50:15.661676
pay_007038,cust_01088,857.57,INR,NETBANKING,SUCCESS,,1,0.821,2026-06-30 13:59:15.661676
pay_003454,cust_02578,1154.61,INR,NETBANKING,SUCCESS,,1,0.497,2026-06-30 14:03:15.661676
pay_007864,cust_00017,1081.15,INR,UPI,SUCCESS,,1,0.767,2026-06-30 14:18:15.661676
pay_006126,cust_00625,970.22,INR,WALLET,SUCCESS,,1,0.705,2026-06-30 14:33:15.661676
pay_008576,cust_00121,2501.53,INR,WALLET,SUCCESS,,1,0.961,2026-06-30 14:40:15.661676
pay_007490,cust_00365,3452.51,INR,CARD,SUCCESS,,1,0.665,2026-06-30 14:41:15.661676
pay_004853,cust_01316,2765.07,INR,UPI,SUCCESS,,1,0.823,2026-06-30 14:51:15.661676
pay_008768,cust_00179,2100.58,INR,UPI,SUCCESS,,1,0.573,2026-06-30 15:10:15.661676
pay_002446,cust_02402,2232.3,INR,NETBANKING,SUCCESS,,1,0.649,2026-06-30 15:16:15.661676
pay_004256,cust_01520,4139.6,INR,WALLET,SUCCESS,,1,0.758,2026-06-30 15:35:15.661676
pay_009050,cust_01422,3705.0,INR,UPI,SUCCESS,,1,0.861,2026-06-30 15:37:15.661676
pay_000781,cust_00567,2084.24,INR,CARD,SUCCESS,,1,0.686,2026-06-30 15:44:15.661676
pay_006172,cust_00517,2010.22,INR,UPI,SUCCESS,,1,0.949,2026-06-30 17:03:15.661676
pay_009128,cust_02335,942.45,INR,WALLET,FAILED,NETWORK_ERROR,3,0.545,2026-06-30 17:27:15.661676
pay_004488,cust_01840,1138.72,INR,WALLET,SUCCESS,,1,0.522,2026-06-30 17:36:15.661676
pay_009963,cust_01089,3136.29,INR,CARD,SUCCESS,,1,0.66,2026-06-30 18:07:15.661676
pay_000169,cust_00429,1485.77,INR,CARD,SUCCESS,,1,0.718,2026-06-30 18:14:15.661676
pay_005524,cust_00237,1105.85,INR,WALLET,SUCCESS,,1,0.601,2026-06-30 18:17:15.661676
pay_002569,cust_01084,3593.07,INR,UPI,SUCCESS,,1,0.49,2026-06-30 18:43:15.661676
pay_009597,cust_02527,830.26,INR,CARD,SUCCESS,,1,0.892,2026-06-30 19:02:15.661676
pay_005691,cust_02270,1909.69,INR,WALLET,SUCCESS,,1,0.73,2026-06-30 19:18:15.661676
pay_006794,cust_01475,1112.31,INR,CARD,SUCCESS,,1,0.497,2026-06-30 19:39:15.661676
pay_002761,cust_02856,2991.78,INR,NETBANKING,SUCCESS,,1,0.881,2026-06-30 19:49:15.661676
pay_004801,cust_01644,2712.47,INR,UPI,FAILED,BANK_ERROR,2,0.472,2026-06-30 20:04:15.661676
pay_002571,cust_01210,1864.21,INR,WALLET,SUCCESS,,1,0.828,2026-06-30 20:06:15.661676
pay_009204,cust_01567,1442.01,INR,CARD,FAILED,CARD_EXPIRED,3,0.481,2026-06-30 20:36:15.661676
pay_000795,cust_01314,761.4,INR,CARD,FAILED,BANK_ERROR,2,0.747,2026-06-30 20:37:15.661676
pay_008989,cust_00392,6121.81,INR,UPI,FAILED,USER_CANCELLED,4,0.983,2026-06-30 20:38:15.661676
pay_003737,cust_01093,1253.53,INR,CARD,SUCCESS,,1,0.926,2026-06-30 20:53:15.661676
pay_002424,cust_02203,1746.24,INR,WALLET,SUCCESS,,1,0.787,2026-06-30 20:55:15.661676
pay_001121,cust_02472,4378.32,INR,NETBANKING,FAILED,BANK_ERROR,4,0.987,2026-06-30 21:05:15.661676
pay_001959,cust_02261,4208.43,INR,CARD,SUCCESS,,1,0.887,2026-06-30 21:18:15.661676
pay_006077,cust_01418,650.22,INR,WALLET,SUCCESS,,1,0.566,2026-06-30 21:27:15.661676
pay_002389,cust_00662,3685.49,INR,NETBANKING,SUCCESS,,1,0.749,2026-06-30 21:56:15.661676
pay_006678,cust_00123,882.0,INR,CARD,SUCCESS,,1,0.685,2026-06-30 22:12:15.661676
pay_009917,cust_01795,5181.27,INR,UPI,SUCCESS,,1,0.59,2026-06-30 22:21:15.661676
pay_000802,cust_00914,1196.51,INR,WALLET,SUCCESS,,1,0.785,2026-06-30 22:58:15.661676
pay_008372,cust_01261,869.05,INR,CARD,SUCCESS,,1,0.638,2026-06-30 23:06:15.661676
pay_008894,cust_00056,764.55,INR,UPI,SUCCESS,,1,0.609,2026-06-30 23:08:15.661676
pay_001777,cust_02842,1108.3,INR,CARD,SUCCESS,,1,0.861,2026-06-30 23:08:15.661676
pay_008312,cust_02127,15656.84,INR,WALLET,SUCCESS,,1,0.77,2026-06-30 23:16:15.661676
pay_004925,cust_02460,2586.12,INR,CARD,SUCCESS,,1,0.78,2026-06-30 23:18:15.661676
pay_003675,cust_00387,1716.85,INR,WALLET,SUCCESS,,1,0.828,2026-07-01 00:00:15.661676
pay_002455,cust_00796,3120.17,INR,UPI,SUCCESS,,1,0.908,2026-07-01 00:29:15.661676
pay_004414,cust_02548,245.07,INR,UPI,SUCCESS,,1,0.648,2026-07-01 00:59:15.661676
pay_004219,cust_00562,2343.89,INR,NETBANKING,SUCCESS,,1,0.568,2026-07-01 01:15:15.661676
pay_006044,cust_01927,1359.85,INR,UPI,SUCCESS,,1,0.913,2026-07-01 01:36:15.661676
pay_001800,cust_01970,1839.13,INR,UPI,SUCCESS,,1,0.703,2026-07-01 01:43:15.661676
pay_001156,cust_02435,4055.6,INR,UPI,SUCCESS,,1,0.475,2026-07-01 01:50:15.661676
pay_009608,cust_00223,2559.1,INR,CARD,SUCCESS,,1,0.811,2026-07-01 01:52:15.661676
pay_003658,cust_02831,340.64,INR,CARD,SUCCESS,,1,0.641,2026-07-01 01:53:15.661676
pay_005911,cust_01722,2709.69,INR,WALLET,FAILED,TIMEOUT,3,0.987,2026-07-01 01:56:15.661676
pay_000293,cust_02469,1128.35,INR,CARD,SUCCESS,,1,0.808,2026-07-01 02:00:15.661676
pay_002221,cust_02662,1357.4,INR,UPI,SUCCESS,,1,0.894,2026-07-01 02:16:15.661676
pay_009333,cust_01823,1141.86,INR,NETBANKING,SUCCESS,,1,0.883,2026-07-01 02:37:15.661676
pay_003151,cust_01939,3546.04,INR,UPI,FAILED,BANK_ERROR,2,0.713,2026-07-01 02:55:15.661676
pay_001539,cust_01605,709.15,INR,UPI,SUCCESS,,1,0.79,2026-07-01 03:04:15.661676
pay_003793,cust_02471,2221.1,INR,WALLET,SUCCESS,,1,0.49,2026-07-01 03:59:15.661676
pay_002956,cust_02489,7316.52,INR,NETBANKING,SUCCESS,,1,0.935,2026-07-01 04:27:15.661676
pay_003361,cust_00121,718.62,INR,UPI,SUCCESS,,1,0.51,2026-07-01 04:41:15.661676
pay_005727,cust_00362,309.01,INR,NETBANKING,SUCCESS,,1,0.837,2026-07-01 04:52:15.661676
pay_005760,cust_02355,3578.01,INR,WALLET,SUCCESS,,1,0.575,2026-07-01 04:58:15.661676
pay_000517,cust_01350,2699.26,INR,WALLET,SUCCESS,,1,0.895,2026-07-01 05:00:15.661676
pay_001225,cust_02671,1558.95,INR,NETBANKING,SUCCESS,,1,0.883,2026-07-01 05:30:15.661676
pay_002318,cust_02487,1103.45,INR,NETBANKING,FAILED,USER_CANCELLED,3,0.704,2026-07-01 05:33:15.661676
pay_004862,cust_01551,933.66,INR,UPI,SUCCESS,,1,0.542,2026-07-01 05:42:15.661676
pay_005424,cust_01728,1680.99,INR,CARD,SUCCESS,,1,0.64,2026-07-01 05:45:15.661676
pay_002099,cust_01534,521.65,INR,NETBANKING,SUCCESS,,1,0.759,2026-07-01 05:46:15.661676
pay_008616,cust_00551,826.82,INR,UPI,SUCCESS,,1,0.568,2026-07-01 06:12:15.661676
pay_005232,cust_01752,2710.6,INR,CARD,SUCCESS,,1,0.532,2026-07-01 06:14:15.661676
pay_009795,cust_01253,1127.03,INR,UPI,SUCCESS,,1,0.916,2026-07-01 06:31:15.661676
pay_001267,cust_00187,1654.11,INR,CARD,SUCCESS,,1,0.598,2026-07-01 06:41:15.661676
pay_005063,cust_02449,1382.72,INR,NETBANKING,SUCCESS,,1,0.672,2026-07-01 06:45:15.661676
pay_005450,cust_00243,586.66,INR,NETBANKING,SUCCESS,,1,0.628,2026-07-01 06:52:15.661676
pay_002873,cust_01108,340.49,INR,WALLET,SUCCESS,,1,0.727,2026-07-01 06:58:15.661676
pay_008369,cust_00170,6641.84,INR,NETBANKING,SUCCESS,,1,0.468,2026-07-01 07:08:15.661676
pay_001291,cust_01105,2467.26,INR,CARD,SUCCESS,,1,0.824,2026-07-01 07:31:15.661676
pay_005357,cust_02637,489.99,INR,CARD,SUCCESS,,1,0.6,2026-07-01 07:36:15.661676
pay_008353,cust_01617,2547.86,INR,WALLET,SUCCESS,,1,0.475,2026-07-01 07:42:15.661676
pay_008270,cust_01785,3408.98,INR,NETBANKING,SUCCESS,,1,0.535,2026-07-01 07:45:15.661676
pay_000112,cust_00119,1770.1,INR,WALLET,SUCCESS,,1,0.881,2026-07-01 08:03:15.661676
pay_007272,cust_00500,2184.0,INR,CARD,SUCCESS,,1,0.968,2026-07-01 08:16:15.661676
pay_007376,cust_01140,8759.34,INR,WALLET,SUCCESS,,1,0.504,2026-07-01 08:32:15.661676
pay_007781,cust_01276,1327.58,INR,NETBANKING,SUCCESS,,1,0.465,2026-07-01 08:33:15.661676
pay_000134,cust_01904,2640.9,INR,WALLET,SUCCESS,,1,0.91,2026-07-01 08:38:15.661676
pay_006816,cust_01023,2085.62,INR,NETBANKING,SUCCESS,,1,0.749,2026-07-01 08:39:15.661676
pay_006863,cust_02824,8490.37,INR,WALLET,SUCCESS,,1,0.546,2026-07-01 08:45:15.661676
pay_006967,cust_02163,1138.23,INR,UPI,FAILED,CARD_EXPIRED,2,0.479,2026-07-01 08:57:15.661676
pay_001828,cust_02476,5590.06,INR,WALLET,SUCCESS,,1,0.931,2026-07-01 08:58:15.661676
pay_007508,cust_00385,972.15,INR,WALLET,SUCCESS,,1,0.567,2026-07-01 09:02:15.661676
pay_004051,cust_01691,1001.8,INR,NETBANKING,SUCCESS,,1,0.766,2026-07-01 09:15:15.661676
pay_006100,cust_02077,1017.95,INR,UPI,SUCCESS,,1,0.667,2026-07-01 09:32:15.661676
pay_004743,cust_00749,1810.39,INR,CARD,SUCCESS,,1,0.467,2026-07-01 09:35:15.661676
pay_003185,cust_02519,968.59,INR,NETBANKING,SUCCESS,,1,0.711,2026-07-01 10:20:15.661676
pay_002906,cust_00614,3295.99,INR,NETBANKING,SUCCESS,,1,0.719,2026-07-01 10:38:15.661676
pay_007041,cust_00222,3337.95,INR,NETBANKING,SUCCESS,,1,0.847,2026-07-01 10:39:15.661676
pay_009211,cust_02755,566.24,INR,WALLET,SUCCESS,,1,0.514,2026-07-01 10:42:15.661676
pay_002144,cust_00152,2197.69,INR,UPI,SUCCESS,,1,0.488,2026-07-01 10:48:15.661676
pay_003823,cust_02147,1744.26,INR,CARD,FAILED,BANK_ERROR,1,0.669,2026-07-01 10:49:15.661676
pay_001864,cust_02245,446.38,INR,WALLET,SUCCESS,,1,0.706,2026-07-01 10:51:15.661676
pay_004657,cust_01755,1404.96,INR,UPI,FAILED,NETWORK_ERROR,2,0.69,2026-07-01 10:57:15.661676
pay_002302,cust_01024,813.67,INR,NETBANKING,SUCCESS,,1,0.471,2026-07-01 11:07:15.661676
pay_001419,cust_01249,6141.2,INR,UPI,SUCCESS,,1,0.741,2026-07-01 11:15:15.661676
pay_006465,cust_01357,688.0,INR,NETBANKING,SUCCESS,,1,0.672,2026-07-01 11:35:15.661676
pay_000717,cust_01526,1981.05,INR,UPI,SUCCESS,,1,0.614,2026-07-01 11:50:15.661676
pay_009157,cust_02613,2322.17,INR,CARD,SUCCESS,,1,0.817,2026-07-01 12:04:15.661676
pay_007441,cust_01008,7419.98,INR,WALLET,SUCCESS,,1,0.518,2026-07-01 12:57:15.661676
pay_001696,cust_02683,8528.28,INR,UPI,FAILED,NETWORK_ERROR,2,0.65,2026-07-01 12:58:15.661676
pay_008927,cust_01256,613.37,INR,WALLET,SUCCESS,,1,0.683,2026-07-01 13:04:15.661676
pay_006442,cust_02575,1631.72,INR,CARD,SUCCESS,,1,0.957,2026-07-01 13:25:15.661676
pay_004336,cust_00128,1078.73,INR,UPI,SUCCESS,,1,0.777,2026-07-01 14:14:15.661676
pay_007066,cust_01867,852.93,INR,NETBANKING,SUCCESS,,1,0.559,2026-07-01 14:39:15.661676
pay_009600,cust_00006,1395.01,INR,UPI,SUCCESS,,1,0.754,2026-07-01 15:19:15.661676
pay_006793,cust_01483,3685.08,INR,UPI,SUCCESS,,1,0.454,2026-07-01 15:22:15.661676
pay_001672,cust_02541,1348.22,INR,UPI,SUCCESS,,1,0.815,2026-07-01 15:40:15.661676
pay_009405,cust_01368,2977.44,INR,CARD,FAILED,LIMIT_EXCEEDED,2,0.635,2026-07-01 15:44:15.661676
pay_002773,cust_02593,1569.61,INR,UPI,SUCCESS,,1,0.501,2026-07-01 15:53:15.661676
pay_007071,cust_01696,4744.09,INR,NETBANKING,SUCCESS,,1,0.676,2026-07-01 15:58:15.661676
pay_006570,cust_01364,5069.97,INR,NETBANKING,SUCCESS,,1,0.596,2026-07-01 16:02:15.661676
pay_008915,cust_01324,1599.93,INR,NETBANKING,FAILED,TIMEOUT,2,0.471,2026-07-01 16:06:15.661676
pay_008139,cust_02918,495.84,INR,UPI,FAILED,CARD_EXPIRED,1,0.825,2026-07-01 16:19:15.661676
pay_003344,cust_02768,4836.76,INR,NETBANKING,SUCCESS,,1,0.551,2026-07-01 16:21:15.661676
pay_003225,cust_00627,2268.79,INR,NETBANKING,SUCCESS,,1,0.98,2026-07-01 16:22:15.661676
pay_005225,cust_02915,18930.44,INR,WALLET,SUCCESS,,1,0.545,2026-07-01 16:28:15.661676
pay_005598,cust_01102,1449.05,INR,CARD,SUCCESS,,1,0.462,2026-07-01 16:33:15.661676
pay_006854,cust_01084,454.58,INR,CARD,SUCCESS,,1,0.843,2026-07-01 16:37:15.661676
pay_005791,cust_02037,492.53,INR,WALLET,FAILED,INSUFFICIENT_FUNDS,1,0.944,2026-07-01 16:54:15.661676
pay_003481,cust_00797,1419.78,INR,UPI,SUCCESS,,1,0.591,2026-07-01 16:54:15.661676
pay_001851,cust_00457,1078.17,INR,UPI,SUCCESS,,1,0.956,2026-07-01 17:01:15.661676
pay_009731,cust_02618,650.7,INR,NETBANKING,SUCCESS,,1,0.645,2026-07-01 17:06:15.661676
pay_003688,cust_00370,2234.61,INR,NETBANKING,SUCCESS,,1,0.979,2026-07-01 17:07:15.661676
pay_004593,cust_00235,2797.91,INR,CARD,SUCCESS,,1,0.743,2026-07-01 17:08:15.661676
pay_009730,cust_02497,2465.49,INR,UPI,SUCCESS,,1,0.467,2026-07-01 17:15:15.661676
pay_008171,cust_00713,1170.59,INR,WALLET,SUCCESS,,1,0.587,2026-07-01 17:30:15.661676
pay_001725,cust_01920,855.47,INR,WALLET,SUCCESS,,1,0.619,2026-07-01 17:56:15.661676
pay_009279,cust_02782,1248.64,INR,UPI,SUCCESS,,1,0.93,2026-07-01 17:57:15.661676
pay_007409,cust_01985,403.43,INR,NETBANKING,SUCCESS,,1,0.633,2026-07-01 17:58:15.661676
pay_000148,cust_01961,628.69,INR,WALLET,SUCCESS,,1,0.478,2026-07-01 18:03:15.661676
pay_006292,cust_01062,5845.49,INR,CARD,SUCCESS,,1,0.947,2026-07-01 18:26:15.661676
pay_004885,cust_02610,2998.79,INR,CARD,SUCCESS,,1,0.699,2026-07-01 18:42:15.661676
pay_009529,cust_01916,2080.75,INR,WALLET,SUCCESS,,1,0.909,2026-07-01 18:51:15.661676
pay_002601,cust_02180,402.93,INR,CARD,SUCCESS,,1,0.753,2026-07-01 19:00:15.661676
pay_005711,cust_02450,1938.39,INR,NETBANKING,SUCCESS,,1,0.675,2026-07-01 19:13:15.661676
pay_001526,cust_01843,4319.95,INR,NETBANKING,FAILED,USER_CANCELLED,2,0.564,2026-07-01 19:25:15.661676
pay_003404,cust_00584,1670.58,INR,WALLET,SUCCESS,,1,0.884,2026-07-01 19:26:15.661676
pay_008748,cust_01110,1453.98,INR,CARD,SUCCESS,,1,0.472,2026-07-01 19:32:15.661676
pay_001683,cust_00825,877.47,INR,UPI,SUCCESS,,1,0.707,2026-07-01 19:53:15.661676
pay_005194,cust_00454,1126.61,INR,NETBANKING,SUCCESS,,1,0.921,2026-07-01 20:53:15.661676
pay_003211,cust_00665,4660.11,INR,CARD,SUCCESS,,1,0.89,2026-07-01 21:05:15.661676
pay_002473,cust_01183,964.12,INR,CARD,SUCCESS,,1,0.722,2026-07-01 21:16:15.661676
pay_003596,cust_02663,4524.0,INR,UPI,SUCCESS,,1,0.965,2026-07-01 21:43:15.661676
pay_006877,cust_02698,2809.65,INR,UPI,FAILED,INSUFFICIENT_FUNDS,1,0.656,2026-07-01 22:14:15.661676
pay_000762,cust_01777,1993.42,INR,CARD,FAILED,INSUFFICIENT_FUNDS,2,0.539,2026-07-01 22:28:15.661676
pay_001786,cust_00939,563.38,INR,NETBANKING,SUCCESS,,1,0.741,2026-07-01 22:28:15.661676
pay_009777,cust_00640,2489.9,INR,UPI,SUCCESS,,1,0.742,2026-07-01 22:32:15.661676
pay_003368,cust_01627,2084.32,INR,WALLET,SUCCESS,,1,0.767,2026-07-01 22:57:15.661676
pay_007523,cust_01787,2082.21,INR,NETBANKING,SUCCESS,,1,0.665,2026-07-01 23:23:15.661676
pay_003942,cust_00324,4837.62,INR,CARD,SUCCESS,,1,0.462,2026-07-01 23:37:15.661676
pay_007873,cust_02222,17893.09,INR,WALLET,SUCCESS,,1,0.459,2026-07-01 23:37:15.661676
pay_008932,cust_02251,2082.68,INR,WALLET,SUCCESS,,1,0.795,2026-07-01 23:51:15.661676
pay_005657,cust_01190,4057.08,INR,NETBANKING,SUCCESS,,1,0.981,2026-07-01 23:56:15.661676
pay_004177,cust_02527,1794.66,INR,CARD,SUCCESS,,1,0.775,2026-07-01 23:59:15.661676
pay_005426,cust_00020,3055.55,INR,NETBANKING,SUCCESS,,1,0.55,2026-07-02 00:08:15.661676
pay_001754,cust_01892,418.01,INR,WALLET,SUCCESS,,1,0.912,2026-07-02 00:29:15.661676
pay_005689,cust_02255,655.56,INR,NETBANKING,FAILED,USER_CANCELLED,1,0.887,2026-07-02 00:39:15.661676
pay_001682,cust_00224,1773.38,INR,WALLET,SUCCESS,,1,0.558,2026-07-02 00:50:15.661676
pay_000985,cust_00001,1802.84,INR,CARD,SUCCESS,,1,0.739,2026-07-02 00:59:15.661676
pay_005439,cust_01953,2376.68,INR,NETBANKING,SUCCESS,,1,0.619,2026-07-02 01:17:15.661676
pay_009138,cust_00477,4189.16,INR,WALLET,SUCCESS,,1,0.695,2026-07-02 01:23:15.661676
pay_005503,cust_00581,2063.84,INR,WALLET,SUCCESS,,1,0.894,2026-07-02 01:30:15.661676
pay_002894,cust_00258,2148.05,INR,WALLET,FAILED,BANK_ERROR,4,0.493,2026-07-02 01:44:15.661676
pay_009908,cust_00498,11592.2,INR,NETBANKING,SUCCESS,,1,0.554,2026-07-02 02:26:15.661676
pay_008414,cust_00504,2227.45,INR,NETBANKING,SUCCESS,,1,0.455,2026-07-02 02:43:15.661676
pay_006210,cust_02550,1066.57,INR,NETBANKING,SUCCESS,,1,0.768,2026-07-02 02:46:15.661676
pay_003407,cust_01567,3120.21,INR,WALLET,SUCCESS,,1,0.489,2026-07-02 02:48:15.661676
pay_007121,cust_02161,1275.85,INR,UPI,FAILED,USER_CANCELLED,4,0.701,2026-07-02 02:49:15.661676
pay_000534,cust_02784,686.21,INR,CARD,FAILED,INSUFFICIENT_FUNDS,3,0.675,2026-07-02 03:21:15.661676
pay_003529,cust_02940,417.65,INR,WALLET,SUCCESS,,1,0.539,2026-07-02 03:26:15.661676
pay_008940,cust_02430,1599.41,INR,NETBANKING,SUCCESS,,1,0.734,2026-07-02 03:32:15.661676
pay_000264,cust_02099,796.71,INR,UPI,SUCCESS,,1,0.603,2026-07-02 03:48:15.661676
pay_001315,cust_00260,1823.08,INR,NETBANKING,SUCCESS,,1,0.721,2026-07-02 03:55:15.661676
pay_007739,cust_00536,2138.81,INR,NETBANKING,SUCCESS,,1,0.483,2026-07-02 03:56:15.661676
pay_006644,cust_01594,1058.33,INR,NETBANKING,SUCCESS,,1,0.95,2026-07-02 04:06:15.661676
pay_003740,cust_00275,614.96,INR,WALLET,FAILED,NETWORK_ERROR,3,0.945,2026-07-02 04:10:15.661676
pay_002519,cust_01766,1504.42,INR,NETBANKING,FAILED,LIMIT_EXCEEDED,2,0.946,2026-07-02 04:16:15.661676
pay_007529,cust_00569,551.06,INR,UPI,SUCCESS,,1,0.797,2026-07-02 05:03:15.661676
pay_002271,cust_02310,2387.83,INR,UPI,FAILED,TIMEOUT,1,0.929,2026-07-02 05:16:15.661676
pay_009949,cust_00393,1543.09,INR,UPI,FAILED,INSUFFICIENT_FUNDS,2,0.913,2026-07-02 05:18:15.661676
pay_003853,cust_00714,5099.26,INR,NETBANKING,SUCCESS,,1,0.582,2026-07-02 05:51:15.661676
pay_007234,cust_02949,3233.87,INR,UPI,SUCCESS,,1,0.703,2026-07-02 06:00:15.661676
pay_006975,cust_02440,5320.61,INR,NETBANKING,SUCCESS,,1,0.775,2026-07-02 07:04:15.661676
pay_006439,cust_02855,2708.82,INR,NETBANKING,SUCCESS,,1,0.726,2026-07-02 07:10:15.661676
pay_001745,cust_01180,861.02,INR,WALLET,SUCCESS,,1,0.834,2026-07-02 07:19:15.661676
pay_004565,cust_02202,3406.66,INR,UPI,SUCCESS,,1,0.85,2026-07-02 07:24:15.661676
pay_004827,cust_01734,1934.5,INR,UPI,SUCCESS,,1,0.759,2026-07-02 07:29:15.661676
pay_002472,cust_00863,11981.25,INR,WALLET,SUCCESS,,1,0.818,2026-07-02 07:37:15.661676
pay_003129,cust_02511,1916.29,INR,WALLET,SUCCESS,,1,0.604,2026-07-02 07:38:15.661676
pay_009884,cust_02645,2586.75,INR,NETBANKING,SUCCESS,,1,0.497,2026-07-02 07:56:15.661676
pay_004438,cust_01064,1453.84,INR,UPI,SUCCESS,,1,0.891,2026-07-02 08:29:15.661676
pay_007341,cust_00548,1119.11,INR,CARD,SUCCESS,,1,0.77,2026-07-02 08:32:15.661676
pay_007826,cust_00920,4593.86,INR,UPI,SUCCESS,,1,0.789,2026-07-02 08:54:15.661676
pay_005737,cust_02982,2874.05,INR,WALLET,SUCCESS,,1,0.981,2026-07-02 09:05:15.661676
pay_006134,cust_00268,1859.1,INR,UPI,SUCCESS,,1,0.962,2026-07-02 09:17:15.661676
pay_004816,cust_00495,1482.96,INR,WALLET,SUCCESS,,1,0.736,2026-07-02 09:40:15.661676
pay_008780,cust_02818,1576.25,INR,WALLET,SUCCESS,,1,0.51,2026-07-02 09:41:15.661676
pay_001048,cust_00230,512.29,INR,NETBANKING,FAILED,INSUFFICIENT_FUNDS,1,0.92,2026-07-02 09:49:15.661676
pay_000168,cust_00374,8245.59,INR,WALLET,SUCCESS,,1,0.623,2026-07-02 09:53:15.661676
pay_003849,cust_00013,1603.67,INR,NETBANKING,SUCCESS,,1,0.467,2026-07-02 10:26:15.661676
pay_000536,cust_00848,1877.92,INR,WALLET,SUCCESS,,1,0.687,2026-07-02 10:38:15.661676
pay_001837,cust_02510,724.16,INR,UPI,SUCCESS,,1,0.953,2026-07-02 10:42:15.661676
pay_009220,cust_01202,1298.86,INR,NETBANKING,FAILED,NETWORK_ERROR,4,0.769,2026-07-02 10:44:15.661676
pay_009342,cust_00860,1923.82,INR,WALLET,SUCCESS,,1,0.735,2026-07-02 10:59:15.661676
pay_007961,cust_01605,1091.85,INR,CARD,SUCCESS,,1,0.763,2026-07-02 11:06:15.661676
pay_009650,cust_02131,2147.34,INR,CARD,SUCCESS,,1,0.616,2026-07-02 11:11:15.661676
pay_005436,cust_02929,1107.23,INR,NETBANKING,SUCCESS,,1,0.965,2026-07-02 11:12:15.661676
pay_005335,cust_00552,975.17,INR,WALLET,SUCCESS,,1,0.838,2026-07-02 11:24:15.661676
pay_009955,cust_01213,2215.65,INR,CARD,SUCCESS,,1,0.454,2026-07-02 11:41:15.661676
pay_005319,cust_02777,1548.49,INR,UPI,SUCCESS,,1,0.711,2026-07-02 11:43:15.661676
pay_002240,cust_02051,3130.83,INR,CARD,FAILED,INSUFFICIENT_FUNDS,1,0.544,2026-07-02 11:48:15.661676
pay_001415,cust_00526,1080.51,INR,NETBANKING,SUCCESS,,1,0.765,2026-07-02 11:53:15.661676
pay_002062,cust_01894,1619.87,INR,UPI,SUCCESS,,1,0.797,2026-07-02 12:01:15.661676
pay_006042,cust_01415,4792.39,INR,UPI,SUCCESS,,1,0.571,2026-07-02 12:48:15.661676
pay_004164,cust_02215,416.09,INR,CARD,FAILED,INSUFFICIENT_FUNDS,1,0.735,2026-07-02 12:53:15.661676
pay_005818,cust_01503,2081.66,INR,NETBANKING,SUCCESS,,1,0.9,2026-07-02 13:18:15.661676
pay_001498,cust_00607,4753.77,INR,UPI,SUCCESS,,1,0.919,2026-07-02 13:29:15.661676
pay_002282,cust_00180,1051.47,INR,NETBANKING,SUCCESS,,1,0.931,2026-07-02 13:37:15.661676
pay_007156,cust_01308,344.78,INR,CARD,SUCCESS,,1,0.949,2026-07-02 13:47:15.661676
pay_009495,cust_01937,861.84,INR,CARD,FAILED,USER_CANCELLED,4,0.747,2026-07-02 14:10:15.661676
pay_004172,cust_02217,1590.01,INR,NETBANKING,SUCCESS,,1,0.546,2026-07-02 14:13:15.661676
pay_002820,cust_01028,386.78,INR,CARD,SUCCESS,,1,0.937,2026-07-02 14:36:15.661676
pay_001587,cust_02928,2082.14,INR,CARD,SUCCESS,,1,0.81,2026-07-02 15:05:15.661676
pay_005802,cust_01823,1494.3,INR,WALLET,SUCCESS,,1,0.622,2026-07-02 15:27:15.661676
pay_000907,cust_01975,609.18,INR,WALLET,SUCCESS,,1,0.85,2026-07-02 15:29:15.661676
pay_002735,cust_02898,8863.07,INR,WALLET,SUCCESS,,1,0.686,2026-07-02 15:39:15.661676
pay_007137,cust_00509,1072.75,INR,CARD,SUCCESS,,1,0.469,2026-07-02 15:48:15.661676
pay_008315,cust_01310,3608.83,INR,NETBANKING,SUCCESS,,1,0.687,2026-07-02 15:50:15.661676
pay_008276,cust_02975,2446.56,INR,CARD,SUCCESS,,1,0.773,2026-07-02 15:59:15.661676
pay_005771,cust_00205,8190.66,INR,CARD,SUCCESS,,1,0.892,2026-07-02 16:27:15.661676
pay_000276,cust_00795,2616.74,INR,NETBANKING,SUCCESS,,1,0.892,2026-07-02 16:45:15.661676
pay_000080,cust_00285,368.69,INR,NETBANKING,SUCCESS,,1,0.666,2026-07-02 16:51:15.661676
pay_001417,cust_01464,1892.42,INR,WALLET,SUCCESS,,1,0.582,2026-07-02 17:07:15.661676
pay_009513,cust_00110,3957.66,INR,UPI,FAILED,LIMIT_EXCEEDED,2,0.592,2026-07-02 17:19:15.661676
pay_009300,cust_00018,772.45,INR,CARD,SUCCESS,,1,0.661,2026-07-02 17:25:15.661676
pay_001632,cust_01028,918.66,INR,WALLET,SUCCESS,,1,0.565,2026-07-02 17:27:15.661676
pay_009821,cust_02069,2289.65,INR,UPI,FAILED,TIMEOUT,4,0.951,2026-07-02 17:35:15.661676
pay_000340,cust_00683,1151.73,INR,WALLET,SUCCESS,,1,0.842,2026-07-02 17:43:15.661676
pay_007130,cust_02746,5155.88,INR,CARD,SUCCESS,,1,0.718,2026-07-02 18:04:15.661676
pay_002086,cust_01696,680.91,INR,WALLET,SUCCESS,,1,0.743,2026-07-02 18:07:15.661676
pay_006909,cust_01126,908.97,INR,UPI,SUCCESS,,1,0.925,2026-07-02 18:10:15.661676
pay_002278,cust_02522,721.23,INR,NETBANKING,SUCCESS,,1,0.686,2026-07-02 18:15:15.661676
pay_000141,cust_02255,2168.88,INR,NETBANKING,SUCCESS,,1,0.596,2026-07-02 18:18:15.661676
pay_001464,cust_02074,915.6,INR,UPI,SUCCESS,,1,0.844,2026-07-02 18:24:15.661676
pay_002168,cust_02175,661.12,INR,WALLET,SUCCESS,,1,0.951,2026-07-02 18:37:15.661676
pay_000547,cust_00468,2868.82,INR,NETBANKING,SUCCESS,,1,0.783,2026-07-02 18:41:15.661676
pay_002543,cust_01643,1519.88,INR,WALLET,SUCCESS,,1,0.676,2026-07-02 18:46:15.661676
pay_001380,cust_01137,7791.65,INR,NETBANKING,SUCCESS,,1,0.72,2026-07-02 19:09:15.661676
pay_007230,cust_02666,3071.16,INR,CARD,FAILED,INSUFFICIENT_FUNDS,2,0.493,2026-07-02 19:20:15.661676
pay_000328,cust_00547,3406.12,INR,UPI,SUCCESS,,1,0.889,2026-07-02 19:22:15.661676
pay_009621,cust_00720,2416.22,INR,NETBANKING,SUCCESS,,1,0.796,2026-07-02 19:29:15.661676
pay_008719,cust_00191,2748.08,INR,NETBANKING,SUCCESS,,1,0.679,2026-07-02 19:48:15.661676
pay_004102,cust_00924,969.65,INR,CARD,SUCCESS,,1,0.975,2026-07-02 19:51:15.661676
pay_003881,cust_00701,2301.6,INR,UPI,FAILED,INSUFFICIENT_FUNDS,1,0.732,2026-07-02 19:58:15.661676
pay_004239,cust_02281,5782.67,INR,UPI,SUCCESS,,1,0.709,2026-07-02 20:05:15.661676
pay_000888,cust_00913,1356.37,INR,WALLET,SUCCESS,,1,0.636,2026-07-02 20:41:15.661676
pay_004029,cust_01666,6495.28,INR,CARD,SUCCESS,,1,0.569,2026-07-02 20:54:15.661676
pay_003620,cust_00610,3698.63,INR,UPI,SUCCESS,,1,0.733,2026-07-02 21:25:15.661676
pay_007253,cust_02156,4210.68,INR,CARD,FAILED,NETWORK_ERROR,4,0.851,2026-07-02 21:34:15.661676
pay_002909,cust_01997,1261.42,INR,UPI,FAILED,BANK_ERROR,3,0.831,2026-07-02 21:42:15.661676
pay_006230,cust_02559,1090.81,INR,NETBANKING,SUCCESS,,1,0.82,2026-07-02 21:57:15.661676
pay_009294,cust_02078,2504.07,INR,NETBANKING,SUCCESS,,1,0.71,2026-07-02 22:05:15.661676
pay_007484,cust_00088,1408.59,INR,WALLET,SUCCESS,,1,0.737,2026-07-02 22:18:15.661676
pay_004581,cust_00434,2137.89,INR,UPI,SUCCESS,,1,0.914,2026-07-02 22:43:15.661676
pay_008763,cust_02750,699.21,INR,NETBANKING,FAILED,BANK_ERROR,2,0.667,2026-07-02 23:21:15.661676
pay_004592,cust_02287,2115.39,INR,WALLET,SUCCESS,,1,0.921,2026-07-02 23:43:15.661676
pay_002339,cust_01590,1818.29,INR,WALLET,SUCCESS,,1,0.826,2026-07-02 23:53:15.661676
pay_009535,cust_00030,3484.62,INR,UPI,SUCCESS,,1,0.687,2026-07-03 00:04:15.661676
pay_001931,cust_00763,676.11,INR,WALLET,SUCCESS,,1,0.683,2026-07-03 00:15:15.661676
pay_002076,cust_00659,1404.09,INR,WALLET,FAILED,CARD_EXPIRED,1,0.753,2026-07-03 00:36:15.661676
pay_000966,cust_00715,5722.12,INR,NETBANKING,SUCCESS,,1,0.726,2026-07-03 01:30:15.661676
pay_000746,cust_00366,1011.72,INR,CARD,SUCCESS,,1,0.921,2026-07-03 01:53:15.661676
pay_009384,cust_00668,808.96,INR,UPI,SUCCESS,,1,0.658,2026-07-03 02:02:15.661676
pay_001077,cust_02803,520.47,INR,NETBANKING,SUCCESS,,1,0.578,2026-07-03 02:06:15.661676
pay_001522,cust_02707,2880.38,INR,NETBANKING,SUCCESS,,1,0.494,2026-07-03 02:16:15.661676
pay_009594,cust_02284,4488.01,INR,UPI,SUCCESS,,1,0.461,2026-07-03 02:21:15.661676
pay_008033,cust_02053,5591.96,INR,CARD,SUCCESS,,1,0.522,2026-07-03 02:33:15.661676
pay_008914,cust_01761,2265.68,INR,WALLET,SUCCESS,,1,0.77,2026-07-03 02:37:15.661676
pay_008333,cust_00605,2038.78,INR,WALLET,SUCCESS,,1,0.729,2026-07-03 02:47:15.661676
pay_001929,cust_02000,4362.36,INR,UPI,SUCCESS,,1,0.699,2026-07-03 02:54:15.661676
pay_001399,cust_01119,4723.62,INR,WALLET,SUCCESS,,1,0.776,2026-07-03 03:40:15.661676
pay_005295,cust_01579,5209.27,INR,WALLET,SUCCESS,,1,0.835,2026-07-03 04:00:15.661676
pay_003209,cust_01140,3715.69,INR,UPI,SUCCESS,,1,0.641,2026-07-03 04:01:15.661676
pay_009894,cust_01151,1520.61,INR,UPI,SUCCESS,,1,0.5,2026-07-03 04:05:15.661676
pay_007427,cust_01767,1392.38,INR,NETBANKING,SUCCESS,,1,0.773,2026-07-03 04:16:15.661676
pay_002260,cust_01941,2119.97,INR,NETBANKING,SUCCESS,,1,0.752,2026-07-03 04:31:15.661676
pay_002584,cust_02663,4811.94,INR,CARD,SUCCESS,,1,0.757,2026-07-03 04:33:15.661676
pay_008006,cust_02751,2853.75,INR,UPI,SUCCESS,,1,0.548,2026-07-03 04:38:15.661676
pay_004231,cust_01500,514.55,INR,CARD,SUCCESS,,1,0.611,2026-07-03 04:49:15.661676
pay_009437,cust_02189,1981.44,INR,WALLET,SUCCESS,,1,0.894,2026-07-03 04:56:15.661676
pay_004430,cust_01460,1228.73,INR,CARD,SUCCESS,,1,0.874,2026-07-03 05:27:15.661676
pay_008680,cust_02252,500.81,INR,NETBANKING,SUCCESS,,1,0.632,2026-07-03 05:30:15.661676
pay_000326,cust_01039,684.47,INR,UPI,SUCCESS,,1,0.636,2026-07-03 05:51:15.661676
pay_008713,cust_02954,710.31,INR,WALLET,FAILED,LIMIT_EXCEEDED,3,0.929,2026-07-03 06:11:15.661676
pay_004902,cust_02799,800.94,INR,UPI,SUCCESS,,1,0.657,2026-07-03 06:32:15.661676
pay_005033,cust_00811,3244.77,INR,CARD,SUCCESS,,1,0.591,2026-07-03 06:57:15.661676
pay_008795,cust_00157,715.6,INR,CARD,SUCCESS,,1,0.805,2026-07-03 07:07:15.661676
pay_003429,cust_00544,2579.52,INR,NETBANKING,SUCCESS,,1,0.542,2026-07-03 07:33:15.661676
pay_005159,cust_00638,1560.38,INR,CARD,FAILED,CARD_EXPIRED,3,0.467,2026-07-03 07:38:15.661676
pay_007347,cust_01208,936.61,INR,CARD,SUCCESS,,1,0.83,2026-07-03 08:06:15.661676
pay_005338,cust_02924,952.2,INR,CARD,SUCCESS,,1,0.498,2026-07-03 08:10:15.661676
pay_006249,cust_00393,466.19,INR,UPI,SUCCESS,,1,0.892,2026-07-03 09:16:15.661676
pay_000872,cust_01896,954.67,INR,WALLET,SUCCESS,,1,0.713,2026-07-03 09:26:15.661676
pay_008830,cust_02101,667.78,INR,UPI,SUCCESS,,1,0.894,2026-07-03 09:42:15.661676
pay_008569,cust_00009,2582.91,INR,NETBANKING,SUCCESS,,1,0.849,2026-07-03 09:46:15.661676
pay_007295,cust_00226,1993.79,INR,NETBANKING,SUCCESS,,1,0.638,2026-07-03 10:06:15.661676
pay_001512,cust_01271,1548.55,INR,CARD,SUCCESS,,1,0.899,2026-07-03 10:06:15.661676
pay_001091,cust_00946,1707.39,INR,UPI,SUCCESS,,1,0.871,2026-07-03 10:35:15.661676
pay_004372,cust_00608,1168.14,INR,UPI,FAILED,BANK_ERROR,2,0.861,2026-07-03 10:37:15.661676
pay_006762,cust_00199,1546.3,INR,NETBANKING,SUCCESS,,1,0.538,2026-07-03 10:41:15.661676
pay_008631,cust_01114,625.01,INR,WALLET,SUCCESS,,1,0.589,2026-07-03 10:46:15.661676
pay_009578,cust_00941,3302.89,INR,CARD,SUCCESS,,1,0.733,2026-07-03 11:00:15.661676
pay_007189,cust_01781,1441.56,INR,WALLET,SUCCESS,,1,0.457,2026-07-03 11:26:15.661676
pay_006468,cust_02286,1228.58,INR,UPI,SUCCESS,,1,0.678,2026-07-03 11:30:15.661676
pay_000507,cust_01263,1125.62,INR,WALLET,SUCCESS,,1,0.505,2026-07-03 12:01:15.661676
pay_009616,cust_01410,2503.58,INR,WALLET,SUCCESS,,1,0.637,2026-07-03 12:01:15.661676
pay_008676,cust_00075,3720.72,INR,UPI,SUCCESS,,1,0.602,2026-07-03 12:08:15.661676
pay_001039,cust_01537,2163.67,INR,NETBANKING,FAILED,INSUFFICIENT_FUNDS,4,0.45,2026-07-03 12:13:15.661676
pay_006663,cust_00338,3609.77,INR,CARD,SUCCESS,,1,0.931,2026-07-03 12:18:15.661676
pay_007699,cust_02643,2580.96,INR,UPI,SUCCESS,,1,0.451,2026-07-03 12:29:15.661676
pay_006153,cust_02978,974.16,INR,CARD,SUCCESS,,1,0.451,2026-07-03 12:37:15.661676
pay_000779,cust_00162,1703.52,INR,NETBANKING,SUCCESS,,1,0.619,2026-07-03 12:40:15.661676
pay_001717,cust_00486,2358.04,INR,UPI,SUCCESS,,1,0.558,2026-07-03 12:42:15.661676
pay_002986,cust_02768,838.79,INR,WALLET,FAILED,BANK_ERROR,3,0.928,2026-07-03 12:55:15.661676
pay_009961,cust_01967,767.75,INR,UPI,SUCCESS,,1,0.805,2026-07-03 13:01:15.661676
pay_002657,cust_00410,754.8,INR,NETBANKING,FAILED,USER_CANCELLED,4,0.961,2026-07-03 13:03:15.661676
pay_006169,cust_02574,1588.33,INR,NETBANKING,SUCCESS,,1,0.907,2026-07-03 13:33:15.661676
pay_000506,cust_01596,1224.51,INR,NETBANKING,SUCCESS,,1,0.453,2026-07-03 13:43:15.661676
pay_009820,cust_02548,4388.56,INR,CARD,SUCCESS,,1,0.833,2026-07-03 13:44:15.661676
pay_007346,cust_01848,800.85,INR,CARD,SUCCESS,,1,0.877,2026-07-03 13:45:15.661676
pay_007673,cust_01943,2362.47,INR,CARD,SUCCESS,,1,0.719,2026-07-03 13:51:15.661676
pay_008983,cust_01904,1670.74,INR,WALLET,SUCCESS,,1,0.527,2026-07-03 13:53:15.661676
pay_006865,cust_01500,1791.46,INR,CARD,SUCCESS,,1,0.68,2026-07-03 14:07:15.661676
pay_000963,cust_01371,2115.86,INR,NETBANKING,SUCCESS,,1,0.751,2026-07-03 14:18:15.661676
pay_007639,cust_02760,5701.34,INR,UPI,SUCCESS,,1,0.492,2026-07-03 14:24:15.661676
pay_008979,cust_02024,2982.35,INR,UPI,SUCCESS,,1,0.847,2026-07-03 14:38:15.661676
pay_003612,cust_00196,1976.53,INR,NETBANKING,FAILED,TIMEOUT,4,0.612,2026-07-03 14:38:15.661676
pay_005417,cust_01308,1331.47,INR,UPI,FAILED,BANK_ERROR,2,0.737,2026-07-03 14:46:15.661676
pay_003787,cust_00299,2328.75,INR,WALLET,SUCCESS,,1,0.62,2026-07-03 14:50:15.661676
pay_003377,cust_02131,1445.41,INR,CARD,SUCCESS,,1,0.928,2026-07-03 15:05:15.661676
pay_009507,cust_00309,1641.2,INR,UPI,SUCCESS,,1,0.797,2026-07-03 15:15:15.661676
pay_003324,cust_01399,2222.48,INR,UPI,SUCCESS,,1,0.599,2026-07-03 15:24:15.661676
pay_004001,cust_01951,906.15,INR,UPI,SUCCESS,,1,0.757,2026-07-03 15:32:15.661676
pay_008271,cust_00902,554.84,INR,NETBANKING,FAILED,LIMIT_EXCEEDED,3,0.75,2026-07-03 15:32:15.661676
pay_005489,cust_02241,1023.34,INR,CARD,SUCCESS,,1,0.544,2026-07-03 15:49:15.661676
pay_006508,cust_02260,2678.82,INR,UPI,SUCCESS,,1,0.806,2026-07-03 15:54:15.661676
pay_007573,cust_02540,1083.42,INR,CARD,SUCCESS,,1,0.53,2026-07-03 15:55:15.661676
pay_006353,cust_01404,612.16,INR,CARD,SUCCESS,,1,0.695,2026-07-03 16:06:15.661676
pay_007059,cust_01211,8625.57,INR,WALLET,SUCCESS,,1,0.461,2026-07-03 16:14:15.661676
pay_005405,cust_02020,914.86,INR,CARD,SUCCESS,,1,0.587,2026-07-03 16:19:15.661676
pay_008863,cust_02816,1286.07,INR,WALLET,SUCCESS,,1,0.824,2026-07-03 16:25:15.661676
pay_009912,cust_01542,3921.96,INR,WALLET,SUCCESS,,1,0.695,2026-07-03 16:26:15.661676
pay_008973,cust_00446,1067.19,INR,NETBANKING,SUCCESS,,1,0.508,2026-07-03 16:27:15.661676
pay_003917,cust_02337,1685.89,INR,WALLET,SUCCESS,,1,0.614,2026-07-03 16:40:15.661676
pay_002387,cust_00202,1503.69,INR,CARD,SUCCESS,,1,0.982,2026-07-03 16:46:15.661676
pay_000345,cust_02643,1240.38,INR,NETBANKING,SUCCESS,,1,0.756,2026-07-03 16:53:15.661676
pay_009359,cust_01855,1318.12,INR,CARD,SUCCESS,,1,0.636,2026-07-03 17:13:15.661676
pay_009541,cust_00523,2351.75,INR,NETBANKING,SUCCESS,,1,0.896,2026-07-03 17:14:15.661676
pay_002016,cust_00833,1548.34,INR,UPI,SUCCESS,,1,0.967,2026-07-03 17:26:15.661676
pay_005702,cust_02627,1519.71,INR,NETBANKING,SUCCESS,,1,0.479,2026-07-03 17:32:15.661676
pay_003228,cust_02151,4913.27,INR,UPI,SUCCESS,,1,0.976,2026-07-03 17:43:15.661676
pay_008782,cust_01164,3884.5,INR,NETBANKING,SUCCESS,,1,0.505,2026-07-03 17:51:15.661676
pay_007984,cust_00589,8196.18,INR,NETBANKING,SUCCESS,,1,0.615,2026-07-03 18:23:15.661676
pay_006748,cust_01930,2736.88,INR,WALLET,SUCCESS,,1,0.638,2026-07-03 19:13:15.661676
pay_004229,cust_00214,2255.81,INR,UPI,SUCCESS,,1,0.5,2026-07-03 19:20:15.661676
pay_002924,cust_01132,1717.54,INR,CARD,SUCCESS,,1,0.482,2026-07-03 20:27:15.661676
pay_007689,cust_01131,1499.49,INR,NETBANKING,SUCCESS,,1,0.837,2026-07-03 20:30:15.661676
pay_007606,cust_02376,1007.27,INR,UPI,SUCCESS,,1,0.49,2026-07-03 20:31:15.661676
pay_006295,cust_02345,697.34,INR,WALLET,SUCCESS,,1,0.62,2026-07-03 20:39:15.661676
pay_007654,cust_02444,2660.4,INR,UPI,SUCCESS,,1,0.614,2026-07-03 20:40:15.661676
pay_000289,cust_02147,2263.79,INR,CARD,SUCCESS,,1,0.603,2026-07-03 20:42:15.661676
pay_002981,cust_00194,2233.26,INR,NETBANKING,SUCCESS,,1,0.648,2026-07-03 21:00:15.661676
pay_007353,cust_02751,1209.19,INR,WALLET,SUCCESS,,1,0.883,2026-07-03 21:16:15.661676
pay_003175,cust_02688,810.97,INR,UPI,SUCCESS,,1,0.553,2026-07-03 21:23:15.661676
pay_000085,cust_02130,946.91,INR,CARD,SUCCESS,,1,0.962,2026-07-03 21:25:15.661676
pay_008504,cust_02875,1464.8,INR,NETBANKING,FAILED,TIMEOUT,4,0.567,2026-07-03 21:30:15.661676
pay_009147,cust_02592,1482.72,INR,NETBANKING,SUCCESS,,1,0.835,2026-07-03 21:56:15.661676
pay_008340,cust_00822,1576.55,INR,UPI,SUCCESS,,1,0.662,2026-07-03 22:10:15.661676
pay_009046,cust_02678,551.39,INR,UPI,SUCCESS,,1,0.843,2026-07-03 22:11:15.661676
pay_008257,cust_01010,4435.3,INR,WALLET,FAILED,INSUFFICIENT_FUNDS,2,0.863,2026-07-03 22:52:15.661676
pay_005412,cust_01888,1189.32,INR,WALLET,SUCCESS,,1,0.452,2026-07-03 22:56:15.661676
pay_009264,cust_00851,979.29,INR,CARD,SUCCESS,,1,0.739,2026-07-03 23:13:15.661676
pay_003452,cust_00601,662.41,INR,UPI,SUCCESS,,1,0.653,2026-07-03 23:18:15.661676
pay_007780,cust_00337,852.34,INR,CARD,SUCCESS,,1,0.981,2026-07-03 23:36:15.661676
pay_002023,cust_00124,5369.7,INR,CARD,SUCCESS,,1,0.582,2026-07-03 23:39:15.661676
pay_001249,cust_02651,2179.89,INR,UPI,SUCCESS,,1,0.969,2026-07-03 23:53:15.661676
pay_008012,cust_02819,2552.47,INR,CARD,SUCCESS,,1,0.858,2026-07-03 23:56:15.661676
pay_005658,cust_01367,1745.0,INR,WALLET,SUCCESS,,1,0.965,2026-07-04 00:07:15.661676
pay_005145,cust_01647,3738.24,INR,CARD,SUCCESS,,1,0.723,2026-07-04 00:28:15.661676
pay_006036,cust_02903,1911.17,INR,UPI,FAILED,NETWORK_ERROR,4,0.479,2026-07-04 00:30:15.661676
pay_009582,cust_02274,585.59,INR,WALLET,SUCCESS,,1,0.827,2026-07-04 00:36:15.661676
pay_002786,cust_01386,1364.39,INR,CARD,SUCCESS,,1,0.969,2026-07-04 00:38:15.661676
pay_008110,cust_02727,2519.53,INR,UPI,SUCCESS,,1,0.487,2026-07-04 00:38:15.661676
pay_006488,cust_01306,586.64,INR,WALLET,SUCCESS,,1,0.806,2026-07-04 00:54:15.661676
pay_006002,cust_00567,1091.44,INR,CARD,SUCCESS,,1,0.533,2026-07-04 01:14:15.661676
pay_004988,cust_01455,1911.22,INR,WALLET,SUCCESS,,1,0.945,2026-07-04 01:25:15.661676
pay_003327,cust_02709,1804.57,INR,UPI,SUCCESS,,1,0.542,2026-07-04 01:45:15.661676
pay_006836,cust_00536,705.34,INR,UPI,SUCCESS,,1,0.533,2026-07-04 02:05:15.661676
pay_001385,cust_02899,3273.7,INR,WALLET,SUCCESS,,1,0.55,2026-07-04 02:19:15.661676
pay_003292,cust_02966,247.09,INR,CARD,SUCCESS,,1,0.925,2026-07-04 02:42:15.661676
pay_005890,cust_00103,1365.64,INR,WALLET,SUCCESS,,1,0.728,2026-07-04 03:08:15.661676
pay_006108,cust_00315,908.14,INR,NETBANKING,SUCCESS,,1,0.959,2026-07-04 03:28:15.661676
pay_001044,cust_00567,1753.19,INR,NETBANKING,FAILED,NETWORK_ERROR,3,0.888,2026-07-04 03:40:15.661676
pay_002513,cust_02006,2804.85,INR,WALLET,SUCCESS,,1,0.774,2026-07-04 03:43:15.661676
pay_002234,cust_02412,3692.57,INR,WALLET,SUCCESS,,1,0.661,2026-07-04 04:13:15.661676
pay_007437,cust_02405,974.54,INR,UPI,SUCCESS,,1,0.831,2026-07-04 04:23:15.661676
pay_008710,cust_00945,898.42,INR,UPI,SUCCESS,,1,0.658,2026-07-04 04:27:15.661676
pay_005898,cust_02341,4295.02,INR,NETBANKING,SUCCESS,,1,0.793,2026-07-04 04:53:15.661676
pay_000305,cust_01922,1778.06,INR,CARD,SUCCESS,,1,0.758,2026-07-04 05:19:15.661676
pay_004684,cust_00778,1033.19,INR,UPI,SUCCESS,,1,0.778,2026-07-04 05:22:15.661676
pay_008640,cust_02281,1104.49,INR,UPI,SUCCESS,,1,0.775,2026-07-04 05:58:15.661676
pay_006312,cust_01463,4768.1,INR,NETBANKING,SUCCESS,,1,0.694,2026-07-04 05:59:15.661676
pay_003339,cust_01720,2703.3,INR,CARD,SUCCESS,,1,0.906,2026-07-04 06:14:15.661676
pay_000625,cust_00994,6467.53,INR,WALLET,SUCCESS,,1,0.716,2026-07-04 06:16:15.661676
pay_004002,cust_00714,1763.47,INR,UPI,SUCCESS,,1,0.978,2026-07-04 06:18:15.661676
pay_008198,cust_02835,9526.9,INR,CARD,SUCCESS,,1,0.877,2026-07-04 06:46:15.661676
pay_004174,cust_01601,834.64,INR,WALLET,SUCCESS,,1,0.894,2026-07-04 07:04:15.661676
pay_001737,cust_01863,778.25,INR,UPI,SUCCESS,,1,0.543,2026-07-04 07:05:15.661676
pay_003474,cust_00763,773.96,INR,CARD,SUCCESS,,1,0.595,2026-07-04 07:09:15.661676
pay_001751,cust_02265,207.97,INR,UPI,SUCCESS,,1,0.507,2026-07-04 07:16:15.661676
pay_005670,cust_02917,5255.91,INR,CARD,SUCCESS,,1,0.978,2026-07-04 07:33:15.661676
pay_002554,cust_00662,2469.3,INR,WALLET,SUCCESS,,1,0.579,2026-07-04 07:59:15.661676
pay_009977,cust_00168,6900.97,INR,UPI,FAILED,USER_CANCELLED,3,0.786,2026-07-04 08:02:15.661676
pay_008762,cust_01568,641.49,INR,UPI,FAILED,BANK_ERROR,1,0.756,2026-07-04 08:03:15.661676
pay_007141,cust_00775,137.44,INR,CARD,SUCCESS,,1,0.47,2026-07-04 09:05:15.661676
pay_008565,cust_01069,274.9,INR,UPI,SUCCESS,,1,0.696,2026-07-04 09:12:15.661676
pay_001344,cust_02933,4686.85,INR,WALLET,SUCCESS,,1,0.457,2026-07-04 09:14:15.661676
pay_007169,cust_00638,4307.78,INR,CARD,SUCCESS,,1,0.965,2026-07-04 09:24:15.661676
pay_001215,cust_00620,1428.01,INR,WALLET,SUCCESS,,1,0.591,2026-07-04 09:32:15.661676
pay_008363,cust_01173,627.08,INR,UPI,SUCCESS,,1,0.702,2026-07-04 09:42:15.661676
pay_000013,cust_01495,2194.19,INR,CARD,SUCCESS,,1,0.812,2026-07-04 10:26:15.661676
pay_002084,cust_00783,288.03,INR,UPI,SUCCESS,,1,0.459,2026-07-04 10:36:15.661676
pay_007466,cust_02809,908.28,INR,NETBANKING,SUCCESS,,1,0.666,2026-07-04 11:19:15.661676
pay_000473,cust_01312,537.99,INR,CARD,SUCCESS,,1,0.475,2026-07-04 11:35:15.661676
pay_003279,cust_00879,1926.92,INR,CARD,SUCCESS,,1,0.588,2026-07-04 11:57:15.661676
pay_003600,cust_01263,1507.22,INR,UPI,SUCCESS,,1,0.816,2026-07-04 11:59:15.661676
pay_008538,cust_01096,7031.1,INR,CARD,FAILED,USER_CANCELLED,4,0.584,2026-07-04 12:29:15.661676
pay_006039,cust_00323,3484.87,INR,CARD,SUCCESS,,1,0.912,2026-07-04 12:57:15.661676
pay_009830,cust_01798,1072.22,INR,NETBANKING,SUCCESS,,1,0.824,2026-07-04 12:59:15.661676
pay_009426,cust_02487,1841.77,INR,WALLET,SUCCESS,,1,0.636,2026-07-04 13:14:15.661676
pay_004938,cust_00876,4836.72,INR,UPI,SUCCESS,,1,0.888,2026-07-04 13:23:15.661676
pay_001149,cust_02036,6474.35,INR,CARD,SUCCESS,,1,0.963,2026-07-04 13:30:15.661676
pay_003992,cust_01383,1240.15,INR,CARD,SUCCESS,,1,0.936,2026-07-04 13:31:15.661676
pay_000747,cust_01723,2099.41,INR,NETBANKING,SUCCESS,,1,0.609,2026-07-04 13:43:15.661676
pay_002021,cust_00108,1896.84,INR,WALLET,SUCCESS,,1,0.507,2026-07-04 13:43:15.661676
pay_007007,cust_00137,6544.18,INR,NETBANKING,SUCCESS,,1,0.748,2026-07-04 13:59:15.661676
pay_009625,cust_00485,677.49,INR,NETBANKING,SUCCESS,,1,0.81,2026-07-04 14:08:15.661676
pay_009763,cust_01188,2118.73,INR,UPI,SUCCESS,,1,0.796,2026-07-04 14:14:15.661676
pay_002134,cust_00882,2902.86,INR,NETBANKING,SUCCESS,,1,0.62,2026-07-04 14:20:15.661676
pay_002984,cust_00713,2277.83,INR,WALLET,SUCCESS,,1,0.638,2026-07-04 14:39:15.661676
pay_004730,cust_01848,1836.24,INR,CARD,FAILED,INSUFFICIENT_FUNDS,3,0.516,2026-07-04 14:46:15.661676
pay_002476,cust_01914,3220.37,INR,NETBANKING,SUCCESS,,1,0.805,2026-07-04 15:01:15.661676
pay_004216,cust_02805,2826.15,INR,NETBANKING,SUCCESS,,1,0.774,2026-07-04 15:12:15.661676
pay_007618,cust_01971,5979.09,INR,UPI,FAILED,NETWORK_ERROR,4,0.614,2026-07-04 15:58:15.661676
pay_006729,cust_00881,783.78,INR,CARD,SUCCESS,,1,0.744,2026-07-04 16:10:15.661676
pay_008846,cust_01291,999.05,INR,NETBANKING,FAILED,CARD_EXPIRED,1,0.649,2026-07-04 16:13:15.661676
pay_003086,cust_01812,2316.93,INR,CARD,SUCCESS,,1,0.492,2026-07-04 16:30:15.661676
pay_005475,cust_02535,1578.32,INR,UPI,SUCCESS,,1,0.48,2026-07-04 16:56:15.661676
pay_000385,cust_00397,985.05,INR,WALLET,SUCCESS,,1,0.633,2026-07-04 17:01:15.661676
pay_007821,cust_00306,2919.59,INR,CARD,SUCCESS,,1,0.668,2026-07-04 17:01:15.661676
pay_000483,cust_02072,500.12,INR,WALLET,SUCCESS,,1,0.794,2026-07-04 17:02:15.661676
pay_002982,cust_01936,5003.45,INR,CARD,SUCCESS,,1,0.65,2026-07-04 17:10:15.661676
pay_001629,cust_00834,1908.9,INR,CARD,SUCCESS,,1,0.541,2026-07-04 17:15:15.661676
pay_009248,cust_00427,818.22,INR,WALLET,FAILED,BANK_ERROR,1,0.931,2026-07-04 17:44:15.661676
pay_005032,cust_01549,4931.86,INR,UPI,SUCCESS,,1,0.608,2026-07-04 18:19:15.661676
pay_007144,cust_02112,471.21,INR,WALLET,SUCCESS,,1,0.628,2026-07-04 18:35:15.661676
pay_002130,cust_00819,3211.68,INR,NETBANKING,FAILED,USER_CANCELLED,4,0.54,2026-07-04 18:41:15.661676
pay_003123,cust_00415,2678.38,INR,NETBANKING,SUCCESS,,1,0.701,2026-07-04 18:51:15.661676
pay_005280,cust_00384,1925.94,INR,CARD,SUCCESS,,1,0.803,2026-07-04 19:13:15.661676
pay_002444,cust_00783,3139.33,INR,WALLET,SUCCESS,,1,0.854,2026-07-04 19:13:15.661676
pay_004836,cust_01622,1947.66,INR,UPI,SUCCESS,,1,0.477,2026-07-04 19:20:15.661676
pay_009411,cust_01300,1758.2,INR,UPI,SUCCESS,,1,0.739,2026-07-04 19:26:15.661676
pay_000444,cust_02988,1683.62,INR,WALLET,FAILED,NETWORK_ERROR,4,0.653,2026-07-04 19:47:15.661676
pay_002696,cust_02842,5682.2,INR,CARD,SUCCESS,,1,0.817,2026-07-04 19:48:15.661676
pay_006331,cust_02312,5190.36,INR,WALLET,FAILED,LIMIT_EXCEEDED,4,0.506,2026-07-04 19:55:15.661676
pay_007625,cust_00052,15955.03,INR,UPI,SUCCESS,,1,0.92,2026-07-04 20:13:15.661676
pay_001727,cust_02288,1177.59,INR,UPI,SUCCESS,,1,0.922,2026-07-04 20:18:15.661676
pay_005298,cust_02197,3317.81,INR,CARD,SUCCESS,,1,0.643,2026-07-04 20:48:15.661676
pay_007101,cust_02479,1516.24,INR,WALLET,SUCCESS,,1,0.776,2026-07-04 20:54:15.661676
pay_007758,cust_02492,11546.17,INR,WALLET,SUCCESS,,1,0.63,2026-07-04 21:13:15.661676
pay_000765,cust_02913,4534.27,INR,UPI,FAILED,NETWORK_ERROR,1,0.771,2026-07-04 21:23:15.661676
pay_005487,cust_01002,2012.9,INR,NETBANKING,SUCCESS,,1,0.745,2026-07-04 21:36:15.661676
pay_001783,cust_00828,542.52,INR,CARD,SUCCESS,,1,0.47,2026-07-04 22:36:15.661676
pay_003116,cust_01690,2210.95,INR,WALLET,SUCCESS,,1,0.463,2026-07-04 23:01:15.661676
pay_008755,cust_02058,1069.69,INR,NETBANKING,SUCCESS,,1,0.705,2026-07-04 23:12:15.661676
pay_004844,cust_01618,1614.34,INR,WALLET,SUCCESS,,1,0.771,2026-07-04 23:17:15.661676
pay_007782,cust_00094,4073.17,INR,CARD,SUCCESS,,1,0.683,2026-07-05 00:16:15.661676
pay_002400,cust_02688,1911.18,INR,WALLET,SUCCESS,,1,0.5,2026-07-05 00:25:15.661676
pay_009180,cust_01165,1253.24,INR,WALLET,SUCCESS,,1,0.498,2026-07-05 00:27:15.661676
pay_001068,cust_02863,4576.37,INR,UPI,SUCCESS,,1,0.808,2026-07-05 00:28:15.661676
pay_008140,cust_00198,2385.23,INR,NETBANKING,FAILED,LIMIT_EXCEEDED,3,0.967,2026-07-05 00:34:15.661676
pay_000886,cust_01079,7921.74,INR,CARD,SUCCESS,,1,0.647,2026-07-05 00:35:15.661676
pay_006440,cust_02104,2758.03,INR,WALLET,SUCCESS,,1,0.684,2026-07-05 00:41:15.661676
pay_003861,cust_02011,1259.46,INR,WALLET,SUCCESS,,1,0.907,2026-07-05 01:17:15.661676
pay_009352,cust_02165,2654.34,INR,CARD,SUCCESS,,1,0.691,2026-07-05 01:29:15.661676
pay_001904,cust_00041,2430.16,INR,UPI,FAILED,NETWORK_ERROR,1,0.873,2026-07-05 01:40:15.661676
pay_000465,cust_00212,1652.65,INR,NETBANKING,SUCCESS,,1,0.776,2026-07-05 01:42:15.661676
pay_000833,cust_00712,809.72,INR,UPI,SUCCESS,,1,0.601,2026-07-05 01:46:15.661676
pay_002437,cust_02295,1627.54,INR,WALLET,SUCCESS,,1,0.831,2026-07-05 02:00:15.661676
pay_003325,cust_00615,4372.55,INR,WALLET,SUCCESS,,1,0.577,2026-07-05 02:54:15.661676
pay_001795,cust_01473,2144.28,INR,WALLET,SUCCESS,,1,0.688,2026-07-05 02:54:15.661676
pay_009152,cust_02361,2177.11,INR,NETBANKING,FAILED,INSUFFICIENT_FUNDS,1,0.924,2026-07-05 03:13:15.661676
pay_001992,cust_00049,3305.8,INR,UPI,SUCCESS,,1,0.509,2026-07-05 03:14:15.661676
pay_003777,cust_02270,417.83,INR,CARD,SUCCESS,,1,0.756,2026-07-05 03:20:15.661676
pay_007929,cust_01711,2323.85,INR,UPI,SUCCESS,,1,0.736,2026-07-05 03:40:15.661676
pay_003294,cust_00652,2369.46,INR,WALLET,SUCCESS,,1,0.652,2026-07-05 03:42:15.661676
pay_008112,cust_00475,385.43,INR,CARD,SUCCESS,,1,0.69,2026-07-05 03:52:15.661676
pay_006608,cust_01699,2101.15,INR,NETBANKING,SUCCESS,,1,0.696,2026-07-05 04:18:15.661676
pay_006297,cust_02728,859.79,INR,UPI,SUCCESS,,1,0.617,2026-07-05 04:25:15.661676
pay_002540,cust_01538,1889.27,INR,CARD,SUCCESS,,1,0.909,2026-07-05 04:27:15.661676
pay_006079,cust_00820,620.64,INR,UPI,SUCCESS,,1,0.751,2026-07-05 04:40:15.661676
pay_005591,cust_01205,1161.49,INR,UPI,SUCCESS,,1,0.546,2026-07-05 04:42:15.661676
pay_005234,cust_00294,1472.1,INR,CARD,SUCCESS,,1,0.729,2026-07-05 04:43:15.661676
pay_005459,cust_01520,789.15,INR,WALLET,SUCCESS,,1,0.777,2026-07-05 04:49:15.661676
pay_001110,cust_01574,8360.1,INR,CARD,SUCCESS,,1,0.474,2026-07-05 05:00:15.661676
pay_003695,cust_01526,3632.79,INR,UPI,SUCCESS,,1,0.477,2026-07-05 05:40:15.661676
pay_004282,cust_02033,539.42,INR,CARD,SUCCESS,,1,0.526,2026-07-05 05:57:15.661676
pay_006391,cust_01620,382.42,INR,WALLET,SUCCESS,,1,0.852,2026-07-05 06:24:15.661676
pay_006818,cust_01937,552.85,INR,WALLET,FAILED,LIMIT_EXCEEDED,2,0.742,2026-07-05 07:12:15.661676
pay_008648,cust_01199,1515.57,INR,NETBANKING,SUCCESS,,1,0.603,2026-07-05 07:17:15.661676
pay_001222,cust_02182,2316.6,INR,CARD,SUCCESS,,1,0.661,2026-07-05 07:27:15.661676
pay_005240,cust_02566,3534.28,INR,WALLET,SUCCESS,,1,0.518,2026-07-05 07:51:15.661676
pay_000505,cust_01098,1074.37,INR,CARD,SUCCESS,,1,0.792,2026-07-05 07:53:15.661676
pay_002872,cust_00818,2608.97,INR,WALLET,SUCCESS,,1,0.825,2026-07-05 07:55:15.661676
pay_002821,cust_00232,1446.49,INR,WALLET,SUCCESS,,1,0.608,2026-07-05 07:57:15.661676
pay_006470,cust_01602,1063.43,INR,NETBANKING,SUCCESS,,1,0.61,2026-07-05 08:08:15.661676
pay_000012,cust_00954,1245.65,INR,UPI,SUCCESS,,1,0.793,2026-07-05 08:09:15.661676
pay_003785,cust_02585,2621.48,INR,CARD,SUCCESS,,1,0.978,2026-07-05 08:11:15.661676
pay_006692,cust_01916,1030.37,INR,CARD,SUCCESS,,1,0.57,2026-07-05 08:15:15.661676
pay_009601,cust_00524,311.69,INR,CARD,SUCCESS,,1,0.598,2026-07-05 08:16:15.661676
pay_006061,cust_01640,1880.82,INR,CARD,SUCCESS,,1,0.733,2026-07-05 08:18:15.661676
pay_001416,cust_02561,3798.16,INR,NETBANKING,SUCCESS,,1,0.636,2026-07-05 09:08:15.661676
pay_007100,cust_02209,586.59,INR,NETBANKING,SUCCESS,,1,0.695,2026-07-05 09:22:15.661676
pay_004188,cust_02185,1019.6,INR,UPI,SUCCESS,,1,0.766,2026-07-05 09:40:15.661676
pay_000244,cust_02917,3614.12,INR,NETBANKING,FAILED,INSUFFICIENT_FUNDS,4,0.723,2026-07-05 09:51:15.661676
pay_003091,cust_01414,422.26,INR,NETBANKING,SUCCESS,,1,0.686,2026-07-05 10:00:15.661676
pay_000967,cust_01831,1052.46,INR,UPI,SUCCESS,,1,0.7,2026-07-05 10:13:15.661676
pay_002322,cust_00134,3371.62,INR,CARD,SUCCESS,,1,0.801,2026-07-05 10:16:15.661676
pay_006950,cust_02697,3171.71,INR,WALLET,SUCCESS,,1,0.462,2026-07-05 10:17:15.661676
pay_005276,cust_02857,3383.57,INR,CARD,SUCCESS,,1,0.631,2026-07-05 10:29:15.661676
pay_009047,cust_02905,5027.23,INR,CARD,SUCCESS,,1,0.884,2026-07-05 10:31:15.661676
pay_005353,cust_02685,2067.42,INR,CARD,SUCCESS,,1,0.862,2026-07-05 10:55:15.661676
pay_009239,cust_01176,924.55,INR,WALLET,FAILED,BANK_ERROR,4,0.561,2026-07-05 11:43:15.661676
pay_001896,cust_01045,1344.79,INR,NETBANKING,SUCCESS,,1,0.538,2026-07-05 11:46:15.661676
pay_004411,cust_01060,1059.26,INR,NETBANKING,SUCCESS,,1,0.974,2026-07-05 11:53:15.661676
pay_002521,cust_00602,2080.1,INR,UPI,SUCCESS,,1,0.842,2026-07-05 12:04:15.661676
pay_006001,cust_00688,741.54,INR,WALLET,SUCCESS,,1,0.973,2026-07-05 12:08:15.661676
pay_009458,cust_00536,1885.41,INR,NETBANKING,SUCCESS,,1,0.586,2026-07-05 12:13:15.661676
pay_003632,cust_00493,1088.52,INR,WALLET,SUCCESS,,1,0.855,2026-07-05 12:44:15.661676
pay_004356,cust_01437,3205.74,INR,UPI,SUCCESS,,1,0.507,2026-07-05 12:50:15.661676
pay_006336,cust_00671,1933.86,INR,UPI,SUCCESS,,1,0.49,2026-07-05 13:06:15.661676
pay_002402,cust_02076,2082.78,INR,CARD,SUCCESS,,1,0.718,2026-07-05 13:09:15.661676
pay_003574,cust_00475,2111.69,INR,UPI,SUCCESS,,1,0.52,2026-07-05 13:31:15.661676
pay_004413,cust_00897,775.3,INR,NETBANKING,SUCCESS,,1,0.464,2026-07-05 14:02:15.661676
pay_003501,cust_00727,4649.49,INR,WALLET,SUCCESS,,1,0.962,2026-07-05 14:17:15.661676
pay_004501,cust_02752,839.64,INR,CARD,SUCCESS,,1,0.754,2026-07-05 15:08:15.661676
pay_000756,cust_01758,14852.24,INR,WALLET,SUCCESS,,1,0.738,2026-07-05 15:08:15.661676
pay_009179,cust_00123,795.28,INR,CARD,SUCCESS,,1,0.633,2026-07-05 15:26:15.661676
pay_004766,cust_01098,2207.55,INR,NETBANKING,SUCCESS,,1,0.588,2026-07-05 15:35:15.661676
pay_004937,cust_02867,1812.6,INR,UPI,SUCCESS,,1,0.905,2026-07-05 16:30:15.661676
pay_003870,cust_00478,4011.4,INR,UPI,SUCCESS,,1,0.569,2026-07-05 16:41:15.661676
pay_001803,cust_01617,1025.85,INR,NETBANKING,SUCCESS,,1,0.796,2026-07-05 16:42:15.661676
pay_002921,cust_02093,1017.33,INR,UPI,SUCCESS,,1,0.787,2026-07-05 16:56:15.661676
pay_005196,cust_01155,1283.15,INR,UPI,SUCCESS,,1,0.719,2026-07-05 17:00:15.661676
pay_005616,cust_00082,234.43,INR,UPI,SUCCESS,,1,0.608,2026-07-05 17:24:15.661676
pay_005340,cust_00374,3349.75,INR,NETBANKING,SUCCESS,,1,0.934,2026-07-05 17:30:15.661676
pay_003470,cust_02028,1517.89,INR,WALLET,SUCCESS,,1,0.913,2026-07-05 17:39:15.661676
pay_003263,cust_00961,876.83,INR,WALLET,SUCCESS,,1,0.962,2026-07-05 17:53:15.661676
pay_002014,cust_02018,852.42,INR,CARD,SUCCESS,,1,0.836,2026-07-05 17:59:15.661676
pay_009231,cust_00616,1733.32,INR,WALLET,SUCCESS,,1,0.746,2026-07-05 18:02:15.661676
pay_001199,cust_02262,2162.74,INR,WALLET,SUCCESS,,1,0.55,2026-07-05 18:11:15.661676
pay_000023,cust_01730,1908.4,INR,UPI,SUCCESS,,1,0.988,2026-07-05 18:18:15.661676
pay_001390,cust_02023,989.57,INR,UPI,SUCCESS,,1,0.774,2026-07-05 18:20:15.661676
pay_009720,cust_02464,1107.02,INR,UPI,SUCCESS,,1,0.818,2026-07-05 18:20:15.661676
pay_001001,cust_00500,5538.53,INR,CARD,SUCCESS,,1,0.689,2026-07-05 18:22:15.661676
pay_008966,cust_01648,525.29,INR,CARD,SUCCESS,,1,0.55,2026-07-05 18:26:15.661676
pay_007468,cust_01941,1347.78,INR,WALLET,SUCCESS,,1,0.586,2026-07-05 18:31:15.661676
pay_001307,cust_02570,1849.27,INR,UPI,FAILED,NETWORK_ERROR,1,0.61,2026-07-05 18:32:15.661676
pay_008714,cust_02171,1390.33,INR,NETBANKING,SUCCESS,,1,0.839,2026-07-05 18:36:15.661676
pay_006896,cust_02687,1174.93,INR,WALLET,SUCCESS,,1,0.892,2026-07-05 18:50:15.661676
pay_009919,cust_02303,1556.75,INR,WALLET,SUCCESS,,1,0.922,2026-07-05 19:00:15.661676
pay_009551,cust_00431,2412.95,INR,NETBANKING,SUCCESS,,1,0.988,2026-07-05 19:11:15.661676
pay_004094,cust_02396,2158.67,INR,NETBANKING,SUCCESS,,1,0.738,2026-07-05 19:25:15.661676
pay_000901,cust_00942,2428.28,INR,WALLET,SUCCESS,,1,0.459,2026-07-05 19:49:15.661676
pay_007783,cust_01731,1971.18,INR,UPI,SUCCESS,,1,0.837,2026-07-05 19:55:15.661676
pay_008160,cust_01111,982.84,INR,WALLET,SUCCESS,,1,0.945,2026-07-05 20:00:15.661676
pay_006289,cust_01746,5762.09,INR,CARD,SUCCESS,,1,0.95,2026-07-05 20:07:15.661676
pay_008334,cust_01416,3197.06,INR,NETBANKING,SUCCESS,,1,0.63,2026-07-05 20:35:15.661676
pay_006057,cust_01601,1919.09,INR,UPI,FAILED,CARD_EXPIRED,1,0.67,2026-07-05 20:43:15.661676
pay_000843,cust_01563,736.44,INR,UPI,SUCCESS,,1,0.841,2026-07-05 20:43:15.661676
pay_000597,cust_00981,1456.95,INR,WALLET,SUCCESS,,1,0.72,2026-07-05 20:44:15.661676
pay_007971,cust_01671,6489.35,INR,NETBANKING,SUCCESS,,1,0.788,2026-07-05 20:51:15.661676
pay_004000,cust_02691,2412.74,INR,NETBANKING,SUCCESS,,1,0.844,2026-07-05 21:15:15.661676
pay_003378,cust_00363,835.78,INR,UPI,SUCCESS,,1,0.696,2026-07-05 21:37:15.661676
pay_004688,cust_01932,845.52,INR,UPI,SUCCESS,,1,0.965,2026-07-05 21:47:15.661676
pay_005231,cust_01810,7677.79,INR,UPI,SUCCESS,,1,0.708,2026-07-05 21:49:15.661676
pay_009202,cust_01568,1235.4,INR,NETBANKING,SUCCESS,,1,0.671,2026-07-05 22:00:15.661676
pay_005003,cust_01121,429.87,INR,WALLET,SUCCESS,,1,0.482,2026-07-05 22:18:15.661676
pay_007972,cust_01221,3028.29,INR,WALLET,SUCCESS,,1,0.817,2026-07-05 22:18:15.661676
pay_007136,cust_00964,2732.34,INR,NETBANKING,SUCCESS,,1,0.769,2026-07-05 22:22:15.661676
pay_001644,cust_01542,2596.44,INR,NETBANKING,SUCCESS,,1,0.865,2026-07-05 22:38:15.661676
pay_008757,cust_01069,1214.57,INR,UPI,SUCCESS,,1,0.592,2026-07-05 22:43:15.661676
pay_008878,cust_02599,678.9,INR,CARD,SUCCESS,,1,0.504,2026-07-05 22:56:15.661676
pay_002885,cust_00205,200.74,INR,UPI,SUCCESS,,1,0.736,2026-07-05 22:57:15.661676
pay_009542,cust_02217,1142.47,INR,UPI,FAILED,LIMIT_EXCEEDED,3,0.886,2026-07-05 22:57:15.661676
pay_005877,cust_02750,495.6,INR,CARD,SUCCESS,,1,0.803,2026-07-05 23:26:15.661676
pay_002276,cust_01975,758.5,INR,UPI,SUCCESS,,1,0.826,2026-07-05 23:27:15.661676
pay_001607,cust_02560,1994.48,INR,WALLET,SUCCESS,,1,0.664,2026-07-05 23:41:15.661676
pay_007977,cust_00068,820.33,INR,NETBANKING,SUCCESS,,1,0.703,2026-07-06 00:09:15.661676
pay_003005,cust_01230,2822.12,INR,NETBANKING,SUCCESS,,1,0.614,2026-07-06 00:48:15.661676
pay_003039,cust_00406,836.99,INR,CARD,SUCCESS,,1,0.789,2026-07-06 01:03:15.661676
pay_008228,cust_01027,10389.85,INR,CARD,SUCCESS,,1,0.865,2026-07-06 01:22:15.661676
pay_004834,cust_01760,2968.44,INR,NETBANKING,FAILED,CARD_EXPIRED,2,0.926,2026-07-06 02:06:15.661676
pay_000659,cust_02317,2118.51,INR,NETBANKING,SUCCESS,,1,0.464,2026-07-06 02:11:15.661676
pay_001458,cust_00969,2452.66,INR,WALLET,SUCCESS,,1,0.969,2026-07-06 02:23:15.661676
pay_006166,cust_00486,1108.31,INR,UPI,SUCCESS,,1,0.463,2026-07-06 02:38:15.661676
pay_001237,cust_00256,6919.93,INR,WALLET,SUCCESS,,1,0.482,2026-07-06 02:39:15.661676
pay_005098,cust_02593,737.01,INR,CARD,SUCCESS,,1,0.61,2026-07-06 02:40:15.661676
pay_000224,cust_00962,497.62,INR,CARD,SUCCESS,,1,0.812,2026-07-06 02:46:15.661676
pay_007827,cust_01065,1724.92,INR,CARD,SUCCESS,,1,0.899,2026-07-06 02:51:15.661676
pay_008856,cust_02047,1063.66,INR,CARD,SUCCESS,,1,0.537,2026-07-06 02:53:15.661676
pay_001255,cust_00977,4827.75,INR,WALLET,SUCCESS,,1,0.742,2026-07-06 03:02:15.661676
pay_004996,cust_01929,1738.59,INR,NETBANKING,SUCCESS,,1,0.516,2026-07-06 03:03:15.661676
pay_007430,cust_01977,520.32,INR,CARD,SUCCESS,,1,0.883,2026-07-06 03:30:15.661676
pay_006709,cust_02701,5824.36,INR,NETBANKING,SUCCESS,,1,0.946,2026-07-06 03:31:15.661676
pay_007913,cust_01716,1525.88,INR,WALLET,SUCCESS,,1,0.47,2026-07-06 03:57:15.661676
pay_003359,cust_02035,2608.51,INR,NETBANKING,SUCCESS,,1,0.969,2026-07-06 04:17:15.661676
pay_005850,cust_01495,1150.19,INR,CARD,SUCCESS,,1,0.727,2026-07-06 05:22:15.661676
pay_007728,cust_02627,496.37,INR,CARD,SUCCESS,,1,0.459,2026-07-06 05:37:15.661676
pay_001579,cust_00152,1004.58,INR,NETBANKING,SUCCESS,,1,0.85,2026-07-06 05:43:15.661676
pay_008238,cust_00944,820.87,INR,NETBANKING,SUCCESS,,1,0.804,2026-07-06 05:50:15.661676
pay_006444,cust_01295,3719.64,INR,NETBANKING,SUCCESS,,1,0.836,2026-07-06 05:58:15.661676
pay_003710,cust_02512,1866.01,INR,UPI,SUCCESS,,1,0.493,2026-07-06 06:02:15.661676
pay_008681,cust_02741,735.61,INR,WALLET,FAILED,TIMEOUT,4,0.564,2026-07-06 06:33:15.661676
pay_000325,cust_02080,808.5,INR,UPI,FAILED,BANK_ERROR,4,0.98,2026-07-06 06:43:15.661676
pay_006580,cust_01823,430.75,INR,CARD,SUCCESS,,1,0.575,2026-07-06 06:59:15.661676
pay_007464,cust_01904,719.57,INR,WALLET,SUCCESS,,1,0.62,2026-07-06 07:01:15.661676
pay_001764,cust_02714,501.91,INR,UPI,SUCCESS,,1,0.69,2026-07-06 07:05:15.661676
pay_002228,cust_02072,1118.41,INR,WALLET,SUCCESS,,1,0.516,2026-07-06 07:17:15.661676
pay_008153,cust_00492,1207.69,INR,WALLET,SUCCESS,,1,0.909,2026-07-06 07:21:15.661676
pay_003044,cust_02976,2163.26,INR,NETBANKING,SUCCESS,,1,0.902,2026-07-06 07:25:15.661676
pay_009521,cust_00824,4120.31,INR,CARD,SUCCESS,,1,0.844,2026-07-06 07:34:15.661676
pay_006104,cust_00576,2392.13,INR,WALLET,SUCCESS,,1,0.898,2026-07-06 07:43:15.661676
pay_004617,cust_01786,4522.51,INR,CARD,SUCCESS,,1,0.833,2026-07-06 07:44:15.661676
pay_002197,cust_01429,2542.01,INR,NETBANKING,SUCCESS,,1,0.96,2026-07-06 07:58:15.661676
pay_001865,cust_01427,5133.14,INR,WALLET,SUCCESS,,1,0.842,2026-07-06 08:03:15.661676
pay_008612,cust_00590,2879.52,INR,UPI,SUCCESS,,1,0.596,2026-07-06 08:15:15.661676
pay_007183,cust_01465,3241.59,INR,UPI,SUCCESS,,1,0.522,2026-07-06 08:19:15.661676
pay_002703,cust_00657,9043.63,INR,CARD,SUCCESS,,1,0.799,2026-07-06 08:26:15.661676
pay_002380,cust_01301,2226.59,INR,WALLET,SUCCESS,,1,0.68,2026-07-06 08:44:15.661676
pay_004891,cust_02356,936.68,INR,NETBANKING,SUCCESS,,1,0.817,2026-07-06 08:49:15.661676
pay_007837,cust_01863,3174.15,INR,NETBANKING,SUCCESS,,1,0.606,2026-07-06 09:12:15.661676
pay_006087,cust_01547,1410.48,INR,UPI,SUCCESS,,1,0.559,2026-07-06 09:30:15.661676
pay_003365,cust_00013,1025.34,INR,CARD,SUCCESS,,1,0.878,2026-07-06 09:34:15.661676
pay_009162,cust_01223,1666.36,INR,UPI,SUCCESS,,1,0.654,2026-07-06 09:46:15.661676
pay_002176,cust_02933,9620.3,INR,WALLET,SUCCESS,,1,0.569,2026-07-06 09:54:15.661676
pay_005541,cust_02656,6983.82,INR,UPI,SUCCESS,,1,0.962,2026-07-06 10:01:15.661676
pay_005919,cust_01983,3031.2,INR,WALLET,SUCCESS,,1,0.693,2026-07-06 10:33:15.661676
pay_005202,cust_00573,1202.16,INR,WALLET,SUCCESS,,1,0.926,2026-07-06 10:46:15.661676
pay_009892,cust_02672,3761.82,INR,CARD,SUCCESS,,1,0.563,2026-07-06 11:06:15.661676
pay_007900,cust_01312,1225.93,INR,NETBANKING,SUCCESS,,1,0.859,2026-07-06 11:10:15.661676
pay_006524,cust_00788,3448.3,INR,NETBANKING,FAILED,LIMIT_EXCEEDED,2,0.501,2026-07-06 11:18:15.661676
pay_009477,cust_00097,2246.99,INR,CARD,FAILED,INSUFFICIENT_FUNDS,3,0.591,2026-07-06 11:31:15.661676
pay_008103,cust_00135,1230.95,INR,CARD,FAILED,NETWORK_ERROR,1,0.829,2026-07-06 12:00:15.661676
pay_006217,cust_00608,1825.81,INR,NETBANKING,FAILED,INSUFFICIENT_FUNDS,4,0.506,2026-07-06 12:10:15.661676
pay_004366,cust_02975,9685.17,INR,CARD,SUCCESS,,1,0.844,2026-07-06 12:22:15.661676
pay_001106,cust_02852,786.88,INR,CARD,SUCCESS,,1,0.693,2026-07-06 12:26:15.661676
pay_009604,cust_00476,1334.48,INR,UPI,FAILED,INSUFFICIENT_FUNDS,2,0.616,2026-07-06 12:36:15.661676
pay_002147,cust_02509,502.34,INR,UPI,SUCCESS,,1,0.981,2026-07-06 13:00:15.661676
pay_009527,cust_02296,698.44,INR,WALLET,FAILED,NETWORK_ERROR,1,0.588,2026-07-06 13:03:15.661676
pay_001076,cust_01367,1218.04,INR,WALLET,SUCCESS,,1,0.46,2026-07-06 13:09:15.661676
pay_009395,cust_01313,2071.4,INR,WALLET,FAILED,BANK_ERROR,2,0.927,2026-07-06 13:54:15.661676
pay_003106,cust_00085,2414.23,INR,UPI,SUCCESS,,1,0.476,2026-07-06 14:02:15.661676
pay_007542,cust_01030,1751.2,INR,CARD,SUCCESS,,1,0.566,2026-07-06 14:11:15.661676
pay_007431,cust_01832,1866.41,INR,NETBANKING,SUCCESS,,1,0.546,2026-07-06 14:16:15.661676
pay_001098,cust_01559,365.56,INR,NETBANKING,SUCCESS,,1,0.851,2026-07-06 14:48:15.661676
pay_004419,cust_02737,1365.56,INR,CARD,SUCCESS,,1,0.452,2026-07-06 14:59:15.661676
pay_008186,cust_02285,625.77,INR,CARD,SUCCESS,,1,0.496,2026-07-06 15:05:15.661676
pay_006536,cust_00856,3485.05,INR,UPI,SUCCESS,,1,0.556,2026-07-06 15:17:15.661676
pay_004606,cust_00056,1475.95,INR,WALLET,SUCCESS,,1,0.825,2026-07-06 15:23:15.661676
pay_003304,cust_00464,795.84,INR,WALLET,FAILED,CARD_EXPIRED,2,0.479,2026-07-06 15:47:15.661676
pay_008392,cust_02431,1646.26,INR,WALLET,SUCCESS,,1,0.918,2026-07-06 15:55:15.661676
pay_003194,cust_02374,1103.11,INR,NETBANKING,SUCCESS,,1,0.737,2026-07-06 16:14:15.661676
pay_001528,cust_00074,6214.22,INR,UPI,SUCCESS,,1,0.543,2026-07-06 16:30:15.661676
pay_007600,cust_00114,2216.72,INR,UPI,SUCCESS,,1,0.553,2026-07-06 16:44:15.661676
pay_007975,cust_02621,1927.41,INR,NETBANKING,SUCCESS,,1,0.923,2026-07-06 16:47:15.661676
pay_008216,cust_02442,2190.53,INR,UPI,SUCCESS,,1,0.496,2026-07-06 16:54:15.661676
pay_004546,cust_01720,2885.49,INR,WALLET,SUCCESS,,1,0.895,2026-07-06 16:56:15.661676
pay_003874,cust_01277,554.72,INR,CARD,SUCCESS,,1,0.965,2026-07-06 17:11:15.661676
pay_001934,cust_00927,1661.11,INR,WALLET,SUCCESS,,1,0.647,2026-07-06 17:26:15.661676
pay_008571,cust_02486,1016.01,INR,CARD,SUCCESS,,1,0.873,2026-07-06 17:29:15.661676
pay_004025,cust_01724,1050.57,INR,WALLET,SUCCESS,,1,0.744,2026-07-06 18:03:15.661676
pay_001008,cust_02395,3005.31,INR,UPI,SUCCESS,,1,0.455,2026-07-06 18:25:15.661676
pay_004316,cust_00764,4042.99,INR,CARD,SUCCESS,,1,0.593,2026-07-06 18:37:15.661676
pay_000440,cust_01263,1729.46,INR,UPI,SUCCESS,,1,0.452,2026-07-06 18:43:15.661676
pay_002487,cust_01418,1326.5,INR,WALLET,SUCCESS,,1,0.45,2026-07-06 18:49:15.661676
pay_005772,cust_00250,1585.42,INR,UPI,SUCCESS,,1,0.902,2026-07-06 18:50:15.661676
pay_007883,cust_02367,5056.68,INR,WALLET,SUCCESS,,1,0.681,2026-07-06 18:52:15.661676
pay_006823,cust_01522,902.95,INR,CARD,SUCCESS,,1,0.805,2026-07-06 19:07:15.661676
pay_005207,cust_01945,4572.76,INR,UPI,SUCCESS,,1,0.518,2026-07-06 19:18:15.661676
pay_008097,cust_01010,4549.63,INR,UPI,SUCCESS,,1,0.985,2026-07-06 19:25:15.661676
pay_006697,cust_02128,4014.42,INR,WALLET,SUCCESS,,1,0.843,2026-07-06 19:33:15.661676
pay_003119,cust_00573,4183.76,INR,NETBANKING,SUCCESS,,1,0.459,2026-07-06 19:37:15.661676
pay_001394,cust_02753,2016.72,INR,UPI,SUCCESS,,1,0.806,2026-07-06 19:38:15.661676
pay_002682,cust_00975,1419.93,INR,CARD,SUCCESS,,1,0.759,2026-07-06 20:30:15.661676
pay_009141,cust_00264,1805.7,INR,CARD,SUCCESS,,1,0.542,2026-07-06 20:55:15.661676
pay_009230,cust_00087,1836.54,INR,WALLET,SUCCESS,,1,0.912,2026-07-06 21:24:15.661676
pay_008659,cust_01000,1909.62,INR,WALLET,SUCCESS,,1,0.814,2026-07-06 21:40:15.661676
pay_002404,cust_00918,1454.88,INR,UPI,SUCCESS,,1,0.691,2026-07-06 21:47:15.661676
pay_006171,cust_00406,891.41,INR,WALLET,FAILED,CARD_EXPIRED,2,0.646,2026-07-06 22:11:15.661676
pay_002692,cust_00340,1487.33,INR,CARD,SUCCESS,,1,0.928,2026-07-06 22:14:15.661676
pay_001812,cust_02915,2033.34,INR,WALLET,SUCCESS,,1,0.976,2026-07-06 22:28:15.661676
pay_007591,cust_01764,918.55,INR,WALLET,SUCCESS,,1,0.641,2026-07-06 22:40:15.661676
pay_007761,cust_00577,5173.9,INR,UPI,SUCCESS,,1,0.56,2026-07-06 22:55:15.661676
pay_000948,cust_02094,1039.48,INR,NETBANKING,SUCCESS,,1,0.761,2026-07-06 22:56:15.661676
pay_004598,cust_02081,5079.76,INR,NETBANKING,SUCCESS,,1,0.806,2026-07-06 22:59:15.661676
pay_006220,cust_00176,5410.42,INR,NETBANKING,FAILED,BANK_ERROR,2,0.762,2026-07-06 23:02:15.661676
pay_002738,cust_01214,2377.66,INR,CARD,SUCCESS,,1,0.491,2026-07-06 23:08:15.661676
pay_007546,cust_00677,2634.39,INR,WALLET,SUCCESS,,1,0.579,2026-07-06 23:09:15.661676
pay_002448,cust_02629,1498.88,INR,WALLET,SUCCESS,,1,0.826,2026-07-06 23:51:15.661676
pay_002132,cust_02643,1836.64,INR,NETBANKING,SUCCESS,,1,0.547,2026-07-06 23:52:15.661676
pay_000961,cust_02326,3023.52,INR,UPI,SUCCESS,,1,0.538,2026-07-07 00:05:15.661676
pay_009469,cust_02997,1045.4,INR,CARD,SUCCESS,,1,0.92,2026-07-07 00:13:15.661676
pay_000247,cust_01389,1236.5,INR,WALLET,SUCCESS,,1,0.501,2026-07-07 00:48:15.661676
pay_002651,cust_01831,874.62,INR,WALLET,SUCCESS,,1,0.866,2026-07-07 01:47:15.661676
pay_002266,cust_00989,4693.84,INR,NETBANKING,SUCCESS,,1,0.745,2026-07-07 01:52:15.661676
pay_009915,cust_01349,3051.87,INR,CARD,SUCCESS,,1,0.789,2026-07-07 02:04:15.661676
pay_002416,cust_02241,2246.65,INR,WALLET,SUCCESS,,1,0.513,2026-07-07 02:16:15.661676
pay_006569,cust_02489,2153.2,INR,CARD,SUCCESS,,1,0.462,2026-07-07 02:51:15.661676
pay_004192,cust_00161,2232.42,INR,WALLET,SUCCESS,,1,0.775,2026-07-07 04:02:15.661676
pay_005781,cust_02159,674.5,INR,WALLET,FAILED,INSUFFICIENT_FUNDS,3,0.626,2026-07-07 04:06:15.661676
pay_003961,cust_02365,1006.96,INR,WALLET,SUCCESS,,1,0.67,2026-07-07 04:14:15.661676
pay_008523,cust_01732,1216.86,INR,NETBANKING,SUCCESS,,1,0.73,2026-07-07 04:18:15.661676
pay_005824,cust_00417,4710.4,INR,NETBANKING,SUCCESS,,1,0.988,2026-07-07 04:33:15.661676
pay_001248,cust_01366,976.55,INR,NETBANKING,SUCCESS,,1,0.988,2026-07-07 04:55:15.661676
pay_005456,cust_02490,5539.11,INR,CARD,SUCCESS,,1,0.475,2026-07-07 05:11:15.661676
pay_005507,cust_02395,779.79,INR,NETBANKING,SUCCESS,,1,0.851,2026-07-07 05:18:15.661676
pay_004890,cust_01047,3007.23,INR,NETBANKING,SUCCESS,,1,0.854,2026-07-07 05:21:15.661676
pay_007632,cust_00416,913.5,INR,UPI,SUCCESS,,1,0.51,2026-07-07 05:31:15.661676
pay_004026,cust_01783,1401.66,INR,WALLET,SUCCESS,,1,0.692,2026-07-07 05:34:15.661676
pay_009530,cust_00529,1601.09,INR,NETBANKING,SUCCESS,,1,0.667,2026-07-07 05:37:15.661676
pay_001475,cust_00692,964.95,INR,UPI,SUCCESS,,1,0.774,2026-07-07 05:50:15.661676
pay_008501,cust_02141,13418.09,INR,UPI,SUCCESS,,1,0.749,2026-07-07 05:51:15.661676
pay_005879,cust_02412,940.18,INR,UPI,SUCCESS,,1,0.838,2026-07-07 06:22:15.661676
pay_005107,cust_00113,793.16,INR,UPI,SUCCESS,,1,0.583,2026-07-07 06:32:15.661676
pay_008379,cust_02510,3455.51,INR,WALLET,SUCCESS,,1,0.812,2026-07-07 06:35:15.661676
pay_008907,cust_00929,3252.84,INR,NETBANKING,SUCCESS,,1,0.595,2026-07-07 06:44:15.661676
pay_004134,cust_01709,5001.6,INR,WALLET,SUCCESS,,1,0.455,2026-07-07 06:46:15.661676
pay_007338,cust_01298,450.23,INR,CARD,SUCCESS,,1,0.839,2026-07-07 06:48:15.661676
pay_005521,cust_01993,995.5,INR,CARD,SUCCESS,,1,0.823,2026-07-07 06:59:15.661676
pay_008898,cust_01369,2306.75,INR,WALLET,SUCCESS,,1,0.779,2026-07-07 07:43:15.661676
pay_008646,cust_00499,373.81,INR,WALLET,SUCCESS,,1,0.538,2026-07-07 07:57:15.661676
pay_001772,cust_00712,7016.65,INR,UPI,SUCCESS,,1,0.456,2026-07-07 08:15:15.661676
pay_008035,cust_01496,1392.3,INR,UPI,SUCCESS,,1,0.664,2026-07-07 08:17:15.661676
pay_003504,cust_02107,1883.63,INR,NETBANKING,SUCCESS,,1,0.524,2026-07-07 08:22:15.661676
pay_004672,cust_00251,490.26,INR,UPI,SUCCESS,,1,0.762,2026-07-07 08:25:15.661676
pay_008507,cust_02796,4182.08,INR,WALLET,SUCCESS,,1,0.618,2026-07-07 08:34:15.661676
pay_007965,cust_00952,1155.94,INR,NETBANKING,SUCCESS,,1,0.56,2026-07-07 08:41:15.661676
pay_007950,cust_02614,1820.9,INR,CARD,SUCCESS,,1,0.744,2026-07-07 08:53:15.661676
pay_006627,cust_01679,2437.74,INR,NETBANKING,SUCCESS,,1,0.811,2026-07-07 09:03:15.661676
pay_003449,cust_02946,1325.89,INR,WALLET,SUCCESS,,1,0.987,2026-07-07 09:39:15.661676
pay_006288,cust_00178,3162.29,INR,WALLET,SUCCESS,,1,0.897,2026-07-07 10:06:15.661676
pay_009775,cust_00295,1419.87,INR,NETBANKING,SUCCESS,,1,0.64,2026-07-07 10:26:15.661676
pay_007202,cust_01786,1904.59,INR,WALLET,SUCCESS,,1,0.611,2026-07-07 10:40:15.661676
pay_008510,cust_00372,2906.87,INR,WALLET,FAILED,BANK_ERROR,1,0.659,2026-07-07 10:49:15.661676
pay_005053,cust_00629,2376.37,INR,UPI,SUCCESS,,1,0.47,2026-07-07 11:41:15.661676
pay_000055,cust_00279,4124.91,INR,CARD,SUCCESS,,1,0.931,2026-07-07 11:49:15.661676
pay_009433,cust_01481,1443.06,INR,NETBANKING,SUCCESS,,1,0.793,2026-07-07 12:46:15.661676
pay_005147,cust_00640,1636.92,INR,WALLET,SUCCESS,,1,0.803,2026-07-07 12:46:15.661676
pay_002791,cust_02566,2910.34,INR,WALLET,SUCCESS,,1,0.494,2026-07-07 12:50:15.661676
pay_004482,cust_01590,2272.52,INR,NETBANKING,SUCCESS,,1,0.582,2026-07-07 12:55:15.661676
pay_005291,cust_02692,6367.66,INR,UPI,FAILED,INSUFFICIENT_FUNDS,2,0.711,2026-07-07 14:03:15.661676
pay_005603,cust_00394,1523.7,INR,WALLET,SUCCESS,,1,0.59,2026-07-07 14:11:15.661676
pay_001097,cust_01011,1925.44,INR,WALLET,SUCCESS,,1,0.778,2026-07-07 14:12:15.661676
pay_003088,cust_01288,4794.27,INR,NETBANKING,SUCCESS,,1,0.836,2026-07-07 14:43:15.661676
pay_005844,cust_00929,330.58,INR,WALLET,SUCCESS,,1,0.948,2026-07-07 14:54:15.661676
pay_006141,cust_00050,1227.33,INR,CARD,SUCCESS,,1,0.464,2026-07-07 15:07:15.661676
pay_001883,cust_02202,673.52,INR,CARD,SUCCESS,,1,0.461,2026-07-07 15:13:15.661676
pay_001920,cust_02773,1239.33,INR,UPI,SUCCESS,,1,0.553,2026-07-07 15:31:15.661676
pay_005370,cust_02984,6445.6,INR,UPI,SUCCESS,,1,0.681,2026-07-07 15:40:15.661676
pay_003934,cust_02739,3323.18,INR,WALLET,SUCCESS,,1,0.979,2026-07-07 15:57:15.661676
pay_005284,cust_00262,2920.94,INR,NETBANKING,SUCCESS,,1,0.725,2026-07-07 15:57:15.661676
pay_001174,cust_00522,1719.74,INR,UPI,SUCCESS,,1,0.88,2026-07-07 16:00:15.661676
pay_003301,cust_00083,2370.47,INR,CARD,SUCCESS,,1,0.867,2026-07-07 16:17:15.661676
pay_009321,cust_01805,1262.53,INR,WALLET,SUCCESS,,1,0.824,2026-07-07 16:24:15.661676
pay_003827,cust_02584,705.61,INR,NETBANKING,FAILED,INSUFFICIENT_FUNDS,3,0.63,2026-07-07 16:27:15.661676
pay_003150,cust_00234,882.44,INR,WALLET,SUCCESS,,1,0.533,2026-07-07 16:31:15.661676
pay_008106,cust_01799,370.68,INR,WALLET,FAILED,NETWORK_ERROR,1,0.625,2026-07-07 16:34:15.661676
pay_009171,cust_02474,750.74,INR,UPI,SUCCESS,,1,0.905,2026-07-07 16:37:15.661676
pay_001192,cust_02916,621.9,INR,WALLET,SUCCESS,,1,0.744,2026-07-07 16:45:15.661676
pay_004165,cust_01333,1278.93,INR,UPI,FAILED,INSUFFICIENT_FUNDS,4,0.501,2026-07-07 16:49:15.661676
pay_005535,cust_02589,1590.28,INR,NETBANKING,SUCCESS,,1,0.501,2026-07-07 17:31:15.661676
pay_006583,cust_02934,1456.86,INR,UPI,SUCCESS,,1,0.94,2026-07-07 17:32:15.661676
pay_000049,cust_00969,2380.09,INR,CARD,SUCCESS,,1,0.565,2026-07-07 17:35:15.661676
pay_004509,cust_01947,3060.12,INR,UPI,FAILED,LIMIT_EXCEEDED,3,0.729,2026-07-07 17:38:15.661676
pay_007021,cust_02028,9311.14,INR,WALLET,SUCCESS,,1,0.771,2026-07-07 17:42:15.661676
pay_005045,cust_01861,3506.76,INR,UPI,SUCCESS,,1,0.802,2026-07-07 17:52:15.661676
pay_006455,cust_00328,541.74,INR,UPI,SUCCESS,,1,0.74,2026-07-07 18:12:15.661676
pay_008421,cust_01017,2275.19,INR,CARD,SUCCESS,,1,0.694,2026-07-07 18:14:15.661676
pay_005228,cust_02243,2521.65,INR,UPI,SUCCESS,,1,0.88,2026-07-07 18:23:15.661676
pay_000413,cust_02255,529.91,INR,CARD,SUCCESS,,1,0.926,2026-07-07 18:40:15.661676
pay_006427,cust_01729,942.45,INR,NETBANKING,SUCCESS,,1,0.929,2026-07-07 19:08:15.661676
pay_004671,cust_01814,3046.79,INR,UPI,SUCCESS,,1,0.551,2026-07-07 19:09:15.661676
pay_008202,cust_01300,4863.27,INR,NETBANKING,SUCCESS,,1,0.677,2026-07-07 19:31:15.661676
pay_003385,cust_01954,4379.63,INR,CARD,SUCCESS,,1,0.576,2026-07-07 19:52:15.661676
pay_009789,cust_00944,516.99,INR,CARD,SUCCESS,,1,0.813,2026-07-07 19:59:15.661676
pay_004159,cust_00879,1075.07,INR,WALLET,FAILED,BANK_ERROR,3,0.793,2026-07-07 19:59:15.661676
pay_003855,cust_00137,1349.64,INR,UPI,FAILED,CARD_EXPIRED,1,0.798,2026-07-07 20:05:15.661676
pay_006911,cust_00188,334.33,INR,CARD,SUCCESS,,1,0.574,2026-07-07 20:12:15.661676
pay_003338,cust_02743,1604.91,INR,NETBANKING,SUCCESS,,1,0.461,2026-07-07 20:16:15.661676
pay_003397,cust_01656,2709.37,INR,UPI,SUCCESS,,1,0.462,2026-07-07 20:39:15.661676
pay_009706,cust_02853,946.55,INR,NETBANKING,SUCCESS,,1,0.882,2026-07-07 20:50:15.661676
pay_003240,cust_02796,3828.9,INR,CARD,SUCCESS,,1,0.732,2026-07-07 20:51:15.661676
pay_005465,cust_01314,374.71,INR,UPI,SUCCESS,,1,0.766,2026-07-07 21:03:15.661676
pay_004796,cust_01991,657.73,INR,WALLET,SUCCESS,,1,0.67,2026-07-07 21:26:15.661676
pay_007866,cust_01639,801.06,INR,UPI,SUCCESS,,1,0.688,2026-07-07 21:30:15.661676
pay_005893,cust_00339,590.36,INR,UPI,SUCCESS,,1,0.579,2026-07-07 21:36:15.661676
pay_006350,cust_01109,1015.59,INR,WALLET,SUCCESS,,1,0.757,2026-07-07 21:49:15.661676
pay_001451,cust_01125,2314.77,INR,WALLET,SUCCESS,,1,0.768,2026-07-07 21:52:15.661676
pay_003447,cust_02227,1653.74,INR,NETBANKING,SUCCESS,,1,0.574,2026-07-07 21:59:15.661676
pay_008892,cust_01442,2764.72,INR,WALLET,SUCCESS,,1,0.467,2026-07-07 22:09:15.661676
pay_000156,cust_00642,1020.98,INR,UPI,SUCCESS,,1,0.771,2026-07-07 22:11:15.661676
pay_001481,cust_01714,3222.48,INR,CARD,SUCCESS,,1,0.466,2026-07-07 22:12:15.661676
pay_005609,cust_01872,3710.55,INR,UPI,SUCCESS,,1,0.697,2026-07-07 22:19:15.661676
pay_004242,cust_01824,3691.01,INR,NETBANKING,SUCCESS,,1,0.807,2026-07-07 22:21:15.661676
pay_002307,cust_02280,2937.69,INR,CARD,SUCCESS,,1,0.957,2026-07-07 22:23:15.661676
pay_008318,cust_00758,3542.14,INR,NETBANKING,SUCCESS,,1,0.805,2026-07-07 22:41:15.661676
pay_005787,cust_02174,1659.75,INR,NETBANKING,SUCCESS,,1,0.788,2026-07-07 22:44:15.661676
pay_001804,cust_02410,538.63,INR,UPI,FAILED,TIMEOUT,1,0.658,2026-07-07 22:46:15.661676
pay_000912,cust_02818,2154.51,INR,NETBANKING,SUCCESS,,1,0.534,2026-07-07 22:54:15.661676
pay_004748,cust_02522,758.32,INR,WALLET,SUCCESS,,1,0.734,2026-07-07 23:19:15.661676
pay_000555,cust_02301,2368.67,INR,WALLET,SUCCESS,,1,0.674,2026-07-07 23:32:15.661676
pay_005372,cust_00514,734.75,INR,CARD,FAILED,INSUFFICIENT_FUNDS,3,0.463,2026-07-07 23:36:15.661676
pay_005153,cust_00015,2736.63,INR,WALLET,SUCCESS,,1,0.482,2026-07-07 23:37:15.661676
pay_000751,cust_00821,863.86,INR,NETBANKING,FAILED,USER_CANCELLED,4,0.527,2026-07-07 23:39:15.661676
pay_006115,cust_02975,1532.13,INR,WALLET,SUCCESS,,1,0.811,2026-07-07 23:41:15.661676
pay_009057,cust_00669,1561.13,INR,UPI,FAILED,INSUFFICIENT_FUNDS,1,0.635,2026-07-07 23:44:15.661676
pay_003098,cust_00762,2883.72,INR,CARD,SUCCESS,,1,0.731,2026-07-08 00:15:15.661676
pay_007879,cust_01341,1134.96,INR,CARD,SUCCESS,,1,0.737,2026-07-08 00:54:15.661676
pay_004417,cust_00341,2229.77,INR,WALLET,SUCCESS,,1,0.538,2026-07-08 01:03:15.661676
pay_003173,cust_01973,630.36,INR,WALLET,SUCCESS,,1,0.798,2026-07-08 01:09:15.661676
pay_006924,cust_01409,1018.67,INR,CARD,SUCCESS,,1,0.861,2026-07-08 01:11:15.661676
pay_004607,cust_00163,1371.79,INR,CARD,SUCCESS,,1,0.592,2026-07-08 01:13:15.661676
pay_002825,cust_00457,1733.81,INR,UPI,SUCCESS,,1,0.459,2026-07-08 01:15:15.661676
pay_006326,cust_00561,583.95,INR,WALLET,SUCCESS,,1,0.554,2026-07-08 01:17:15.661676
pay_005592,cust_00770,1475.63,INR,NETBANKING,SUCCESS,,1,0.885,2026-07-08 01:40:15.661676
pay_003572,cust_02814,5164.62,INR,WALLET,SUCCESS,,1,0.806,2026-07-08 01:40:15.661676
pay_005776,cust_01965,637.61,INR,WALLET,SUCCESS,,1,0.757,2026-07-08 01:53:15.661676
pay_006402,cust_00291,942.74,INR,NETBANKING,SUCCESS,,1,0.934,2026-07-08 02:12:15.661676
pay_008909,cust_02375,2840.74,INR,CARD,SUCCESS,,1,0.575,2026-07-08 02:20:15.661676
pay_008092,cust_01335,3557.79,INR,UPI,FAILED,FRAUD_SUSPECTED,2,0.99,2026-07-08 02:22:15.661676
pay_007053,cust_01949,4188.25,INR,WALLET,SUCCESS,,1,0.561,2026-07-08 03:04:15.661676
pay_001201,cust_02917,1998.55,INR,NETBANKING,FAILED,CARD_EXPIRED,1,0.978,2026-07-08 03:15:15.661676
pay_008143,cust_00281,568.39,INR,UPI,SUCCESS,,1,0.757,2026-07-08 03:27:15.661676
pay_004720,cust_02918,1977.2,INR,WALLET,SUCCESS,,1,0.557,2026-07-08 03:51:15.661676
pay_001229,cust_00279,3909.26,INR,UPI,SUCCESS,,1,0.506,2026-07-08 04:09:15.661676
pay_008930,cust_00326,2001.11,INR,UPI,SUCCESS,,1,0.725,2026-07-08 04:09:15.661676
pay_005104,cust_01850,1924.64,INR,UPI,SUCCESS,,1,0.747,2026-07-08 05:07:15.661676
pay_001323,cust_00952,1708.89,INR,NETBANKING,SUCCESS,,1,0.804,2026-07-08 05:07:15.661676
pay_000988,cust_01531,3647.84,INR,CARD,FAILED,INSUFFICIENT_FUNDS,2,0.538,2026-07-08 05:13:15.661676
pay_007487,cust_01133,4832.34,INR,CARD,SUCCESS,,1,0.956,2026-07-08 05:56:15.661676
pay_000984,cust_01262,1740.33,INR,NETBANKING,SUCCESS,,1,0.614,2026-07-08 06:14:15.661676
pay_009531,cust_01357,3454.41,INR,UPI,SUCCESS,,1,0.486,2026-07-08 06:16:15.661676
pay_004693,cust_02454,3870.14,INR,CARD,SUCCESS,,1,0.473,2026-07-08 06:22:15.661676
pay_007412,cust_01017,1954.61,INR,WALLET,SUCCESS,,1,0.816,2026-07-08 06:27:15.661676
pay_002747,cust_02327,2193.07,INR,CARD,SUCCESS,,1,0.73,2026-07-08 06:30:15.661676
pay_001037,cust_01330,678.16,INR,NETBANKING,SUCCESS,,1,0.683,2026-07-08 06:32:15.661676
pay_008278,cust_02044,3378.54,INR,NETBANKING,SUCCESS,,1,0.644,2026-07-08 06:34:15.661676
pay_009027,cust_00426,1275.11,INR,NETBANKING,SUCCESS,,1,0.757,2026-07-08 06:41:15.661676
pay_006207,cust_00690,1313.47,INR,UPI,SUCCESS,,1,0.841,2026-07-08 06:47:15.661676
pay_006003,cust_00136,850.95,INR,CARD,SUCCESS,,1,0.575,2026-07-08 07:05:15.661676
pay_005242,cust_02798,921.55,INR,WALLET,SUCCESS,,1,0.489,2026-07-08 07:23:15.661676
pay_008839,cust_00210,5631.59,INR,NETBANKING,SUCCESS,,1,0.888,2026-07-08 07:29:15.661676
pay_004389,cust_00980,2031.78,INR,NETBANKING,SUCCESS,,1,0.691,2026-07-08 07:42:15.661676
pay_001640,cust_02756,769.68,INR,CARD,SUCCESS,,1,0.826,2026-07-08 08:20:15.661676
pay_003815,cust_00577,657.47,INR,WALLET,SUCCESS,,1,0.759,2026-07-08 08:25:15.661676
pay_007957,cust_02847,1749.35,INR,CARD,SUCCESS,,1,0.758,2026-07-08 08:26:15.661676
pay_008858,cust_01748,2010.38,INR,CARD,SUCCESS,,1,0.643,2026-07-08 08:41:15.661676
pay_003817,cust_01935,1331.08,INR,UPI,SUCCESS,,1,0.498,2026-07-08 08:53:15.661676
pay_000456,cust_02705,958.82,INR,CARD,SUCCESS,,1,0.483,2026-07-08 09:12:15.661676
pay_005683,cust_00337,807.92,INR,WALLET,SUCCESS,,1,0.918,2026-07-08 09:19:15.661676
pay_007865,cust_01810,1252.5,INR,WALLET,SUCCESS,,1,0.498,2026-07-08 09:24:15.661676
pay_007069,cust_00357,6532.18,INR,CARD,SUCCESS,,1,0.64,2026-07-08 09:39:15.661676
pay_000972,cust_02405,1048.54,INR,WALLET,SUCCESS,,1,0.911,2026-07-08 10:08:15.661676
pay_009561,cust_01720,1402.93,INR,CARD,SUCCESS,,1,0.457,2026-07-08 10:16:15.661676
pay_009238,cust_02301,474.89,INR,CARD,SUCCESS,,1,0.509,2026-07-08 10:16:15.661676
pay_005235,cust_01166,2312.92,INR,NETBANKING,SUCCESS,,1,0.719,2026-07-08 10:20:15.661676
pay_004116,cust_02449,1341.92,INR,NETBANKING,SUCCESS,,1,0.55,2026-07-08 10:24:15.661676
pay_007851,cust_01009,8972.7,INR,CARD,FAILED,NETWORK_ERROR,3,0.632,2026-07-08 10:28:15.661676
pay_008170,cust_00569,1650.98,INR,CARD,SUCCESS,,1,0.495,2026-07-08 10:51:15.661676
pay_005185,cust_00590,4156.15,INR,WALLET,SUCCESS,,1,0.57,2026-07-08 10:58:15.661676
pay_008956,cust_02106,4190.68,INR,UPI,SUCCESS,,1,0.567,2026-07-08 11:02:15.661676
pay_000096,cust_00299,560.7,INR,WALLET,FAILED,CARD_EXPIRED,4,0.717,2026-07-08 11:07:15.661676
pay_009137,cust_00684,1549.26,INR,UPI,SUCCESS,,1,0.913,2026-07-08 11:16:15.661676
pay_007857,cust_01836,688.96,INR,NETBANKING,SUCCESS,,1,0.503,2026-07-08 11:22:15.661676
pay_006688,cust_01313,862.37,INR,NETBANKING,SUCCESS,,1,0.87,2026-07-08 11:49:15.661676
pay_007479,cust_00573,8390.75,INR,NETBANKING,SUCCESS,,1,0.683,2026-07-08 12:05:15.661676
pay_006593,cust_00050,5859.55,INR,UPI,FAILED,FRAUD_SUSPECTED,1,0.8,2026-07-08 12:08:15.661676
pay_001616,cust_01791,23259.9,INR,CARD,SUCCESS,,1,0.735,2026-07-08 12:12:15.661676
pay_005088,cust_02238,2708.14,INR,UPI,SUCCESS,,1,0.915,2026-07-08 12:57:15.661676
pay_005492,cust_01684,4094.08,INR,CARD,SUCCESS,,1,0.578,2026-07-08 13:04:15.661676
pay_003528,cust_00369,9455.25,INR,CARD,SUCCESS,,1,0.536,2026-07-08 13:09:15.661676
pay_005010,cust_02457,1614.49,INR,WALLET,SUCCESS,,1,0.964,2026-07-08 13:24:15.661676
pay_009490,cust_00389,2241.9,INR,WALLET,FAILED,TIMEOUT,3,0.519,2026-07-08 13:35:15.661676
pay_000370,cust_00648,974.18,INR,WALLET,SUCCESS,,1,0.56,2026-07-08 13:42:15.661676
pay_009648,cust_00386,1766.84,INR,CARD,SUCCESS,,1,0.573,2026-07-08 14:00:15.661676
pay_000838,cust_00280,813.48,INR,CARD,SUCCESS,,1,0.668,2026-07-08 14:22:15.661676
pay_004198,cust_00435,516.71,INR,NETBANKING,FAILED,NETWORK_ERROR,2,0.95,2026-07-08 14:31:15.661676
pay_000786,cust_00653,4292.5,INR,UPI,FAILED,INSUFFICIENT_FUNDS,4,0.548,2026-07-08 14:35:15.661676
pay_003505,cust_01356,1210.24,INR,WALLET,SUCCESS,,1,0.625,2026-07-08 14:42:15.661676
pay_001272,cust_02670,2943.37,INR,NETBANKING,SUCCESS,,1,0.878,2026-07-08 15:01:15.661676
pay_007175,cust_01325,5429.97,INR,NETBANKING,FAILED,BANK_ERROR,2,0.969,2026-07-08 15:01:15.661676
pay_009983,cust_00866,2753.84,INR,CARD,SUCCESS,,1,0.643,2026-07-08 15:09:15.661676
pay_002457,cust_02722,1136.78,INR,WALLET,SUCCESS,,1,0.812,2026-07-08 15:21:15.661676
pay_009293,cust_01949,516.17,INR,NETBANKING,SUCCESS,,1,0.939,2026-07-08 15:35:15.661676
pay_005075,cust_00249,2123.19,INR,WALLET,SUCCESS,,1,0.594,2026-07-08 15:36:15.661676
pay_006613,cust_00495,677.94,INR,UPI,SUCCESS,,1,0.612,2026-07-08 15:40:15.661676
pay_005578,cust_00267,2110.55,INR,NETBANKING,FAILED,BANK_ERROR,3,0.506,2026-07-08 15:41:15.661676
pay_006356,cust_02483,1497.84,INR,NETBANKING,SUCCESS,,1,0.703,2026-07-08 15:47:15.661676
pay_005792,cust_01583,243.41,INR,CARD,SUCCESS,,1,0.959,2026-07-08 16:14:15.661676
pay_007507,cust_02962,2131.04,INR,NETBANKING,SUCCESS,,1,0.531,2026-07-08 16:52:15.661676
pay_007597,cust_02898,513.68,INR,NETBANKING,SUCCESS,,1,0.574,2026-07-08 16:54:15.661676
pay_008754,cust_02487,1338.89,INR,WALLET,SUCCESS,,1,0.627,2026-07-08 17:01:15.661676
pay_007759,cust_02520,586.5,INR,NETBANKING,SUCCESS,,1,0.521,2026-07-08 17:13:15.661676
pay_001369,cust_00772,1268.23,INR,UPI,SUCCESS,,1,0.491,2026-07-08 17:28:15.661676
pay_009271,cust_02408,5981.68,INR,UPI,SUCCESS,,1,0.49,2026-07-08 17:41:15.661676
pay_004507,cust_01643,3141.26,INR,WALLET,SUCCESS,,1,0.643,2026-07-08 17:57:15.661676
pay_009413,cust_01292,2826.96,INR,NETBANKING,SUCCESS,,1,0.492,2026-07-08 18:10:15.661676
pay_007160,cust_02637,1309.69,INR,NETBANKING,SUCCESS,,1,0.78,2026-07-08 18:15:15.661676
pay_000417,cust_00153,6253.66,INR,CARD,FAILED,BANK_ERROR,1,0.988,2026-07-08 18:39:15.661676
pay_003902,cust_00536,1629.37,INR,UPI,SUCCESS,,1,0.475,2026-07-08 18:44:15.661676
pay_003168,cust_02891,2051.74,INR,WALLET,SUCCESS,,1,0.577,2026-07-08 18:50:15.661676
pay_005920,cust_01188,750.52,INR,NETBANKING,SUCCESS,,1,0.531,2026-07-08 19:37:15.661676
pay_006705,cust_01012,1481.05,INR,NETBANKING,SUCCESS,,1,0.76,2026-07-08 19:55:15.661676
pay_005731,cust_01074,1610.17,INR,UPI,SUCCESS,,1,0.907,2026-07-08 20:00:15.661676
pay_005538,cust_01698,1362.47,INR,UPI,SUCCESS,,1,0.779,2026-07-08 20:06:15.661676
pay_003027,cust_02601,2105.56,INR,UPI,SUCCESS,,1,0.601,2026-07-08 20:15:15.661676
pay_002013,cust_01008,977.19,INR,WALLET,SUCCESS,,1,0.741,2026-07-08 20:20:15.661676
pay_004896,cust_00031,1793.86,INR,UPI,SUCCESS,,1,0.936,2026-07-08 20:25:15.661676
pay_003649,cust_01063,3382.26,INR,UPI,SUCCESS,,1,0.706,2026-07-08 20:37:15.661676
pay_000770,cust_02551,7707.57,INR,CARD,SUCCESS,,1,0.507,2026-07-08 20:42:15.661676
pay_005334,cust_01626,4696.86,INR,CARD,SUCCESS,,1,0.722,2026-07-08 21:12:15.661676
pay_001285,cust_02375,964.11,INR,NETBANKING,SUCCESS,,1,0.816,2026-07-08 21:13:15.661676
pay_001729,cust_01392,2425.59,INR,CARD,SUCCESS,,1,0.856,2026-07-08 21:24:15.661676
pay_007746,cust_01356,945.85,INR,NETBANKING,SUCCESS,,1,0.77,2026-07-08 21:45:15.661676
pay_001573,cust_02922,2286.66,INR,NETBANKING,SUCCESS,,1,0.818,2026-07-08 21:45:15.661676
pay_005713,cust_00422,3588.14,INR,UPI,FAILED,TIMEOUT,4,0.98,2026-07-08 21:51:15.661676
pay_002453,cust_00540,1713.44,INR,UPI,SUCCESS,,1,0.514,2026-07-08 22:20:15.661676
pay_001112,cust_00733,2151.56,INR,UPI,SUCCESS,,1,0.844,2026-07-08 22:21:15.661676
pay_001900,cust_02095,1427.41,INR,CARD,SUCCESS,,1,0.621,2026-07-08 22:35:15.661676
pay_008625,cust_01516,4095.2,INR,NETBANKING,SUCCESS,,1,0.983,2026-07-08 22:53:15.661676
pay_004614,cust_00024,1200.03,INR,UPI,FAILED,TIMEOUT,2,0.699,2026-07-08 22:59:15.661676
pay_002670,cust_00913,2982.46,INR,UPI,FAILED,BANK_ERROR,4,0.701,2026-07-08 23:00:15.661676
pay_007462,cust_01060,1762.28,INR,NETBANKING,SUCCESS,,1,0.879,2026-07-08 23:04:15.661676
pay_004867,cust_01754,2106.39,INR,WALLET,SUCCESS,,1,0.757,2026-07-08 23:48:15.661676
pay_000997,cust_00890,7617.09,INR,NETBANKING,SUCCESS,,1,0.882,2026-07-08 23:48:15.661676
pay_009450,cust_01815,3268.55,INR,NETBANKING,SUCCESS,,1,0.984,2026-07-08 23:55:15.661676
pay_008175,cust_02777,1240.66,INR,UPI,SUCCESS,,1,0.61,2026-07-09 00:21:15.661676
pay_004485,cust_01132,1759.63,INR,WALLET,SUCCESS,,1,0.987,2026-07-09 00:36:15.661676
pay_004352,cust_00853,1878.06,INR,CARD,SUCCESS,,1,0.641,2026-07-09 00:43:15.661676
pay_004949,cust_02569,1328.04,INR,WALLET,SUCCESS,,1,0.619,2026-07-09 00:50:15.661676
pay_007496,cust_02597,1211.71,INR,WALLET,SUCCESS,,1,0.541,2026-07-09 01:14:15.661676
pay_008518,cust_00308,5068.23,INR,UPI,FAILED,BANK_ERROR,2,0.614,2026-07-09 01:46:15.661676
pay_002140,cust_00192,558.91,INR,NETBANKING,SUCCESS,,1,0.695,2026-07-09 01:58:15.661676
pay_009194,cust_00383,2385.64,INR,WALLET,SUCCESS,,1,0.551,2026-07-09 02:01:15.661676
pay_002478,cust_00033,5782.6,INR,CARD,SUCCESS,,1,0.632,2026-07-09 02:20:15.661676
pay_009114,cust_00235,1395.75,INR,CARD,SUCCESS,,1,0.792,2026-07-09 02:34:15.661676
pay_005545,cust_02831,1349.93,INR,CARD,FAILED,USER_CANCELLED,2,0.492,2026-07-09 02:44:15.661676
pay_002714,cust_02874,590.26,INR,WALLET,SUCCESS,,1,0.507,2026-07-09 02:55:15.661676
pay_008391,cust_01431,2481.78,INR,CARD,SUCCESS,,1,0.688,2026-07-09 02:59:15.661676
pay_006477,cust_01143,4145.36,INR,CARD,SUCCESS,,1,0.714,2026-07-09 03:05:15.661676
pay_004074,cust_02291,1610.14,INR,NETBANKING,SUCCESS,,1,0.548,2026-07-09 03:54:15.661676
pay_008573,cust_00912,2510.67,INR,UPI,FAILED,USER_CANCELLED,1,0.519,2026-07-09 04:14:15.661676
pay_008870,cust_01322,606.14,INR,UPI,SUCCESS,,1,0.491,2026-07-09 04:16:15.661676
pay_008733,cust_00231,2285.32,INR,CARD,SUCCESS,,1,0.736,2026-07-09 04:22:15.661676
pay_008879,cust_00288,2844.76,INR,UPI,SUCCESS,,1,0.854,2026-07-09 04:25:15.661676
pay_002506,cust_02746,934.18,INR,WALLET,SUCCESS,,1,0.614,2026-07-09 04:38:15.661676
pay_002522,cust_01384,19696.72,INR,NETBANKING,SUCCESS,,1,0.549,2026-07-09 04:47:15.661676
pay_009745,cust_00294,2858.29,INR,CARD,SUCCESS,,1,0.691,2026-07-09 05:25:15.661676
pay_007813,cust_02786,2046.99,INR,UPI,FAILED,NETWORK_ERROR,1,0.638,2026-07-09 05:36:15.661676
pay_000551,cust_02355,1937.73,INR,WALLET,SUCCESS,,1,0.793,2026-07-09 05:54:15.661676
pay_001890,cust_02230,1787.26,INR,CARD,FAILED,LIMIT_EXCEEDED,2,0.612,2026-07-09 05:56:15.661676
pay_009712,cust_00500,3109.99,INR,NETBANKING,SUCCESS,,1,0.841,2026-07-09 05:58:15.661676
pay_008126,cust_02558,3670.95,INR,WALLET,SUCCESS,,1,0.51,2026-07-09 06:03:15.661676
pay_004826,cust_02601,2192.93,INR,UPI,SUCCESS,,1,0.501,2026-07-09 06:10:15.661676
pay_005044,cust_02149,943.64,INR,NETBANKING,SUCCESS,,1,0.629,2026-07-09 06:21:15.661676
pay_008352,cust_02114,1158.2,INR,UPI,SUCCESS,,1,0.557,2026-07-09 06:39:15.661676
pay_008663,cust_01862,3419.14,INR,UPI,SUCCESS,,1,0.741,2026-07-09 06:49:15.661676
pay_007277,cust_01860,777.62,INR,WALLET,SUCCESS,,1,0.686,2026-07-09 06:57:15.661676
pay_007145,cust_01358,2316.43,INR,CARD,SUCCESS,,1,0.479,2026-07-09 06:58:15.661676
pay_000603,cust_02575,3625.27,INR,WALLET,SUCCESS,,1,0.495,2026-07-09 07:04:15.661676
pay_006418,cust_00591,5888.19,INR,CARD,SUCCESS,,1,0.959,2026-07-09 07:37:15.661676
pay_005447,cust_02414,614.11,INR,UPI,SUCCESS,,1,0.495,2026-07-09 07:46:15.661676
pay_007849,cust_00857,1074.35,INR,WALLET,SUCCESS,,1,0.573,2026-07-09 07:47:15.661676
pay_009599,cust_02877,2852.09,INR,NETBANKING,SUCCESS,,1,0.844,2026-07-09 08:46:15.661676
pay_006374,cust_00927,5011.76,INR,CARD,FAILED,CARD_EXPIRED,4,0.772,2026-07-09 09:25:15.661676
pay_008526,cust_02029,777.23,INR,NETBANKING,SUCCESS,,1,0.552,2026-07-09 09:30:15.661676
pay_004999,cust_02498,3451.03,INR,UPI,SUCCESS,,1,0.452,2026-07-09 09:31:15.661676
pay_005360,cust_01817,1451.17,INR,WALLET,SUCCESS,,1,0.866,2026-07-09 09:31:15.661676
pay_009186,cust_00802,1714.9,INR,NETBANKING,FAILED,NETWORK_ERROR,4,0.821,2026-07-09 09:35:15.661676
pay_001374,cust_00534,497.28,INR,UPI,SUCCESS,,1,0.873,2026-07-09 09:46:15.661676
pay_005037,cust_02030,10384.57,INR,WALLET,SUCCESS,,1,0.555,2026-07-09 10:01:15.661676
pay_005666,cust_01927,573.06,INR,WALLET,FAILED,INSUFFICIENT_FUNDS,4,0.726,2026-07-09 10:18:15.661676
pay_000159,cust_02561,697.12,INR,CARD,SUCCESS,,1,0.571,2026-07-09 10:29:15.661676
pay_002612,cust_01843,727.67,INR,NETBANKING,SUCCESS,,1,0.862,2026-07-09 10:50:15.661676
pay_007112,cust_02655,2060.47,INR,NETBANKING,SUCCESS,,1,0.959,2026-07-09 11:01:15.661676
pay_000908,cust_02854,3284.61,INR,UPI,SUCCESS,,1,0.708,2026-07-09 11:15:15.661676
pay_003622,cust_01651,2395.11,INR,WALLET,SUCCESS,,1,0.971,2026-07-09 11:25:15.661676
pay_002514,cust_01513,1474.44,INR,NETBANKING,SUCCESS,,1,0.61,2026-07-09 11:43:15.661676
pay_002413,cust_00334,736.54,INR,UPI,SUCCESS,,1,0.653,2026-07-09 11:43:15.661676
pay_008775,cust_01085,5693.42,INR,CARD,SUCCESS,,1,0.705,2026-07-09 12:14:15.661676
pay_006695,cust_00876,2742.3,INR,UPI,SUCCESS,,1,0.453,2026-07-09 12:33:15.661676
pay_001264,cust_00259,865.63,INR,CARD,SUCCESS,,1,0.901,2026-07-09 12:50:15.661676
pay_005972,cust_01630,1809.14,INR,UPI,SUCCESS,,1,0.497,2026-07-09 12:54:15.661676
pay_000241,cust_01962,959.09,INR,WALLET,SUCCESS,,1,0.715,2026-07-09 12:58:15.661676
pay_006986,cust_00433,1159.78,INR,WALLET,SUCCESS,,1,0.816,2026-07-09 13:11:15.661676
pay_005665,cust_01134,1224.02,INR,WALLET,SUCCESS,,1,0.844,2026-07-09 13:13:15.661676
pay_001082,cust_02347,1367.3,INR,CARD,FAILED,TIMEOUT,3,0.693,2026-07-09 13:23:15.661676
pay_005310,cust_01519,826.34,INR,NETBANKING,SUCCESS,,1,0.579,2026-07-09 13:24:15.661676
pay_004405,cust_00227,1635.76,INR,NETBANKING,SUCCESS,,1,0.479,2026-07-09 13:24:15.661676
pay_009290,cust_02283,3689.92,INR,UPI,SUCCESS,,1,0.706,2026-07-09 13:47:15.661676
pay_003019,cust_02463,1260.26,INR,NETBANKING,SUCCESS,,1,0.534,2026-07-09 13:58:15.661676
pay_001130,cust_02896,2351.97,INR,NETBANKING,SUCCESS,,1,0.621,2026-07-09 14:40:15.661676
pay_005756,cust_01790,785.39,INR,NETBANKING,SUCCESS,,1,0.611,2026-07-09 14:46:15.661676
pay_001429,cust_02176,1514.74,INR,WALLET,SUCCESS,,1,0.88,2026-07-09 14:47:15.661676
pay_004238,cust_00982,1369.44,INR,CARD,FAILED,INSUFFICIENT_FUNDS,2,0.889,2026-07-09 14:49:15.661676
pay_004115,cust_00745,6658.93,INR,WALLET,SUCCESS,,1,0.563,2026-07-09 14:51:15.661676
pay_008968,cust_00829,2292.18,INR,CARD,SUCCESS,,1,0.533,2026-07-09 15:27:15.661676
pay_006864,cust_01638,2220.31,INR,WALLET,SUCCESS,,1,0.707,2026-07-09 16:01:15.661676
pay_003308,cust_00731,2414.7,INR,UPI,SUCCESS,,1,0.902,2026-07-09 16:08:15.661676
pay_008833,cust_00278,1224.95,INR,NETBANKING,SUCCESS,,1,0.944,2026-07-09 16:21:15.661676
pay_005625,cust_02891,7134.7,INR,WALLET,SUCCESS,,1,0.858,2026-07-09 16:22:15.661676
pay_004721,cust_00521,4046.98,INR,CARD,SUCCESS,,1,0.668,2026-07-09 16:30:15.661676
pay_002182,cust_02729,1358.37,INR,WALLET,SUCCESS,,1,0.546,2026-07-09 16:34:15.661676
pay_004744,cust_01985,2519.51,INR,WALLET,SUCCESS,,1,0.882,2026-07-09 16:58:15.661676
pay_008365,cust_02749,3648.38,INR,UPI,SUCCESS,,1,0.894,2026-07-09 17:00:15.661676
pay_004004,cust_01402,2638.87,INR,NETBANKING,SUCCESS,,1,0.758,2026-07-09 17:19:15.661676
pay_006555,cust_00677,1444.62,INR,CARD,SUCCESS,,1,0.753,2026-07-09 17:32:15.661676
pay_005495,cust_01255,2552.15,INR,WALLET,SUCCESS,,1,0.475,2026-07-09 17:38:15.661676
pay_006324,cust_02891,5140.25,INR,NETBANKING,SUCCESS,,1,0.719,2026-07-09 18:17:15.661676
pay_003677,cust_00511,1917.08,INR,UPI,SUCCESS,,1,0.467,2026-07-09 18:45:15.661676
pay_000583,cust_02865,2999.57,INR,CARD,SUCCESS,,1,0.83,2026-07-09 19:26:15.661676
pay_000322,cust_00589,2910.63,INR,NETBANKING,SUCCESS,,1,0.641,2026-07-09 19:27:15.661676
pay_008055,cust_02036,1175.7,INR,NETBANKING,SUCCESS,,1,0.6,2026-07-09 19:37:15.661676
pay_000071,cust_02386,2414.18,INR,CARD,SUCCESS,,1,0.616,2026-07-09 20:39:15.661676
pay_003073,cust_01136,2125.71,INR,NETBANKING,SUCCESS,,1,0.569,2026-07-09 20:41:15.661676
pay_003776,cust_02301,2636.57,INR,CARD,SUCCESS,,1,0.559,2026-07-09 20:53:15.661676
pay_003459,cust_01100,1835.47,INR,CARD,SUCCESS,,1,0.743,2026-07-09 21:01:15.661676
pay_009460,cust_01612,1538.96,INR,UPI,SUCCESS,,1,0.798,2026-07-09 21:14:15.661676
pay_000246,cust_02667,1383.54,INR,CARD,SUCCESS,,1,0.573,2026-07-09 21:16:15.661676
pay_008400,cust_01516,1754.34,INR,CARD,SUCCESS,,1,0.973,2026-07-09 21:25:15.661676
pay_005214,cust_02903,2488.55,INR,NETBANKING,SUCCESS,,1,0.529,2026-07-09 21:44:15.661676
pay_002350,cust_02995,1321.32,INR,CARD,SUCCESS,,1,0.761,2026-07-09 22:17:15.661676
pay_007995,cust_00605,1026.64,INR,UPI,SUCCESS,,1,0.922,2026-07-09 22:22:15.661676
pay_008811,cust_00024,2029.21,INR,NETBANKING,SUCCESS,,1,0.829,2026-07-09 22:24:15.661676
pay_003941,cust_01566,2448.72,INR,UPI,SUCCESS,,1,0.601,2026-07-09 23:05:15.661676
pay_006989,cust_00692,1775.88,INR,WALLET,SUCCESS,,1,0.787,2026-07-09 23:08:15.661676
pay_000508,cust_00358,905.79,INR,CARD,SUCCESS,,1,0.75,2026-07-09 23:15:15.661676
pay_007966,cust_00650,1251.07,INR,CARD,SUCCESS,,1,0.626,2026-07-09 23:30:15.661676
pay_003594,cust_02956,553.6,INR,UPI,SUCCESS,,1,0.769,2026-07-09 23:47:15.661676
pay_002749,cust_01491,2462.81,INR,NETBANKING,SUCCESS,,1,0.936,2026-07-09 23:59:15.661676
pay_005735,cust_01349,1142.23,INR,NETBANKING,SUCCESS,,1,0.569,2026-07-10 00:12:15.661676
pay_007582,cust_02818,3083.42,INR,CARD,FAILED,USER_CANCELLED,3,0.564,2026-07-10 00:14:15.661676
pay_003578,cust_02343,1085.04,INR,CARD,SUCCESS,,1,0.563,2026-07-10 00:16:15.661676
pay_002169,cust_00345,1499.35,INR,NETBANKING,SUCCESS,,1,0.664,2026-07-10 00:20:15.661676
pay_007983,cust_00963,1705.67,INR,WALLET,SUCCESS,,1,0.856,2026-07-10 00:27:15.661676
pay_009851,cust_01819,1084.25,INR,CARD,SUCCESS,,1,0.634,2026-07-10 00:27:15.661676
pay_006332,cust_02481,610.0,INR,UPI,SUCCESS,,1,0.945,2026-07-10 00:45:15.661676
pay_009023,cust_00457,789.59,INR,UPI,SUCCESS,,1,0.665,2026-07-10 01:06:15.661676
pay_008194,cust_01155,1944.77,INR,NETBANKING,FAILED,NETWORK_ERROR,4,0.552,2026-07-10 01:25:15.661676
pay_005614,cust_01469,1947.94,INR,WALLET,SUCCESS,,1,0.45,2026-07-10 01:46:15.661676
pay_002231,cust_02696,1045.55,INR,UPI,SUCCESS,,1,0.462,2026-07-10 02:15:15.661676
pay_007796,cust_01201,4697.89,INR,NETBANKING,SUCCESS,,1,0.624,2026-07-10 02:42:15.661676
pay_006275,cust_01116,1309.46,INR,WALLET,SUCCESS,,1,0.488,2026-07-10 02:50:15.661676
pay_005144,cust_02421,1305.1,INR,NETBANKING,SUCCESS,,1,0.957,2026-07-10 02:59:15.661676
pay_006443,cust_02715,597.84,INR,WALLET,SUCCESS,,1,0.942,2026-07-10 03:12:15.661676
pay_002908,cust_02486,732.12,INR,WALLET,SUCCESS,,1,0.91,2026-07-10 03:21:15.661676
pay_002869,cust_01078,2773.47,INR,WALLET,SUCCESS,,1,0.597,2026-07-10 03:33:15.661676
pay_002884,cust_00376,2607.51,INR,UPI,SUCCESS,,1,0.576,2026-07-10 03:36:15.661676
pay_000852,cust_02582,1159.35,INR,WALLET,SUCCESS,,1,0.66,2026-07-10 03:43:15.661676
pay_002199,cust_01407,1082.26,INR,UPI,SUCCESS,,1,0.756,2026-07-10 04:40:15.661676
pay_009024,cust_00224,3658.64,INR,CARD,SUCCESS,,1,0.698,2026-07-10 04:41:15.661676
pay_007442,cust_02112,16878.01,INR,NETBANKING,SUCCESS,,1,0.739,2026-07-10 05:09:15.661676
pay_003144,cust_00927,1116.26,INR,UPI,SUCCESS,,1,0.627,2026-07-10 05:34:15.661676
pay_009148,cust_02259,1231.55,INR,UPI,SUCCESS,,1,0.934,2026-07-10 05:38:15.661676
pay_004802,cust_01622,1726.9,INR,CARD,SUCCESS,,1,0.65,2026-07-10 05:47:15.661676
pay_001515,cust_02515,1692.32,INR,CARD,SUCCESS,,1,0.5,2026-07-10 06:05:15.661676
pay_007499,cust_01875,196.56,INR,CARD,SUCCESS,,1,0.843,2026-07-10 06:05:15.661676
pay_003603,cust_01029,9319.36,INR,WALLET,SUCCESS,,1,0.474,2026-07-10 06:15:15.661676
pay_002368,cust_00878,461.33,INR,UPI,SUCCESS,,1,0.751,2026-07-10 06:33:15.661676
pay_001944,cust_02446,1373.95,INR,UPI,SUCCESS,,1,0.602,2026-07-10 06:34:15.661676
pay_009510,cust_02800,3509.82,INR,UPI,SUCCESS,,1,0.847,2026-07-10 06:44:15.661676
pay_004833,cust_00328,2893.68,INR,WALLET,FAILED,TIMEOUT,4,0.764,2026-07-10 07:26:15.661676
pay_003188,cust_02419,3695.82,INR,CARD,SUCCESS,,1,0.845,2026-07-10 07:54:15.661676
pay_000634,cust_02326,1284.98,INR,UPI,SUCCESS,,1,0.521,2026-07-10 08:00:15.661676
pay_006670,cust_01899,3172.03,INR,CARD,SUCCESS,,1,0.625,2026-07-10 08:12:15.661676
pay_006783,cust_00562,1893.71,INR,WALLET,SUCCESS,,1,0.552,2026-07-10 08:52:15.661676
pay_000130,cust_01884,1208.6,INR,CARD,SUCCESS,,1,0.732,2026-07-10 09:06:15.661676
pay_005871,cust_02710,1087.42,INR,WALLET,SUCCESS,,1,0.743,2026-07-10 09:06:15.661676
pay_000132,cust_01981,1909.98,INR,WALLET,SUCCESS,,1,0.77,2026-07-10 09:17:15.661676
pay_000273,cust_00434,4584.93,INR,CARD,SUCCESS,,1,0.733,2026-07-10 09:30:15.661676
pay_003792,cust_01650,1299.93,INR,CARD,SUCCESS,,1,0.538,2026-07-10 09:39:15.661676
pay_001493,cust_02118,1151.25,INR,NETBANKING,FAILED,NETWORK_ERROR,4,0.862,2026-07-10 09:43:15.661676
pay_006050,cust_00004,907.92,INR,WALLET,FAILED,NETWORK_ERROR,3,0.533,2026-07-10 09:49:15.661676
pay_005777,cust_02130,2595.81,INR,NETBANKING,SUCCESS,,1,0.477,2026-07-10 09:59:15.661676
pay_006244,cust_01596,3801.48,INR,UPI,SUCCESS,,1,0.763,2026-07-10 09:59:15.661676
pay_003769,cust_02823,3077.16,INR,UPI,SUCCESS,,1,0.934,2026-07-10 10:01:15.661676
pay_002816,cust_00277,3467.96,INR,CARD,SUCCESS,,1,0.687,2026-07-10 10:06:15.661676
pay_000083,cust_01416,5897.69,INR,NETBANKING,SUCCESS,,1,0.726,2026-07-10 11:05:15.661676
pay_006965,cust_02111,2113.42,INR,CARD,FAILED,USER_CANCELLED,3,0.919,2026-07-10 11:30:15.661676
pay_003084,cust_02758,739.7,INR,WALLET,SUCCESS,,1,0.733,2026-07-10 11:38:15.661676
pay_007531,cust_02333,4957.61,INR,UPI,SUCCESS,,1,0.784,2026-07-10 11:40:15.661676
pay_003635,cust_00714,2533.2,INR,NETBANKING,SUCCESS,,1,0.848,2026-07-10 12:10:15.661676
pay_009965,cust_02812,6446.66,INR,CARD,SUCCESS,,1,0.577,2026-07-10 12:17:15.661676
pay_007785,cust_02077,2110.59,INR,WALLET,SUCCESS,,1,0.954,2026-07-10 12:21:15.661676
pay_008809,cust_00209,2669.84,INR,UPI,SUCCESS,,1,0.742,2026-07-10 12:26:15.661676
pay_009307,cust_02561,3512.66,INR,CARD,SUCCESS,,1,0.894,2026-07-10 12:30:15.661676
pay_002102,cust_01304,878.63,INR,CARD,SUCCESS,,1,0.833,2026-07-10 13:17:15.661676
pay_003768,cust_01350,5129.72,INR,WALLET,SUCCESS,,1,0.629,2026-07-10 13:34:15.661676
pay_003648,cust_01804,2143.49,INR,NETBANKING,FAILED,INSUFFICIENT_FUNDS,1,0.888,2026-07-10 13:51:15.661676
pay_001971,cust_00308,2906.91,INR,CARD,SUCCESS,,1,0.657,2026-07-10 14:02:15.661676
pay_008090,cust_01968,1191.81,INR,UPI,SUCCESS,,1,0.534,2026-07-10 14:11:15.661676
pay_004015,cust_00760,1697.22,INR,CARD,SUCCESS,,1,0.814,2026-07-10 14:15:15.661676
pay_009758,cust_01820,1216.14,INR,NETBANKING,SUCCESS,,1,0.483,2026-07-10 14:39:15.661676
pay_000036,cust_02662,680.84,INR,NETBANKING,FAILED,INSUFFICIENT_FUNDS,2,0.571,2026-07-10 14:48:15.661676
pay_003025,cust_02479,405.13,INR,UPI,SUCCESS,,1,0.879,2026-07-10 14:48:15.661676
pay_000175,cust_00537,2256.01,INR,NETBANKING,FAILED,INSUFFICIENT_FUNDS,1,0.975,2026-07-10 14:50:15.661676
pay_002622,cust_02204,3399.03,INR,NETBANKING,FAILED,BANK_ERROR,2,0.926,2026-07-10 14:51:15.661676
pay_009304,cust_00014,439.34,INR,CARD,SUCCESS,,1,0.562,2026-07-10 14:56:15.661676
pay_000062,cust_01168,1558.49,INR,CARD,SUCCESS,,1,0.83,2026-07-10 14:59:15.661676
pay_002563,cust_02188,862.35,INR,UPI,SUCCESS,,1,0.842,2026-07-10 15:43:15.661676
pay_007337,cust_01289,1755.9,INR,CARD,SUCCESS,,1,0.988,2026-07-10 15:52:15.661676
pay_008884,cust_01370,1326.71,INR,CARD,SUCCESS,,1,0.676,2026-07-10 16:22:15.661676
pay_002261,cust_00565,2564.17,INR,UPI,SUCCESS,,1,0.653,2026-07-10 16:30:15.661676
pay_008423,cust_02954,1120.33,INR,WALLET,SUCCESS,,1,0.926,2026-07-10 16:42:15.661676
pay_007663,cust_01648,1055.4,INR,WALLET,SUCCESS,,1,0.488,2026-07-10 16:43:15.661676
pay_005929,cust_01806,4650.79,INR,WALLET,SUCCESS,,1,0.703,2026-07-10 16:50:15.661676
pay_000161,cust_01260,829.03,INR,NETBANKING,SUCCESS,,1,0.822,2026-07-10 17:06:15.661676
pay_008390,cust_00629,663.33,INR,NETBANKING,SUCCESS,,1,0.534,2026-07-10 17:11:15.661676
pay_005576,cust_00030,377.71,INR,NETBANKING,SUCCESS,,1,0.829,2026-07-10 17:15:15.661676
pay_005630,cust_00326,2424.67,INR,CARD,SUCCESS,,1,0.654,2026-07-10 17:22:15.661676
pay_008564,cust_00759,2136.22,INR,UPI,SUCCESS,,1,0.934,2026-07-10 17:24:15.661676
pay_009766,cust_00224,1420.29,INR,UPI,SUCCESS,,1,0.554,2026-07-10 17:28:15.661676
pay_006565,cust_00326,1776.7,INR,NETBANKING,SUCCESS,,1,0.511,2026-07-10 17:40:15.661676
pay_001102,cust_00778,178.22,INR,NETBANKING,SUCCESS,,1,0.614,2026-07-10 17:59:15.661676
pay_004214,cust_00883,408.52,INR,NETBANKING,SUCCESS,,1,0.59,2026-07-10 18:02:15.661676
pay_009191,cust_01714,852.65,INR,UPI,SUCCESS,,1,0.716,2026-07-10 18:17:15.661676
pay_009297,cust_00302,984.52,INR,CARD,SUCCESS,,1,0.742,2026-07-10 18:32:15.661676
pay_009942,cust_02262,7640.53,INR,WALLET,SUCCESS,,1,0.821,2026-07-10 18:52:15.661676
pay_004972,cust_02791,1694.53,INR,NETBANKING,SUCCESS,,1,0.468,2026-07-10 18:54:15.661676
pay_000590,cust_02663,911.54,INR,CARD,SUCCESS,,1,0.565,2026-07-10 19:10:15.661676
pay_003550,cust_02339,1756.96,INR,CARD,SUCCESS,,1,0.48,2026-07-10 19:16:15.661676
pay_009825,cust_02394,1570.41,INR,UPI,SUCCESS,,1,0.764,2026-07-10 19:26:15.661676
pay_006164,cust_01973,530.59,INR,WALLET,FAILED,INSUFFICIENT_FUNDS,3,0.646,2026-07-10 19:39:15.661676
pay_001062,cust_01812,185.15,INR,CARD,SUCCESS,,1,0.892,2026-07-10 19:58:15.661676
pay_003739,cust_02930,1344.17,INR,WALLET,SUCCESS,,1,0.605,2026-07-10 20:08:15.661676
pay_001238,cust_01085,1161.11,INR,CARD,SUCCESS,,1,0.979,2026-07-10 20:13:15.661676
pay_005452,cust_02884,1975.76,INR,WALLET,SUCCESS,,1,0.884,2026-07-10 20:31:15.661676
pay_002057,cust_01676,1235.24,INR,CARD,SUCCESS,,1,0.906,2026-07-10 20:46:15.661676
pay_001330,cust_01297,2921.76,INR,CARD,SUCCESS,,1,0.55,2026-07-10 20:54:15.661676
pay_008970,cust_02103,5969.16,INR,CARD,SUCCESS,,1,0.729,2026-07-10 20:59:15.661676
pay_007387,cust_00006,1404.07,INR,WALLET,SUCCESS,,1,0.487,2026-07-10 21:11:15.661676
pay_005221,cust_01544,7538.81,INR,NETBANKING,SUCCESS,,1,0.902,2026-07-10 21:20:15.661676
pay_006723,cust_01649,2360.66,INR,NETBANKING,SUCCESS,,1,0.682,2026-07-10 21:47:15.661676
pay_006936,cust_02644,2655.76,INR,NETBANKING,SUCCESS,,1,0.595,2026-07-10 21:56:15.661676
pay_006355,cust_01069,343.2,INR,UPI,SUCCESS,,1,0.826,2026-07-10 22:16:15.661676
pay_004495,cust_01467,3588.04,INR,UPI,SUCCESS,,1,0.699,2026-07-10 22:19:15.661676
pay_008664,cust_01829,6844.42,INR,NETBANKING,SUCCESS,,1,0.697,2026-07-10 22:19:15.661676
pay_004391,cust_01657,2729.59,INR,WALLET,SUCCESS,,1,0.479,2026-07-10 22:29:15.661676
pay_006638,cust_01618,632.87,INR,NETBANKING,SUCCESS,,1,0.704,2026-07-10 22:32:15.661676
pay_007648,cust_02038,9279.71,INR,CARD,SUCCESS,,1,0.796,2026-07-10 23:02:15.661676
pay_009190,cust_01764,6556.65,INR,NETBANKING,SUCCESS,,1,0.901,2026-07-10 23:13:15.661676
pay_008336,cust_00278,2466.48,INR,WALLET,SUCCESS,,1,0.765,2026-07-10 23:29:15.661676
pay_002445,cust_00044,1209.09,INR,CARD,SUCCESS,,1,0.555,2026-07-10 23:30:15.661676
pay_007315,cust_00415,739.27,INR,WALLET,SUCCESS,,1,0.924,2026-07-11 00:00:15.661676
pay_007381,cust_02155,3809.8,INR,CARD,SUCCESS,,1,0.936,2026-07-11 00:06:15.661676
pay_008724,cust_02157,2335.89,INR,WALLET,SUCCESS,,1,0.713,2026-07-11 00:17:15.661676
pay_009828,cust_00384,1118.12,INR,WALLET,SUCCESS,,1,0.9,2026-07-11 00:18:15.661676
pay_008029,cust_01545,492.7,INR,UPI,SUCCESS,,1,0.663,2026-07-11 00:23:15.661676
pay_006710,cust_00360,1433.16,INR,CARD,SUCCESS,,1,0.933,2026-07-11 00:25:15.661676
pay_002887,cust_02997,1186.78,INR,UPI,SUCCESS,,1,0.453,2026-07-11 00:27:15.661676
pay_005203,cust_02529,2037.68,INR,UPI,SUCCESS,,1,0.712,2026-07-11 00:41:15.661676
pay_006900,cust_01494,555.79,INR,CARD,SUCCESS,,1,0.774,2026-07-11 00:49:15.661676
pay_003422,cust_02029,1699.73,INR,WALLET,SUCCESS,,1,0.661,2026-07-11 00:50:15.661676
pay_003683,cust_01113,2085.9,INR,UPI,SUCCESS,,1,0.729,2026-07-11 01:11:15.661676
pay_006023,cust_00251,13276.45,INR,WALLET,FAILED,USER_CANCELLED,3,0.961,2026-07-11 01:14:15.661676
pay_009516,cust_02140,615.58,INR,WALLET,SUCCESS,,1,0.946,2026-07-11 01:21:15.661676
pay_001088,cust_01685,2188.63,INR,NETBANKING,SUCCESS,,1,0.894,2026-07-11 01:31:15.661676
pay_009068,cust_00549,2860.52,INR,CARD,FAILED,INSUFFICIENT_FUNDS,4,0.48,2026-07-11 01:39:15.661676
pay_009026,cust_02352,3151.82,INR,WALLET,SUCCESS,,1,0.814,2026-07-11 01:39:15.661676
pay_007935,cust_00728,1553.47,INR,NETBANKING,SUCCESS,,1,0.975,2026-07-11 02:23:15.661676
pay_008505,cust_02756,603.09,INR,CARD,SUCCESS,,1,0.85,2026-07-11 02:58:15.661676
pay_000197,cust_02596,891.51,INR,UPI,SUCCESS,,1,0.612,2026-07-11 02:59:15.661676
pay_001151,cust_00828,818.02,INR,UPI,SUCCESS,,1,0.881,2026-07-11 03:12:15.661676
pay_002305,cust_01084,8924.31,INR,CARD,SUCCESS,,1,0.688,2026-07-11 03:16:15.661676
pay_007524,cust_01793,2594.06,INR,CARD,SUCCESS,,1,0.961,2026-07-11 03:17:15.661676
pay_005375,cust_01771,2553.72,INR,WALLET,SUCCESS,,1,0.823,2026-07-11 03:22:15.661676
pay_002837,cust_01887,8294.18,INR,WALLET,FAILED,INSUFFICIENT_FUNDS,3,0.626,2026-07-11 03:27:15.661676
pay_003663,cust_00622,2437.38,INR,UPI,SUCCESS,,1,0.753,2026-07-11 03:34:15.661676
pay_002293,cust_01568,1935.76,INR,WALLET,SUCCESS,,1,0.561,2026-07-11 03:44:15.661676
pay_005823,cust_00875,741.1,INR,NETBANKING,SUCCESS,,1,0.46,2026-07-11 03:47:15.661676
pay_009272,cust_02176,5027.85,INR,CARD,SUCCESS,,1,0.57,2026-07-11 04:12:15.661676
pay_000767,cust_00475,1758.14,INR,WALLET,SUCCESS,,1,0.746,2026-07-11 04:23:15.661676
pay_008310,cust_02111,1462.57,INR,WALLET,SUCCESS,,1,0.937,2026-07-11 04:31:15.661676
pay_006267,cust_01815,1917.29,INR,NETBANKING,SUCCESS,,1,0.778,2026-07-11 05:42:15.661676
pay_005837,cust_00969,393.96,INR,WALLET,SUCCESS,,1,0.585,2026-07-11 06:15:15.661676
pay_006259,cust_00744,810.17,INR,WALLET,SUCCESS,,1,0.748,2026-07-11 06:35:15.661676
pay_005973,cust_01064,3129.68,INR,NETBANKING,FAILED,BANK_ERROR,2,0.667,2026-07-11 06:49:15.661676
pay_000533,cust_02125,1714.94,INR,CARD,SUCCESS,,1,0.7,2026-07-11 07:35:15.661676
pay_005794,cust_01620,2021.51,INR,UPI,SUCCESS,,1,0.869,2026-07-11 07:39:15.661676
pay_008192,cust_01034,1302.42,INR,NETBANKING,SUCCESS,,1,0.476,2026-07-11 07:51:15.661676
pay_001339,cust_01646,1325.39,INR,CARD,SUCCESS,,1,0.626,2026-07-11 08:00:15.661676
pay_001628,cust_01248,5038.25,INR,WALLET,SUCCESS,,1,0.793,2026-07-11 08:01:15.661676
pay_000654,cust_01127,746.04,INR,NETBANKING,FAILED,BANK_ERROR,2,0.8,2026-07-11 08:05:15.661676
pay_002728,cust_01019,5287.92,INR,NETBANKING,SUCCESS,,1,0.625,2026-07-11 08:05:15.661676
pay_003031,cust_02723,246.99,INR,CARD,SUCCESS,,1,0.745,2026-07-11 08:17:15.661676
pay_003081,cust_01783,4724.07,INR,WALLET,SUCCESS,,1,0.504,2026-07-11 08:25:15.661676
pay_001592,cust_01951,174.67,INR,CARD,SUCCESS,,1,0.815,2026-07-11 08:25:15.661676
pay_001576,cust_02869,1757.22,INR,WALLET,SUCCESS,,1,0.929,2026-07-11 08:28:15.661676
pay_008978,cust_01973,1735.43,INR,NETBANKING,SUCCESS,,1,0.743,2026-07-11 08:47:15.661676
pay_009596,cust_02694,1259.97,INR,NETBANKING,SUCCESS,,1,0.529,2026-07-11 08:51:15.661676
pay_008587,cust_02442,8032.4,INR,CARD,SUCCESS,,1,0.508,2026-07-11 08:53:15.661676
pay_000426,cust_01572,5404.06,INR,CARD,SUCCESS,,1,0.965,2026-07-11 09:40:15.661676
pay_006640,cust_02057,1749.04,INR,UPI,FAILED,NETWORK_ERROR,4,0.762,2026-07-11 09:42:15.661676
pay_003615,cust_02771,3147.25,INR,NETBANKING,SUCCESS,,1,0.682,2026-07-11 09:51:15.661676
pay_006413,cust_02212,427.09,INR,NETBANKING,SUCCESS,,1,0.453,2026-07-11 09:56:15.661676
pay_009972,cust_00717,3168.81,INR,NETBANKING,SUCCESS,,1,0.565,2026-07-11 10:01:15.661676
pay_006978,cust_01351,4031.08,INR,NETBANKING,SUCCESS,,1,0.694,2026-07-11 10:18:15.661676
pay_003252,cust_01399,2295.09,INR,CARD,SUCCESS,,1,0.841,2026-07-11 10:24:15.661676
pay_002048,cust_02055,1794.64,INR,NETBANKING,SUCCESS,,1,0.633,2026-07-11 11:18:15.661676
pay_005376,cust_00046,3267.37,INR,CARD,SUCCESS,,1,0.496,2026-07-11 11:26:15.661676
pay_009107,cust_02121,3318.23,INR,UPI,SUCCESS,,1,0.816,2026-07-11 11:29:15.661676
pay_003467,cust_02229,1300.55,INR,WALLET,SUCCESS,,1,0.556,2026-07-11 11:31:15.661676
pay_007564,cust_00937,3634.51,INR,CARD,SUCCESS,,1,0.533,2026-07-11 11:47:15.661676
pay_002790,cust_01313,2090.46,INR,CARD,SUCCESS,,1,0.608,2026-07-11 12:13:15.661676
pay_007587,cust_00585,787.31,INR,NETBANKING,SUCCESS,,1,0.536,2026-07-11 12:16:15.661676
pay_008836,cust_02392,1780.59,INR,NETBANKING,SUCCESS,,1,0.701,2026-07-11 12:35:15.661676
pay_005146,cust_00597,1995.77,INR,CARD,SUCCESS,,1,0.497,2026-07-11 12:59:15.661676
pay_006010,cust_02502,925.49,INR,NETBANKING,SUCCESS,,1,0.538,2026-07-11 13:15:15.661676
pay_008344,cust_01675,623.79,INR,WALLET,SUCCESS,,1,0.871,2026-07-11 13:23:15.661676
pay_006600,cust_02607,7279.03,INR,NETBANKING,SUCCESS,,1,0.49,2026-07-11 13:28:15.661676
pay_004228,cust_02519,2529.47,INR,UPI,SUCCESS,,1,0.631,2026-07-11 13:48:15.661676
pay_005537,cust_01502,777.04,INR,NETBANKING,SUCCESS,,1,0.852,2026-07-11 13:49:15.661676
pay_004635,cust_01593,1050.07,INR,NETBANKING,SUCCESS,,1,0.989,2026-07-11 13:49:15.661676
pay_004504,cust_01230,2515.93,INR,UPI,SUCCESS,,1,0.585,2026-07-11 13:57:15.661676
pay_007763,cust_02032,795.7,INR,CARD,SUCCESS,,1,0.547,2026-07-11 14:14:15.661676
pay_004204,cust_01206,832.31,INR,WALLET,SUCCESS,,1,0.721,2026-07-11 14:14:15.661676
pay_009364,cust_00030,2021.22,INR,CARD,SUCCESS,,1,0.98,2026-07-11 14:15:15.661676
pay_008355,cust_02311,10454.21,INR,NETBANKING,SUCCESS,,1,0.847,2026-07-11 14:24:15.661676
pay_003171,cust_00605,848.44,INR,UPI,SUCCESS,,1,0.84,2026-07-11 14:26:15.661676
pay_003521,cust_00910,2703.21,INR,WALLET,FAILED,USER_CANCELLED,3,0.797,2026-07-11 14:37:15.661676
pay_006446,cust_02838,881.46,INR,NETBANKING,FAILED,NETWORK_ERROR,1,0.581,2026-07-11 14:38:15.661676
pay_007419,cust_01744,1779.46,INR,WALLET,SUCCESS,,1,0.468,2026-07-11 14:54:15.661676
pay_008061,cust_01801,1966.92,INR,WALLET,FAILED,BANK_ERROR,2,0.658,2026-07-11 15:10:15.661676
pay_006071,cust_02963,2867.4,INR,WALLET,SUCCESS,,1,0.919,2026-07-11 15:35:15.661676
pay_000638,cust_00433,1917.26,INR,CARD,SUCCESS,,1,0.67,2026-07-11 15:51:15.661676
pay_000542,cust_00120,732.33,INR,CARD,SUCCESS,,1,0.66,2026-07-11 15:52:15.661676
pay_008891,cust_02231,1419.68,INR,CARD,SUCCESS,,1,0.886,2026-07-11 15:53:15.661676
pay_003178,cust_01629,1210.61,INR,NETBANKING,SUCCESS,,1,0.627,2026-07-11 15:57:15.661676
pay_004682,cust_02501,1140.09,INR,WALLET,SUCCESS,,1,0.655,2026-07-11 16:01:15.661676
pay_000562,cust_01220,9512.11,INR,UPI,SUCCESS,,1,0.916,2026-07-11 16:13:15.661676
pay_009468,cust_01862,408.41,INR,NETBANKING,SUCCESS,,1,0.929,2026-07-11 16:30:15.661676
pay_007535,cust_00178,1184.17,INR,CARD,FAILED,LIMIT_EXCEEDED,1,0.53,2026-07-11 16:38:15.661676
pay_003118,cust_02616,987.69,INR,CARD,SUCCESS,,1,0.877,2026-07-11 16:40:15.661676
pay_001408,cust_00488,6009.32,INR,WALLET,SUCCESS,,1,0.653,2026-07-11 17:03:15.661676
pay_004319,cust_02673,2045.9,INR,NETBANKING,SUCCESS,,1,0.454,2026-07-11 17:15:15.661676
pay_004516,cust_01318,871.1,INR,WALLET,SUCCESS,,1,0.706,2026-07-11 17:18:15.661676
pay_004532,cust_00104,3851.31,INR,UPI,SUCCESS,,1,0.929,2026-07-11 18:04:15.661676
pay_008945,cust_00042,820.24,INR,WALLET,SUCCESS,,1,0.878,2026-07-11 18:17:15.661676
pay_007899,cust_00228,618.87,INR,UPI,SUCCESS,,1,0.723,2026-07-11 18:26:15.661676
pay_004006,cust_00867,2904.61,INR,NETBANKING,SUCCESS,,1,0.643,2026-07-11 18:41:15.661676
pay_001752,cust_01336,3109.76,INR,WALLET,SUCCESS,,1,0.562,2026-07-11 18:51:15.661676
pay_009951,cust_00378,3620.05,INR,UPI,SUCCESS,,1,0.685,2026-07-11 18:52:15.661676
pay_008191,cust_02018,2931.42,INR,WALLET,SUCCESS,,1,0.696,2026-07-11 19:01:15.661676
pay_009649,cust_02032,2326.17,INR,CARD,SUCCESS,,1,0.509,2026-07-11 19:02:15.661676
pay_005677,cust_01985,2087.45,INR,NETBANKING,SUCCESS,,1,0.565,2026-07-11 19:08:15.661676
pay_005732,cust_01955,1871.38,INR,NETBANKING,FAILED,NETWORK_ERROR,3,0.472,2026-07-11 19:19:15.661676
pay_001713,cust_01378,317.94,INR,WALLET,SUCCESS,,1,0.671,2026-07-11 19:19:15.661676
pay_003647,cust_00659,2223.7,INR,UPI,FAILED,USER_CANCELLED,2,0.758,2026-07-11 19:37:15.661676
pay_007802,cust_01234,1049.52,INR,WALLET,FAILED,FRAUD_SUSPECTED,2,0.679,2026-07-11 19:55:15.661676
pay_000572,cust_01697,6912.94,INR,WALLET,SUCCESS,,1,0.879,2026-07-11 21:09:15.661676
pay_000239,cust_01483,1064.83,INR,UPI,SUCCESS,,1,0.961,2026-07-11 21:11:15.661676
pay_006573,cust_00949,10040.74,INR,WALLET,SUCCESS,,1,0.594,2026-07-11 21:20:15.661676
pay_007644,cust_01027,1819.25,INR,WALLET,SUCCESS,,1,0.477,2026-07-11 21:21:15.661676
pay_002684,cust_02365,3247.03,INR,WALLET,FAILED,INSUFFICIENT_FUNDS,3,0.745,2026-07-11 21:24:15.661676
pay_009038,cust_00886,5311.09,INR,WALLET,SUCCESS,,1,0.842,2026-07-11 21:53:15.661676
pay_002691,cust_01424,801.64,INR,NETBANKING,SUCCESS,,1,0.982,2026-07-11 22:24:15.661676
pay_004549,cust_01531,2511.01,INR,UPI,SUCCESS,,1,0.723,2026-07-11 22:34:15.661676
pay_000814,cust_01405,2115.92,INR,NETBANKING,SUCCESS,,1,0.525,2026-07-11 23:01:15.661676
pay_003217,cust_00172,480.44,INR,UPI,SUCCESS,,1,0.758,2026-07-11 23:09:15.661676
pay_009005,cust_02177,1596.65,INR,WALLET,SUCCESS,,1,0.46,2026-07-11 23:12:15.661676
pay_003947,cust_00982,2779.72,INR,UPI,FAILED,NETWORK_ERROR,2,0.649,2026-07-11 23:47:15.661676
pay_006122,cust_00196,2034.91,INR,WALLET,SUCCESS,,1,0.807,2026-07-11 23:52:15.661676
pay_001465,cust_02244,1136.36,INR,NETBANKING,SUCCESS,,1,0.861,2026-07-11 23:55:15.661676
pay_001671,cust_02456,1493.47,INR,UPI,SUCCESS,,1,0.879,2026-07-12 00:15:15.661676
pay_002362,cust_01374,612.69,INR,NETBANKING,SUCCESS,,1,0.727,2026-07-12 00:22:15.661676
pay_005504,cust_02458,598.48,INR,CARD,SUCCESS,,1,0.492,2026-07-12 00:29:15.661676
pay_001799,cust_01900,4276.14,INR,NETBANKING,SUCCESS,,1,0.754,2026-07-12 00:40:15.661676
pay_007072,cust_00597,854.54,INR,NETBANKING,SUCCESS,,1,0.633,2026-07-12 00:51:15.661676
pay_000026,cust_01781,1975.82,INR,CARD,SUCCESS,,1,0.84,2026-07-12 00:56:15.661676
pay_006534,cust_02931,4935.85,INR,WALLET,SUCCESS,,1,0.83,2026-07-12 01:04:15.661676
pay_007790,cust_01480,4457.0,INR,CARD,SUCCESS,,1,0.51,2026-07-12 01:26:15.661676
pay_001018,cust_01079,1227.69,INR,NETBANKING,SUCCESS,,1,0.795,2026-07-12 01:43:15.661676
pay_006777,cust_00781,3632.67,INR,NETBANKING,SUCCESS,,1,0.661,2026-07-12 01:50:15.661676
pay_004695,cust_02121,1552.0,INR,UPI,SUCCESS,,1,0.531,2026-07-12 02:06:15.661676
pay_000420,cust_01373,1908.39,INR,NETBANKING,FAILED,INSUFFICIENT_FUNDS,4,0.93,2026-07-12 02:18:15.661676
pay_008469,cust_01479,687.4,INR,NETBANKING,SUCCESS,,1,0.481,2026-07-12 02:41:15.661676
pay_003012,cust_02967,5222.01,INR,UPI,SUCCESS,,1,0.632,2026-07-12 03:02:15.661676
pay_000218,cust_02198,1495.99,INR,UPI,SUCCESS,,1,0.854,2026-07-12 03:15:15.661676
pay_008177,cust_01173,6503.39,INR,NETBANKING,SUCCESS,,1,0.647,2026-07-12 03:21:15.661676
pay_000431,cust_01959,701.62,INR,CARD,SUCCESS,,1,0.777,2026-07-12 03:40:15.661676
pay_006127,cust_01101,4616.76,INR,UPI,SUCCESS,,1,0.465,2026-07-12 03:42:15.661676
pay_008513,cust_02587,2186.95,INR,UPI,SUCCESS,,1,0.956,2026-07-12 03:53:15.661676
pay_008002,cust_00331,1208.43,INR,NETBANKING,SUCCESS,,1,0.621,2026-07-12 03:54:15.661676
pay_008047,cust_02949,1092.94,INR,NETBANKING,FAILED,NETWORK_ERROR,4,0.559,2026-07-12 04:22:15.661676
pay_003579,cust_00055,941.71,INR,CARD,SUCCESS,,1,0.809,2026-07-12 04:28:15.661676
pay_009803,cust_02717,11435.86,INR,WALLET,SUCCESS,,1,0.486,2026-07-12 04:51:15.661676
pay_009564,cust_01361,5500.06,INR,CARD,SUCCESS,,1,0.745,2026-07-12 06:03:15.661676
pay_007860,cust_02276,2795.22,INR,UPI,SUCCESS,,1,0.518,2026-07-12 06:05:15.661676
pay_004704,cust_02560,2870.91,INR,UPI,SUCCESS,,1,0.859,2026-07-12 06:32:15.661676
pay_005707,cust_01282,3940.18,INR,NETBANKING,SUCCESS,,1,0.903,2026-07-12 07:15:15.661676
pay_006027,cust_00912,4260.8,INR,NETBANKING,SUCCESS,,1,0.897,2026-07-12 07:23:15.661676
pay_001831,cust_00411,3186.16,INR,UPI,FAILED,INSUFFICIENT_FUNDS,2,0.464,2026-07-12 07:55:15.661676
pay_007725,cust_01320,6699.37,INR,NETBANKING,FAILED,LIMIT_EXCEEDED,4,0.565,2026-07-12 08:00:15.661676
pay_008148,cust_00651,6848.01,INR,UPI,SUCCESS,,1,0.594,2026-07-12 08:10:15.661676
pay_000808,cust_01610,1232.75,INR,CARD,SUCCESS,,1,0.553,2026-07-12 08:11:15.661676
pay_002236,cust_00115,3244.16,INR,NETBANKING,SUCCESS,,1,0.66,2026-07-12 08:16:15.661676
pay_006335,cust_01268,1649.71,INR,UPI,SUCCESS,,1,0.707,2026-07-12 08:18:15.661676
pay_000950,cust_02812,2196.61,INR,CARD,FAILED,LIMIT_EXCEEDED,4,0.62,2026-07-12 08:31:15.661676
pay_002799,cust_00879,1356.0,INR,UPI,FAILED,USER_CANCELLED,3,0.489,2026-07-12 08:36:15.661676
pay_001868,cust_00222,4453.14,INR,NETBANKING,SUCCESS,,1,0.762,2026-07-12 09:15:15.661676
pay_003876,cust_00035,4691.56,INR,CARD,SUCCESS,,1,0.731,2026-07-12 09:21:15.661676
pay_004698,cust_00124,5004.32,INR,UPI,SUCCESS,,1,0.724,2026-07-12 09:30:15.661676
pay_001290,cust_01530,323.01,INR,CARD,SUCCESS,,1,0.791,2026-07-12 09:42:15.661676
pay_001497,cust_02298,9406.94,INR,WALLET,SUCCESS,,1,0.907,2026-07-12 09:45:15.661676
pay_002964,cust_02949,776.47,INR,NETBANKING,FAILED,CARD_EXPIRED,2,0.947,2026-07-12 10:01:15.661676
pay_005019,cust_01436,2047.26,INR,UPI,SUCCESS,,1,0.664,2026-07-12 10:06:15.661676
pay_001325,cust_02247,1903.75,INR,WALLET,SUCCESS,,1,0.521,2026-07-12 10:17:15.661676
pay_007871,cust_01049,6133.07,INR,NETBANKING,SUCCESS,,1,0.887,2026-07-12 10:19:15.661676
pay_000240,cust_00178,3575.81,INR,NETBANKING,SUCCESS,,1,0.467,2026-07-12 10:22:15.661676
pay_007172,cust_00773,1484.18,INR,NETBANKING,SUCCESS,,1,0.479,2026-07-12 10:24:15.661676
pay_009740,cust_00559,2502.07,INR,CARD,SUCCESS,,1,0.917,2026-07-12 10:26:15.661676
pay_006880,cust_00743,491.84,INR,CARD,SUCCESS,,1,0.615,2026-07-12 10:26:15.661676
pay_008678,cust_02835,2582.58,INR,NETBANKING,SUCCESS,,1,0.521,2026-07-12 10:55:15.661676
pay_009708,cust_02442,4000.21,INR,WALLET,SUCCESS,,1,0.646,2026-07-12 11:05:15.661676
pay_006620,cust_02982,1509.89,INR,WALLET,SUCCESS,,1,0.703,2026-07-12 11:21:15.661676
pay_004711,cust_00640,1111.34,INR,CARD,SUCCESS,,1,0.455,2026-07-12 11:26:15.661676
pay_007294,cust_01455,826.66,INR,CARD,SUCCESS,,1,0.601,2026-07-12 11:40:15.661676
pay_005264,cust_02685,2524.94,INR,UPI,SUCCESS,,1,0.574,2026-07-12 12:22:15.661676
pay_009288,cust_00533,2473.68,INR,WALLET,FAILED,BANK_ERROR,4,0.976,2026-07-12 12:53:15.661676
pay_003079,cust_00906,2180.3,INR,CARD,SUCCESS,,1,0.932,2026-07-12 13:34:15.661676
pay_003905,cust_01803,6580.22,INR,WALLET,SUCCESS,,1,0.938,2026-07-12 13:46:15.661676
pay_005633,cust_02901,2040.85,INR,WALLET,SUCCESS,,1,0.653,2026-07-12 13:55:15.661676
pay_000270,cust_01787,2007.39,INR,UPI,FAILED,USER_CANCELLED,4,0.76,2026-07-12 14:06:15.661676
pay_007940,cust_00306,1439.86,INR,NETBANKING,SUCCESS,,1,0.847,2026-07-12 14:32:15.661676
pay_009361,cust_01369,5648.6,INR,NETBANKING,SUCCESS,,1,0.538,2026-07-12 14:47:15.661676
pay_005831,cust_00080,1496.44,INR,UPI,SUCCESS,,1,0.816,2026-07-12 14:54:15.661676
pay_003563,cust_01314,313.58,INR,UPI,SUCCESS,,1,0.901,2026-07-12 15:07:15.661676
pay_009944,cust_02126,7823.93,INR,NETBANKING,SUCCESS,,1,0.63,2026-07-12 15:12:15.661676
pay_008572,cust_02002,2512.63,INR,CARD,SUCCESS,,1,0.695,2026-07-12 15:22:15.661676
pay_002018,cust_00571,363.91,INR,NETBANKING,SUCCESS,,1,0.911,2026-07-12 15:30:15.661676
pay_006052,cust_01721,4088.89,INR,WALLET,FAILED,NETWORK_ERROR,2,0.824,2026-07-12 15:55:15.661676
pay_005692,cust_00454,447.12,INR,WALLET,SUCCESS,,1,0.785,2026-07-12 16:12:15.661676
pay_000478,cust_02629,2319.25,INR,WALLET,SUCCESS,,1,0.879,2026-07-12 16:27:15.661676
pay_001002,cust_00138,3788.43,INR,CARD,SUCCESS,,1,0.501,2026-07-12 16:28:15.661676
pay_003311,cust_00329,702.4,INR,NETBANKING,SUCCESS,,1,0.599,2026-07-12 16:36:15.661676
pay_007997,cust_01042,2348.65,INR,UPI,SUCCESS,,1,0.487,2026-07-12 16:39:15.661676
pay_005642,cust_01147,1155.59,INR,NETBANKING,SUCCESS,,1,0.681,2026-07-12 16:48:15.661676
pay_001361,cust_00599,1786.03,INR,NETBANKING,FAILED,BANK_ERROR,2,0.479,2026-07-12 16:55:15.661676
pay_006194,cust_01559,3889.48,INR,CARD,SUCCESS,,1,0.777,2026-07-12 17:02:15.661676
pay_001226,cust_01046,1629.69,INR,WALLET,SUCCESS,,1,0.855,2026-07-12 17:04:15.661676
pay_006946,cust_00763,4300.63,INR,UPI,SUCCESS,,1,0.651,2026-07-12 17:12:15.661676
pay_002412,cust_00966,6187.87,INR,NETBANKING,SUCCESS,,1,0.728,2026-07-12 17:38:15.661676
pay_009532,cust_01519,4845.78,INR,UPI,SUCCESS,,1,0.651,2026-07-12 17:39:15.661676
pay_009011,cust_01551,2376.55,INR,NETBANKING,SUCCESS,,1,0.906,2026-07-12 17:47:15.661676
pay_003682,cust_00012,1319.72,INR,WALLET,SUCCESS,,1,0.529,2026-07-12 18:25:15.661676
pay_006878,cust_02512,1005.47,INR,WALLET,SUCCESS,,1,0.659,2026-07-12 18:33:15.661676
pay_008095,cust_01996,1869.67,INR,WALLET,SUCCESS,,1,0.954,2026-07-12 18:42:15.661676
pay_003877,cust_00319,3866.14,INR,NETBANKING,FAILED,USER_CANCELLED,2,0.451,2026-07-12 18:53:15.661676
pay_002533,cust_01821,2819.77,INR,CARD,SUCCESS,,1,0.719,2026-07-12 18:54:15.661676
pay_003611,cust_01010,1857.94,INR,UPI,SUCCESS,,1,0.629,2026-07-12 18:54:15.661676
pay_007537,cust_01486,1280.28,INR,NETBANKING,SUCCESS,,1,0.497,2026-07-12 18:55:15.661676
pay_006294,cust_02326,2563.14,INR,UPI,SUCCESS,,1,0.83,2026-07-12 19:09:15.661676
pay_008197,cust_02733,3025.81,INR,NETBANKING,SUCCESS,,1,0.822,2026-07-12 19:17:15.661676
pay_009390,cust_01094,3451.93,INR,CARD,SUCCESS,,1,0.675,2026-07-12 19:23:15.661676
pay_002559,cust_00653,2350.2,INR,CARD,SUCCESS,,1,0.488,2026-07-12 19:29:15.661676
pay_000015,cust_01003,454.89,INR,CARD,SUCCESS,,1,0.984,2026-07-12 19:35:15.661676
pay_007077,cust_00012,3430.84,INR,NETBANKING,FAILED,FRAUD_SUSPECTED,2,0.495,2026-07-12 19:48:15.661676
pay_003108,cust_02351,2858.1,INR,NETBANKING,SUCCESS,,1,0.545,2026-07-12 19:54:15.661676
pay_001142,cust_02200,5434.73,INR,NETBANKING,SUCCESS,,1,0.674,2026-07-12 20:02:15.661676
pay_009235,cust_02710,4635.97,INR,CARD,SUCCESS,,1,0.474,2026-07-12 20:06:15.661676
pay_002922,cust_00334,3281.33,INR,WALLET,SUCCESS,,1,0.931,2026-07-12 20:31:15.661676
pay_001744,cust_02011,4580.22,INR,WALLET,SUCCESS,,1,0.848,2026-07-12 20:32:15.661676
pay_000284,cust_00370,671.66,INR,WALLET,SUCCESS,,1,0.965,2026-07-12 20:34:15.661676
pay_004012,cust_02541,587.31,INR,WALLET,SUCCESS,,1,0.8,2026-07-12 20:40:15.661676
pay_002219,cust_01651,9698.99,INR,UPI,SUCCESS,,1,0.922,2026-07-12 20:47:15.661676
pay_008899,cust_02346,775.87,INR,UPI,SUCCESS,,1,0.981,2026-07-12 21:41:15.661676
pay_007310,cust_00644,830.61,INR,NETBANKING,SUCCESS,,1,0.824,2026-07-12 21:44:15.661676
pay_007203,cust_00304,3465.54,INR,CARD,SUCCESS,,1,0.882,2026-07-12 21:58:15.661676
pay_001104,cust_00224,1617.0,INR,CARD,SUCCESS,,1,0.694,2026-07-12 22:28:15.661676
pay_004434,cust_02176,1153.73,INR,CARD,SUCCESS,,1,0.913,2026-07-12 22:30:15.661676
pay_007321,cust_00511,3005.69,INR,CARD,SUCCESS,,1,0.494,2026-07-12 22:46:15.661676
pay_005378,cust_02467,299.0,INR,UPI,SUCCESS,,1,0.765,2026-07-12 22:57:15.661676
pay_006139,cust_02135,1872.56,INR,WALLET,SUCCESS,,1,0.923,2026-07-12 23:07:15.661676
pay_000279,cust_02573,1911.88,INR,WALLET,SUCCESS,,1,0.86,2026-07-12 23:17:15.661676
pay_002235,cust_02858,686.13,INR,UPI,SUCCESS,,1,0.679,2026-07-12 23:18:15.661676
pay_007952,cust_02774,3953.27,INR,CARD,SUCCESS,,1,0.509,2026-07-12 23:21:15.661676
pay_002593,cust_01000,1747.15,INR,WALLET,SUCCESS,,1,0.926,2026-07-12 23:58:15.661676
pay_000778,cust_01213,1483.24,INR,NETBANKING,SUCCESS,,1,0.889,2026-07-12 23:59:15.661676
pay_003147,cust_00897,1026.49,INR,CARD,FAILED,TIMEOUT,3,0.673,2026-07-13 00:08:15.661676
pay_009940,cust_00738,391.93,INR,NETBANKING,SUCCESS,,1,0.79,2026-07-13 00:21:15.661676
pay_008600,cust_01451,2383.51,INR,CARD,SUCCESS,,1,0.65,2026-07-13 00:28:15.661676
pay_003049,cust_01611,2541.2,INR,NETBANKING,SUCCESS,,1,0.983,2026-07-13 00:29:15.661676
pay_009558,cust_02845,3252.44,INR,CARD,SUCCESS,,1,0.624,2026-07-13 00:39:15.661676
pay_002503,cust_02120,1387.08,INR,UPI,SUCCESS,,1,0.637,2026-07-13 01:24:15.661676
pay_000091,cust_02485,1954.06,INR,NETBANKING,SUCCESS,,1,0.815,2026-07-13 01:32:15.661676
pay_000122,cust_02311,873.48,INR,CARD,SUCCESS,,1,0.864,2026-07-13 01:38:15.661676
pay_002754,cust_02270,1602.52,INR,CARD,SUCCESS,,1,0.902,2026-07-13 02:12:15.661676
pay_006655,cust_02129,1169.03,INR,CARD,SUCCESS,,1,0.875,2026-07-13 02:20:15.661676
pay_000428,cust_00255,3130.17,INR,UPI,SUCCESS,,1,0.669,2026-07-13 02:26:15.661676
pay_005220,cust_01578,692.87,INR,WALLET,FAILED,INSUFFICIENT_FUNDS,1,0.604,2026-07-13 02:36:15.661676
pay_004071,cust_01172,2857.22,INR,UPI,SUCCESS,,1,0.987,2026-07-13 03:21:15.661676
pay_005494,cust_02459,9567.51,INR,UPI,SUCCESS,,1,0.77,2026-07-13 03:26:15.661676
pay_001388,cust_01288,6305.7,INR,UPI,SUCCESS,,1,0.523,2026-07-13 03:32:15.661676
pay_004687,cust_02842,956.32,INR,UPI,SUCCESS,,1,0.51,2026-07-13 03:33:15.661676
pay_007309,cust_00482,780.43,INR,WALLET,SUCCESS,,1,0.575,2026-07-13 04:11:15.661676
pay_009358,cust_01193,3288.01,INR,NETBANKING,SUCCESS,,1,0.697,2026-07-13 04:46:15.661676
pay_005810,cust_01475,1503.38,INR,WALLET,SUCCESS,,1,0.478,2026-07-13 05:06:15.661676
pay_007848,cust_00671,1911.73,INR,UPI,SUCCESS,,1,0.776,2026-07-13 05:08:15.661676
pay_006885,cust_00643,2088.57,INR,WALLET,SUCCESS,,1,0.512,2026-07-13 05:44:15.661676
pay_007131,cust_00434,1703.64,INR,WALLET,SUCCESS,,1,0.925,2026-07-13 05:53:15.661676
pay_004169,cust_00308,3980.26,INR,CARD,SUCCESS,,1,0.967,2026-07-13 06:08:15.661676
pay_005651,cust_01967,1570.44,INR,WALLET,SUCCESS,,1,0.616,2026-07-13 06:28:15.661676
pay_006913,cust_01194,1043.95,INR,WALLET,SUCCESS,,1,0.681,2026-07-13 06:33:15.661676
pay_000356,cust_02345,810.76,INR,NETBANKING,SUCCESS,,1,0.748,2026-07-13 06:49:15.661676
pay_005580,cust_00267,1830.87,INR,CARD,SUCCESS,,1,0.618,2026-07-13 06:56:15.661676
pay_008815,cust_01166,2322.25,INR,NETBANKING,FAILED,TIMEOUT,3,0.854,2026-07-13 06:59:15.661676
pay_007357,cust_01042,2309.78,INR,UPI,SUCCESS,,1,0.645,2026-07-13 07:39:15.661676
pay_004457,cust_00231,716.45,INR,CARD,SUCCESS,,1,0.674,2026-07-13 08:00:15.661676
pay_002699,cust_01726,2973.98,INR,WALLET,SUCCESS,,1,0.84,2026-07-13 08:08:15.661676
pay_007474,cust_01998,5011.81,INR,CARD,SUCCESS,,1,0.85,2026-07-13 08:10:15.661676
pay_005303,cust_00582,3591.48,INR,UPI,FAILED,LIMIT_EXCEEDED,3,0.752,2026-07-13 08:24:15.661676
pay_005814,cust_01444,922.0,INR,NETBANKING,FAILED,NETWORK_ERROR,3,0.506,2026-07-13 08:46:15.661676
pay_002215,cust_02064,1241.36,INR,NETBANKING,SUCCESS,,1,0.702,2026-07-13 08:57:15.661676
pay_002848,cust_01685,925.37,INR,NETBANKING,SUCCESS,,1,0.849,2026-07-13 09:23:15.661676
pay_005870,cust_01618,1327.12,INR,NETBANKING,FAILED,BANK_ERROR,1,0.985,2026-07-13 09:41:15.661676
pay_008187,cust_02238,2824.05,INR,WALLET,SUCCESS,,1,0.874,2026-07-13 09:49:15.661676
pay_002814,cust_02123,1398.29,INR,UPI,SUCCESS,,1,0.51,2026-07-13 10:13:15.661676
pay_009045,cust_01673,1420.52,INR,CARD,FAILED,BANK_ERROR,2,0.514,2026-07-13 10:42:15.661676
pay_001546,cust_02975,2630.74,INR,CARD,SUCCESS,,1,0.575,2026-07-13 10:50:15.661676
pay_006354,cust_01908,3253.81,INR,NETBANKING,SUCCESS,,1,0.939,2026-07-13 10:54:15.661676
pay_003052,cust_02820,1025.0,INR,CARD,SUCCESS,,1,0.823,2026-07-13 11:01:15.661676
pay_001679,cust_00597,4018.44,INR,CARD,SUCCESS,,1,0.635,2026-07-13 11:27:15.661676
pay_008952,cust_02635,686.36,INR,NETBANKING,SUCCESS,,1,0.757,2026-07-13 11:33:15.661676
pay_007433,cust_00904,2615.0,INR,CARD,FAILED,TIMEOUT,4,0.514,2026-07-13 11:40:15.661676
pay_000884,cust_01480,4168.57,INR,WALLET,FAILED,USER_CANCELLED,1,0.98,2026-07-13 11:47:15.661676
pay_003908,cust_02809,586.72,INR,UPI,SUCCESS,,1,0.917,2026-07-13 11:47:15.661676
pay_008038,cust_00805,588.25,INR,WALLET,SUCCESS,,1,0.698,2026-07-13 12:14:15.661676
pay_003679,cust_01647,4690.84,INR,UPI,SUCCESS,,1,0.711,2026-07-13 12:35:15.661676
pay_002025,cust_00574,161.48,INR,NETBANKING,SUCCESS,,1,0.632,2026-07-13 12:54:15.661676
pay_001495,cust_00751,6208.58,INR,UPI,SUCCESS,,1,0.831,2026-07-13 13:02:15.661676
pay_008814,cust_02799,3129.08,INR,CARD,SUCCESS,,1,0.88,2026-07-13 13:10:15.661676
pay_003440,cust_00417,2285.12,INR,WALLET,SUCCESS,,1,0.951,2026-07-13 13:22:15.661676
pay_000166,cust_00165,2515.49,INR,CARD,SUCCESS,,1,0.689,2026-07-13 13:35:15.661676
pay_001169,cust_02910,2909.69,INR,WALLET,SUCCESS,,1,0.571,2026-07-13 13:41:15.661676
pay_001299,cust_00182,2239.29,INR,UPI,SUCCESS,,1,0.722,2026-07-13 13:55:15.661676
pay_009802,cust_01746,2704.27,INR,WALLET,SUCCESS,,1,0.729,2026-07-13 14:07:15.661676
pay_001758,cust_01793,3874.99,INR,CARD,SUCCESS,,1,0.904,2026-07-13 14:13:15.661676
pay_008418,cust_01797,1947.59,INR,CARD,SUCCESS,,1,0.661,2026-07-13 14:16:15.661676
pay_001486,cust_01364,3812.62,INR,CARD,FAILED,TIMEOUT,1,0.453,2026-07-13 14:32:15.661676
pay_000696,cust_01264,1411.44,INR,WALLET,SUCCESS,,1,0.807,2026-07-13 14:33:15.661676
pay_005959,cust_02281,1265.83,INR,UPI,SUCCESS,,1,0.625,2026-07-13 14:41:15.661676
pay_001260,cust_02003,1729.15,INR,UPI,FAILED,CARD_EXPIRED,2,0.829,2026-07-13 15:09:15.661676
pay_009960,cust_01468,2542.06,INR,WALLET,SUCCESS,,1,0.501,2026-07-13 15:10:15.661676
pay_000220,cust_02765,1930.43,INR,CARD,SUCCESS,,1,0.927,2026-07-13 15:43:15.661676
pay_000920,cust_00374,2111.75,INR,CARD,FAILED,INSUFFICIENT_FUNDS,1,0.592,2026-07-13 16:08:15.661676
pay_004456,cust_01818,2277.84,INR,UPI,SUCCESS,,1,0.703,2026-07-13 16:09:15.661676
pay_001722,cust_02685,1469.04,INR,UPI,SUCCESS,,1,0.984,2026-07-13 16:52:15.661676
pay_000749,cust_02543,1108.53,INR,UPI,FAILED,INSUFFICIENT_FUNDS,4,0.736,2026-07-13 17:20:15.661676
pay_001205,cust_00363,1880.11,INR,CARD,SUCCESS,,1,0.808,2026-07-13 17:51:15.661676
pay_003780,cust_02603,1687.74,INR,UPI,SUCCESS,,1,0.818,2026-07-13 17:54:15.661676
pay_002859,cust_00556,4646.08,INR,WALLET,SUCCESS,,1,0.542,2026-07-13 18:38:15.661676
pay_001003,cust_02728,1896.38,INR,CARD,SUCCESS,,1,0.969,2026-07-13 18:40:15.661676
pay_000140,cust_01255,675.4,INR,NETBANKING,SUCCESS,,1,0.636,2026-07-13 19:37:15.661676
pay_009674,cust_02688,502.23,INR,CARD,SUCCESS,,1,0.793,2026-07-13 19:38:15.661676
pay_004423,cust_01105,4936.06,INR,NETBANKING,SUCCESS,,1,0.493,2026-07-13 19:43:15.661676
pay_007589,cust_02214,2482.68,INR,CARD,FAILED,LIMIT_EXCEEDED,3,0.702,2026-07-13 20:18:15.661676
pay_008542,cust_00017,608.12,INR,CARD,SUCCESS,,1,0.942,2026-07-13 20:43:15.661676
pay_008056,cust_00879,2625.84,INR,UPI,SUCCESS,,1,0.942,2026-07-13 20:48:15.661676
pay_001093,cust_01588,3236.03,INR,WALLET,SUCCESS,,1,0.554,2026-07-13 20:54:15.661676
pay_005957,cust_02361,1638.43,INR,UPI,FAILED,CARD_EXPIRED,3,0.612,2026-07-13 20:59:15.661676
pay_005441,cust_01712,1117.05,INR,CARD,SUCCESS,,1,0.906,2026-07-13 21:01:15.661676
pay_001321,cust_02796,1891.87,INR,CARD,SUCCESS,,1,0.69,2026-07-13 21:01:15.661676
pay_009247,cust_01222,2457.17,INR,NETBANKING,SUCCESS,,1,0.988,2026-07-13 21:03:15.661676
pay_007214,cust_00162,1305.6,INR,WALLET,SUCCESS,,1,0.618,2026-07-13 21:25:15.661676
pay_000731,cust_02795,2114.72,INR,UPI,FAILED,LIMIT_EXCEEDED,1,0.571,2026-07-13 21:26:15.661676
pay_008260,cust_02117,2241.83,INR,UPI,SUCCESS,,1,0.548,2026-07-13 21:40:15.661676
pay_004513,cust_02474,1128.57,INR,CARD,SUCCESS,,1,0.676,2026-07-13 21:48:15.661676
pay_005369,cust_02484,1222.79,INR,CARD,FAILED,FRAUD_SUSPECTED,3,0.8,2026-07-13 22:02:15.661676
pay_003191,cust_02414,1302.77,INR,UPI,SUCCESS,,1,0.675,2026-07-13 22:21:15.661676
pay_004673,cust_02770,2655.02,INR,UPI,SUCCESS,,1,0.887,2026-07-13 22:28:15.661676
pay_003029,cust_02723,1202.5,INR,NETBANKING,SUCCESS,,1,0.946,2026-07-13 22:36:15.661676
pay_006592,cust_01783,704.71,INR,CARD,SUCCESS,,1,0.72,2026-07-13 22:39:15.661676
pay_007522,cust_00530,508.43,INR,WALLET,SUCCESS,,1,0.569,2026-07-13 22:47:15.661676
pay_008685,cust_02561,3630.93,INR,CARD,SUCCESS,,1,0.627,2026-07-13 22:59:15.661676
pay_001193,cust_02714,1117.56,INR,CARD,SUCCESS,,1,0.75,2026-07-13 23:08:15.661676
pay_000391,cust_02903,881.19,INR,NETBANKING,SUCCESS,,1,0.649,2026-07-13 23:11:15.661676
pay_001604,cust_01384,953.98,INR,WALLET,SUCCESS,,1,0.9,2026-07-13 23:55:15.661676
pay_008086,cust_00009,2182.24,INR,UPI,SUCCESS,,1,0.571,2026-07-14 00:26:15.661676
pay_002532,cust_02218,861.69,INR,WALLET,FAILED,BANK_ERROR,3,0.623,2026-07-14 00:44:15.661676
pay_007374,cust_01615,392.54,INR,CARD,SUCCESS,,1,0.699,2026-07-14 01:09:15.661676
pay_003497,cust_00879,3471.7,INR,WALLET,SUCCESS,,1,0.963,2026-07-14 01:17:15.661676
pay_001054,cust_01377,2227.29,INR,UPI,SUCCESS,,1,0.477,2026-07-14 01:17:15.661676
pay_001412,cust_02704,2821.39,INR,WALLET,SUCCESS,,1,0.534,2026-07-14 01:24:15.661676
pay_004791,cust_01927,1461.94,INR,UPI,SUCCESS,,1,0.597,2026-07-14 01:42:15.661676
pay_005649,cust_00113,5757.38,INR,CARD,SUCCESS,,1,0.677,2026-07-14 02:02:15.661676
pay_001221,cust_01901,699.19,INR,WALLET,SUCCESS,,1,0.853,2026-07-14 02:06:15.661676
pay_002672,cust_00003,2880.22,INR,NETBANKING,SUCCESS,,1,0.938,2026-07-14 02:08:15.661676
pay_000703,cust_01945,1029.19,INR,CARD,SUCCESS,,1,0.663,2026-07-14 02:10:15.661676
pay_007393,cust_01481,635.1,INR,UPI,SUCCESS,,1,0.904,2026-07-14 02:16:15.661676
pay_000962,cust_00883,5236.05,INR,NETBANKING,SUCCESS,,1,0.502,2026-07-14 02:46:15.661676
pay_005994,cust_01542,2738.14,INR,NETBANKING,SUCCESS,,1,0.938,2026-07-14 02:48:15.661676
pay_000941,cust_02272,649.21,INR,CARD,SUCCESS,,1,0.568,2026-07-14 02:49:15.661676
pay_004626,cust_01591,4960.27,INR,NETBANKING,FAILED,USER_CANCELLED,1,0.678,2026-07-14 02:56:15.661676
pay_000584,cust_00005,11120.6,INR,CARD,SUCCESS,,1,0.771,2026-07-14 03:22:15.661676
pay_002022,cust_02383,2257.25,INR,UPI,SUCCESS,,1,0.92,2026-07-14 03:24:15.661676
pay_001909,cust_02178,695.66,INR,WALLET,SUCCESS,,1,0.59,2026-07-14 03:29:15.661676
pay_002579,cust_02117,2263.14,INR,WALLET,SUCCESS,,1,0.542,2026-07-14 03:43:15.661676
pay_004007,cust_00758,207.78,INR,UPI,SUCCESS,,1,0.888,2026-07-14 04:08:15.661676
pay_008841,cust_00505,1027.27,INR,CARD,SUCCESS,,1,0.906,2026-07-14 04:11:15.661676
pay_004609,cust_00759,3130.92,INR,UPI,SUCCESS,,1,0.799,2026-07-14 04:15:15.661676
pay_008502,cust_01022,1259.77,INR,UPI,FAILED,NETWORK_ERROR,1,0.501,2026-07-14 04:33:15.661676
pay_008673,cust_01137,1713.07,INR,WALLET,FAILED,TIMEOUT,1,0.597,2026-07-14 04:48:15.661676
pay_008308,cust_01962,8343.89,INR,NETBANKING,SUCCESS,,1,0.6,2026-07-14 04:49:15.661676
pay_003857,cust_01585,591.92,INR,WALLET,SUCCESS,,1,0.87,2026-07-14 04:52:15.661676
pay_009906,cust_02281,660.76,INR,WALLET,SUCCESS,,1,0.627,2026-07-14 05:03:15.661676
pay_006165,cust_02626,6396.78,INR,UPI,FAILED,USER_CANCELLED,4,0.778,2026-07-14 05:17:15.661676
pay_005793,cust_01519,2293.81,INR,WALLET,SUCCESS,,1,0.594,2026-07-14 05:18:15.661676
pay_001808,cust_01011,2716.18,INR,CARD,SUCCESS,,1,0.889,2026-07-14 05:22:15.661676
pay_002674,cust_02738,1174.89,INR,UPI,SUCCESS,,1,0.899,2026-07-14 05:30:15.661676
pay_003032,cust_02283,1067.85,INR,NETBANKING,SUCCESS,,1,0.877,2026-07-14 05:42:15.661676
pay_002655,cust_02077,1068.2,INR,NETBANKING,SUCCESS,,1,0.51,2026-07-14 05:55:15.661676
pay_008471,cust_02453,1701.84,INR,CARD,SUCCESS,,1,0.644,2026-07-14 06:03:15.661676
pay_006180,cust_02787,3645.95,INR,WALLET,SUCCESS,,1,0.814,2026-07-14 06:07:15.661676
pay_007229,cust_01747,2056.0,INR,UPI,FAILED,FRAUD_SUSPECTED,1,0.598,2026-07-14 06:12:15.661676
pay_001245,cust_02899,1075.54,INR,WALLET,SUCCESS,,1,0.906,2026-07-14 06:16:15.661676
pay_000949,cust_00222,1743.29,INR,WALLET,FAILED,BANK_ERROR,3,0.663,2026-07-14 06:40:15.661676
pay_001470,cust_01309,2580.35,INR,WALLET,FAILED,BANK_ERROR,2,0.821,2026-07-14 06:46:15.661676
pay_005230,cust_00467,3890.7,INR,WALLET,SUCCESS,,1,0.817,2026-07-14 06:58:15.661676
pay_003986,cust_01058,341.83,INR,WALLET,SUCCESS,,1,0.689,2026-07-14 07:00:15.661676
pay_003212,cust_02191,704.56,INR,CARD,FAILED,FRAUD_SUSPECTED,3,0.466,2026-07-14 07:28:15.661676
pay_003887,cust_01392,312.03,INR,CARD,SUCCESS,,1,0.886,2026-07-14 07:36:15.661676
pay_009317,cust_01382,1439.67,INR,NETBANKING,SUCCESS,,1,0.837,2026-07-14 07:49:15.661676
pay_004049,cust_01961,1663.24,INR,UPI,SUCCESS,,1,0.936,2026-07-14 08:00:15.661676
pay_008494,cust_02160,1159.54,INR,WALLET,FAILED,BANK_ERROR,4,0.626,2026-07-14 08:01:15.661676
pay_002832,cust_02608,863.01,INR,WALLET,FAILED,BANK_ERROR,3,0.571,2026-07-14 08:26:15.661676
pay_007063,cust_02571,1023.47,INR,WALLET,SUCCESS,,1,0.851,2026-07-14 08:27:15.661676
pay_006940,cust_01075,638.49,INR,CARD,SUCCESS,,1,0.481,2026-07-14 08:36:15.661676
pay_009798,cust_01068,2441.3,INR,CARD,SUCCESS,,1,0.956,2026-07-14 08:36:15.661676
pay_001300,cust_01744,2338.72,INR,WALLET,SUCCESS,,1,0.826,2026-07-14 08:44:15.661676
pay_003592,cust_02516,2931.58,INR,CARD,SUCCESS,,1,0.717,2026-07-14 08:50:15.661676
pay_003045,cust_00921,3202.5,INR,CARD,SUCCESS,,1,0.877,2026-07-14 08:57:15.661676
pay_009879,cust_00825,744.29,INR,UPI,SUCCESS,,1,0.932,2026-07-14 08:58:15.661676
pay_000467,cust_02290,2955.23,INR,CARD,SUCCESS,,1,0.94,2026-07-14 09:01:15.661676
pay_009347,cust_01112,2355.94,INR,WALLET,SUCCESS,,1,0.493,2026-07-14 09:07:15.661676
pay_009939,cust_02968,658.28,INR,WALLET,FAILED,NETWORK_ERROR,1,0.721,2026-07-14 09:17:15.661676
pay_001370,cust_00538,890.83,INR,UPI,SUCCESS,,1,0.823,2026-07-14 09:17:15.661676
pay_003602,cust_01009,1017.1,INR,NETBANKING,SUCCESS,,1,0.524,2026-07-14 09:24:15.661676
pay_001919,cust_01737,1580.48,INR,CARD,SUCCESS,,1,0.82,2026-07-14 09:35:15.661676
pay_000658,cust_02922,1773.48,INR,NETBANKING,SUCCESS,,1,0.712,2026-07-14 09:39:15.661676
pay_009013,cust_00571,240.64,INR,WALLET,FAILED,BANK_ERROR,1,0.632,2026-07-14 09:40:15.661676
pay_009442,cust_02184,1478.98,INR,NETBANKING,FAILED,BANK_ERROR,2,0.472,2026-07-14 10:21:15.661676
pay_005894,cust_01337,535.81,INR,UPI,SUCCESS,,1,0.946,2026-07-14 10:22:15.661676
pay_004382,cust_00337,2081.72,INR,WALLET,FAILED,NETWORK_ERROR,1,0.477,2026-07-14 10:24:15.661676
pay_008583,cust_00430,495.05,INR,CARD,SUCCESS,,1,0.734,2026-07-14 10:25:15.661676
pay_007850,cust_02667,1392.26,INR,NETBANKING,SUCCESS,,1,0.49,2026-07-14 10:41:15.661676
pay_006457,cust_02608,702.34,INR,NETBANKING,SUCCESS,,1,0.931,2026-07-14 11:04:15.661676
pay_009391,cust_00382,1642.99,INR,CARD,SUCCESS,,1,0.945,2026-07-14 11:09:15.661676
pay_002233,cust_00821,373.87,INR,WALLET,SUCCESS,,1,0.81,2026-07-14 11:21:15.661676
pay_008889,cust_00564,1711.92,INR,NETBANKING,SUCCESS,,1,0.599,2026-07-14 11:22:15.661676
pay_003516,cust_01328,2644.78,INR,NETBANKING,SUCCESS,,1,0.56,2026-07-14 11:29:15.661676
pay_007018,cust_01782,913.11,INR,NETBANKING,SUCCESS,,1,0.843,2026-07-14 11:56:15.661676
pay_008354,cust_01635,3348.85,INR,WALLET,SUCCESS,,1,0.954,2026-07-14 11:58:15.661676
pay_006926,cust_01927,628.14,INR,UPI,SUCCESS,,1,0.907,2026-07-14 12:16:15.661676
pay_004963,cust_00541,1638.15,INR,CARD,SUCCESS,,1,0.768,2026-07-14 12:37:15.661676
pay_005029,cust_01048,5066.78,INR,WALLET,SUCCESS,,1,0.738,2026-07-14 12:46:15.661676
pay_003714,cust_02115,328.3,INR,WALLET,SUCCESS,,1,0.985,2026-07-14 12:57:15.661676
pay_002011,cust_02025,499.67,INR,WALLET,SUCCESS,,1,0.674,2026-07-14 13:09:15.661676
pay_005041,cust_00938,2695.33,INR,WALLET,SUCCESS,,1,0.542,2026-07-14 13:21:15.661676
pay_008357,cust_02617,1727.74,INR,WALLET,FAILED,BANK_ERROR,1,0.609,2026-07-14 13:22:15.661676
pay_007809,cust_01099,6710.34,INR,NETBANKING,SUCCESS,,1,0.546,2026-07-14 13:28:15.661676
pay_000892,cust_02951,2713.02,INR,UPI,SUCCESS,,1,0.709,2026-07-14 13:39:15.661676
pay_004575,cust_00939,992.78,INR,UPI,SUCCESS,,1,0.84,2026-07-14 13:52:15.661676
pay_002075,cust_01431,1103.1,INR,WALLET,SUCCESS,,1,0.822,2026-07-14 13:53:15.661676
pay_004641,cust_01382,3467.48,INR,NETBANKING,SUCCESS,,1,0.595,2026-07-14 14:04:15.661676
pay_000736,cust_01223,2638.8,INR,UPI,SUCCESS,,1,0.984,2026-07-14 14:08:15.661676
pay_000791,cust_02977,2549.61,INR,CARD,SUCCESS,,1,0.815,2026-07-14 14:33:15.661676
pay_006078,cust_01924,883.29,INR,WALLET,SUCCESS,,1,0.46,2026-07-14 14:57:15.661676
pay_003020,cust_00315,2811.27,INR,CARD,SUCCESS,,1,0.453,2026-07-14 15:01:15.661676
pay_000904,cust_00482,5027.92,INR,UPI,SUCCESS,,1,0.937,2026-07-14 15:14:15.661676
pay_004243,cust_01342,1127.87,INR,CARD,SUCCESS,,1,0.873,2026-07-14 16:05:15.661676
pay_007830,cust_00494,720.71,INR,CARD,SUCCESS,,1,0.767,2026-07-14 16:11:15.661676
pay_000788,cust_02979,2610.62,INR,CARD,FAILED,BANK_ERROR,4,0.688,2026-07-14 17:04:15.661676
pay_006785,cust_02247,3126.16,INR,WALLET,SUCCESS,,1,0.517,2026-07-14 17:09:15.661676
pay_008036,cust_02903,8851.16,INR,NETBANKING,FAILED,NETWORK_ERROR,4,0.676,2026-07-14 17:13:15.661676
pay_002401,cust_01665,1014.97,INR,NETBANKING,SUCCESS,,1,0.83,2026-07-14 17:39:15.661676
pay_007805,cust_00315,1590.1,INR,WALLET,FAILED,BANK_ERROR,4,0.58,2026-07-14 18:06:15.661676
pay_005464,cust_02398,993.79,INR,WALLET,SUCCESS,,1,0.797,2026-07-14 18:18:15.661676
pay_001881,cust_00742,3912.3,INR,WALLET,FAILED,LIMIT_EXCEEDED,3,0.759,2026-07-14 19:29:15.661676
pay_003062,cust_01007,1385.35,INR,WALLET,SUCCESS,,1,0.954,2026-07-14 19:49:15.661676
pay_008277,cust_01680,12937.66,INR,NETBANKING,FAILED,INSUFFICIENT_FUNDS,3,0.909,2026-07-14 20:00:15.661676
pay_005620,cust_02898,1598.59,INR,CARD,SUCCESS,,1,0.475,2026-07-14 20:06:15.661676
pay_000554,cust_01471,2216.17,INR,UPI,SUCCESS,,1,0.89,2026-07-14 20:24:15.661676
pay_007569,cust_00535,4634.24,INR,CARD,SUCCESS,,1,0.474,2026-07-14 20:33:15.661676
pay_001595,cust_00592,273.05,INR,CARD,SUCCESS,,1,0.52,2026-07-14 20:45:15.661676
pay_001216,cust_02871,4905.9,INR,CARD,SUCCESS,,1,0.735,2026-07-14 21:05:15.661676
pay_008672,cust_02422,6346.78,INR,WALLET,SUCCESS,,1,0.614,2026-07-14 21:07:15.661676
pay_004461,cust_02194,4679.18,INR,CARD,SUCCESS,,1,0.572,2026-07-14 21:37:15.661676
pay_003381,cust_01787,10219.42,INR,UPI,SUCCESS,,1,0.712,2026-07-14 22:06:15.661676
pay_001441,cust_01272,3072.68,INR,WALLET,SUCCESS,,1,0.686,2026-07-14 22:06:15.661676
pay_005154,cust_01114,1183.98,INR,UPI,SUCCESS,,1,0.526,2026-07-14 23:08:15.661676
pay_005042,cust_00426,466.93,INR,UPI,SUCCESS,,1,0.492,2026-07-14 23:11:15.661676
pay_006372,cust_02807,1555.75,INR,WALLET,FAILED,BANK_ERROR,2,0.471,2026-07-14 23:13:15.661676
pay_007613,cust_02717,947.55,INR,WALLET,SUCCESS,,1,0.665,2026-07-14 23:21:15.661676
pay_005819,cust_02762,665.24,INR,NETBANKING,SUCCESS,,1,0.613,2026-07-14 23:24:15.661676
pay_006964,cust_00347,1375.1,INR,CARD,SUCCESS,,1,0.816,2026-07-14 23:29:15.661676
pay_004291,cust_00983,2715.92,INR,WALLET,SUCCESS,,1,0.465,2026-07-14 23:47:15.661676
pay_004299,cust_01082,822.44,INR,CARD,SUCCESS,,1,0.678,2026-07-15 00:46:15.661676
pay_008886,cust_01367,2548.28,INR,NETBANKING,SUCCESS,,1,0.794,2026-07-15 00:47:15.661676
pay_002352,cust_01180,2961.95,INR,NETBANKING,SUCCESS,,1,0.928,2026-07-15 00:50:15.661676
pay_003788,cust_00483,890.52,INR,WALLET,SUCCESS,,1,0.831,2026-07-15 00:53:15.661676
pay_007217,cust_02209,1126.52,INR,WALLET,SUCCESS,,1,0.491,2026-07-15 01:11:15.661676
pay_005838,cust_00811,5741.81,INR,WALLET,FAILED,NETWORK_ERROR,3,0.83,2026-07-15 01:12:15.661676
pay_005289,cust_01833,1114.18,INR,UPI,SUCCESS,,1,0.693,2026-07-15 01:45:15.661676
pay_006773,cust_01427,306.72,INR,UPI,SUCCESS,,1,0.779,2026-07-15 01:52:15.661676
pay_009543,cust_01267,3383.02,INR,UPI,SUCCESS,,1,0.898,2026-07-15 02:04:15.661676
pay_009517,cust_01020,7929.09,INR,NETBANKING,SUCCESS,,1,0.937,2026-07-15 02:09:15.661676
pay_006310,cust_01098,1850.15,INR,WALLET,SUCCESS,,1,0.679,2026-07-15 02:17:15.661676
pay_009553,cust_01155,2820.48,INR,NETBANKING,SUCCESS,,1,0.96,2026-07-15 02:37:15.661676
pay_008040,cust_01386,10973.41,INR,CARD,SUCCESS,,1,0.595,2026-07-15 02:41:15.661676
pay_009930,cust_01045,2802.29,INR,CARD,SUCCESS,,1,0.687,2026-07-15 03:01:15.661676
pay_002161,cust_01578,743.1,INR,CARD,SUCCESS,,1,0.563,2026-07-15 03:02:15.661676
pay_007515,cust_01420,705.01,INR,UPI,SUCCESS,,1,0.458,2026-07-15 03:30:15.661676
pay_005073,cust_00272,2944.28,INR,NETBANKING,SUCCESS,,1,0.661,2026-07-15 03:39:15.661676
pay_008784,cust_01776,712.14,INR,WALLET,SUCCESS,,1,0.5,2026-07-15 04:02:15.661676
pay_005015,cust_00905,1922.32,INR,WALLET,SUCCESS,,1,0.85,2026-07-15 04:18:15.661676
pay_000111,cust_01717,389.55,INR,CARD,SUCCESS,,1,0.685,2026-07-15 04:19:15.661676
pay_003789,cust_02749,2089.86,INR,CARD,SUCCESS,,1,0.775,2026-07-15 04:25:15.661676
pay_008394,cust_02394,1370.97,INR,NETBANKING,SUCCESS,,1,0.47,2026-07-15 04:26:15.661676
pay_007348,cust_01939,645.43,INR,WALLET,SUCCESS,,1,0.604,2026-07-15 05:15:15.661676
pay_008420,cust_02533,1202.25,INR,CARD,SUCCESS,,1,0.507,2026-07-15 05:22:15.661676
pay_004645,cust_00205,3010.49,INR,NETBANKING,SUCCESS,,1,0.793,2026-07-15 05:24:15.661676
pay_004840,cust_01475,1071.76,INR,WALLET,SUCCESS,,1,0.552,2026-07-15 05:43:15.661676
pay_009226,cust_01084,2089.54,INR,CARD,SUCCESS,,1,0.553,2026-07-15 06:03:15.661676
pay_009845,cust_01901,1280.75,INR,NETBANKING,SUCCESS,,1,0.739,2026-07-15 06:08:15.661676
pay_003546,cust_01712,2322.75,INR,UPI,SUCCESS,,1,0.7,2026-07-15 06:13:15.661676
pay_007888,cust_00794,480.98,INR,WALLET,SUCCESS,,1,0.622,2026-07-15 06:15:15.661676
pay_003731,cust_02780,3591.81,INR,CARD,SUCCESS,,1,0.553,2026-07-15 06:37:15.661676
pay_008467,cust_02256,2930.62,INR,NETBANKING,SUCCESS,,1,0.649,2026-07-15 06:39:15.661676
pay_001513,cust_02100,1018.96,INR,CARD,SUCCESS,,1,0.66,2026-07-15 07:21:15.661676
pay_009713,cust_01727,646.92,INR,UPI,SUCCESS,,1,0.944,2026-07-15 07:55:15.661676
pay_003255,cust_02728,2426.23,INR,CARD,SUCCESS,,1,0.598,2026-07-15 07:59:15.661676
pay_008162,cust_01492,3649.19,INR,NETBANKING,SUCCESS,,1,0.744,2026-07-15 08:12:15.661676
pay_008606,cust_00105,4492.76,INR,CARD,SUCCESS,,1,0.512,2026-07-15 08:21:15.661676
pay_009259,cust_01646,16559.23,INR,NETBANKING,SUCCESS,,1,0.764,2026-07-15 08:22:15.661676
pay_009989,cust_01200,824.88,INR,UPI,SUCCESS,,1,0.621,2026-07-15 08:25:15.661676
pay_003552,cust_00461,515.8,INR,CARD,SUCCESS,,1,0.891,2026-07-15 08:54:15.661676
pay_005532,cust_00553,992.93,INR,UPI,SUCCESS,,1,0.601,2026-07-15 08:54:15.661676
pay_007887,cust_01662,4612.52,INR,NETBANKING,SUCCESS,,1,0.903,2026-07-15 09:01:15.661676
pay_002911,cust_00887,1178.19,INR,WALLET,SUCCESS,,1,0.616,2026-07-15 09:17:15.661676
pay_004675,cust_00329,3491.99,INR,CARD,SUCCESS,,1,0.533,2026-07-15 09:21:15.661676
pay_000836,cust_02562,2180.64,INR,NETBANKING,SUCCESS,,1,0.747,2026-07-15 09:23:15.661676
pay_007854,cust_00127,2787.94,INR,CARD,SUCCESS,,1,0.636,2026-07-15 09:25:15.661676
pay_000502,cust_01120,8329.29,INR,WALLET,SUCCESS,,1,0.749,2026-07-15 09:30:15.661676
pay_008679,cust_01596,2537.17,INR,CARD,SUCCESS,,1,0.939,2026-07-15 09:31:15.661676
pay_000947,cust_02017,533.56,INR,NETBANKING,SUCCESS,,1,0.863,2026-07-15 09:56:15.661676
pay_001511,cust_00494,725.35,INR,NETBANKING,SUCCESS,,1,0.847,2026-07-15 10:02:15.661676
pay_005130,cust_02090,1955.23,INR,NETBANKING,SUCCESS,,1,0.915,2026-07-15 10:03:15.661676
pay_006344,cust_02293,1584.36,INR,NETBANKING,SUCCESS,,1,0.739,2026-07-15 10:21:15.661676
pay_006838,cust_00900,438.61,INR,CARD,FAILED,CARD_EXPIRED,1,0.964,2026-07-15 10:28:15.661676
pay_003983,cust_00405,22508.43,INR,UPI,SUCCESS,,1,0.664,2026-07-15 11:13:15.661676
pay_001802,cust_02972,1722.4,INR,NETBANKING,SUCCESS,,1,0.675,2026-07-15 11:21:15.661676
pay_001615,cust_01646,1564.96,INR,UPI,SUCCESS,,1,0.463,2026-07-15 11:24:15.661676
pay_001410,cust_01242,1479.31,INR,CARD,SUCCESS,,1,0.619,2026-07-15 11:25:15.661676
pay_001356,cust_01709,227.5,INR,CARD,FAILED,LIMIT_EXCEEDED,1,0.514,2026-07-15 12:18:15.661676
pay_005722,cust_02712,7170.45,INR,NETBANKING,SUCCESS,,1,0.522,2026-07-15 13:09:15.661676
pay_002943,cust_01408,3018.1,INR,UPI,SUCCESS,,1,0.484,2026-07-15 13:33:15.661676
pay_005843,cust_01270,547.41,INR,CARD,SUCCESS,,1,0.977,2026-07-15 13:38:15.661676
pay_001132,cust_02129,2533.96,INR,WALLET,SUCCESS,,1,0.927,2026-07-15 13:39:15.661676
pay_003241,cust_01120,1826.21,INR,CARD,SUCCESS,,1,0.482,2026-07-15 13:58:15.661676
pay_003448,cust_01842,949.59,INR,UPI,SUCCESS,,1,0.768,2026-07-15 14:21:15.661676
pay_000684,cust_00682,2674.45,INR,WALLET,FAILED,NETWORK_ERROR,4,0.505,2026-07-15 14:55:15.661676
pay_003275,cust_00988,868.69,INR,NETBANKING,SUCCESS,,1,0.967,2026-07-15 15:04:15.661676
pay_003863,cust_00046,1797.88,INR,UPI,SUCCESS,,1,0.655,2026-07-15 15:14:15.661676
pay_005394,cust_01604,2037.49,INR,UPI,SUCCESS,,1,0.759,2026-07-15 15:37:15.661676
pay_007408,cust_02562,3163.93,INR,WALLET,SUCCESS,,1,0.728,2026-07-15 16:06:15.661676
pay_005081,cust_02897,816.58,INR,WALLET,FAILED,BANK_ERROR,1,0.633,2026-07-15 16:36:15.661676
pay_001183,cust_01553,3769.33,INR,NETBANKING,SUCCESS,,1,0.483,2026-07-15 17:34:15.661676
pay_008570,cust_02243,455.86,INR,WALLET,SUCCESS,,1,0.973,2026-07-15 17:44:15.661676
pay_007301,cust_02534,1065.48,INR,NETBANKING,SUCCESS,,1,0.487,2026-07-15 17:59:15.661676
pay_005402,cust_00102,1315.72,INR,NETBANKING,FAILED,LIMIT_EXCEEDED,3,0.615,2026-07-15 18:42:15.661676
pay_002177,cust_02834,499.63,INR,NETBANKING,SUCCESS,,1,0.874,2026-07-15 19:29:15.661676
pay_002999,cust_02067,2362.18,INR,UPI,SUCCESS,,1,0.489,2026-07-15 19:33:15.661676
pay_001301,cust_00402,1059.47,INR,WALLET,SUCCESS,,1,0.752,2026-07-15 19:44:15.661676
pay_004303,cust_00184,829.4,INR,WALLET,SUCCESS,,1,0.825,2026-07-15 19:45:15.661676
pay_007799,cust_02156,2029.3,INR,WALLET,SUCCESS,,1,0.628,2026-07-15 20:14:15.661676
pay_001657,cust_02786,2068.89,INR,WALLET,SUCCESS,,1,0.86,2026-07-15 20:21:15.661676
pay_004342,cust_02684,2108.05,INR,WALLET,SUCCESS,,1,0.515,2026-07-15 20:27:15.661676
pay_007235,cust_02685,1093.87,INR,UPI,SUCCESS,,1,0.453,2026-07-15 20:27:15.661676
pay_007037,cust_02134,514.33,INR,NETBANKING,SUCCESS,,1,0.478,2026-07-15 20:47:15.661676
pay_009124,cust_01768,1828.56,INR,WALLET,SUCCESS,,1,0.565,2026-07-15 20:49:15.661676
pay_002603,cust_02088,1087.58,INR,WALLET,SUCCESS,,1,0.485,2026-07-15 20:49:15.661676
pay_008382,cust_02967,2310.17,INR,WALLET,SUCCESS,,1,0.905,2026-07-15 20:53:15.661676
pay_005435,cust_00210,3134.88,INR,NETBANKING,SUCCESS,,1,0.554,2026-07-15 21:05:15.661676
pay_006045,cust_01287,1973.68,INR,NETBANKING,FAILED,USER_CANCELLED,4,0.683,2026-07-15 21:40:15.661676
pay_004263,cust_00845,3319.64,INR,WALLET,SUCCESS,,1,0.536,2026-07-15 22:02:15.661676
pay_001448,cust_00495,2890.23,INR,NETBANKING,FAILED,NETWORK_ERROR,1,0.868,2026-07-15 22:16:15.661676
pay_009407,cust_01732,693.42,INR,UPI,SUCCESS,,1,0.726,2026-07-15 22:24:15.661676
pay_005720,cust_02587,393.88,INR,NETBANKING,SUCCESS,,1,0.953,2026-07-15 22:32:15.661676
pay_002940,cust_02924,1320.84,INR,CARD,SUCCESS,,1,0.487,2026-07-15 22:46:15.661676
pay_009784,cust_02863,2341.62,INR,UPI,SUCCESS,,1,0.934,2026-07-15 22:59:15.661676
pay_004114,cust_00777,531.46,INR,WALLET,SUCCESS,,1,0.829,2026-07-15 23:07:15.661676
pay_004396,cust_02052,610.32,INR,UPI,SUCCESS,,1,0.625,2026-07-15 23:13:15.661676
pay_001425,cust_01786,783.8,INR,CARD,SUCCESS,,1,0.976,2026-07-15 23:22:15.661676
pay_002755,cust_01886,1704.18,INR,WALLET,SUCCESS,,1,0.485,2026-07-15 23:46:15.661676
pay_001263,cust_00436,2782.22,INR,UPI,SUCCESS,,1,0.782,2026-07-15 23:47:15.661676
pay_005367,cust_02511,5380.75,INR,WALLET,FAILED,CARD_EXPIRED,3,0.979,2026-07-15 23:54:15.661676
pay_002975,cust_00123,3748.42,INR,UPI,SUCCESS,,1,0.701,2026-07-16 00:24:15.661676
pay_002793,cust_01593,1299.33,INR,NETBANKING,FAILED,FRAUD_SUSPECTED,1,0.735,2026-07-16 00:49:15.661676
pay_000201,cust_01567,2407.22,INR,CARD,FAILED,BANK_ERROR,4,0.794,2026-07-16 00:56:15.661676
pay_007904,cust_01303,706.91,INR,WALLET,SUCCESS,,1,0.568,2026-07-16 01:15:15.661676
pay_008385,cust_00864,1995.69,INR,UPI,SUCCESS,,1,0.964,2026-07-16 01:15:15.661676
pay_000368,cust_02532,1826.35,INR,UPI,FAILED,INSUFFICIENT_FUNDS,3,0.711,2026-07-16 01:44:15.661676
pay_006931,cust_00849,966.92,INR,CARD,SUCCESS,,1,0.72,2026-07-16 02:09:15.661676
pay_004920,cust_02348,5085.74,INR,NETBANKING,SUCCESS,,1,0.965,2026-07-16 02:14:15.661676
pay_004719,cust_02937,3223.62,INR,WALLET,SUCCESS,,1,0.649,2026-07-16 02:33:15.661676
pay_001705,cust_02643,2509.54,INR,NETBANKING,SUCCESS,,1,0.547,2026-07-16 02:56:15.661676
pay_007285,cust_02206,4913.63,INR,UPI,FAILED,CARD_EXPIRED,4,0.871,2026-07-16 03:02:15.661676
pay_008760,cust_02123,5821.85,INR,CARD,SUCCESS,,1,0.509,2026-07-16 03:04:15.661676
pay_007773,cust_02963,1433.17,INR,WALLET,FAILED,USER_CANCELLED,4,0.58,2026-07-16 03:07:15.661676
pay_000377,cust_02109,3633.15,INR,WALLET,FAILED,INSUFFICIENT_FUNDS,1,0.96,2026-07-16 03:19:15.661676
pay_000954,cust_01499,5738.84,INR,CARD,SUCCESS,,1,0.676,2026-07-16 03:20:15.661676
pay_005275,cust_02832,1302.65,INR,WALLET,SUCCESS,,1,0.795,2026-07-16 03:20:15.661676
pay_003145,cust_02085,2555.01,INR,NETBANKING,FAILED,TIMEOUT,1,0.964,2026-07-16 03:34:15.661676
pay_002052,cust_01268,903.52,INR,UPI,SUCCESS,,1,0.619,2026-07-16 03:39:15.661676
pay_003085,cust_01320,1558.26,INR,UPI,SUCCESS,,1,0.659,2026-07-16 03:55:15.661676
pay_000476,cust_01556,1481.44,INR,CARD,SUCCESS,,1,0.959,2026-07-16 04:30:15.661676
pay_003936,cust_02826,2466.73,INR,NETBANKING,SUCCESS,,1,0.695,2026-07-16 04:40:15.661676
pay_006873,cust_01691,614.04,INR,NETBANKING,SUCCESS,,1,0.859,2026-07-16 04:42:15.661676
pay_002248,cust_02725,623.75,INR,UPI,FAILED,INSUFFICIENT_FUNDS,2,0.98,2026-07-16 04:47:15.661676
pay_002079,cust_01879,1617.19,INR,CARD,SUCCESS,,1,0.511,2026-07-16 04:49:15.661676
pay_007120,cust_00805,3133.14,INR,CARD,SUCCESS,,1,0.81,2026-07-16 05:08:15.661676
pay_000614,cust_01476,734.81,INR,UPI,SUCCESS,,1,0.54,2026-07-16 05:10:15.661676
pay_009520,cust_01668,1307.99,INR,NETBANKING,SUCCESS,,1,0.775,2026-07-16 05:32:15.661676
pay_001728,cust_01252,3451.09,INR,UPI,SUCCESS,,1,0.901,2026-07-16 05:35:15.661676
pay_004517,cust_02439,1294.73,INR,WALLET,SUCCESS,,1,0.636,2026-07-16 05:37:15.661676
pay_003007,cust_02013,2667.32,INR,UPI,SUCCESS,,1,0.467,2026-07-16 06:01:15.661676
pay_009719,cust_00339,2909.93,INR,CARD,FAILED,NETWORK_ERROR,2,0.567,2026-07-16 06:15:15.661676
pay_005209,cust_02402,795.77,INR,CARD,SUCCESS,,1,0.737,2026-07-16 06:16:15.661676
pay_004361,cust_00241,2312.13,INR,UPI,SUCCESS,,1,0.618,2026-07-16 06:28:15.661676
pay_002041,cust_01157,1037.15,INR,WALLET,SUCCESS,,1,0.856,2026-07-16 06:30:15.661676
pay_007862,cust_01197,2035.01,INR,UPI,SUCCESS,,1,0.882,2026-07-16 07:07:15.661676
pay_001814,cust_01036,3705.12,INR,NETBANKING,FAILED,LIMIT_EXCEEDED,4,0.766,2026-07-16 07:26:15.661676
pay_000499,cust_02824,897.4,INR,UPI,SUCCESS,,1,0.637,2026-07-16 07:45:15.661676
pay_007262,cust_00529,1825.31,INR,UPI,SUCCESS,,1,0.491,2026-07-16 07:46:15.661676
pay_004931,cust_00826,4346.98,INR,UPI,SUCCESS,,1,0.841,2026-07-16 07:54:15.661676
pay_003858,cust_00990,2901.78,INR,WALLET,SUCCESS,,1,0.817,2026-07-16 08:07:15.661676
pay_006051,cust_01288,5441.14,INR,WALLET,SUCCESS,,1,0.811,2026-07-16 08:09:15.661676
pay_004716,cust_01741,1754.06,INR,NETBANKING,SUCCESS,,1,0.828,2026-07-16 08:43:15.661676
pay_000286,cust_01317,379.3,INR,WALLET,SUCCESS,,1,0.483,2026-07-16 09:01:15.661676
pay_002391,cust_02157,412.84,INR,UPI,SUCCESS,,1,0.712,2026-07-16 09:18:15.661676
pay_004587,cust_00629,4093.73,INR,UPI,SUCCESS,,1,0.832,2026-07-16 09:47:15.661676
pay_000889,cust_01975,2900.17,INR,UPI,FAILED,INSUFFICIENT_FUNDS,2,0.492,2026-07-16 10:02:15.661676
pay_005120,cust_00822,3475.42,INR,NETBANKING,FAILED,TIMEOUT,3,0.749,2026-07-16 10:16:15.661676
pay_008292,cust_01763,10599.39,INR,CARD,SUCCESS,,1,0.949,2026-07-16 10:23:15.661676
pay_009168,cust_00241,813.1,INR,UPI,SUCCESS,,1,0.799,2026-07-16 10:24:15.661676
pay_000313,cust_00219,3499.35,INR,WALLET,SUCCESS,,1,0.659,2026-07-16 10:25:15.661676
pay_005038,cust_02861,1043.8,INR,NETBANKING,SUCCESS,,1,0.504,2026-07-16 10:30:15.661676
pay_000704,cust_02926,585.95,INR,UPI,SUCCESS,,1,0.729,2026-07-16 10:37:15.661676
pay_000879,cust_01626,1784.44,INR,NETBANKING,SUCCESS,,1,0.579,2026-07-16 10:46:15.661676
pay_004110,cust_00076,2176.5,INR,NETBANKING,SUCCESS,,1,0.72,2026-07-16 10:50:15.661676
pay_006811,cust_02877,2574.29,INR,NETBANKING,SUCCESS,,1,0.738,2026-07-16 10:59:15.661676
pay_002545,cust_02721,12599.01,INR,NETBANKING,SUCCESS,,1,0.662,2026-07-16 11:04:15.661676
pay_007040,cust_01524,966.74,INR,WALLET,SUCCESS,,1,0.816,2026-07-16 11:18:15.661676
pay_001741,cust_02407,1663.1,INR,CARD,SUCCESS,,1,0.698,2026-07-16 11:26:15.661676
pay_008949,cust_00497,2359.51,INR,CARD,SUCCESS,,1,0.642,2026-07-16 12:04:15.661676
pay_000361,cust_00529,2739.35,INR,WALLET,FAILED,BANK_ERROR,1,0.73,2026-07-16 12:17:15.661676
pay_005480,cust_02435,4355.47,INR,NETBANKING,SUCCESS,,1,0.861,2026-07-16 12:35:15.661676
pay_003883,cust_00436,413.63,INR,UPI,SUCCESS,,1,0.739,2026-07-16 12:52:15.661676
pay_006019,cust_00597,1607.01,INR,WALLET,SUCCESS,,1,0.905,2026-07-16 13:06:15.661676
pay_002179,cust_00387,9126.02,INR,CARD,FAILED,CARD_EXPIRED,3,0.91,2026-07-16 13:06:15.661676
pay_004500,cust_00299,695.51,INR,NETBANKING,SUCCESS,,1,0.831,2026-07-16 13:08:15.661676
pay_006349,cust_01717,709.4,INR,NETBANKING,SUCCESS,,1,0.524,2026-07-16 13:10:15.661676
pay_006714,cust_01307,2270.61,INR,CARD,SUCCESS,,1,0.535,2026-07-16 13:22:15.661676
pay_005272,cust_02950,14333.11,INR,NETBANKING,FAILED,BANK_ERROR,3,0.868,2026-07-16 13:24:15.661676
pay_003724,cust_02846,433.07,INR,CARD,SUCCESS,,1,0.587,2026-07-16 13:35:15.661676
pay_005549,cust_02114,1219.79,INR,NETBANKING,SUCCESS,,1,0.825,2026-07-16 13:43:15.661676
pay_001314,cust_01445,2824.96,INR,NETBANKING,SUCCESS,,1,0.6,2026-07-16 13:49:15.661676
pay_007196,cust_02489,2294.57,INR,NETBANKING,SUCCESS,,1,0.509,2026-07-16 14:17:15.661676
pay_001974,cust_02101,2112.84,INR,WALLET,SUCCESS,,1,0.734,2026-07-16 14:22:15.661676
pay_000818,cust_02663,3683.82,INR,CARD,SUCCESS,,1,0.794,2026-07-16 14:32:15.661676
pay_004824,cust_00258,1787.76,INR,NETBANKING,SUCCESS,,1,0.488,2026-07-16 14:42:15.661676
pay_000813,cust_02694,5753.61,INR,NETBANKING,FAILED,INSUFFICIENT_FUNDS,2,0.598,2026-07-16 15:00:15.661676
pay_008324,cust_02593,6722.01,INR,WALLET,SUCCESS,,1,0.748,2026-07-16 15:18:15.661676
pay_007532,cust_02211,2961.14,INR,NETBANKING,SUCCESS,,1,0.606,2026-07-16 15:18:15.661676
pay_009918,cust_01630,1174.94,INR,NETBANKING,FAILED,LIMIT_EXCEEDED,1,0.487,2026-07-16 15:29:15.661676
pay_008215,cust_01047,1205.55,INR,CARD,SUCCESS,,1,0.811,2026-07-16 16:06:15.661676
pay_001430,cust_02669,1448.88,INR,NETBANKING,SUCCESS,,1,0.684,2026-07-16 16:10:15.661676
pay_001605,cust_00544,1228.81,INR,CARD,SUCCESS,,1,0.861,2026-07-16 16:26:15.661676
pay_001406,cust_02040,986.9,INR,WALLET,SUCCESS,,1,0.636,2026-07-16 16:30:15.661676
pay_009612,cust_02765,3006.65,INR,UPI,SUCCESS,,1,0.593,2026-07-16 16:42:15.661676
pay_001381,cust_02985,3109.88,INR,CARD,SUCCESS,,1,0.504,2026-07-16 16:45:15.661676
pay_007720,cust_02608,672.79,INR,WALLET,FAILED,BANK_ERROR,1,0.8,2026-07-16 17:30:15.661676
pay_008548,cust_01600,4642.81,INR,WALLET,SUCCESS,,1,0.961,2026-07-16 17:40:15.661676
pay_000066,cust_00834,5350.75,INR,NETBANKING,SUCCESS,,1,0.939,2026-07-16 17:50:15.661676
pay_008866,cust_02809,5001.63,INR,CARD,SUCCESS,,1,0.487,2026-07-16 18:01:15.661676
pay_005982,cust_01953,6625.0,INR,NETBANKING,SUCCESS,,1,0.941,2026-07-16 18:05:15.661676
pay_007845,cust_01759,6466.38,INR,NETBANKING,SUCCESS,,1,0.673,2026-07-16 18:12:15.661676
pay_001212,cust_00338,1038.65,INR,CARD,SUCCESS,,1,0.873,2026-07-16 18:15:15.661676
pay_005101,cust_01620,4117.56,INR,NETBANKING,SUCCESS,,1,0.493,2026-07-16 18:19:15.661676
pay_007694,cust_01551,1590.65,INR,CARD,SUCCESS,,1,0.648,2026-07-16 18:24:15.661676
pay_009869,cust_01750,2449.8,INR,NETBANKING,FAILED,INSUFFICIENT_FUNDS,2,0.831,2026-07-16 18:25:15.661676
pay_003471,cust_02354,1680.56,INR,WALLET,SUCCESS,,1,0.907,2026-07-16 18:42:15.661676
pay_008014,cust_00982,1729.03,INR,CARD,FAILED,NETWORK_ERROR,2,0.71,2026-07-16 18:45:15.661676
pay_005942,cust_00371,3351.36,INR,CARD,SUCCESS,,1,0.71,2026-07-16 18:48:15.661676
pay_008468,cust_00962,5548.04,INR,UPI,SUCCESS,,1,0.875,2026-07-16 18:50:15.661676
pay_004987,cust_00896,1514.99,INR,WALLET,SUCCESS,,1,0.919,2026-07-16 19:12:15.661676
pay_000932,cust_00717,8143.1,INR,WALLET,SUCCESS,,1,0.489,2026-07-16 19:39:15.661676
pay_006572,cust_01011,628.47,INR,WALLET,SUCCESS,,1,0.949,2026-07-16 20:21:15.661676
pay_002891,cust_01216,2024.35,INR,WALLET,SUCCESS,,1,0.568,2026-07-16 20:34:15.661676
pay_005922,cust_00861,2057.07,INR,NETBANKING,SUCCESS,,1,0.959,2026-07-16 21:07:15.661676
pay_001681,cust_00235,2497.35,INR,CARD,SUCCESS,,1,0.752,2026-07-16 21:33:15.661676
pay_004311,cust_02064,1873.36,INR,UPI,SUCCESS,,1,0.746,2026-07-16 21:53:15.661676
pay_001560,cust_00418,1455.49,INR,UPI,SUCCESS,,1,0.79,2026-07-16 21:59:15.661676
pay_000390,cust_01226,1139.65,INR,NETBANKING,SUCCESS,,1,0.737,2026-07-16 22:00:15.661676
pay_002780,cust_01806,2653.28,INR,CARD,SUCCESS,,1,0.892,2026-07-16 22:02:15.661676
pay_003463,cust_02946,2049.51,INR,NETBANKING,FAILED,LIMIT_EXCEEDED,3,0.927,2026-07-16 22:06:15.661676
pay_002378,cust_01192,625.88,INR,NETBANKING,SUCCESS,,1,0.91,2026-07-16 22:23:15.661676
pay_009121,cust_01696,313.07,INR,UPI,SUCCESS,,1,0.98,2026-07-16 22:37:15.661676
pay_007863,cust_02456,582.3,INR,CARD,SUCCESS,,1,0.541,2026-07-16 22:48:15.661676
pay_005595,cust_01043,4446.83,INR,UPI,SUCCESS,,1,0.887,2026-07-16 22:55:15.661676
pay_006302,cust_00011,570.9,INR,WALLET,SUCCESS,,1,0.659,2026-07-16 23:12:15.661676
pay_003944,cust_02533,267.14,INR,NETBANKING,SUCCESS,,1,0.635,2026-07-16 23:36:15.661676
pay_004662,cust_02097,1441.48,INR,WALLET,SUCCESS,,1,0.683,2026-07-16 23:41:15.661676
pay_007867,cust_01419,3598.05,INR,CARD,FAILED,BANK_ERROR,2,0.83,2026-07-16 23:49:15.661676
pay_009249,cust_01084,5238.74,INR,UPI,SUCCESS,,1,0.47,2026-07-17 00:04:15.661676
pay_009889,cust_00228,2218.93,INR,WALLET,SUCCESS,,1,0.691,2026-07-17 00:18:15.661676
pay_003610,cust_00346,1297.03,INR,CARD,SUCCESS,,1,0.695,2026-07-17 00:18:15.661676
pay_005582,cust_02804,4098.78,INR,UPI,FAILED,BANK_ERROR,1,0.81,2026-07-17 00:45:15.661676
pay_007547,cust_00644,1825.28,INR,WALLET,SUCCESS,,1,0.789,2026-07-17 00:50:15.661676
pay_005637,cust_01058,9583.23,INR,WALLET,SUCCESS,,1,0.654,2026-07-17 00:58:15.661676
pay_002798,cust_02083,433.25,INR,CARD,SUCCESS,,1,0.828,2026-07-17 01:08:15.661676
pay_000354,cust_00714,1590.89,INR,NETBANKING,SUCCESS,,1,0.982,2026-07-17 01:09:15.661676
pay_006140,cust_01551,3884.08,INR,NETBANKING,SUCCESS,,1,0.487,2026-07-17 01:10:15.661676
pay_009732,cust_01416,4560.85,INR,UPI,SUCCESS,,1,0.55,2026-07-17 01:11:15.661676
pay_000179,cust_02042,1463.04,INR,NETBANKING,SUCCESS,,1,0.674,2026-07-17 01:24:15.661676
pay_005371,cust_02827,669.28,INR,UPI,SUCCESS,,1,0.665,2026-07-17 01:53:15.661676
pay_009678,cust_01646,6448.18,INR,CARD,SUCCESS,,1,0.75,2026-07-17 01:57:15.661676
pay_008185,cust_00007,1887.71,INR,CARD,SUCCESS,,1,0.851,2026-07-17 02:20:15.661676
pay_007924,cust_00319,5071.35,INR,WALLET,SUCCESS,,1,0.634,2026-07-17 02:28:15.661676
pay_007260,cust_02182,12860.24,INR,UPI,SUCCESS,,1,0.581,2026-07-17 02:38:15.661676
pay_001806,cust_02959,509.12,INR,NETBANKING,SUCCESS,,1,0.793,2026-07-17 03:01:15.661676
pay_007921,cust_01565,5158.93,INR,CARD,SUCCESS,,1,0.452,2026-07-17 03:26:15.661676
pay_004368,cust_02214,1855.53,INR,NETBANKING,SUCCESS,,1,0.692,2026-07-17 03:34:15.661676
pay_003035,cust_01524,1895.4,INR,UPI,SUCCESS,,1,0.511,2026-07-17 04:18:15.661676
pay_002950,cust_01622,490.6,INR,UPI,SUCCESS,,1,0.716,2026-07-17 04:25:15.661676
pay_009323,cust_02877,1953.55,INR,UPI,SUCCESS,,1,0.565,2026-07-17 04:27:15.661676
pay_008253,cust_00232,401.73,INR,WALLET,SUCCESS,,1,0.85,2026-07-17 04:47:15.661676
pay_003869,cust_00024,2022.14,INR,WALLET,SUCCESS,,1,0.458,2026-07-17 04:49:15.661676
pay_000275,cust_00689,824.51,INR,UPI,SUCCESS,,1,0.737,2026-07-17 04:56:15.661676
pay_008552,cust_02505,998.38,INR,UPI,FAILED,TIMEOUT,1,0.663,2026-07-17 05:01:15.661676
pay_008417,cust_02062,1716.74,INR,UPI,FAILED,LIMIT_EXCEEDED,2,0.826,2026-07-17 05:05:15.661676
pay_001521,cust_00185,4802.19,INR,UPI,SUCCESS,,1,0.501,2026-07-17 05:18:15.661676
pay_009804,cust_02021,802.34,INR,UPI,SUCCESS,,1,0.523,2026-07-17 05:21:15.661676
pay_003208,cust_02050,3512.75,INR,WALLET,SUCCESS,,1,0.811,2026-07-17 05:34:15.661676
pay_006817,cust_02160,375.54,INR,CARD,FAILED,BANK_ERROR,3,0.688,2026-07-17 05:35:15.661676
pay_000550,cust_01530,1115.23,INR,CARD,SUCCESS,,1,0.772,2026-07-17 05:40:15.661676
pay_009166,cust_01517,1717.97,INR,NETBANKING,SUCCESS,,1,0.842,2026-07-17 05:46:15.661676
pay_002955,cust_01089,846.29,INR,NETBANKING,SUCCESS,,1,0.901,2026-07-17 05:48:15.661676
pay_003534,cust_00584,670.99,INR,UPI,SUCCESS,,1,0.912,2026-07-17 05:54:15.661676
pay_004967,cust_01344,852.72,INR,WALLET,SUCCESS,,1,0.916,2026-07-17 06:08:15.661676
pay_002962,cust_01034,1111.12,INR,CARD,SUCCESS,,1,0.457,2026-07-17 06:16:15.661676
pay_003066,cust_02256,2338.52,INR,NETBANKING,SUCCESS,,1,0.558,2026-07-17 06:19:15.661676
pay_005446,cust_01055,1513.97,INR,UPI,FAILED,LIMIT_EXCEEDED,4,0.536,2026-07-17 06:25:15.661676
pay_004362,cust_01061,934.78,INR,UPI,SUCCESS,,1,0.687,2026-07-17 06:26:15.661676
pay_005250,cust_02167,2537.95,INR,WALLET,SUCCESS,,1,0.68,2026-07-17 06:44:15.661676
pay_005516,cust_00761,536.37,INR,NETBANKING,SUCCESS,,1,0.775,2026-07-17 06:50:15.661676
pay_004132,cust_01525,1811.35,INR,NETBANKING,SUCCESS,,1,0.927,2026-07-17 06:51:15.661676
pay_001400,cust_01657,1069.01,INR,WALLET,SUCCESS,,1,0.865,2026-07-17 06:58:15.661676
pay_003051,cust_01263,603.45,INR,WALLET,SUCCESS,,1,0.859,2026-07-17 07:01:15.661676
pay_006487,cust_02012,1506.58,INR,CARD,SUCCESS,,1,0.488,2026-07-17 07:08:15.661676
pay_003326,cust_00612,2644.23,INR,NETBANKING,SUCCESS,,1,0.624,2026-07-17 07:33:15.661676
pay_002435,cust_00214,2165.15,INR,CARD,SUCCESS,,1,0.68,2026-07-17 07:36:15.661676
pay_004244,cust_00205,3161.97,INR,UPI,SUCCESS,,1,0.508,2026-07-17 07:59:15.661676
pay_006801,cust_02205,846.27,INR,WALLET,SUCCESS,,1,0.825,2026-07-17 08:14:15.661676
pay_008435,cust_02723,1435.8,INR,UPI,SUCCESS,,1,0.665,2026-07-17 08:26:15.661676
pay_001769,cust_00181,1995.33,INR,WALLET,SUCCESS,,1,0.627,2026-07-17 09:20:15.661676
pay_006971,cust_02903,770.6,INR,NETBANKING,SUCCESS,,1,0.766,2026-07-17 09:20:15.661676
pay_006282,cust_02633,2097.85,INR,WALLET,SUCCESS,,1,0.745,2026-07-17 09:24:15.661676
pay_007116,cust_00497,1278.3,INR,WALLET,SUCCESS,,1,0.461,2026-07-17 09:24:15.661676
pay_004907,cust_01745,1215.33,INR,UPI,SUCCESS,,1,0.902,2026-07-17 09:28:15.661676
pay_006359,cust_00252,370.34,INR,CARD,SUCCESS,,1,0.529,2026-07-17 09:39:15.661676
pay_002125,cust_02031,1840.83,INR,WALLET,FAILED,TIMEOUT,3,0.543,2026-07-17 09:40:15.661676
pay_001208,cust_01921,1063.88,INR,WALLET,FAILED,CARD_EXPIRED,3,0.677,2026-07-17 09:41:15.661676
pay_006420,cust_01142,1505.28,INR,NETBANKING,SUCCESS,,1,0.694,2026-07-17 09:49:15.661676
pay_009979,cust_00250,804.2,INR,WALLET,SUCCESS,,1,0.578,2026-07-17 10:07:15.661676
pay_006502,cust_00830,686.68,INR,UPI,SUCCESS,,1,0.745,2026-07-17 10:11:15.661676
pay_005864,cust_02959,430.46,INR,WALLET,SUCCESS,,1,0.504,2026-07-17 10:24:15.661676
pay_006523,cust_02770,1346.29,INR,UPI,SUCCESS,,1,0.812,2026-07-17 10:43:15.661676
pay_002474,cust_01102,598.94,INR,UPI,SUCCESS,,1,0.589,2026-07-17 11:01:15.661676
pay_004394,cust_02674,1180.65,INR,CARD,SUCCESS,,1,0.948,2026-07-17 11:10:15.661676
pay_003041,cust_00279,2945.91,INR,WALLET,FAILED,BANK_ERROR,2,0.583,2026-07-17 11:16:15.661676
pay_000643,cust_01458,1468.98,INR,WALLET,SUCCESS,,1,0.611,2026-07-17 11:26:15.661676
pay_001363,cust_02618,1989.55,INR,UPI,SUCCESS,,1,0.789,2026-07-17 12:19:15.661676
pay_009330,cust_02240,2937.78,INR,UPI,SUCCESS,,1,0.623,2026-07-17 12:23:15.661676
pay_005686,cust_00579,547.18,INR,NETBANKING,SUCCESS,,1,0.594,2026-07-17 12:52:15.661676
pay_005216,cust_02017,2706.55,INR,UPI,SUCCESS,,1,0.641,2026-07-17 12:53:15.661676
pay_007978,cust_01615,3224.17,INR,CARD,SUCCESS,,1,0.577,2026-07-17 12:56:15.661676
pay_004951,cust_00861,2191.11,INR,WALLET,SUCCESS,,1,0.765,2026-07-17 13:01:15.661676
pay_001387,cust_01738,5122.48,INR,CARD,SUCCESS,,1,0.511,2026-07-17 13:09:15.661676
pay_000844,cust_00102,2455.11,INR,NETBANKING,SUCCESS,,1,0.691,2026-07-17 13:17:15.661676
pay_009656,cust_01160,5135.69,INR,CARD,SUCCESS,,1,0.559,2026-07-17 13:19:15.661676
pay_007186,cust_00276,3132.19,INR,WALLET,SUCCESS,,1,0.778,2026-07-17 13:55:15.661676
pay_009207,cust_00064,4196.63,INR,CARD,SUCCESS,,1,0.454,2026-07-17 14:01:15.661676
pay_001309,cust_01376,4310.1,INR,UPI,FAILED,LIMIT_EXCEEDED,1,0.51,2026-07-17 14:13:15.661676
pay_008220,cust_01087,622.57,INR,NETBANKING,SUCCESS,,1,0.936,2026-07-17 14:27:15.661676
pay_008136,cust_00075,1639.34,INR,NETBANKING,SUCCESS,,1,0.77,2026-07-17 14:46:15.661676
pay_006795,cust_02945,1540.46,INR,UPI,SUCCESS,,1,0.946,2026-07-17 14:52:15.661676
pay_008855,cust_01555,1602.99,INR,WALLET,SUCCESS,,1,0.472,2026-07-17 15:00:15.661676
pay_000332,cust_01293,882.0,INR,NETBANKING,SUCCESS,,1,0.89,2026-07-17 15:38:15.661676
pay_007875,cust_01640,17315.83,INR,WALLET,SUCCESS,,1,0.961,2026-07-17 16:02:15.661676
pay_000573,cust_00382,2348.52,INR,WALLET,SUCCESS,,1,0.825,2026-07-17 16:08:15.661676
pay_006117,cust_00812,3490.78,INR,UPI,SUCCESS,,1,0.96,2026-07-17 16:15:15.661676
pay_008951,cust_00738,2186.62,INR,NETBANKING,SUCCESS,,1,0.451,2026-07-17 16:22:15.661676
pay_006248,cust_02840,3022.5,INR,CARD,SUCCESS,,1,0.52,2026-07-17 16:23:15.661676
pay_001724,cust_01944,2958.07,INR,CARD,SUCCESS,,1,0.748,2026-07-17 16:36:15.661676
pay_008586,cust_02661,2822.84,INR,UPI,SUCCESS,,1,0.988,2026-07-17 16:41:15.661676
pay_003472,cust_00531,1694.76,INR,NETBANKING,SUCCESS,,1,0.717,2026-07-17 17:14:15.661676
pay_001101,cust_00161,4017.47,INR,WALLET,SUCCESS,,1,0.97,2026-07-17 17:15:15.661676
pay_009794,cust_02634,841.42,INR,CARD,SUCCESS,,1,0.913,2026-07-17 17:44:15.661676
pay_001589,cust_00432,932.55,INR,NETBANKING,SUCCESS,,1,0.894,2026-07-17 17:58:15.661676
pay_009489,cust_00439,1231.3,INR,WALLET,SUCCESS,,1,0.755,2026-07-17 18:08:15.661676
pay_000990,cust_01730,1847.35,INR,CARD,SUCCESS,,1,0.941,2026-07-17 18:19:15.661676
pay_000896,cust_01058,3038.04,INR,CARD,FAILED,CARD_EXPIRED,1,0.924,2026-07-17 18:23:15.661676
pay_000887,cust_02677,2884.6,INR,UPI,SUCCESS,,1,0.975,2026-07-17 18:26:15.661676
pay_003607,cust_02230,968.86,INR,UPI,SUCCESS,,1,0.842,2026-07-17 18:50:15.661676
pay_001204,cust_01145,2792.35,INR,WALLET,SUCCESS,,1,0.931,2026-07-17 19:03:15.661676
pay_001673,cust_00107,1321.59,INR,WALLET,SUCCESS,,1,0.554,2026-07-17 19:38:15.661676
pay_004584,cust_02729,3385.31,INR,UPI,SUCCESS,,1,0.712,2026-07-17 20:05:15.661676
pay_001680,cust_01511,1280.11,INR,UPI,SUCCESS,,1,0.816,2026-07-17 20:39:15.661676
pay_007022,cust_02668,492.56,INR,NETBANKING,SUCCESS,,1,0.824,2026-07-17 21:58:15.661676
pay_000173,cust_00223,1699.89,INR,CARD,SUCCESS,,1,0.858,2026-07-17 22:18:15.661676
pay_003557,cust_02810,3018.26,INR,WALLET,SUCCESS,,1,0.916,2026-07-17 22:43:15.661676
pay_003530,cust_01932,779.73,INR,WALLET,SUCCESS,,1,0.809,2026-07-17 22:50:15.661676
pay_000399,cust_02891,1649.73,INR,CARD,SUCCESS,,1,0.626,2026-07-17 22:50:15.661676
pay_001100,cust_00174,2385.56,INR,CARD,SUCCESS,,1,0.981,2026-07-17 22:53:15.661676
pay_006764,cust_01730,6862.35,INR,UPI,SUCCESS,,1,0.874,2026-07-17 23:14:15.661676
pay_003487,cust_00106,6149.69,INR,WALLET,SUCCESS,,1,0.659,2026-07-17 23:23:15.661676
pay_006808,cust_01409,3153.07,INR,WALLET,SUCCESS,,1,0.858,2026-07-18 00:14:15.661676
pay_002419,cust_02515,2471.44,INR,NETBANKING,SUCCESS,,1,0.705,2026-07-18 00:22:15.661676
pay_002992,cust_02054,2926.89,INR,UPI,SUCCESS,,1,0.452,2026-07-18 00:46:15.661676
pay_000911,cust_02368,1413.43,INR,UPI,SUCCESS,,1,0.803,2026-07-18 01:12:15.661676
pay_009548,cust_00964,3284.01,INR,NETBANKING,SUCCESS,,1,0.752,2026-07-18 01:14:15.661676
pay_008204,cust_02152,952.24,INR,UPI,FAILED,CARD_EXPIRED,4,0.566,2026-07-18 01:19:15.661676
pay_005181,cust_01472,2153.67,INR,CARD,SUCCESS,,1,0.743,2026-07-18 01:20:15.661676
pay_005362,cust_00562,1980.85,INR,WALLET,SUCCESS,,1,0.911,2026-07-18 01:32:15.661676
pay_002414,cust_00056,867.83,INR,CARD,SUCCESS,,1,0.54,2026-07-18 01:35:15.661676
pay_001227,cust_02753,1872.54,INR,CARD,SUCCESS,,1,0.823,2026-07-18 01:37:15.661676
pay_003400,cust_01268,1308.3,INR,CARD,SUCCESS,,1,0.626,2026-07-18 01:42:15.661676
pay_005800,cust_01129,1075.46,INR,CARD,SUCCESS,,1,0.86,2026-07-18 01:45:15.661676
pay_004194,cust_01035,259.53,INR,NETBANKING,SUCCESS,,1,0.57,2026-07-18 01:54:15.661676
pay_009256,cust_00622,1236.06,INR,CARD,SUCCESS,,1,0.454,2026-07-18 01:56:15.661676
pay_009905,cust_00518,3929.98,INR,WALLET,SUCCESS,,1,0.886,2026-07-18 02:20:15.661676
pay_006086,cust_01877,1385.16,INR,CARD,SUCCESS,,1,0.523,2026-07-18 02:39:15.661676
pay_005141,cust_02447,1142.21,INR,NETBANKING,SUCCESS,,1,0.941,2026-07-18 03:01:15.661676
pay_001099,cust_02433,3763.34,INR,UPI,SUCCESS,,1,0.697,2026-07-18 03:08:15.661676
pay_001081,cust_02990,1367.96,INR,WALLET,FAILED,CARD_EXPIRED,2,0.675,2026-07-18 03:17:15.661676
pay_006280,cust_00903,1892.01,INR,CARD,SUCCESS,,1,0.854,2026-07-18 03:37:15.661676
pay_001788,cust_02491,990.56,INR,WALLET,SUCCESS,,1,0.689,2026-07-18 04:56:15.661676
pay_003320,cust_01177,11568.4,INR,WALLET,FAILED,BANK_ERROR,2,0.895,2026-07-18 06:34:15.661676
pay_001435,cust_01777,1581.77,INR,UPI,SUCCESS,,1,0.7,2026-07-18 06:40:15.661676
pay_006370,cust_02279,1285.05,INR,UPI,SUCCESS,,1,0.953,2026-07-18 06:44:15.661676
pay_004406,cust_00524,3559.96,INR,CARD,SUCCESS,,1,0.497,2026-07-18 06:54:15.661676
pay_006672,cust_02468,1061.51,INR,WALLET,SUCCESS,,1,0.783,2026-07-18 06:57:15.661676
pay_009724,cust_02767,1843.06,INR,UPI,SUCCESS,,1,0.798,2026-07-18 06:58:15.661676
pay_002417,cust_01206,2810.68,INR,NETBANKING,SUCCESS,,1,0.93,2026-07-18 07:08:15.661676
pay_002592,cust_00261,1254.08,INR,CARD,SUCCESS,,1,0.562,2026-07-18 07:18:15.661676
pay_001892,cust_02009,1817.36,INR,NETBANKING,FAILED,TIMEOUT,2,0.821,2026-07-18 07:32:15.661676
pay_002941,cust_00621,4012.85,INR,UPI,SUCCESS,,1,0.835,2026-07-18 07:47:15.661676
pay_005390,cust_02435,316.6,INR,CARD,FAILED,CARD_EXPIRED,4,0.639,2026-07-18 07:57:15.661676
pay_006450,cust_01772,2365.57,INR,WALLET,SUCCESS,,1,0.608,2026-07-18 08:10:15.661676
pay_005491,cust_02753,1301.38,INR,WALLET,SUCCESS,,1,0.871,2026-07-18 08:12:15.661676
pay_002995,cust_01530,844.26,INR,WALLET,SUCCESS,,1,0.662,2026-07-18 08:32:15.661676
pay_000982,cust_02605,2541.13,INR,WALLET,SUCCESS,,1,0.738,2026-07-18 09:16:15.661676
pay_009640,cust_02979,1491.33,INR,NETBANKING,SUCCESS,,1,0.741,2026-07-18 09:22:15.661676
pay_007453,cust_01758,772.26,INR,UPI,SUCCESS,,1,0.861,2026-07-18 09:25:15.661676
pay_000480,cust_02221,4427.81,INR,UPI,SUCCESS,,1,0.907,2026-07-18 10:20:15.661676
pay_008883,cust_00867,3963.65,INR,WALLET,SUCCESS,,1,0.977,2026-07-18 10:32:15.661676
pay_009761,cust_00123,580.83,INR,WALLET,SUCCESS,,1,0.471,2026-07-18 10:54:15.661676
pay_003257,cust_00245,893.5,INR,WALLET,SUCCESS,,1,0.673,2026-07-18 11:04:15.661676
pay_002421,cust_00555,4179.11,INR,CARD,SUCCESS,,1,0.706,2026-07-18 11:17:15.661676
pay_007970,cust_01502,4474.92,INR,UPI,SUCCESS,,1,0.909,2026-07-18 11:34:15.661676
pay_001127,cust_01349,2303.32,INR,WALLET,SUCCESS,,1,0.563,2026-07-18 11:52:15.661676
pay_004973,cust_00521,806.93,INR,UPI,SUCCESS,,1,0.776,2026-07-18 12:12:15.661676
pay_001818,cust_02853,1017.07,INR,WALLET,SUCCESS,,1,0.606,2026-07-18 12:33:15.661676
pay_000837,cust_00299,6250.4,INR,NETBANKING,SUCCESS,,1,0.549,2026-07-18 13:30:15.661676
pay_000400,cust_02713,4867.1,INR,WALLET,SUCCESS,,1,0.967,2026-07-18 13:41:15.661676
pay_001706,cust_02919,1490.69,INR,NETBANKING,SUCCESS,,1,0.836,2026-07-18 13:41:15.661676
pay_007397,cust_01529,5491.36,INR,UPI,SUCCESS,,1,0.744,2026-07-18 13:42:15.661676
pay_009236,cust_00893,632.72,INR,UPI,FAILED,BANK_ERROR,1,0.552,2026-07-18 13:48:15.661676
pay_005540,cust_02351,3873.72,INR,CARD,SUCCESS,,1,0.834,2026-07-18 13:51:15.661676
pay_000358,cust_02945,1435.22,INR,WALLET,SUCCESS,,1,0.671,2026-07-18 14:09:15.661676
pay_001026,cust_02695,2563.32,INR,WALLET,SUCCESS,,1,0.769,2026-07-18 14:26:15.661676
pay_001743,cust_02478,1912.26,INR,CARD,SUCCESS,,1,0.757,2026-07-18 14:31:15.661676
pay_005034,cust_02410,2781.51,INR,WALLET,SUCCESS,,1,0.768,2026-07-18 14:47:15.661676
pay_006088,cust_01156,524.14,INR,CARD,SUCCESS,,1,0.812,2026-07-18 15:09:15.661676
pay_006673,cust_01078,2428.95,INR,CARD,FAILED,BANK_ERROR,1,0.569,2026-07-18 15:12:15.661676
pay_001032,cust_00777,475.86,INR,CARD,SUCCESS,,1,0.758,2026-07-18 15:15:15.661676
pay_003354,cust_00388,1923.16,INR,WALLET,SUCCESS,,1,0.924,2026-07-18 15:17:15.661676
pay_009887,cust_01264,1616.11,INR,CARD,SUCCESS,,1,0.475,2026-07-18 15:37:15.661676
pay_000668,cust_00897,6022.12,INR,UPI,SUCCESS,,1,0.629,2026-07-18 15:48:15.661676
pay_001905,cust_00506,1659.31,INR,CARD,SUCCESS,,1,0.616,2026-07-18 15:52:15.661676
pay_006123,cust_02062,982.93,INR,WALLET,SUCCESS,,1,0.462,2026-07-18 16:04:15.661676
pay_000265,cust_02780,1477.26,INR,WALLET,SUCCESS,,1,0.475,2026-07-18 16:52:15.661676
pay_007987,cust_02095,2157.07,INR,NETBANKING,SUCCESS,,1,0.47,2026-07-18 17:07:15.661676
pay_008275,cust_02225,735.76,INR,WALLET,SUCCESS,,1,0.506,2026-07-18 17:21:15.661676
pay_002137,cust_01162,1961.54,INR,CARD,SUCCESS,,1,0.753,2026-07-18 17:35:15.661676
pay_008975,cust_02942,3477.17,INR,CARD,SUCCESS,,1,0.887,2026-07-18 17:41:15.661676
pay_009515,cust_01318,2134.6,INR,WALLET,SUCCESS,,1,0.988,2026-07-18 17:59:15.661676
pay_000034,cust_00677,775.75,INR,NETBANKING,FAILED,INSUFFICIENT_FUNDS,2,0.952,2026-07-18 18:29:15.661676
pay_006935,cust_00147,3652.51,INR,WALLET,SUCCESS,,1,0.74,2026-07-18 18:34:15.661676
pay_006145,cust_00152,2900.38,INR,WALLET,SUCCESS,,1,0.953,2026-07-18 18:46:15.661676
pay_009002,cust_00937,4267.27,INR,WALLET,SUCCESS,,1,0.799,2026-07-18 19:04:15.661676
pay_004265,cust_00122,1723.55,INR,CARD,SUCCESS,,1,0.856,2026-07-18 19:33:15.661676
pay_000434,cust_00336,3210.02,INR,WALLET,SUCCESS,,1,0.492,2026-07-18 19:34:15.661676
pay_000598,cust_02433,826.33,INR,UPI,FAILED,BANK_ERROR,3,0.954,2026-07-18 19:49:15.661676
pay_003335,cust_01549,5539.59,INR,CARD,SUCCESS,,1,0.666,2026-07-18 19:54:15.661676
pay_009461,cust_02013,2452.83,INR,WALLET,SUCCESS,,1,0.784,2026-07-18 19:59:15.661676
pay_008157,cust_01441,2091.59,INR,UPI,SUCCESS,,1,0.923,2026-07-18 19:59:15.661676
pay_009863,cust_00886,2764.57,INR,UPI,SUCCESS,,1,0.803,2026-07-18 20:34:15.661676
pay_009209,cust_01028,2203.53,INR,CARD,SUCCESS,,1,0.533,2026-07-18 20:45:15.661676
pay_001382,cust_02369,1223.74,INR,UPI,SUCCESS,,1,0.553,2026-07-18 21:01:15.661676
pay_000446,cust_02201,3089.42,INR,WALLET,SUCCESS,,1,0.979,2026-07-18 21:02:15.661676
pay_004301,cust_01857,1288.35,INR,UPI,SUCCESS,,1,0.574,2026-07-18 21:05:15.661676
pay_001906,cust_02006,2586.79,INR,UPI,SUCCESS,,1,0.759,2026-07-18 21:17:15.661676
pay_004035,cust_00452,946.24,INR,CARD,SUCCESS,,1,0.673,2026-07-18 21:25:15.661676
pay_001932,cust_00810,2690.17,INR,UPI,SUCCESS,,1,0.533,2026-07-18 21:35:15.661676
pay_007768,cust_01153,455.21,INR,UPI,SUCCESS,,1,0.585,2026-07-18 21:41:15.661676
pay_007473,cust_02128,672.38,INR,WALLET,SUCCESS,,1,0.751,2026-07-18 21:51:15.661676
pay_004906,cust_00827,3799.39,INR,CARD,SUCCESS,,1,0.739,2026-07-18 22:00:15.661676
pay_007584,cust_02986,5385.48,INR,UPI,SUCCESS,,1,0.763,2026-07-18 22:12:15.661676
pay_005947,cust_01274,1117.78,INR,CARD,SUCCESS,,1,0.625,2026-07-18 22:16:15.661676
pay_002172,cust_02434,1701.46,INR,NETBANKING,SUCCESS,,1,0.73,2026-07-18 22:36:15.661676
pay_002765,cust_02515,2213.95,INR,UPI,SUCCESS,,1,0.537,2026-07-18 23:04:15.661676
pay_008859,cust_01989,501.41,INR,CARD,SUCCESS,,1,0.75,2026-07-18 23:23:15.661676
pay_008125,cust_01029,1384.66,INR,NETBANKING,SUCCESS,,1,0.811,2026-07-18 23:28:15.661676
pay_008767,cust_02578,4074.5,INR,UPI,SUCCESS,,1,0.828,2026-07-18 23:38:15.661676
pay_004454,cust_00916,2292.19,INR,NETBANKING,SUCCESS,,1,0.514,2026-07-18 23:48:15.661676
pay_008698,cust_01750,589.89,INR,WALLET,SUCCESS,,1,0.787,2026-07-18 23:55:15.661676
pay_008637,cust_00341,5012.79,INR,CARD,SUCCESS,,1,0.704,2026-07-19 00:19:15.661676
pay_004703,cust_00064,3081.02,INR,UPI,SUCCESS,,1,0.459,2026-07-19 00:24:15.661676
pay_001223,cust_01076,3001.96,INR,CARD,FAILED,BANK_ERROR,4,0.656,2026-07-19 00:32:15.661676
pay_002003,cust_00730,959.17,INR,WALLET,SUCCESS,,1,0.548,2026-07-19 00:37:15.661676
pay_008547,cust_00628,1929.51,INR,UPI,SUCCESS,,1,0.844,2026-07-19 00:57:15.661676
pay_006204,cust_00684,8054.37,INR,WALLET,SUCCESS,,1,0.779,2026-07-19 00:58:15.661676
pay_008350,cust_02168,5050.71,INR,NETBANKING,SUCCESS,,1,0.67,2026-07-19 01:05:15.661676
pay_004135,cust_02388,1654.66,INR,UPI,SUCCESS,,1,0.75,2026-07-19 01:24:15.661676
pay_005736,cust_02290,1443.9,INR,WALLET,SUCCESS,,1,0.726,2026-07-19 01:24:15.661676
pay_000213,cust_00542,3878.49,INR,NETBANKING,SUCCESS,,1,0.597,2026-07-19 01:25:15.661676
pay_003187,cust_02069,694.07,INR,NETBANKING,SUCCESS,,1,0.736,2026-07-19 01:28:15.661676
pay_004098,cust_00194,1127.87,INR,UPI,SUCCESS,,1,0.727,2026-07-19 01:34:15.661676
pay_008669,cust_02033,2460.14,INR,UPI,SUCCESS,,1,0.677,2026-07-19 01:38:15.661676
pay_008661,cust_00843,11438.7,INR,WALLET,SUCCESS,,1,0.584,2026-07-19 02:02:15.661676
pay_008873,cust_00170,439.43,INR,UPI,SUCCESS,,1,0.752,2026-07-19 02:07:15.661676
pay_002517,cust_01464,1936.65,INR,UPI,SUCCESS,,1,0.584,2026-07-19 02:20:15.661676
pay_004251,cust_00934,4273.87,INR,UPI,FAILED,USER_CANCELLED,3,0.538,2026-07-19 02:23:15.661676
pay_008286,cust_00869,3848.77,INR,WALLET,SUCCESS,,1,0.844,2026-07-19 02:36:15.661676
pay_004497,cust_02672,949.43,INR,WALLET,FAILED,FRAUD_SUSPECTED,4,0.809,2026-07-19 02:58:15.661676
pay_003994,cust_02654,3297.37,INR,UPI,SUCCESS,,1,0.664,2026-07-19 03:00:15.661676
pay_002636,cust_02287,4260.9,INR,UPI,SUCCESS,,1,0.727,2026-07-19 03:25:15.661676
pay_000448,cust_02231,852.43,INR,WALLET,SUCCESS,,1,0.574,2026-07-19 03:47:15.661676
pay_005676,cust_00886,1837.36,INR,UPI,SUCCESS,,1,0.467,2026-07-19 03:47:15.661676
pay_007672,cust_02409,360.71,INR,CARD,SUCCESS,,1,0.755,2026-07-19 04:11:15.661676
pay_004250,cust_00460,1726.73,INR,UPI,SUCCESS,,1,0.634,2026-07-19 04:31:15.661676
pay_000566,cust_00244,1304.45,INR,NETBANKING,SUCCESS,,1,0.741,2026-07-19 04:33:15.661676
pay_002294,cust_00756,947.08,INR,WALLET,SUCCESS,,1,0.615,2026-07-19 05:00:15.661676
pay_004928,cust_01930,2188.22,INR,NETBANKING,SUCCESS,,1,0.646,2026-07-19 05:13:15.661676
pay_007421,cust_02853,1283.5,INR,NETBANKING,SUCCESS,,1,0.596,2026-07-19 05:54:15.661676
pay_007265,cust_02254,1607.26,INR,WALLET,SUCCESS,,1,0.878,2026-07-19 06:01:15.661676
pay_006662,cust_02202,1092.04,INR,CARD,SUCCESS,,1,0.665,2026-07-19 06:56:15.661676
pay_003712,cust_02062,631.03,INR,NETBANKING,SUCCESS,,1,0.795,2026-07-19 07:00:15.661676
pay_007985,cust_01189,2187.55,INR,UPI,SUCCESS,,1,0.695,2026-07-19 07:02:15.661676
pay_004644,cust_00903,5492.94,INR,WALLET,SUCCESS,,1,0.813,2026-07-19 07:30:15.661676
pay_007917,cust_01927,1451.4,INR,CARD,SUCCESS,,1,0.607,2026-07-19 07:46:15.661676
pay_005361,cust_01614,1742.35,INR,CARD,FAILED,BANK_ERROR,1,0.526,2026-07-19 07:50:15.661676
pay_003926,cust_02109,1381.45,INR,UPI,SUCCESS,,1,0.963,2026-07-19 07:52:15.661676
pay_007892,cust_02120,4221.56,INR,WALLET,SUCCESS,,1,0.909,2026-07-19 07:52:15.661676
pay_004677,cust_01875,3147.03,INR,UPI,SUCCESS,,1,0.898,2026-07-19 08:04:15.661676
pay_001256,cust_01261,686.97,INR,WALLET,FAILED,USER_CANCELLED,1,0.47,2026-07-19 08:10:15.661676
pay_007336,cust_02875,2301.06,INR,UPI,SUCCESS,,1,0.897,2026-07-19 08:10:15.661676
pay_004746,cust_01516,1439.32,INR,WALLET,SUCCESS,,1,0.452,2026-07-19 08:11:15.661676
pay_000304,cust_01839,2946.27,INR,CARD,SUCCESS,,1,0.971,2026-07-19 08:19:15.661676
pay_003199,cust_02377,1342.31,INR,CARD,SUCCESS,,1,0.605,2026-07-19 08:30:15.661676
pay_002496,cust_02446,3465.33,INR,WALLET,SUCCESS,,1,0.714,2026-07-19 08:33:15.661676
pay_009493,cust_00027,1279.05,INR,WALLET,SUCCESS,,1,0.798,2026-07-19 08:35:15.661676
pay_007653,cust_00801,1718.64,INR,WALLET,SUCCESS,,1,0.928,2026-07-19 08:39:15.661676
pay_005687,cust_01714,4935.04,INR,NETBANKING,SUCCESS,,1,0.639,2026-07-19 09:25:15.661676
pay_003667,cust_00910,3245.76,INR,NETBANKING,SUCCESS,,1,0.826,2026-07-19 09:39:15.661676
pay_000416,cust_02672,993.48,INR,CARD,SUCCESS,,1,0.909,2026-07-19 10:49:15.661676
pay_006417,cust_02045,647.09,INR,NETBANKING,SUCCESS,,1,0.597,2026-07-19 11:13:15.661676
pay_002109,cust_01217,1390.06,INR,CARD,SUCCESS,,1,0.842,2026-07-19 11:24:15.661676
pay_008533,cust_02618,2654.6,INR,WALLET,SUCCESS,,1,0.901,2026-07-19 11:38:15.661676
pay_005716,cust_00506,1286.13,INR,WALLET,SUCCESS,,1,0.895,2026-07-19 11:41:15.661676
pay_001898,cust_02845,6495.84,INR,CARD,SUCCESS,,1,0.79,2026-07-19 12:28:15.661676
pay_009669,cust_02700,862.69,INR,NETBANKING,SUCCESS,,1,0.66,2026-07-19 12:38:15.661676
pay_005006,cust_02945,652.37,INR,CARD,SUCCESS,,1,0.809,2026-07-19 12:42:15.661676
pay_009590,cust_02114,3424.81,INR,NETBANKING,SUCCESS,,1,0.596,2026-07-19 12:45:15.661676
pay_004223,cust_01744,1800.02,INR,NETBANKING,SUCCESS,,1,0.845,2026-07-19 12:49:15.661676
pay_000605,cust_00833,2516.81,INR,CARD,SUCCESS,,1,0.767,2026-07-19 13:31:15.661676
pay_005528,cust_00084,1827.01,INR,UPI,SUCCESS,,1,0.826,2026-07-19 13:42:15.661676
pay_004092,cust_02621,5633.03,INR,CARD,FAILED,INSUFFICIENT_FUNDS,4,0.79,2026-07-19 14:28:15.661676
pay_004437,cust_02404,4622.79,INR,WALLET,SUCCESS,,1,0.669,2026-07-19 14:30:15.661676
pay_007791,cust_01533,1980.64,INR,CARD,SUCCESS,,1,0.983,2026-07-19 14:53:15.661676
pay_000860,cust_00021,2999.93,INR,WALLET,SUCCESS,,1,0.496,2026-07-19 15:11:15.661676
pay_009865,cust_00680,1983.22,INR,WALLET,FAILED,NETWORK_ERROR,2,0.61,2026-07-19 15:20:15.661676
pay_007303,cust_01504,1254.69,INR,WALLET,SUCCESS,,1,0.932,2026-07-19 15:46:15.661676
pay_003701,cust_01815,4239.23,INR,NETBANKING,FAILED,CARD_EXPIRED,3,0.865,2026-07-19 15:59:15.661676
pay_004981,cust_01845,693.41,INR,WALLET,SUCCESS,,1,0.927,2026-07-19 16:26:15.661676
pay_009177,cust_01417,4944.79,INR,WALLET,FAILED,USER_CANCELLED,4,0.874,2026-07-19 16:53:15.661676
pay_006056,cust_02149,6004.23,INR,UPI,SUCCESS,,1,0.471,2026-07-19 16:55:15.661676
pay_001641,cust_02003,1843.42,INR,WALLET,SUCCESS,,1,0.923,2026-07-19 17:19:15.661676
pay_005644,cust_01608,5363.39,INR,WALLET,SUCCESS,,1,0.472,2026-07-19 17:26:15.661676
pay_004133,cust_02914,4256.88,INR,NETBANKING,SUCCESS,,1,0.685,2026-07-19 17:45:15.661676
pay_001642,cust_02668,5595.83,INR,UPI,SUCCESS,,1,0.899,2026-07-19 18:27:15.661676
pay_002324,cust_02246,6902.19,INR,WALLET,SUCCESS,,1,0.908,2026-07-19 19:09:15.661676
pay_000040,cust_01989,2116.44,INR,CARD,SUCCESS,,1,0.955,2026-07-19 19:44:15.661676
pay_009929,cust_02914,3135.7,INR,UPI,SUCCESS,,1,0.666,2026-07-19 19:48:15.661676
pay_005304,cust_00273,2815.39,INR,NETBANKING,SUCCESS,,1,0.952,2026-07-19 20:09:15.661676
pay_001312,cust_01372,3478.0,INR,CARD,SUCCESS,,1,0.708,2026-07-19 20:36:15.661676
pay_003589,cust_01471,4873.99,INR,NETBANKING,SUCCESS,,1,0.616,2026-07-19 20:37:15.661676
pay_008473,cust_01378,1067.73,INR,CARD,SUCCESS,,1,0.471,2026-07-19 20:40:15.661676
pay_000983,cust_01423,834.15,INR,WALLET,SUCCESS,,1,0.498,2026-07-19 20:41:15.661676
pay_001332,cust_01528,4793.47,INR,WALLET,FAILED,INSUFFICIENT_FUNDS,1,0.947,2026-07-19 21:07:15.661676
pay_003779,cust_00064,343.62,INR,CARD,SUCCESS,,1,0.75,2026-07-19 21:16:15.661676
pay_005954,cust_00856,3455.34,INR,CARD,SUCCESS,,1,0.756,2026-07-19 21:17:15.661676
pay_004252,cust_02885,2139.94,INR,UPI,SUCCESS,,1,0.808,2026-07-19 22:04:15.661676
pay_008589,cust_01106,1033.1,INR,CARD,SUCCESS,,1,0.69,2026-07-19 22:05:15.661676
pay_006666,cust_02341,863.29,INR,WALLET,SUCCESS,,1,0.978,2026-07-19 22:11:15.661676
pay_002750,cust_00962,1535.21,INR,NETBANKING,SUCCESS,,1,0.967,2026-07-19 22:13:15.661676
pay_007549,cust_00895,3268.07,INR,CARD,SUCCESS,,1,0.568,2026-07-19 22:18:15.661676
pay_006635,cust_02960,984.08,INR,NETBANKING,SUCCESS,,1,0.671,2026-07-19 23:13:15.661676
pay_003831,cust_00040,1537.6,INR,UPI,FAILED,TIMEOUT,3,0.508,2026-07-19 23:15:15.661676
pay_004939,cust_00370,3968.51,INR,WALLET,SUCCESS,,1,0.609,2026-07-19 23:20:15.661676
pay_005282,cust_02174,3063.29,INR,UPI,FAILED,BANK_ERROR,1,0.604,2026-07-19 23:21:15.661676
pay_009855,cust_01299,1146.56,INR,WALLET,SUCCESS,,1,0.666,2026-07-19 23:26:15.661676
pay_005205,cust_01669,12153.48,INR,WALLET,FAILED,BANK_ERROR,1,0.644,2026-07-20 00:51:15.661676
pay_009105,cust_00628,818.52,INR,UPI,FAILED,LIMIT_EXCEEDED,3,0.867,2026-07-20 01:01:15.661676
pay_008801,cust_01663,941.31,INR,NETBANKING,SUCCESS,,1,0.949,2026-07-20 01:06:15.661676
pay_003790,cust_00306,5128.78,INR,UPI,SUCCESS,,1,0.901,2026-07-20 01:22:15.661676
pay_004477,cust_00561,1250.21,INR,NETBANKING,SUCCESS,,1,0.722,2026-07-20 01:24:15.661676
pay_008821,cust_00860,2452.0,INR,UPI,SUCCESS,,1,0.712,2026-07-20 01:39:15.661676
pay_003236,cust_01480,2103.98,INR,WALLET,SUCCESS,,1,0.536,2026-07-20 01:42:15.661676
pay_006754,cust_00197,2422.63,INR,UPI,SUCCESS,,1,0.516,2026-07-20 01:52:15.661676
pay_004838,cust_02995,985.34,INR,UPI,SUCCESS,,1,0.912,2026-07-20 01:55:15.661676
pay_007661,cust_00329,5419.82,INR,CARD,FAILED,INSUFFICIENT_FUNDS,1,0.944,2026-07-20 02:40:15.661676
pay_008508,cust_01301,924.69,INR,UPI,SUCCESS,,1,0.85,2026-07-20 03:25:15.661676
pay_002088,cust_02437,1606.44,INR,CARD,SUCCESS,,1,0.604,2026-07-20 03:27:15.661676
pay_005615,cust_01388,1201.36,INR,UPI,SUCCESS,,1,0.678,2026-07-20 03:34:15.661676
pay_002842,cust_01927,537.37,INR,UPI,SUCCESS,,1,0.612,2026-07-20 03:35:15.661676
pay_005834,cust_00137,3485.76,INR,WALLET,SUCCESS,,1,0.773,2026-07-20 03:57:15.661676
pay_006659,cust_00218,1653.99,INR,UPI,SUCCESS,,1,0.619,2026-07-20 04:26:15.661676
pay_008532,cust_00049,570.11,INR,WALLET,SUCCESS,,1,0.819,2026-07-20 04:40:15.661676
pay_007012,cust_00010,1855.2,INR,CARD,SUCCESS,,1,0.692,2026-07-20 04:43:15.661676
pay_000877,cust_02260,1195.01,INR,NETBANKING,FAILED,INSUFFICIENT_FUNDS,2,0.648,2026-07-20 04:59:15.661676
pay_001115,cust_02039,2039.25,INR,WALLET,SUCCESS,,1,0.778,2026-07-20 05:03:15.661676
pay_000528,cust_02834,1878.95,INR,WALLET,SUCCESS,,1,0.973,2026-07-20 05:22:15.661676
pay_007016,cust_00554,2499.53,INR,UPI,SUCCESS,,1,0.727,2026-07-20 05:26:15.661676
pay_009451,cust_02897,1573.67,INR,UPI,SUCCESS,,1,0.965,2026-07-20 05:30:15.661676
pay_001364,cust_00388,830.1,INR,CARD,SUCCESS,,1,0.621,2026-07-20 05:31:15.661676
pay_005508,cust_01564,238.55,INR,WALLET,SUCCESS,,1,0.464,2026-07-20 05:56:15.661676
pay_007263,cust_01036,2463.33,INR,UPI,SUCCESS,,1,0.475,2026-07-20 06:05:15.661676
pay_005950,cust_02256,546.86,INR,WALLET,SUCCESS,,1,0.817,2026-07-20 06:55:15.661676
pay_006437,cust_00059,616.3,INR,WALLET,SUCCESS,,1,0.751,2026-07-20 07:18:15.661676
pay_004768,cust_01411,1477.03,INR,NETBANKING,SUCCESS,,1,0.844,2026-07-20 07:28:15.661676
pay_001998,cust_00183,892.92,INR,UPI,SUCCESS,,1,0.726,2026-07-20 07:33:15.661676
pay_005179,cust_02859,1636.13,INR,UPI,SUCCESS,,1,0.551,2026-07-20 07:45:15.661676
pay_004997,cust_02590,3194.32,INR,NETBANKING,SUCCESS,,1,0.494,2026-07-20 07:50:15.661676
pay_006227,cust_01209,577.78,INR,CARD,SUCCESS,,1,0.898,2026-07-20 07:50:15.661676
pay_004670,cust_02868,1860.23,INR,UPI,SUCCESS,,1,0.819,2026-07-20 08:28:15.661676
pay_007571,cust_01933,758.54,INR,UPI,SUCCESS,,1,0.877,2026-07-20 08:36:15.661676
pay_006451,cust_01813,1453.49,INR,WALLET,SUCCESS,,1,0.681,2026-07-20 08:38:15.661676
pay_003210,cust_01589,2594.06,INR,CARD,FAILED,LIMIT_EXCEEDED,1,0.986,2026-07-20 09:00:15.661676
pay_005300,cust_02891,2259.82,INR,CARD,SUCCESS,,1,0.647,2026-07-20 09:16:15.661676
pay_000338,cust_01764,1398.13,INR,CARD,SUCCESS,,1,0.505,2026-07-20 09:22:15.661676
pay_002411,cust_02304,3480.82,INR,WALLET,SUCCESS,,1,0.968,2026-07-20 09:37:15.661676
pay_009538,cust_00472,4083.99,INR,CARD,SUCCESS,,1,0.514,2026-07-20 09:42:15.661676
pay_004552,cust_00695,3538.57,INR,UPI,SUCCESS,,1,0.836,2026-07-20 09:44:15.661676
pay_009898,cust_01707,1456.49,INR,NETBANKING,SUCCESS,,1,0.69,2026-07-20 09:48:15.661676
pay_002213,cust_02574,3662.37,INR,WALLET,SUCCESS,,1,0.872,2026-07-20 10:09:15.661676
pay_004332,cust_00050,718.41,INR,CARD,SUCCESS,,1,0.825,2026-07-20 10:51:15.661676
pay_000401,cust_01883,504.95,INR,NETBANKING,SUCCESS,,1,0.867,2026-07-20 11:07:15.661676
pay_003681,cust_02239,738.31,INR,UPI,SUCCESS,,1,0.94,2026-07-20 12:03:15.661676
pay_003661,cust_01542,1355.56,INR,WALLET,SUCCESS,,1,0.593,2026-07-20 12:15:15.661676
pay_008273,cust_00620,1181.2,INR,CARD,SUCCESS,,1,0.835,2026-07-20 12:34:15.661676
pay_003137,cust_00622,3870.89,INR,WALLET,SUCCESS,,1,0.985,2026-07-20 12:49:15.661676
pay_002269,cust_00571,1207.92,INR,CARD,SUCCESS,,1,0.628,2026-07-20 12:53:15.661676
pay_007261,cust_01711,8838.8,INR,NETBANKING,FAILED,LIMIT_EXCEEDED,1,0.946,2026-07-20 13:00:15.661676
pay_000577,cust_01162,2183.08,INR,NETBANKING,SUCCESS,,1,0.756,2026-07-20 13:23:15.661676
pay_006984,cust_01492,1056.4,INR,NETBANKING,SUCCESS,,1,0.757,2026-07-20 13:37:15.661676
pay_003334,cust_02637,2861.95,INR,CARD,FAILED,INSUFFICIENT_FUNDS,2,0.728,2026-07-20 13:44:15.661676
pay_001602,cust_00009,5431.12,INR,UPI,SUCCESS,,1,0.92,2026-07-20 13:52:15.661676
pay_009695,cust_00203,1503.23,INR,CARD,SUCCESS,,1,0.522,2026-07-20 13:59:15.661676
pay_001228,cust_00737,1607.44,INR,NETBANKING,SUCCESS,,1,0.455,2026-07-20 14:02:15.661676
pay_005694,cust_01275,782.33,INR,UPI,FAILED,FRAUD_SUSPECTED,1,0.986,2026-07-20 14:18:15.661676
pay_003759,cust_00499,2257.21,INR,UPI,SUCCESS,,1,0.61,2026-07-20 14:19:15.661676
pay_003100,cust_00721,2875.22,INR,NETBANKING,SUCCESS,,1,0.679,2026-07-20 14:45:15.661676
pay_003555,cust_02975,414.86,INR,UPI,SUCCESS,,1,0.47,2026-07-20 14:50:15.661676
pay_009819,cust_00200,756.37,INR,UPI,SUCCESS,,1,0.675,2026-07-20 15:45:15.661676
pay_001757,cust_00280,1619.77,INR,UPI,SUCCESS,,1,0.835,2026-07-20 15:49:15.661676
pay_009285,cust_00525,2117.82,INR,NETBANKING,SUCCESS,,1,0.722,2026-07-20 15:58:15.661676
pay_000980,cust_02215,3322.03,INR,NETBANKING,SUCCESS,,1,0.974,2026-07-20 16:04:15.661676
pay_009787,cust_01232,2109.89,INR,UPI,SUCCESS,,1,0.838,2026-07-20 16:37:15.661676
pay_008062,cust_01955,2039.54,INR,CARD,SUCCESS,,1,0.749,2026-07-20 17:32:15.661676
pay_007610,cust_01002,1738.78,INR,UPI,SUCCESS,,1,0.68,2026-07-20 17:39:15.661676
pay_006626,cust_02945,350.86,INR,CARD,FAILED,USER_CANCELLED,3,0.698,2026-07-20 17:45:15.661676
pay_008388,cust_00445,2431.52,INR,CARD,SUCCESS,,1,0.48,2026-07-20 18:12:15.661676
pay_002277,cust_01761,3113.49,INR,WALLET,SUCCESS,,1,0.686,2026-07-20 18:15:15.661676
pay_005979,cust_02304,2190.5,INR,CARD,SUCCESS,,1,0.641,2026-07-20 18:37:15.661676
pay_009456,cust_00864,1006.43,INR,UPI,SUCCESS,,1,0.884,2026-07-20 18:54:15.661676
pay_007076,cust_02807,4932.57,INR,WALLET,SUCCESS,,1,0.68,2026-07-20 18:57:15.661676
pay_001035,cust_00684,1228.38,INR,CARD,SUCCESS,,1,0.632,2026-07-20 19:11:15.661676
pay_002951,cust_02743,4744.76,INR,WALLET,SUCCESS,,1,0.558,2026-07-20 19:19:15.661676
pay_004696,cust_00679,1542.94,INR,WALLET,SUCCESS,,1,0.92,2026-07-20 19:50:15.661676
pay_003111,cust_02007,713.78,INR,WALLET,SUCCESS,,1,0.668,2026-07-20 19:56:15.661676
pay_006552,cust_02810,4561.77,INR,NETBANKING,FAILED,FRAUD_SUSPECTED,3,0.621,2026-07-20 20:09:15.661676
pay_002690,cust_00456,2951.22,INR,UPI,SUCCESS,,1,0.518,2026-07-20 20:16:15.661676
pay_004954,cust_02071,3927.09,INR,NETBANKING,SUCCESS,,1,0.672,2026-07-20 20:20:15.661676
pay_008316,cust_01556,3345.29,INR,NETBANKING,SUCCESS,,1,0.468,2026-07-20 20:24:15.661676
pay_007882,cust_02597,1493.68,INR,CARD,FAILED,BANK_ERROR,1,0.535,2026-07-20 20:31:15.661676
pay_006623,cust_02273,2421.92,INR,UPI,FAILED,FRAUD_SUSPECTED,4,0.711,2026-07-20 20:34:15.661676
pay_005172,cust_02576,652.71,INR,CARD,SUCCESS,,1,0.496,2026-07-20 20:34:15.661676
pay_008875,cust_02174,2619.24,INR,WALLET,SUCCESS,,1,0.96,2026-07-20 21:24:15.661676
pay_006316,cust_00656,3206.94,INR,UPI,SUCCESS,,1,0.951,2026-07-20 21:28:15.661676
pay_004468,cust_01575,2525.37,INR,WALLET,SUCCESS,,1,0.696,2026-07-20 22:30:15.661676
pay_000069,cust_00662,2414.65,INR,WALLET,SUCCESS,,1,0.753,2026-07-20 22:55:15.661676
pay_002038,cust_01267,1203.31,INR,CARD,SUCCESS,,1,0.952,2026-07-20 22:57:15.661676
pay_007098,cust_02883,1718.15,INR,CARD,FAILED,USER_CANCELLED,2,0.916,2026-07-20 23:11:15.661676
pay_009962,cust_00516,965.4,INR,NETBANKING,SUCCESS,,1,0.472,2026-07-20 23:19:15.661676
pay_000185,cust_01414,1512.06,INR,NETBANKING,SUCCESS,,1,0.654,2026-07-20 23:26:15.661676
pay_007191,cust_01766,2051.8,INR,NETBANKING,SUCCESS,,1,0.799,2026-07-20 23:27:15.661676
pay_002591,cust_00165,4865.63,INR,NETBANKING,SUCCESS,,1,0.851,2026-07-20 23:34:15.661676
pay_002553,cust_02464,8076.97,INR,WALLET,SUCCESS,,1,0.554,2026-07-20 23:45:15.661676
pay_005157,cust_00940,2018.04,INR,CARD,SUCCESS,,1,0.544,2026-07-21 00:05:15.661676
pay_009222,cust_01929,1554.83,INR,CARD,SUCCESS,,1,0.583,2026-07-21 00:17:15.661676
pay_008453,cust_00879,890.18,INR,WALLET,SUCCESS,,1,0.661,2026-07-21 00:22:15.661676
pay_002875,cust_02946,1763.67,INR,NETBANKING,SUCCESS,,1,0.602,2026-07-21 00:27:15.661676
pay_004603,cust_01832,6687.89,INR,CARD,SUCCESS,,1,0.768,2026-07-21 00:39:15.661676
pay_004458,cust_01748,622.35,INR,UPI,SUCCESS,,1,0.51,2026-07-21 00:46:15.661676
pay_009592,cust_01724,1408.91,INR,CARD,FAILED,INSUFFICIENT_FUNDS,4,0.637,2026-07-21 00:59:15.661676
pay_001798,cust_01230,956.4,INR,CARD,SUCCESS,,1,0.589,2026-07-21 01:29:15.661676
pay_004547,cust_01859,1668.4,INR,CARD,SUCCESS,,1,0.642,2026-07-21 01:44:15.661676
pay_005457,cust_02784,1093.43,INR,CARD,SUCCESS,,1,0.84,2026-07-21 01:45:15.661676
pay_007681,cust_00983,2768.96,INR,UPI,SUCCESS,,1,0.675,2026-07-21 01:58:15.661676
pay_000811,cust_00018,1556.98,INR,UPI,FAILED,USER_CANCELLED,4,0.949,2026-07-21 02:18:15.661676
pay_000383,cust_00798,330.59,INR,NETBANKING,SUCCESS,,1,0.659,2026-07-21 02:18:15.661676
pay_009139,cust_01624,1108.98,INR,UPI,FAILED,BANK_ERROR,3,0.572,2026-07-21 02:19:15.661676
pay_001543,cust_01729,6829.5,INR,NETBANKING,SUCCESS,,1,0.932,2026-07-21 02:22:15.661676
pay_004964,cust_00590,2315.17,INR,WALLET,SUCCESS,,1,0.575,2026-07-21 02:25:15.661676
pay_009484,cust_00217,2252.96,INR,NETBANKING,FAILED,USER_CANCELLED,1,0.739,2026-07-21 02:39:15.661676
pay_006162,cust_02699,3630.84,INR,WALLET,SUCCESS,,1,0.5,2026-07-21 02:42:15.661676
pay_007824,cust_01589,2268.96,INR,WALLET,SUCCESS,,1,0.71,2026-07-21 02:47:15.661676
pay_006815,cust_02282,578.73,INR,CARD,SUCCESS,,1,0.475,2026-07-21 02:59:15.661676
pay_004787,cust_01374,3244.66,INR,NETBANKING,SUCCESS,,1,0.475,2026-07-21 03:00:15.661676
pay_000701,cust_01696,1190.13,INR,CARD,SUCCESS,,1,0.659,2026-07-21 03:07:15.661676
pay_006512,cust_00034,3662.24,INR,UPI,FAILED,BANK_ERROR,1,0.56,2026-07-21 03:19:15.661676
pay_003075,cust_00622,1005.84,INR,UPI,SUCCESS,,1,0.862,2026-07-21 03:21:15.661676
pay_001918,cust_00347,1100.28,INR,NETBANKING,FAILED,USER_CANCELLED,1,0.97,2026-07-21 04:20:15.661676
pay_009058,cust_02126,1649.19,INR,NETBANKING,SUCCESS,,1,0.989,2026-07-21 04:48:15.661676
pay_006428,cust_01476,6006.96,INR,WALLET,SUCCESS,,1,0.523,2026-07-21 04:50:15.661676
pay_009197,cust_02251,6185.22,INR,NETBANKING,SUCCESS,,1,0.511,2026-07-21 05:01:15.661676
pay_005597,cust_01572,2508.78,INR,CARD,SUCCESS,,1,0.461,2026-07-21 05:03:15.661676
pay_002813,cust_00828,7266.87,INR,UPI,SUCCESS,,1,0.558,2026-07-21 05:38:15.661676
pay_000552,cust_02841,1596.32,INR,CARD,SUCCESS,,1,0.606,2026-07-21 05:59:15.661676
pay_009559,cust_01704,1141.75,INR,NETBANKING,SUCCESS,,1,0.52,2026-07-21 06:23:15.661676
pay_007668,cust_00625,1227.56,INR,CARD,SUCCESS,,1,0.83,2026-07-21 06:26:15.661676
pay_006822,cust_00882,7840.97,INR,WALLET,SUCCESS,,1,0.552,2026-07-21 07:09:15.661676
pay_003517,cust_02593,956.76,INR,WALLET,SUCCESS,,1,0.818,2026-07-21 07:22:15.661676
pay_004224,cust_02530,4641.58,INR,NETBANKING,SUCCESS,,1,0.815,2026-07-21 07:40:15.661676
pay_002100,cust_01762,3478.34,INR,CARD,FAILED,BANK_ERROR,4,0.897,2026-07-21 07:47:15.661676
pay_009251,cust_02932,948.41,INR,CARD,SUCCESS,,1,0.542,2026-07-21 07:48:15.661676
pay_000136,cust_01146,6247.57,INR,NETBANKING,SUCCESS,,1,0.962,2026-07-21 07:54:15.661676
pay_009557,cust_01594,556.75,INR,NETBANKING,SUCCESS,,1,0.468,2026-07-21 08:02:15.661676
pay_005094,cust_01975,7067.64,INR,UPI,FAILED,NETWORK_ERROR,3,0.76,2026-07-21 08:13:15.661676
pay_009739,cust_01488,3783.62,INR,UPI,SUCCESS,,1,0.656,2026-07-21 08:21:15.661676
pay_005741,cust_02978,2370.1,INR,CARD,SUCCESS,,1,0.948,2026-07-21 08:23:15.661676
pay_009129,cust_02275,2853.75,INR,UPI,SUCCESS,,1,0.468,2026-07-21 08:40:15.661676
pay_000709,cust_00357,341.88,INR,WALLET,SUCCESS,,1,0.626,2026-07-21 09:09:15.661676
pay_002539,cust_00096,667.42,INR,NETBANKING,SUCCESS,,1,0.984,2026-07-21 09:19:15.661676
pay_009858,cust_02217,1328.98,INR,NETBANKING,SUCCESS,,1,0.495,2026-07-21 09:22:15.661676
pay_009524,cust_02907,10274.72,INR,UPI,SUCCESS,,1,0.593,2026-07-21 09:25:15.661676
pay_005166,cust_01473,3939.85,INR,WALLET,FAILED,CARD_EXPIRED,4,0.733,2026-07-21 09:30:15.661676
pay_009679,cust_02154,2269.08,INR,CARD,SUCCESS,,1,0.563,2026-07-21 09:33:15.661676
pay_009326,cust_00069,2415.19,INR,WALLET,SUCCESS,,1,0.868,2026-07-21 09:39:15.661676
pay_002626,cust_02707,907.9,INR,NETBANKING,SUCCESS,,1,0.607,2026-07-21 09:50:15.661676
pay_009871,cust_02362,1894.84,INR,CARD,SUCCESS,,1,0.585,2026-07-21 10:05:15.661676
pay_005790,cust_02659,1950.22,INR,CARD,SUCCESS,,1,0.461,2026-07-21 10:43:15.661676
pay_008022,cust_01291,1150.32,INR,UPI,SUCCESS,,1,0.564,2026-07-21 10:45:15.661676
pay_008902,cust_01796,2145.94,INR,CARD,SUCCESS,,1,0.74,2026-07-21 10:45:15.661676
pay_000799,cust_01689,1849.47,INR,UPI,SUCCESS,,1,0.896,2026-07-21 10:50:15.661676
pay_005949,cust_00123,476.56,INR,WALLET,SUCCESS,,1,0.964,2026-07-21 10:50:15.661676
pay_001389,cust_01480,1854.93,INR,NETBANKING,SUCCESS,,1,0.494,2026-07-21 10:50:15.661676
pay_006857,cust_00963,2040.86,INR,WALLET,SUCCESS,,1,0.706,2026-07-21 11:16:15.661676
pay_009617,cust_01360,4073.73,INR,WALLET,SUCCESS,,1,0.657,2026-07-21 11:31:15.661676
pay_003458,cust_02434,1338.04,INR,UPI,SUCCESS,,1,0.867,2026-07-21 11:42:15.661676
pay_007912,cust_00572,2840.77,INR,CARD,SUCCESS,,1,0.692,2026-07-21 12:20:15.661676
pay_005009,cust_00767,1004.87,INR,UPI,FAILED,INSUFFICIENT_FUNDS,4,0.698,2026-07-21 12:21:15.661676
pay_007823,cust_01848,1217.61,INR,NETBANKING,SUCCESS,,1,0.828,2026-07-21 12:49:15.661676
pay_004455,cust_01936,4984.66,INR,CARD,SUCCESS,,1,0.918,2026-07-21 12:58:15.661676
pay_008085,cust_01883,562.84,INR,UPI,SUCCESS,,1,0.836,2026-07-21 13:16:15.661676
pay_006997,cust_00504,3345.01,INR,WALLET,FAILED,LIMIT_EXCEEDED,2,0.651,2026-07-21 13:16:15.661676
pay_009263,cust_02288,2947.92,INR,UPI,SUCCESS,,1,0.636,2026-07-21 13:19:15.661676
pay_004767,cust_02479,701.73,INR,UPI,SUCCESS,,1,0.725,2026-07-21 13:29:15.661676
pay_005884,cust_00284,544.36,INR,NETBANKING,SUCCESS,,1,0.551,2026-07-21 14:09:15.661676
pay_004745,cust_02550,6525.49,INR,NETBANKING,FAILED,INSUFFICIENT_FUNDS,1,0.8,2026-07-21 14:15:15.661676
pay_006735,cust_00380,2957.07,INR,NETBANKING,SUCCESS,,1,0.854,2026-07-21 14:46:15.661676
pay_006494,cust_01173,3074.31,INR,UPI,SUCCESS,,1,0.636,2026-07-21 15:15:15.661676
pay_007002,cust_01351,436.09,INR,WALLET,SUCCESS,,1,0.536,2026-07-21 15:15:15.661676
pay_004991,cust_00364,337.15,INR,NETBANKING,SUCCESS,,1,0.831,2026-07-21 15:22:15.661676
pay_001669,cust_00418,3542.17,INR,UPI,SUCCESS,,1,0.909,2026-07-21 15:29:15.661676
pay_001353,cust_01245,2788.25,INR,WALLET,SUCCESS,,1,0.571,2026-07-21 15:32:15.661676
pay_006602,cust_02320,1894.59,INR,NETBANKING,SUCCESS,,1,0.827,2026-07-21 15:52:15.661676
pay_006546,cust_01124,1345.53,INR,UPI,SUCCESS,,1,0.585,2026-07-21 15:52:15.661676
pay_008908,cust_02272,528.39,INR,UPI,FAILED,BANK_ERROR,1,0.831,2026-07-21 16:08:15.661676
pay_007013,cust_00695,3634.6,INR,UPI,SUCCESS,,1,0.564,2026-07-21 16:13:15.661676
pay_004462,cust_01833,7938.58,INR,WALLET,SUCCESS,,1,0.936,2026-07-21 16:21:15.661676
pay_003653,cust_00678,2580.71,INR,WALLET,FAILED,BANK_ERROR,4,0.762,2026-07-21 16:25:15.661676
pay_003486,cust_02067,1197.3,INR,UPI,SUCCESS,,1,0.649,2026-07-21 16:57:15.661676
pay_002756,cust_00702,1259.75,INR,UPI,SUCCESS,,1,0.801,2026-07-21 17:00:15.661676
pay_008323,cust_00001,7677.93,INR,WALLET,SUCCESS,,1,0.79,2026-07-21 17:24:15.661676
pay_008658,cust_02061,6756.78,INR,WALLET,SUCCESS,,1,0.967,2026-07-21 17:25:15.661676
pay_005953,cust_00382,1019.17,INR,NETBANKING,SUCCESS,,1,0.674,2026-07-21 17:30:15.661676
pay_009421,cust_00196,2284.08,INR,WALLET,SUCCESS,,1,0.458,2026-07-21 17:32:15.661676
pay_007391,cust_00744,5045.42,INR,UPI,SUCCESS,,1,0.555,2026-07-21 17:47:15.661676
pay_004632,cust_00691,1174.45,INR,NETBANKING,SUCCESS,,1,0.616,2026-07-21 17:53:15.661676
pay_005478,cust_02133,1779.64,INR,CARD,SUCCESS,,1,0.781,2026-07-21 18:06:15.661676
pay_009360,cust_00617,2315.17,INR,WALLET,SUCCESS,,1,0.483,2026-07-21 18:40:15.661676
pay_001311,cust_02655,1772.2,INR,UPI,SUCCESS,,1,0.561,2026-07-21 18:45:15.661676
pay_009432,cust_02794,930.71,INR,UPI,SUCCESS,,1,0.683,2026-07-21 18:58:15.661676
pay_005875,cust_02145,4998.3,INR,WALLET,SUCCESS,,1,0.612,2026-07-21 19:06:15.661676
pay_006454,cust_01979,1101.8,INR,WALLET,SUCCESS,,1,0.595,2026-07-21 19:22:15.661676
pay_001610,cust_02581,1477.52,INR,NETBANKING,SUCCESS,,1,0.798,2026-07-21 19:23:15.661676
pay_002428,cust_01652,1720.29,INR,NETBANKING,SUCCESS,,1,0.806,2026-07-21 19:32:15.661676
pay_000004,cust_02070,6114.53,INR,UPI,SUCCESS,,1,0.801,2026-07-21 19:49:15.661676
pay_000735,cust_02714,4118.83,INR,NETBANKING,SUCCESS,,1,0.779,2026-07-21 20:17:15.661676
pay_003502,cust_00500,1094.61,INR,WALLET,SUCCESS,,1,0.846,2026-07-21 20:21:15.661676
pay_008761,cust_00475,3932.89,INR,NETBANKING,SUCCESS,,1,0.876,2026-07-21 20:56:15.661676
pay_003408,cust_00888,2000.08,INR,UPI,SUCCESS,,1,0.68,2026-07-21 21:01:15.661676
pay_002926,cust_02543,2212.31,INR,WALLET,SUCCESS,,1,0.597,2026-07-21 21:12:15.661676
pay_008284,cust_00446,171.66,INR,UPI,FAILED,CARD_EXPIRED,4,0.713,2026-07-21 21:30:15.661676
pay_003532,cust_01067,7991.72,INR,NETBANKING,SUCCESS,,1,0.711,2026-07-21 21:33:15.661676
pay_007469,cust_01615,1290.67,INR,UPI,SUCCESS,,1,0.455,2026-07-21 21:46:15.661676
pay_007846,cust_00569,5838.15,INR,UPI,SUCCESS,,1,0.946,2026-07-21 21:52:15.661676
pay_002379,cust_01676,1298.84,INR,UPI,SUCCESS,,1,0.591,2026-07-21 22:02:15.661676
pay_004881,cust_02523,4003.91,INR,NETBANKING,FAILED,NETWORK_ERROR,1,0.452,2026-07-21 22:18:15.661676
pay_009676,cust_01533,5929.61,INR,WALLET,SUCCESS,,1,0.979,2026-07-21 22:22:15.661676
pay_008374,cust_01613,256.58,INR,CARD,SUCCESS,,1,0.608,2026-07-21 22:23:15.661676
pay_007786,cust_01721,1896.48,INR,NETBANKING,FAILED,FRAUD_SUSPECTED,3,0.807,2026-07-21 22:32:15.661676
pay_007749,cust_00718,3241.71,INR,NETBANKING,SUCCESS,,1,0.908,2026-07-21 22:48:15.661676
pay_000712,cust_00411,1673.43,INR,UPI,SUCCESS,,1,0.874,2026-07-21 22:58:15.661676
pay_000666,cust_01441,1968.73,INR,CARD,FAILED,USER_CANCELLED,4,0.743,2026-07-21 23:53:15.661676
pay_007124,cust_00412,1744.66,INR,UPI,SUCCESS,,1,0.8,2026-07-22 00:01:15.661676
pay_002920,cust_01021,5098.48,INR,WALLET,SUCCESS,,1,0.46,2026-07-22 00:18:15.661676
pay_008439,cust_01131,1773.48,INR,CARD,SUCCESS,,1,0.941,2026-07-22 00:27:15.661676
pay_004927,cust_00932,1262.9,INR,UPI,SUCCESS,,1,0.809,2026-07-22 00:47:15.661676
pay_007420,cust_02278,1482.81,INR,WALLET,SUCCESS,,1,0.9,2026-07-22 01:03:15.661676
pay_004839,cust_02632,5327.74,INR,UPI,SUCCESS,,1,0.464,2026-07-22 01:06:15.661676
pay_007361,cust_00128,984.63,INR,WALLET,SUCCESS,,1,0.964,2026-07-22 01:06:15.661676
pay_000624,cust_00822,5304.63,INR,NETBANKING,SUCCESS,,1,0.849,2026-07-22 01:25:15.661676
pay_000439,cust_01702,462.8,INR,WALLET,SUCCESS,,1,0.7,2026-07-22 01:38:15.661676
pay_002210,cust_01273,1807.02,INR,CARD,SUCCESS,,1,0.923,2026-07-22 01:38:15.661676
pay_000699,cust_00927,3786.59,INR,NETBANKING,SUCCESS,,1,0.856,2026-07-22 02:22:15.661676
pay_003939,cust_01789,1367.1,INR,NETBANKING,SUCCESS,,1,0.913,2026-07-22 02:32:15.661676
pay_003599,cust_01662,2365.91,INR,WALLET,FAILED,LIMIT_EXCEEDED,3,0.679,2026-07-22 02:46:15.661676
pay_005001,cust_00386,1288.19,INR,WALLET,SUCCESS,,1,0.799,2026-07-22 03:01:15.661676
pay_008166,cust_02110,19816.07,INR,NETBANKING,SUCCESS,,1,0.725,2026-07-22 03:09:15.661676
pay_008384,cust_01793,4886.79,INR,UPI,SUCCESS,,1,0.96,2026-07-22 03:13:15.661676
pay_008597,cust_02736,1275.37,INR,CARD,SUCCESS,,1,0.575,2026-07-22 03:15:15.661676
pay_007910,cust_00744,3383.03,INR,NETBANKING,SUCCESS,,1,0.787,2026-07-22 03:24:15.661676
pay_005473,cust_01471,1341.18,INR,CARD,SUCCESS,,1,0.694,2026-07-22 03:45:15.661676
pay_002538,cust_02557,3769.75,INR,NETBANKING,SUCCESS,,1,0.988,2026-07-22 03:47:15.661676
pay_001143,cust_00230,1603.52,INR,NETBANKING,SUCCESS,,1,0.62,2026-07-22 03:54:15.661676
pay_008218,cust_02387,351.44,INR,UPI,SUCCESS,,1,0.69,2026-07-22 04:09:15.661676
pay_008683,cust_01368,468.8,INR,UPI,FAILED,TIMEOUT,1,0.82,2026-07-22 04:40:15.661676
pay_002323,cust_00317,2607.69,INR,CARD,SUCCESS,,1,0.76,2026-07-22 04:54:15.661676
pay_005122,cust_00252,1275.48,INR,WALLET,FAILED,BANK_ERROR,1,0.561,2026-07-22 05:03:15.661676
pay_009188,cust_02500,2473.42,INR,UPI,SUCCESS,,1,0.536,2026-07-22 05:06:15.661676
pay_001111,cust_00700,1552.24,INR,NETBANKING,FAILED,USER_CANCELLED,2,0.919,2026-07-22 05:06:15.661676
pay_007586,cust_01545,936.09,INR,WALLET,SUCCESS,,1,0.529,2026-07-22 05:15:15.661676
pay_001358,cust_02381,2473.63,INR,WALLET,SUCCESS,,1,0.589,2026-07-22 05:16:15.661676
pay_000558,cust_00689,1279.15,INR,WALLET,SUCCESS,,1,0.864,2026-07-22 05:26:15.661676
pay_008147,cust_02808,2987.36,INR,NETBANKING,SUCCESS,,1,0.553,2026-07-22 06:10:15.661676
pay_002462,cust_01910,3275.24,INR,UPI,FAILED,BANK_ERROR,1,0.549,2026-07-22 06:37:15.661676
pay_005899,cust_02894,1863.17,INR,WALLET,SUCCESS,,1,0.953,2026-07-22 06:47:15.661676
pay_007236,cust_02288,5059.92,INR,NETBANKING,SUCCESS,,1,0.762,2026-07-22 06:57:15.661676
pay_004013,cust_01663,822.22,INR,UPI,FAILED,INSUFFICIENT_FUNDS,1,0.539,2026-07-22 07:04:15.661676
pay_008913,cust_02478,1512.59,INR,UPI,FAILED,BANK_ERROR,1,0.773,2026-07-22 07:27:15.661676
pay_004054,cust_00608,2113.02,INR,CARD,SUCCESS,,1,0.465,2026-07-22 07:27:15.661676
pay_003148,cust_01638,1022.76,INR,WALLET,SUCCESS,,1,0.494,2026-07-22 07:27:15.661676
pay_008567,cust_02714,4838.54,INR,NETBANKING,SUCCESS,,1,0.968,2026-07-22 07:28:15.661676
pay_000711,cust_00613,2140.54,INR,CARD,SUCCESS,,1,0.86,2026-07-22 07:30:15.661676
pay_007788,cust_00220,1085.45,INR,WALLET,SUCCESS,,1,0.708,2026-07-22 07:55:15.661676
pay_004723,cust_02382,1846.35,INR,NETBANKING,SUCCESS,,1,0.973,2026-07-22 08:16:15.661676
pay_005420,cust_02472,703.95,INR,CARD,SUCCESS,,1,0.702,2026-07-22 08:42:15.661676
pay_005103,cust_01570,2205.39,INR,NETBANKING,SUCCESS,,1,0.785,2026-07-22 08:44:15.661676
pay_009703,cust_02625,2891.83,INR,WALLET,SUCCESS,,1,0.953,2026-07-22 08:46:15.661676
pay_003687,cust_02076,13202.37,INR,WALLET,SUCCESS,,1,0.932,2026-07-22 08:52:15.661676
pay_001247,cust_01975,1858.02,INR,UPI,SUCCESS,,1,0.985,2026-07-22 08:55:15.661676
pay_005956,cust_00646,3592.17,INR,NETBANKING,SUCCESS,,1,0.671,2026-07-22 09:14:15.661676
pay_006152,cust_00663,891.61,INR,CARD,FAILED,INSUFFICIENT_FUNDS,1,0.892,2026-07-22 09:35:15.661676
pay_003920,cust_00773,1724.11,INR,CARD,SUCCESS,,1,0.455,2026-07-22 09:36:15.661676
pay_007151,cust_00034,3131.46,INR,CARD,SUCCESS,,1,0.82,2026-07-22 09:50:15.661676
pay_000423,cust_01381,1481.53,INR,NETBANKING,SUCCESS,,1,0.554,2026-07-22 10:06:15.661676
pay_009043,cust_01336,2496.49,INR,UPI,SUCCESS,,1,0.796,2026-07-22 10:21:15.661676
pay_000419,cust_00038,4644.49,INR,NETBANKING,SUCCESS,,1,0.951,2026-07-22 10:29:15.661676
pay_006085,cust_02401,1675.57,INR,CARD,SUCCESS,,1,0.667,2026-07-22 10:38:15.661676
pay_009546,cust_01895,1635.01,INR,CARD,SUCCESS,,1,0.817,2026-07-22 10:57:15.661676
pay_007351,cust_00036,869.24,INR,WALLET,SUCCESS,,1,0.726,2026-07-22 11:14:15.661676
pay_004284,cust_02456,3938.21,INR,WALLET,SUCCESS,,1,0.641,2026-07-22 11:20:15.661676
pay_006490,cust_02027,5201.99,INR,NETBANKING,SUCCESS,,1,0.758,2026-07-22 11:20:15.661676
pay_002839,cust_02919,10668.22,INR,CARD,SUCCESS,,1,0.922,2026-07-22 11:25:15.661676
pay_004808,cust_01885,3046.85,INR,NETBANKING,SUCCESS,,1,0.773,2026-07-22 11:30:15.661676
pay_007140,cust_02365,5337.19,INR,UPI,SUCCESS,,1,0.766,2026-07-22 11:53:15.661676
pay_005294,cust_00463,867.34,INR,UPI,SUCCESS,,1,0.896,2026-07-22 12:13:15.661676
pay_007561,cust_02047,530.52,INR,WALLET,SUCCESS,,1,0.644,2026-07-22 12:30:15.661676
pay_001045,cust_00377,1574.82,INR,WALLET,FAILED,FRAUD_SUSPECTED,3,0.878,2026-07-22 12:54:15.661676
pay_009936,cust_00883,1996.21,INR,UPI,SUCCESS,,1,0.513,2026-07-22 13:07:15.661676
pay_002896,cust_01481,41814.15,INR,UPI,SUCCESS,,1,0.903,2026-07-22 13:12:15.661676
pay_003136,cust_00797,2577.05,INR,WALLET,SUCCESS,,1,0.882,2026-07-22 13:24:15.661676
pay_008093,cust_01879,1664.42,INR,CARD,SUCCESS,,1,0.945,2026-07-22 13:47:15.661676
pay_004344,cust_02032,4105.52,INR,UPI,SUCCESS,,1,0.886,2026-07-22 13:48:15.661676
pay_003394,cust_00088,1701.84,INR,NETBANKING,SUCCESS,,1,0.976,2026-07-22 13:49:15.661676
pay_005930,cust_02680,2496.44,INR,CARD,SUCCESS,,1,0.896,2026-07-22 13:51:15.661676
pay_007486,cust_01457,1094.51,INR,CARD,SUCCESS,,1,0.636,2026-07-22 13:53:15.661676
pay_001733,cust_00445,1780.17,INR,NETBANKING,FAILED,LIMIT_EXCEEDED,3,0.5,2026-07-22 13:53:15.661676
pay_001988,cust_00722,2732.42,INR,CARD,SUCCESS,,1,0.844,2026-07-22 14:12:15.661676
pay_004304,cust_02701,3173.98,INR,UPI,SUCCESS,,1,0.723,2026-07-22 14:13:15.661676
pay_004712,cust_02259,2904.52,INR,NETBANKING,SUCCESS,,1,0.894,2026-07-22 14:40:15.661676
pay_006851,cust_01476,737.79,INR,WALLET,SUCCESS,,1,0.861,2026-07-22 14:46:15.661676
pay_004137,cust_01591,1728.94,INR,CARD,FAILED,TIMEOUT,4,0.689,2026-07-22 14:59:15.661676
pay_007401,cust_02866,1092.13,INR,NETBANKING,SUCCESS,,1,0.47,2026-07-22 15:27:15.661676
pay_001422,cust_01297,4264.18,INR,WALLET,SUCCESS,,1,0.759,2026-07-22 15:43:15.661676
pay_006633,cust_02894,1319.88,INR,UPI,FAILED,USER_CANCELLED,2,0.597,2026-07-22 16:20:15.661676
pay_007832,cust_00443,3280.23,INR,UPI,SUCCESS,,1,0.916,2026-07-22 16:24:15.661676
pay_006761,cust_01585,3483.5,INR,UPI,SUCCESS,,1,0.914,2026-07-22 16:31:15.661676
pay_008630,cust_01961,1045.71,INR,UPI,SUCCESS,,1,0.588,2026-07-22 16:56:15.661676
pay_009227,cust_02600,1220.19,INR,UPI,SUCCESS,,1,0.472,2026-07-22 17:04:15.661676
pay_003077,cust_00657,3361.44,INR,UPI,SUCCESS,,1,0.978,2026-07-22 17:39:15.661676
pay_001128,cust_00239,988.89,INR,UPI,SUCCESS,,1,0.79,2026-07-22 17:56:15.661676
pay_005978,cust_01436,2976.4,INR,UPI,SUCCESS,,1,0.514,2026-07-22 18:08:15.661676
pay_006008,cust_01345,508.52,INR,WALLET,FAILED,BANK_ERROR,1,0.792,2026-07-22 18:23:15.661676
pay_008317,cust_02988,1555.91,INR,UPI,SUCCESS,,1,0.614,2026-07-22 18:33:15.661676
pay_005385,cust_02387,3546.93,INR,CARD,SUCCESS,,1,0.894,2026-07-22 18:34:15.661676
pay_006509,cust_01449,679.55,INR,WALLET,SUCCESS,,1,0.757,2026-07-22 18:36:15.661676
pay_000692,cust_00204,4570.89,INR,WALLET,SUCCESS,,1,0.715,2026-07-22 18:49:15.661676
pay_007505,cust_01497,1060.12,INR,UPI,SUCCESS,,1,0.598,2026-07-22 19:36:15.661676
pay_008609,cust_00881,242.94,INR,WALLET,SUCCESS,,1,0.564,2026-07-22 19:50:15.661676
pay_008706,cust_02642,3074.44,INR,CARD,SUCCESS,,1,0.677,2026-07-22 20:06:15.661676
pay_003444,cust_01720,6443.98,INR,CARD,SUCCESS,,1,0.847,2026-07-22 20:27:15.661676
pay_007163,cust_00068,2803.02,INR,WALLET,SUCCESS,,1,0.573,2026-07-22 20:41:15.661676
pay_005030,cust_02196,1829.15,INR,CARD,SUCCESS,,1,0.703,2026-07-22 20:46:15.661676
pay_003943,cust_02858,1121.5,INR,UPI,SUCCESS,,1,0.903,2026-07-22 20:49:15.661676
pay_004120,cust_02680,786.94,INR,NETBANKING,SUCCESS,,1,0.535,2026-07-22 20:51:15.661676
pay_000559,cust_02252,2478.88,INR,UPI,SUCCESS,,1,0.869,2026-07-22 20:52:15.661676
pay_006861,cust_01481,933.87,INR,NETBANKING,FAILED,BANK_ERROR,2,0.72,2026-07-22 20:53:15.661676
pay_005833,cust_01570,748.04,INR,WALLET,SUCCESS,,1,0.596,2026-07-22 21:01:15.661676
pay_005627,cust_02119,2350.18,INR,NETBANKING,SUCCESS,,1,0.854,2026-07-22 21:26:15.661676
pay_001603,cust_01711,1078.39,INR,WALLET,SUCCESS,,1,0.694,2026-07-22 21:38:15.661676
pay_009647,cust_01810,2701.39,INR,WALLET,SUCCESS,,1,0.755,2026-07-22 21:59:15.661676
pay_002724,cust_01804,5915.5,INR,WALLET,SUCCESS,,1,0.47,2026-07-22 22:15:15.661676
pay_000894,cust_00177,4607.48,INR,CARD,SUCCESS,,1,0.523,2026-07-22 22:34:15.661676
pay_007359,cust_01779,696.8,INR,UPI,SUCCESS,,1,0.782,2026-07-22 22:36:15.661676
pay_000347,cust_01819,567.67,INR,UPI,SUCCESS,,1,0.648,2026-07-22 23:31:15.661676
pay_004895,cust_00208,771.72,INR,UPI,FAILED,INSUFFICIENT_FUNDS,4,0.666,2026-07-22 23:32:15.661676
pay_002138,cust_02934,6243.0,INR,UPI,FAILED,INSUFFICIENT_FUNDS,4,0.622,2026-07-22 23:34:15.661676
pay_003627,cust_02898,927.55,INR,NETBANKING,SUCCESS,,1,0.585,2026-07-23 00:03:15.661676
pay_005673,cust_02991,1082.59,INR,CARD,SUCCESS,,1,0.718,2026-07-23 00:14:15.661676
pay_004809,cust_00948,5663.77,INR,UPI,SUCCESS,,1,0.551,2026-07-23 00:43:15.661676
pay_007727,cust_02044,646.47,INR,WALLET,SUCCESS,,1,0.893,2026-07-23 01:23:15.661676
pay_000206,cust_02343,853.84,INR,NETBANKING,SUCCESS,,1,0.828,2026-07-23 01:27:15.661676
pay_008592,cust_02750,488.27,INR,NETBANKING,SUCCESS,,1,0.541,2026-07-23 01:34:15.661676
pay_007426,cust_00656,2784.47,INR,NETBANKING,SUCCESS,,1,0.905,2026-07-23 01:51:15.661676
pay_007410,cust_00021,4647.06,INR,NETBANKING,SUCCESS,,1,0.614,2026-07-23 01:57:15.661676
pay_002847,cust_00639,1128.8,INR,WALLET,SUCCESS,,1,0.557,2026-07-23 02:01:15.661676
pay_008670,cust_01833,3424.99,INR,NETBANKING,SUCCESS,,1,0.789,2026-07-23 02:13:15.661676
pay_006968,cust_02103,1699.36,INR,UPI,SUCCESS,,1,0.842,2026-07-23 02:16:15.661676
pay_005981,cust_00016,813.42,INR,NETBANKING,SUCCESS,,1,0.557,2026-07-23 02:38:15.661676
pay_005618,cust_01508,1392.97,INR,WALLET,SUCCESS,,1,0.46,2026-07-23 02:55:15.661676
pay_005773,cust_00352,3159.19,INR,NETBANKING,SUCCESS,,1,0.795,2026-07-23 03:11:15.661676
pay_002721,cust_02633,8632.82,INR,UPI,SUCCESS,,1,0.972,2026-07-23 03:14:15.661676
pay_002431,cust_01569,2840.36,INR,NETBANKING,SUCCESS,,1,0.77,2026-07-23 03:18:15.661676
pay_004274,cust_00498,762.2,INR,UPI,SUCCESS,,1,0.766,2026-07-23 03:20:15.661676
pay_000663,cust_00230,1761.28,INR,CARD,SUCCESS,,1,0.881,2026-07-23 03:23:15.661676
pay_008049,cust_02411,642.59,INR,UPI,FAILED,INSUFFICIENT_FUNDS,1,0.776,2026-07-23 03:53:15.661676
pay_002334,cust_02069,1358.83,INR,CARD,SUCCESS,,1,0.926,2026-07-23 04:05:15.661676
pay_002244,cust_01933,517.29,INR,CARD,SUCCESS,,1,0.724,2026-07-23 04:08:15.661676
pay_004005,cust_02747,605.78,INR,UPI,SUCCESS,,1,0.77,2026-07-23 04:33:15.661676
pay_007458,cust_02924,3319.6,INR,CARD,SUCCESS,,1,0.901,2026-07-23 04:35:15.661676
pay_000754,cust_00858,4200.31,INR,CARD,SUCCESS,,1,0.714,2026-07-23 04:40:15.661676
pay_009087,cust_01806,9213.5,INR,CARD,SUCCESS,,1,0.846,2026-07-23 05:14:15.661676
pay_007161,cust_00808,2247.98,INR,CARD,SUCCESS,,1,0.739,2026-07-23 05:24:15.661676
pay_005522,cust_00323,1065.04,INR,NETBANKING,FAILED,FRAUD_SUSPECTED,2,0.871,2026-07-23 05:29:15.661676
pay_007465,cust_02245,9789.22,INR,CARD,SUCCESS,,1,0.503,2026-07-23 05:39:15.661676
pay_002976,cust_00717,1967.67,INR,UPI,FAILED,LIMIT_EXCEEDED,3,0.833,2026-07-23 05:43:15.661676
pay_001433,cust_00077,3598.88,INR,CARD,SUCCESS,,1,0.807,2026-07-23 05:54:15.661676
pay_000965,cust_02784,1682.8,INR,CARD,SUCCESS,,1,0.801,2026-07-23 05:55:15.661676
pay_006205,cust_00704,713.62,INR,NETBANKING,SUCCESS,,1,0.532,2026-07-23 06:31:15.661676
pay_006278,cust_01010,1561.15,INR,WALLET,FAILED,USER_CANCELLED,2,0.702,2026-07-23 06:55:15.661676
pay_000010,cust_02534,2790.7,INR,NETBANKING,SUCCESS,,1,0.488,2026-07-23 07:00:15.661676
pay_009165,cust_00073,3832.13,INR,CARD,SUCCESS,,1,0.792,2026-07-23 07:26:15.661676
pay_002193,cust_00127,9131.16,INR,CARD,SUCCESS,,1,0.976,2026-07-23 07:31:15.661676
pay_002556,cust_00127,2773.05,INR,CARD,SUCCESS,,1,0.582,2026-07-23 07:33:15.661676
pay_000916,cust_01040,2260.22,INR,NETBANKING,SUCCESS,,1,0.831,2026-07-23 07:39:15.661676
pay_002009,cust_00276,3063.75,INR,UPI,SUCCESS,,1,0.842,2026-07-23 08:05:15.661676
pay_002156,cust_02162,1104.24,INR,CARD,SUCCESS,,1,0.715,2026-07-23 08:10:15.661676
pay_000253,cust_01441,9874.64,INR,UPI,SUCCESS,,1,0.534,2026-07-23 08:14:15.661676
pay_009986,cust_02686,1320.57,INR,CARD,SUCCESS,,1,0.819,2026-07-23 08:15:15.661676
pay_001200,cust_02477,5384.68,INR,UPI,SUCCESS,,1,0.845,2026-07-23 08:17:15.661676
pay_004043,cust_01059,496.35,INR,NETBANKING,SUCCESS,,1,0.572,2026-07-23 09:07:15.661676
pay_006521,cust_00208,1368.5,INR,UPI,SUCCESS,,1,0.673,2026-07-23 09:17:15.661676
pay_005301,cust_00981,1530.06,INR,CARD,SUCCESS,,1,0.866,2026-07-23 09:31:15.661676
pay_006933,cust_00048,2203.9,INR,WALLET,SUCCESS,,1,0.474,2026-07-23 10:07:15.661676
pay_003748,cust_01289,2085.54,INR,WALLET,SUCCESS,,1,0.902,2026-07-23 10:07:15.661676
pay_007724,cust_00278,1826.25,INR,NETBANKING,SUCCESS,,1,0.73,2026-07-23 10:12:15.661676
pay_007231,cust_02516,787.38,INR,NETBANKING,SUCCESS,,1,0.893,2026-07-23 10:12:15.661676
pay_001666,cust_00392,1775.27,INR,WALLET,SUCCESS,,1,0.976,2026-07-23 10:28:15.661676
pay_007877,cust_00063,1125.55,INR,UPI,SUCCESS,,1,0.497,2026-07-23 10:59:15.661676
pay_007886,cust_02624,2644.42,INR,UPI,SUCCESS,,1,0.451,2026-07-23 11:16:15.661676
pay_004179,cust_01221,7713.49,INR,CARD,SUCCESS,,1,0.462,2026-07-23 11:20:15.661676
pay_004171,cust_02431,526.24,INR,WALLET,SUCCESS,,1,0.797,2026-07-23 11:49:15.661676
pay_005885,cust_02232,553.9,INR,CARD,SUCCESS,,1,0.965,2026-07-23 11:52:15.661676
pay_009562,cust_00034,950.75,INR,NETBANKING,SUCCESS,,1,0.811,2026-07-23 11:57:15.661676
pay_004377,cust_00011,271.15,INR,UPI,FAILED,USER_CANCELLED,4,0.757,2026-07-23 12:01:15.661676
pay_008497,cust_00333,2774.89,INR,NETBANKING,SUCCESS,,1,0.704,2026-07-23 12:44:15.661676
pay_006545,cust_00037,1931.31,INR,UPI,SUCCESS,,1,0.943,2026-07-23 12:47:15.661676
pay_007954,cust_02095,594.77,INR,WALLET,FAILED,TIMEOUT,3,0.71,2026-07-23 12:48:15.661676
pay_007527,cust_02799,4075.5,INR,CARD,SUCCESS,,1,0.867,2026-07-23 13:00:15.661676
pay_002722,cust_00978,1206.41,INR,NETBANKING,SUCCESS,,1,0.938,2026-07-23 13:03:15.661676
pay_006089,cust_00113,2233.68,INR,UPI,SUCCESS,,1,0.571,2026-07-23 13:22:15.661676
pay_007870,cust_01249,3229.44,INR,NETBANKING,SUCCESS,,1,0.552,2026-07-23 13:40:15.661676
pay_009183,cust_01215,1521.11,INR,NETBANKING,SUCCESS,,1,0.458,2026-07-23 13:49:15.661676
pay_001488,cust_02292,442.02,INR,UPI,SUCCESS,,1,0.542,2026-07-23 13:51:15.661676
pay_004233,cust_00488,1109.11,INR,NETBANKING,SUCCESS,,1,0.885,2026-07-23 14:03:15.661676
pay_000082,cust_01070,2405.93,INR,CARD,FAILED,NETWORK_ERROR,1,0.772,2026-07-23 14:05:15.661676
pay_008424,cust_01376,902.34,INR,UPI,SUCCESS,,1,0.608,2026-07-23 14:10:15.661676
pay_008478,cust_01536,522.58,INR,WALLET,SUCCESS,,1,0.46,2026-07-23 14:17:15.661676
pay_008258,cust_02440,2171.72,INR,NETBANKING,SUCCESS,,1,0.662,2026-07-23 14:25:15.661676
pay_006757,cust_02391,2384.86,INR,WALLET,SUCCESS,,1,0.523,2026-07-23 14:33:15.661676
pay_004561,cust_00926,768.04,INR,WALLET,SUCCESS,,1,0.749,2026-07-23 14:45:15.661676
pay_004948,cust_01909,621.61,INR,WALLET,SUCCESS,,1,0.59,2026-07-23 14:48:15.661676
pay_007225,cust_01780,1790.71,INR,CARD,SUCCESS,,1,0.828,2026-07-23 14:49:15.661676
pay_002953,cust_02875,2626.31,INR,UPI,FAILED,INSUFFICIENT_FUNDS,2,0.664,2026-07-23 16:15:15.661676
pay_009217,cust_02821,4746.81,INR,UPI,SUCCESS,,1,0.516,2026-07-23 16:27:15.661676
pay_009422,cust_01402,2262.42,INR,CARD,SUCCESS,,1,0.47,2026-07-23 16:47:15.661676
pay_007243,cust_01205,913.19,INR,UPI,SUCCESS,,1,0.806,2026-07-23 16:48:15.661676
pay_004583,cust_00572,1799.45,INR,UPI,SUCCESS,,1,0.612,2026-07-23 16:55:15.661676
pay_008695,cust_02787,1758.73,INR,WALLET,SUCCESS,,1,0.911,2026-07-23 17:02:15.661676
pay_003493,cust_02887,2689.09,INR,NETBANKING,SUCCESS,,1,0.878,2026-07-23 17:06:15.661676
pay_003909,cust_00168,2889.17,INR,CARD,SUCCESS,,1,0.737,2026-07-23 17:15:15.661676
pay_000527,cust_01840,491.75,INR,WALLET,SUCCESS,,1,0.724,2026-07-23 17:41:15.661676
pay_000648,cust_02582,1731.19,INR,UPI,SUCCESS,,1,0.945,2026-07-23 17:52:15.661676
pay_006781,cust_02125,4729.36,INR,NETBANKING,FAILED,BANK_ERROR,4,0.52,2026-07-23 18:08:15.661676
pay_006366,cust_00592,7554.34,INR,WALLET,SUCCESS,,1,0.935,2026-07-23 18:32:15.661676
pay_006476,cust_01073,2959.49,INR,NETBANKING,SUCCESS,,1,0.816,2026-07-23 18:39:15.661676
pay_007241,cust_00668,3135.56,INR,NETBANKING,SUCCESS,,1,0.504,2026-07-23 18:41:15.661676
pay_007356,cust_01556,3609.25,INR,UPI,SUCCESS,,1,0.515,2026-07-23 18:56:15.661676
pay_004255,cust_02745,2180.0,INR,WALLET,SUCCESS,,1,0.542,2026-07-23 18:59:15.661676
pay_003636,cust_02112,2238.26,INR,NETBANKING,SUCCESS,,1,0.512,2026-07-23 19:03:15.661676
pay_005125,cust_00554,3137.97,INR,UPI,SUCCESS,,1,0.95,2026-07-23 19:16:15.661676
pay_000741,cust_01591,414.59,INR,UPI,SUCCESS,,1,0.759,2026-07-23 19:24:15.661676
pay_007003,cust_02564,3202.85,INR,WALLET,SUCCESS,,1,0.661,2026-07-23 19:30:15.661676
pay_004994,cust_01042,2845.28,INR,CARD,SUCCESS,,1,0.66,2026-07-23 19:31:15.661676
pay_005036,cust_01186,12277.08,INR,UPI,SUCCESS,,1,0.582,2026-07-23 19:42:15.661676
pay_002577,cust_00115,5833.32,INR,CARD,SUCCESS,,1,0.765,2026-07-23 19:51:15.661676
pay_004350,cust_02722,1154.46,INR,UPI,SUCCESS,,1,0.851,2026-07-23 20:05:15.661676
pay_001340,cust_02491,2072.13,INR,CARD,SUCCESS,,1,0.872,2026-07-23 20:17:15.661676
pay_001500,cust_02717,2904.51,INR,CARD,FAILED,BANK_ERROR,2,0.675,2026-07-23 20:32:15.661676
pay_009575,cust_00974,2499.96,INR,NETBANKING,SUCCESS,,1,0.926,2026-07-23 20:59:15.661676
pay_001712,cust_01441,1642.04,INR,CARD,SUCCESS,,1,0.727,2026-07-23 21:27:15.661676
pay_006879,cust_00744,1421.32,INR,UPI,SUCCESS,,1,0.514,2026-07-23 21:36:15.661676
pay_002427,cust_01165,2857.34,INR,WALLET,SUCCESS,,1,0.648,2026-07-23 22:33:15.661676
pay_000734,cust_02133,463.1,INR,WALLET,SUCCESS,,1,0.726,2026-07-23 22:35:15.661676
pay_002246,cust_02379,1965.47,INR,NETBANKING,SUCCESS,,1,0.668,2026-07-23 22:36:15.661676
pay_005438,cust_02564,4661.95,INR,UPI,SUCCESS,,1,0.501,2026-07-23 22:50:15.661676
pay_004288,cust_01539,2097.6,INR,CARD,SUCCESS,,1,0.55,2026-07-23 23:14:15.661676
pay_008149,cust_02086,2232.78,INR,NETBANKING,FAILED,LIMIT_EXCEEDED,1,0.908,2026-07-23 23:15:15.661676
pay_009623,cust_01431,2091.71,INR,CARD,SUCCESS,,1,0.788,2026-07-23 23:38:15.661676
pay_009822,cust_01277,2479.73,INR,UPI,SUCCESS,,1,0.605,2026-07-23 23:48:15.661676
pay_006595,cust_01166,414.8,INR,NETBANKING,SUCCESS,,1,0.619,2026-07-23 23:53:15.661676
pay_001288,cust_00302,2714.58,INR,WALLET,SUCCESS,,1,0.931,2026-07-23 23:55:15.661676
pay_002207,cust_00806,5927.11,INR,WALLET,FAILED,NETWORK_ERROR,1,0.706,2026-07-24 00:12:15.661676
pay_000167,cust_01140,3489.97,INR,CARD,SUCCESS,,1,0.89,2026-07-24 00:26:15.661676
pay_008912,cust_01599,937.99,INR,UPI,SUCCESS,,1,0.491,2026-07-24 00:44:15.661676
pay_003036,cust_02728,2585.04,INR,NETBANKING,SUCCESS,,1,0.614,2026-07-24 00:58:15.661676
pay_007601,cust_01921,1630.92,INR,WALLET,SUCCESS,,1,0.523,2026-07-24 01:03:15.661676
pay_007345,cust_02934,1260.11,INR,UPI,SUCCESS,,1,0.932,2026-07-24 01:42:15.661676
pay_004022,cust_00650,578.86,INR,UPI,SUCCESS,,1,0.905,2026-07-24 02:06:15.661676
pay_006988,cust_01352,9632.28,INR,NETBANKING,SUCCESS,,1,0.937,2026-07-24 02:10:15.661676
pay_008217,cust_02001,5933.57,INR,NETBANKING,SUCCESS,,1,0.587,2026-07-24 02:16:15.661676
pay_008786,cust_00953,2165.06,INR,NETBANKING,SUCCESS,,1,0.59,2026-07-24 02:19:15.661676
pay_006041,cust_01992,3878.75,INR,UPI,SUCCESS,,1,0.585,2026-07-24 02:44:15.661676
pay_008694,cust_01180,1643.12,INR,UPI,SUCCESS,,1,0.554,2026-07-24 02:49:15.661676
pay_003519,cust_01570,5032.21,INR,WALLET,SUCCESS,,1,0.837,2026-07-24 02:51:15.661676
pay_000251,cust_02279,659.38,INR,UPI,FAILED,CARD_EXPIRED,1,0.672,2026-07-24 02:55:15.661676
pay_005913,cust_02185,4944.82,INR,UPI,SUCCESS,,1,0.922,2026-07-24 03:19:15.661676
pay_002131,cust_00139,2567.74,INR,NETBANKING,SUCCESS,,1,0.776,2026-07-24 03:48:15.661676
pay_003352,cust_02156,1376.46,INR,NETBANKING,SUCCESS,,1,0.833,2026-07-24 04:21:15.661676
pay_008514,cust_01303,2653.67,INR,WALLET,SUCCESS,,1,0.966,2026-07-24 04:22:15.661676
pay_002580,cust_01410,7382.71,INR,CARD,SUCCESS,,1,0.62,2026-07-24 04:23:15.661676
pay_002044,cust_00616,2042.41,INR,UPI,SUCCESS,,1,0.708,2026-07-24 04:28:15.661676
pay_001525,cust_01220,1342.43,INR,NETBANKING,SUCCESS,,1,0.859,2026-07-24 04:32:15.661676
pay_000225,cust_02853,1239.49,INR,WALLET,SUCCESS,,1,0.533,2026-07-24 04:49:15.661676
pay_000601,cust_00299,3312.94,INR,UPI,SUCCESS,,1,0.592,2026-07-24 04:52:15.661676
pay_004325,cust_01908,982.39,INR,UPI,SUCCESS,,1,0.751,2026-07-24 04:55:15.661676
pay_002764,cust_02917,1090.88,INR,NETBANKING,SUCCESS,,1,0.978,2026-07-24 05:03:15.661676
pay_009976,cust_00619,1172.13,INR,CARD,SUCCESS,,1,0.975,2026-07-24 05:13:15.661676
pay_004248,cust_01623,10477.43,INR,CARD,SUCCESS,,1,0.589,2026-07-24 05:31:15.661676
pay_007380,cust_02782,2484.03,INR,NETBANKING,SUCCESS,,1,0.878,2026-07-24 05:32:15.661676
pay_002531,cust_02496,2640.98,INR,WALLET,SUCCESS,,1,0.771,2026-07-24 06:05:15.661676
pay_008123,cust_02134,2527.44,INR,NETBANKING,SUCCESS,,1,0.486,2026-07-24 06:11:15.661676
pay_004728,cust_02500,1223.19,INR,CARD,FAILED,CARD_EXPIRED,2,0.566,2026-07-24 06:14:15.661676
pay_007550,cust_00059,6931.27,INR,UPI,SUCCESS,,1,0.482,2026-07-24 06:16:15.661676
pay_005299,cust_02209,3155.99,INR,UPI,SUCCESS,,1,0.627,2026-07-24 06:24:15.661676
pay_004146,cust_00629,220.39,INR,WALLET,SUCCESS,,1,0.977,2026-07-24 06:33:15.661676
pay_007544,cust_02308,5320.42,INR,WALLET,SUCCESS,,1,0.53,2026-07-24 06:47:15.661676
pay_000037,cust_01385,2136.86,INR,UPI,SUCCESS,,1,0.768,2026-07-24 06:56:15.661676
pay_009329,cust_02412,2165.09,INR,WALLET,SUCCESS,,1,0.842,2026-07-24 07:06:15.661676
pay_003152,cust_02015,1345.65,INR,WALLET,SUCCESS,,1,0.682,2026-07-24 07:11:15.661676
pay_004775,cust_02790,282.52,INR,CARD,SUCCESS,,1,0.865,2026-07-24 07:30:15.661676
pay_008077,cust_01096,1692.3,INR,NETBANKING,SUCCESS,,1,0.761,2026-07-24 07:46:15.661676
pay_004247,cust_00666,2062.01,INR,WALLET,FAILED,TIMEOUT,2,0.563,2026-07-24 08:07:15.661676
pay_004030,cust_00816,3434.76,INR,UPI,SUCCESS,,1,0.977,2026-07-24 08:09:15.661676
pay_005608,cust_01761,1335.6,INR,WALLET,SUCCESS,,1,0.763,2026-07-24 08:33:15.661676
pay_005349,cust_01310,365.36,INR,UPI,SUCCESS,,1,0.863,2026-07-24 08:57:15.661676
pay_004875,cust_01751,1111.64,INR,UPI,SUCCESS,,1,0.93,2026-07-24 09:03:15.661676
pay_007118,cust_02407,1350.02,INR,UPI,SUCCESS,,1,0.759,2026-07-24 09:41:15.661676
pay_006419,cust_01753,2678.89,INR,WALLET,FAILED,INSUFFICIENT_FUNDS,4,0.629,2026-07-24 09:56:15.661676
pay_000764,cust_00866,1674.3,INR,UPI,SUCCESS,,1,0.517,2026-07-24 09:58:15.661676
pay_002624,cust_00622,5587.95,INR,CARD,SUCCESS,,1,0.558,2026-07-24 10:13:15.661676
pay_006084,cust_01402,2012.57,INR,NETBANKING,FAILED,INSUFFICIENT_FUNDS,1,0.81,2026-07-24 10:19:15.661676
pay_001107,cust_00733,2951.94,INR,WALLET,FAILED,USER_CANCELLED,4,0.499,2026-07-24 11:19:15.661676
pay_001503,cust_01615,939.59,INR,NETBANKING,FAILED,BANK_ERROR,3,0.533,2026-07-24 11:22:15.661676
pay_007572,cust_00636,1851.66,INR,CARD,SUCCESS,,1,0.516,2026-07-24 11:22:15.661676
pay_007890,cust_01030,1458.97,INR,UPI,FAILED,TIMEOUT,3,0.983,2026-07-24 11:23:15.661676
pay_003405,cust_00604,2562.61,INR,WALLET,SUCCESS,,1,0.744,2026-07-24 11:45:15.661676
pay_003246,cust_00470,3352.75,INR,WALLET,SUCCESS,,1,0.587,2026-07-24 12:15:15.661676
pay_004757,cust_02548,545.77,INR,UPI,SUCCESS,,1,0.712,2026-07-24 12:21:15.661676
pay_000981,cust_02858,3390.19,INR,CARD,SUCCESS,,1,0.791,2026-07-24 12:27:15.661676
pay_004108,cust_01313,5352.22,INR,NETBANKING,FAILED,NETWORK_ERROR,2,0.941,2026-07-24 13:03:15.661676
pay_002141,cust_02464,2062.78,INR,NETBANKING,SUCCESS,,1,0.761,2026-07-24 13:11:15.661676
pay_004510,cust_02144,1710.21,INR,WALLET,SUCCESS,,1,0.545,2026-07-24 13:31:15.661676
pay_007159,cust_00771,912.7,INR,WALLET,SUCCESS,,1,0.652,2026-07-24 13:58:15.661676
pay_007368,cust_00372,1242.06,INR,WALLET,FAILED,CARD_EXPIRED,3,0.632,2026-07-24 13:59:15.661676
pay_007792,cust_02292,958.37,INR,UPI,SUCCESS,,1,0.897,2026-07-24 14:26:15.661676
pay_000365,cust_00383,3140.43,INR,CARD,FAILED,BANK_ERROR,3,0.905,2026-07-24 14:35:15.661676
pay_001428,cust_00377,748.02,INR,UPI,SUCCESS,,1,0.486,2026-07-24 14:42:15.661676
pay_006920,cust_02121,1763.02,INR,NETBANKING,FAILED,INSUFFICIENT_FUNDS,4,0.559,2026-07-24 14:47:15.661676
pay_008203,cust_02725,1173.44,INR,WALLET,FAILED,INSUFFICIENT_FUNDS,4,0.798,2026-07-24 15:07:15.661676
pay_004564,cust_01615,2154.78,INR,CARD,SUCCESS,,1,0.454,2026-07-24 15:13:15.661676
pay_001973,cust_00656,3055.57,INR,CARD,SUCCESS,,1,0.925,2026-07-24 15:15:15.661676
pay_003752,cust_00835,2352.62,INR,CARD,SUCCESS,,1,0.732,2026-07-24 15:52:15.661676
pay_009244,cust_02187,745.92,INR,NETBANKING,SUCCESS,,1,0.667,2026-07-24 16:00:15.661676
pay_001418,cust_00962,2241.44,INR,NETBANKING,SUCCESS,,1,0.822,2026-07-24 16:10:15.661676
pay_008466,cust_00460,1332.87,INR,NETBANKING,SUCCESS,,1,0.815,2026-07-24 16:26:15.661676
pay_007127,cust_01599,1841.74,INR,UPI,SUCCESS,,1,0.531,2026-07-24 16:51:15.661676
pay_003220,cust_00394,3220.15,INR,UPI,SUCCESS,,1,0.717,2026-07-24 16:56:15.661676
pay_005753,cust_02707,5501.51,INR,CARD,FAILED,NETWORK_ERROR,2,0.921,2026-07-24 17:11:15.661676
pay_007726,cust_02007,575.31,INR,CARD,SUCCESS,,1,0.634,2026-07-24 17:16:15.661676
pay_002484,cust_01104,979.14,INR,WALLET,SUCCESS,,1,0.727,2026-07-24 17:21:15.661676
pay_001324,cust_01337,2668.31,INR,WALLET,SUCCESS,,1,0.736,2026-07-24 17:58:15.661676
pay_001873,cust_00481,1413.14,INR,NETBANKING,SUCCESS,,1,0.53,2026-07-24 18:03:15.661676
pay_003873,cust_00360,751.53,INR,CARD,SUCCESS,,1,0.866,2026-07-24 18:06:15.661676
pay_003015,cust_02801,1133.56,INR,CARD,SUCCESS,,1,0.872,2026-07-24 18:07:15.661676
pay_003154,cust_00653,1339.62,INR,NETBANKING,SUCCESS,,1,0.495,2026-07-24 18:10:15.661676
pay_007224,cust_02428,21897.88,INR,CARD,SUCCESS,,1,0.989,2026-07-24 18:20:15.661676
pay_009291,cust_00305,1055.83,INR,WALLET,SUCCESS,,1,0.798,2026-07-24 18:38:15.661676
pay_007354,cust_02036,4642.89,INR,WALLET,SUCCESS,,1,0.928,2026-07-24 18:42:15.661676
pay_000515,cust_01011,1139.77,INR,WALLET,SUCCESS,,1,0.697,2026-07-24 18:57:15.661676
pay_000688,cust_00382,1339.62,INR,NETBANKING,FAILED,USER_CANCELLED,1,0.683,2026-07-24 19:26:15.661676
pay_001505,cust_02574,1577.9,INR,NETBANKING,SUCCESS,,1,0.628,2026-07-24 19:49:15.661676
pay_002572,cust_02328,567.44,INR,NETBANKING,SUCCESS,,1,0.526,2026-07-24 20:18:15.661676
pay_004445,cust_00826,383.98,INR,UPI,SUCCESS,,1,0.897,2026-07-24 20:51:15.661676
pay_006718,cust_02165,1694.51,INR,WALLET,SUCCESS,,1,0.988,2026-07-24 21:16:15.661676
pay_008404,cust_00183,1579.05,INR,NETBANKING,SUCCESS,,1,0.897,2026-07-24 21:25:15.661676
pay_003845,cust_00529,6548.72,INR,WALLET,SUCCESS,,1,0.953,2026-07-24 21:28:15.661676
pay_004553,cust_00424,3634.62,INR,CARD,SUCCESS,,1,0.551,2026-07-24 21:36:15.661676
pay_001674,cust_00421,864.43,INR,UPI,SUCCESS,,1,0.77,2026-07-24 21:56:15.661676
pay_004572,cust_01573,1423.19,INR,CARD,SUCCESS,,1,0.595,2026-07-24 22:12:15.661676
pay_004640,cust_00050,187.57,INR,UPI,SUCCESS,,1,0.72,2026-07-24 22:55:15.661676
pay_001040,cust_00142,4178.38,INR,NETBANKING,SUCCESS,,1,0.523,2026-07-24 23:13:15.661676
pay_008776,cust_02752,600.74,INR,CARD,SUCCESS,,1,0.875,2026-07-24 23:40:15.661676
pay_006982,cust_01018,5154.14,INR,WALLET,SUCCESS,,1,0.471,2026-07-25 00:02:15.661676
pay_004514,cust_00344,855.36,INR,NETBANKING,SUCCESS,,1,0.682,2026-07-25 00:08:15.661676
pay_006266,cust_02994,2021.76,INR,NETBANKING,FAILED,BANK_ERROR,3,0.754,2026-07-25 00:18:15.661676
pay_003424,cust_01687,2526.44,INR,CARD,SUCCESS,,1,0.461,2026-07-25 00:25:15.661676
pay_009987,cust_02439,1343.23,INR,UPI,SUCCESS,,1,0.985,2026-07-25 00:26:15.661676
pay_006403,cust_02498,1349.46,INR,NETBANKING,SUCCESS,,1,0.54,2026-07-25 00:44:15.661676
pay_007245,cust_00408,3162.64,INR,UPI,SUCCESS,,1,0.617,2026-07-25 01:10:15.661676
pay_004710,cust_00881,1752.86,INR,WALLET,SUCCESS,,1,0.499,2026-07-25 01:12:15.661676
pay_008119,cust_02300,1501.44,INR,WALLET,SUCCESS,,1,0.666,2026-07-25 01:16:15.661676
pay_008550,cust_00389,1409.03,INR,UPI,SUCCESS,,1,0.595,2026-07-25 01:33:15.661676
pay_000393,cust_02971,628.8,INR,UPI,SUCCESS,,1,0.972,2026-07-25 01:44:15.661676
pay_000546,cust_02618,955.74,INR,NETBANKING,SUCCESS,,1,0.662,2026-07-25 01:52:15.661676
pay_002817,cust_00585,2658.86,INR,WALLET,SUCCESS,,1,0.808,2026-07-25 01:56:15.661676
pay_000987,cust_01764,6019.25,INR,NETBANKING,SUCCESS,,1,0.454,2026-07-25 01:56:15.661676
pay_005415,cust_00999,1025.01,INR,WALLET,SUCCESS,,1,0.918,2026-07-25 02:04:15.661676
pay_004818,cust_00643,898.25,INR,CARD,SUCCESS,,1,0.65,2026-07-25 02:11:15.661676
pay_009844,cust_01659,664.42,INR,UPI,SUCCESS,,1,0.463,2026-07-25 02:32:15.661676
pay_007711,cust_00262,2359.43,INR,WALLET,FAILED,CARD_EXPIRED,4,0.633,2026-07-25 03:30:15.661676
pay_006736,cust_02680,2718.26,INR,UPI,SUCCESS,,1,0.757,2026-07-25 03:32:15.661676
pay_000163,cust_01794,4568.21,INR,UPI,SUCCESS,,1,0.683,2026-07-25 04:11:15.661676
pay_003907,cust_02670,5220.49,INR,CARD,SUCCESS,,1,0.819,2026-07-25 04:35:15.661676
pay_001182,cust_01663,5506.04,INR,UPI,SUCCESS,,1,0.89,2026-07-25 04:41:15.661676
pay_002596,cust_02415,299.61,INR,CARD,SUCCESS,,1,0.757,2026-07-25 04:45:15.661676
pay_005887,cust_01011,1002.34,INR,UPI,SUCCESS,,1,0.937,2026-07-25 04:54:15.661676
pay_009115,cust_01476,1828.83,INR,WALLET,SUCCESS,,1,0.965,2026-07-25 05:12:15.661676
pay_009386,cust_02536,2424.27,INR,WALLET,SUCCESS,,1,0.951,2026-07-25 05:34:15.661676
pay_006022,cust_02537,2488.37,INR,WALLET,SUCCESS,,1,0.831,2026-07-25 05:37:15.661676
pay_002989,cust_02561,732.04,INR,CARD,SUCCESS,,1,0.792,2026-07-25 05:50:15.661676
pay_001858,cust_00598,1480.24,INR,UPI,SUCCESS,,1,0.721,2026-07-25 06:02:15.661676
pay_000030,cust_02173,1431.74,INR,UPI,SUCCESS,,1,0.461,2026-07-25 06:10:15.661676
pay_008546,cust_01452,8442.46,INR,UPI,SUCCESS,,1,0.948,2026-07-25 06:13:15.661676
pay_003593,cust_00248,11417.6,INR,CARD,SUCCESS,,1,0.689,2026-07-25 06:26:15.661676
pay_009066,cust_01487,1347.95,INR,UPI,SUCCESS,,1,0.495,2026-07-25 06:29:15.661676
pay_002913,cust_02506,1007.51,INR,UPI,SUCCESS,,1,0.602,2026-07-25 06:33:15.661676
pay_007536,cust_01809,764.64,INR,NETBANKING,SUCCESS,,1,0.826,2026-07-25 07:17:15.661676
pay_009224,cust_01740,531.75,INR,NETBANKING,FAILED,CARD_EXPIRED,4,0.547,2026-07-25 07:18:15.661676
pay_006702,cust_00239,1607.63,INR,UPI,SUCCESS,,1,0.502,2026-07-25 07:19:15.661676
pay_004784,cust_02784,826.5,INR,UPI,SUCCESS,,1,0.5,2026-07-25 07:21:15.661676
pay_008708,cust_00638,2508.18,INR,WALLET,FAILED,NETWORK_ERROR,3,0.769,2026-07-25 07:30:15.661676
pay_008401,cust_02795,2180.03,INR,CARD,FAILED,INSUFFICIENT_FUNDS,3,0.843,2026-07-25 07:36:15.661676
pay_005762,cust_02905,2733.44,INR,NETBANKING,SUCCESS,,1,0.949,2026-07-25 07:49:15.661676
pay_002779,cust_00398,1720.88,INR,CARD,SUCCESS,,1,0.546,2026-07-25 07:52:15.661676
pay_001684,cust_02834,2343.7,INR,WALLET,SUCCESS,,1,0.91,2026-07-25 07:58:15.661676
pay_003047,cust_00308,4569.96,INR,WALLET,SUCCESS,,1,0.486,2026-07-25 08:05:15.661676
pay_006055,cust_00206,2375.52,INR,CARD,SUCCESS,,1,0.899,2026-07-25 08:15:15.661676
pay_005586,cust_01773,1013.16,INR,WALLET,SUCCESS,,1,0.541,2026-07-25 08:22:15.661676
pay_006759,cust_02715,9427.4,INR,NETBANKING,SUCCESS,,1,0.805,2026-07-25 08:33:15.661676
pay_003319,cust_00349,4435.9,INR,CARD,SUCCESS,,1,0.742,2026-07-25 09:14:15.661676
pay_008013,cust_01993,1651.02,INR,NETBANKING,SUCCESS,,1,0.532,2026-07-25 09:15:15.661676
pay_003089,cust_00946,379.6,INR,WALLET,FAILED,TIMEOUT,2,0.799,2026-07-25 09:26:15.661676
pay_005114,cust_01779,587.93,INR,WALLET,SUCCESS,,1,0.49,2026-07-25 09:34:15.661676
pay_002314,cust_01448,2692.42,INR,UPI,SUCCESS,,1,0.509,2026-07-25 09:45:15.661676
pay_003972,cust_00721,748.58,INR,UPI,SUCCESS,,1,0.761,2026-07-25 10:31:15.661676
pay_002482,cust_01035,7154.54,INR,NETBANKING,SUCCESS,,1,0.816,2026-07-25 10:32:15.661676
pay_002083,cust_02853,569.59,INR,CARD,SUCCESS,,1,0.638,2026-07-25 10:32:15.661676
pay_003834,cust_01589,579.18,INR,UPI,FAILED,BANK_ERROR,3,0.885,2026-07-25 10:43:15.661676
pay_002377,cust_01982,1355.85,INR,WALLET,SUCCESS,,1,0.577,2026-07-25 10:47:15.661676
pay_005548,cust_01951,2631.17,INR,CARD,SUCCESS,,1,0.61,2026-07-25 11:29:15.661676
pay_008666,cust_02410,3596.46,INR,UPI,SUCCESS,,1,0.647,2026-07-25 11:31:15.661676
pay_008627,cust_02042,1377.98,INR,NETBANKING,SUCCESS,,1,0.817,2026-07-25 11:35:15.661676
pay_001445,cust_00344,2489.28,INR,NETBANKING,SUCCESS,,1,0.484,2026-07-25 11:58:15.661676
pay_006212,cust_02340,1999.61,INR,CARD,SUCCESS,,1,0.977,2026-07-25 12:04:15.661676
pay_002720,cust_01568,1995.88,INR,UPI,SUCCESS,,1,0.903,2026-07-25 12:07:15.661676
pay_001894,cust_00882,1656.25,INR,CARD,SUCCESS,,1,0.77,2026-07-25 13:10:15.661676
pay_009988,cust_02546,436.69,INR,UPI,SUCCESS,,1,0.577,2026-07-25 13:26:15.661676
pay_009355,cust_02074,320.84,INR,WALLET,FAILED,INSUFFICIENT_FUNDS,4,0.73,2026-07-25 13:59:15.661676
pay_004952,cust_01313,4927.1,INR,WALLET,SUCCESS,,1,0.764,2026-07-25 14:00:15.661676
pay_008996,cust_01332,1961.18,INR,WALLET,SUCCESS,,1,0.502,2026-07-25 14:08:15.661676
pay_004354,cust_02669,474.23,INR,WALLET,SUCCESS,,1,0.839,2026-07-25 14:20:15.661676
pay_005180,cust_00003,1830.89,INR,WALLET,FAILED,CARD_EXPIRED,1,0.822,2026-07-25 14:28:15.661676
pay_002866,cust_00341,1413.4,INR,NETBANKING,FAILED,INSUFFICIENT_FUNDS,4,0.986,2026-07-25 14:37:15.661676
pay_009862,cust_00913,2638.89,INR,WALLET,SUCCESS,,1,0.662,2026-07-25 14:42:15.661676
pay_008405,cust_00554,5334.18,INR,UPI,SUCCESS,,1,0.746,2026-07-25 14:54:15.661676
pay_009735,cust_00287,5356.66,INR,WALLET,SUCCESS,,1,0.722,2026-07-25 15:02:15.661676
pay_007358,cust_01451,1502.9,INR,CARD,SUCCESS,,1,0.5,2026-07-25 15:09:15.661676
pay_007764,cust_01567,2939.02,INR,NETBANKING,FAILED,BANK_ERROR,2,0.823,2026-07-25 15:32:15.661676
pay_008977,cust_00429,2311.45,INR,NETBANKING,SUCCESS,,1,0.619,2026-07-25 15:38:15.661676
pay_007578,cust_01346,1764.06,INR,CARD,SUCCESS,,1,0.745,2026-07-25 16:02:15.661676
pay_002507,cust_01060,19135.02,INR,UPI,SUCCESS,,1,0.94,2026-07-25 16:25:15.661676
pay_003706,cust_02592,2312.51,INR,NETBANKING,SUCCESS,,1,0.574,2026-07-25 16:27:15.661676
pay_001214,cust_00059,3699.45,INR,UPI,SUCCESS,,1,0.77,2026-07-25 16:50:15.661676
pay_009431,cust_00738,3605.46,INR,CARD,SUCCESS,,1,0.557,2026-07-25 17:13:15.661676
pay_002027,cust_02632,7634.32,INR,UPI,SUCCESS,,1,0.722,2026-07-25 17:36:15.661676
pay_008235,cust_02900,4208.58,INR,WALLET,SUCCESS,,1,0.9,2026-07-25 17:45:15.661676
pay_008872,cust_02504,1930.39,INR,WALLET,SUCCESS,,1,0.567,2026-07-25 18:19:15.661676
pay_005142,cust_01745,2777.01,INR,WALLET,SUCCESS,,1,0.758,2026-07-25 18:20:15.661676
pay_002526,cust_02751,2660.18,INR,UPI,SUCCESS,,1,0.548,2026-07-25 18:35:15.661676
pay_004851,cust_02703,221.44,INR,UPI,SUCCESS,,1,0.531,2026-07-25 18:38:15.661676
pay_005305,cust_01753,1471.68,INR,WALLET,SUCCESS,,1,0.452,2026-07-25 18:52:15.661676
pay_005466,cust_02758,1777.57,INR,WALLET,SUCCESS,,1,0.938,2026-07-25 19:18:15.661676
pay_009160,cust_00822,4688.83,INR,CARD,SUCCESS,,1,0.623,2026-07-25 19:26:15.661676
pay_009914,cust_01250,3417.59,INR,CARD,SUCCESS,,1,0.785,2026-07-25 19:31:15.661676
pay_009109,cust_02672,6160.45,INR,CARD,SUCCESS,,1,0.634,2026-07-25 19:52:15.661676
pay_003387,cust_02831,941.08,INR,UPI,SUCCESS,,1,0.724,2026-07-25 20:53:15.661676
pay_003573,cust_00220,2337.01,INR,UPI,SUCCESS,,1,0.814,2026-07-25 21:14:15.661676
pay_002120,cust_00499,1551.81,INR,CARD,SUCCESS,,1,0.462,2026-07-25 21:50:15.661676
pay_007574,cust_02750,5925.35,INR,CARD,SUCCESS,,1,0.778,2026-07-25 21:50:15.661676
pay_002283,cust_01198,4699.86,INR,CARD,SUCCESS,,1,0.805,2026-07-25 21:51:15.661676
pay_002353,cust_01182,3123.96,INR,NETBANKING,SUCCESS,,1,0.949,2026-07-25 21:57:15.661676
pay_009883,cust_00289,692.73,INR,CARD,SUCCESS,,1,0.776,2026-07-25 21:59:15.661676
pay_007117,cust_00482,7350.74,INR,UPI,FAILED,USER_CANCELLED,4,0.903,2026-07-25 22:23:15.661676
pay_003355,cust_00507,1124.34,INR,UPI,FAILED,NETWORK_ERROR,1,0.791,2026-07-25 22:35:15.661676
pay_003165,cust_00394,718.03,INR,WALLET,SUCCESS,,1,0.603,2026-07-25 22:39:15.661676
pay_008300,cust_01299,4130.39,INR,UPI,SUCCESS,,1,0.687,2026-07-25 22:40:15.661676
pay_005277,cust_02774,557.58,INR,NETBANKING,FAILED,USER_CANCELLED,2,0.463,2026-07-25 22:52:15.661676
pay_002719,cust_02317,1125.65,INR,WALLET,SUCCESS,,1,0.95,2026-07-25 22:57:15.661676
pay_009540,cust_00805,1420.46,INR,NETBANKING,SUCCESS,,1,0.545,2026-07-25 23:00:15.661676
pay_004524,cust_02008,9509.55,INR,WALLET,SUCCESS,,1,0.716,2026-07-25 23:13:15.661676
pay_002447,cust_01040,2287.88,INR,UPI,SUCCESS,,1,0.799,2026-07-25 23:17:15.661676
pay_001759,cust_00699,6567.07,INR,UPI,SUCCESS,,1,0.609,2026-07-25 23:45:15.661676
pay_000263,cust_01737,135.23,INR,WALLET,SUCCESS,,1,0.598,2026-07-25 23:56:15.661676
pay_002325,cust_02162,1799.97,INR,UPI,SUCCESS,,1,0.733,2026-07-26 00:00:15.661676
pay_003981,cust_00768,5377.88,INR,WALLET,SUCCESS,,1,0.968,2026-07-26 00:04:15.661676
pay_005796,cust_02305,1660.78,INR,UPI,SUCCESS,,1,0.696,2026-07-26 00:06:15.661676
pay_009876,cust_01055,1778.03,INR,NETBANKING,SUCCESS,,1,0.988,2026-07-26 00:07:15.661676
pay_001972,cust_01599,172.03,INR,WALLET,SUCCESS,,1,0.549,2026-07-26 00:15:15.661676
pay_000689,cust_02678,3193.17,INR,CARD,FAILED,BANK_ERROR,1,0.629,2026-07-26 00:28:15.661676
pay_001922,cust_02709,3288.97,INR,UPI,SUCCESS,,1,0.541,2026-07-26 00:35:15.661676
pay_001907,cust_01156,514.55,INR,NETBANKING,SUCCESS,,1,0.476,2026-07-26 00:47:15.661676
pay_007398,cust_00076,2026.17,INR,UPI,SUCCESS,,1,0.531,2026-07-26 00:51:15.661676
pay_002450,cust_00125,1040.61,INR,WALLET,SUCCESS,,1,0.715,2026-07-26 00:58:15.661676
pay_007385,cust_01805,1481.52,INR,CARD,SUCCESS,,1,0.853,2026-07-26 01:46:15.661676
pay_001038,cust_02974,560.32,INR,NETBANKING,SUCCESS,,1,0.745,2026-07-26 02:51:15.661676
pay_009994,cust_01196,545.17,INR,CARD,SUCCESS,,1,0.791,2026-07-26 02:58:15.661676
pay_001779,cust_01373,1282.49,INR,UPI,FAILED,INSUFFICIENT_FUNDS,2,0.722,2026-07-26 03:07:15.661676
pay_002583,cust_00615,1732.82,INR,NETBANKING,SUCCESS,,1,0.876,2026-07-26 03:21:15.661676
pay_005600,cust_02143,2610.23,INR,NETBANKING,SUCCESS,,1,0.982,2026-07-26 03:39:15.661676
pay_008261,cust_02408,1194.03,INR,WALLET,SUCCESS,,1,0.952,2026-07-26 04:06:15.661676
pay_000256,cust_01758,1227.35,INR,UPI,FAILED,USER_CANCELLED,3,0.466,2026-07-26 04:08:15.661676
pay_000921,cust_01519,4268.02,INR,UPI,SUCCESS,,1,0.658,2026-07-26 04:12:15.661676
pay_000014,cust_02875,391.26,INR,UPI,SUCCESS,,1,0.738,2026-07-26 04:26:15.661676
pay_005880,cust_02805,2337.96,INR,CARD,SUCCESS,,1,0.659,2026-07-26 04:38:15.661676
pay_007068,cust_01007,1533.62,INR,UPI,SUCCESS,,1,0.602,2026-07-26 05:26:15.661676
pay_008051,cust_01847,761.79,INR,CARD,SUCCESS,,1,0.871,2026-07-26 05:27:15.661676
pay_000154,cust_02330,2177.22,INR,UPI,FAILED,BANK_ERROR,2,0.788,2026-07-26 05:31:15.661676
pay_009357,cust_00157,3066.45,INR,NETBANKING,SUCCESS,,1,0.602,2026-07-26 06:07:15.661676
pay_009827,cust_02138,468.52,INR,NETBANKING,SUCCESS,,1,0.522,2026-07-26 06:08:15.661676
pay_002637,cust_00360,2105.92,INR,WALLET,SUCCESS,,1,0.553,2026-07-26 06:24:15.661676
pay_000402,cust_02953,1119.35,INR,NETBANKING,SUCCESS,,1,0.967,2026-07-26 06:29:15.661676
pay_002608,cust_00704,309.68,INR,CARD,SUCCESS,,1,0.626,2026-07-26 06:36:15.661676
pay_006741,cust_02630,460.13,INR,NETBANKING,FAILED,CARD_EXPIRED,2,0.832,2026-07-26 07:01:15.661676
pay_008957,cust_00981,713.12,INR,NETBANKING,SUCCESS,,1,0.579,2026-07-26 07:05:15.661676
pay_002849,cust_01994,1111.76,INR,NETBANKING,FAILED,CARD_EXPIRED,1,0.815,2026-07-26 07:06:15.661676
pay_004141,cust_00739,2966.41,INR,UPI,SUCCESS,,1,0.952,2026-07-26 07:27:15.661676
pay_002498,cust_01393,1445.47,INR,UPI,SUCCESS,,1,0.665,2026-07-26 07:34:15.661676
pay_000807,cust_00439,2159.66,INR,NETBANKING,SUCCESS,,1,0.515,2026-07-26 08:11:15.661676
pay_009363,cust_00371,1766.33,INR,CARD,SUCCESS,,1,0.586,2026-07-26 08:24:15.661676
pay_001122,cust_00661,4673.32,INR,NETBANKING,SUCCESS,,1,0.828,2026-07-26 08:42:15.661676
pay_001262,cust_00399,1921.39,INR,WALLET,SUCCESS,,1,0.769,2026-07-26 09:00:15.661676
pay_006043,cust_02821,10526.08,INR,NETBANKING,FAILED,TIMEOUT,1,0.783,2026-07-26 09:02:15.661676
pay_007168,cust_02623,1650.69,INR,WALLET,FAILED,CARD_EXPIRED,1,0.566,2026-07-26 09:09:15.661676
pay_000787,cust_01556,3523.25,INR,NETBANKING,SUCCESS,,1,0.82,2026-07-26 09:17:15.661676
pay_005769,cust_01273,2130.39,INR,UPI,SUCCESS,,1,0.736,2026-07-26 09:20:15.661676
pay_001188,cust_02387,1510.65,INR,UPI,FAILED,INSUFFICIENT_FUNDS,2,0.91,2026-07-26 09:35:15.661676
pay_004038,cust_02335,1514.42,INR,NETBANKING,SUCCESS,,1,0.948,2026-07-26 10:05:15.661676
pay_004041,cust_00299,2129.85,INR,NETBANKING,SUCCESS,,1,0.757,2026-07-26 10:40:15.661676
pay_001275,cust_02938,4771.8,INR,WALLET,FAILED,CARD_EXPIRED,3,0.638,2026-07-26 10:48:15.661676
pay_003417,cust_01537,3542.5,INR,UPI,SUCCESS,,1,0.493,2026-07-26 10:50:15.661676
pay_008332,cust_00071,4513.0,INR,WALLET,SUCCESS,,1,0.548,2026-07-26 11:02:15.661676
pay_004375,cust_00981,4006.04,INR,UPI,SUCCESS,,1,0.729,2026-07-26 11:06:15.661676
pay_008321,cust_00798,362.07,INR,NETBANKING,FAILED,NETWORK_ERROR,1,0.758,2026-07-26 11:51:15.661676
pay_002831,cust_00974,462.62,INR,WALLET,SUCCESS,,1,0.979,2026-07-26 12:01:15.661676
pay_006796,cust_00069,5537.96,INR,NETBANKING,FAILED,CARD_EXPIRED,3,0.808,2026-07-26 12:03:15.661676
pay_000952,cust_01333,2396.21,INR,NETBANKING,SUCCESS,,1,0.551,2026-07-26 12:24:15.661676
pay_009673,cust_00475,794.89,INR,CARD,SUCCESS,,1,0.594,2026-07-26 12:27:15.661676
pay_001492,cust_01159,13996.46,INR,NETBANKING,SUCCESS,,1,0.95,2026-07-26 12:44:15.661676
pay_001746,cust_01219,2187.9,INR,WALLET,SUCCESS,,1,0.909,2026-07-26 12:56:15.661676
pay_008172,cust_02181,4969.55,INR,CARD,SUCCESS,,1,0.83,2026-07-26 12:56:15.661676
pay_001022,cust_02259,1142.58,INR,CARD,SUCCESS,,1,0.671,2026-07-26 12:58:15.661676
pay_006430,cust_01716,1244.81,INR,NETBANKING,SUCCESS,,1,0.466,2026-07-26 13:31:15.661676
pay_005249,cust_01287,3482.48,INR,WALLET,SUCCESS,,1,0.672,2026-07-26 14:11:15.661676
pay_005706,cust_01669,340.82,INR,NETBANKING,SUCCESS,,1,0.808,2026-07-26 14:52:15.661676
pay_008302,cust_01495,1231.55,INR,CARD,SUCCESS,,1,0.736,2026-07-26 15:03:15.661676
pay_003774,cust_00412,984.6,INR,WALLET,SUCCESS,,1,0.945,2026-07-26 15:19:15.661676
pay_009014,cust_01775,2036.62,INR,NETBANKING,SUCCESS,,1,0.856,2026-07-26 15:44:15.661676
pay_008805,cust_00081,2490.24,INR,WALLET,SUCCESS,,1,0.781,2026-07-26 16:02:15.661676
pay_000755,cust_00361,845.97,INR,CARD,SUCCESS,,1,0.682,2026-07-26 16:07:15.661676
pay_006624,cust_02399,1752.28,INR,UPI,SUCCESS,,1,0.669,2026-07-26 16:10:15.661676
pay_004610,cust_00077,924.16,INR,CARD,SUCCESS,,1,0.848,2026-07-26 16:12:15.661676
pay_005812,cust_00937,5730.48,INR,NETBANKING,FAILED,NETWORK_ERROR,1,0.892,2026-07-26 16:17:15.661676
pay_000430,cust_01209,442.75,INR,NETBANKING,SUCCESS,,1,0.967,2026-07-26 16:26:15.661676
pay_007280,cust_02184,3347.52,INR,CARD,SUCCESS,,1,0.793,2026-07-26 16:39:15.661676
pay_005878,cust_01641,2451.91,INR,NETBANKING,SUCCESS,,1,0.611,2026-07-26 16:43:15.661676
pay_000925,cust_02113,4703.38,INR,CARD,SUCCESS,,1,0.469,2026-07-26 17:40:15.661676
pay_006250,cust_02680,4045.2,INR,WALLET,SUCCESS,,1,0.831,2026-07-26 17:51:15.661676
pay_009927,cust_00249,927.51,INR,CARD,FAILED,FRAUD_SUSPECTED,1,0.613,2026-07-26 17:53:15.661676
pay_006394,cust_01488,1062.39,INR,NETBANKING,SUCCESS,,1,0.729,2026-07-26 18:04:15.661676
pay_006285,cust_02034,1123.98,INR,NETBANKING,SUCCESS,,1,0.78,2026-07-26 18:17:15.661676
pay_000089,cust_02775,1183.45,INR,CARD,SUCCESS,,1,0.669,2026-07-26 18:22:15.661676
pay_005725,cust_01095,1263.49,INR,NETBANKING,SUCCESS,,1,0.52,2026-07-26 18:45:15.661676
pay_006636,cust_02803,1319.64,INR,CARD,SUCCESS,,1,0.482,2026-07-26 18:45:15.661676
pay_001213,cust_01033,1017.67,INR,CARD,SUCCESS,,1,0.913,2026-07-26 18:59:15.661676
pay_008900,cust_01721,2977.01,INR,WALLET,SUCCESS,,1,0.684,2026-07-26 19:12:15.661676
pay_000131,cust_02665,522.94,INR,NETBANKING,SUCCESS,,1,0.741,2026-07-26 19:14:15.661676
pay_005087,cust_01927,1783.61,INR,CARD,SUCCESS,,1,0.93,2026-07-26 19:14:15.661676
pay_000591,cust_00621,1914.58,INR,WALLET,SUCCESS,,1,0.914,2026-07-26 19:36:15.661676
pay_001685,cust_02319,703.99,INR,NETBANKING,SUCCESS,,1,0.627,2026-07-26 19:39:15.661676
pay_000825,cust_01854,1265.98,INR,UPI,SUCCESS,,1,0.849,2026-07-26 19:40:15.661676
pay_009145,cust_01136,1282.76,INR,WALLET,SUCCESS,,1,0.917,2026-07-26 19:43:15.661676
pay_008903,cust_00896,827.74,INR,CARD,SUCCESS,,1,0.56,2026-07-26 19:45:15.661676
pay_008982,cust_01569,5406.06,INR,UPI,SUCCESS,,1,0.855,2026-07-26 20:00:15.661676
pay_001166,cust_02827,12731.09,INR,WALLET,SUCCESS,,1,0.629,2026-07-26 20:07:15.661676
pay_009111,cust_02951,7930.63,INR,CARD,SUCCESS,,1,0.656,2026-07-26 20:12:15.661676
pay_004031,cust_02315,3603.93,INR,WALLET,SUCCESS,,1,0.701,2026-07-26 20:26:15.661676
pay_004819,cust_00506,2987.18,INR,WALLET,SUCCESS,,1,0.62,2026-07-26 20:35:15.661676
pay_005018,cust_01204,9262.62,INR,UPI,SUCCESS,,1,0.582,2026-07-26 21:08:15.661676
pay_009414,cust_00244,1308.05,INR,WALLET,SUCCESS,,1,0.789,2026-07-26 21:14:15.661676
pay_004683,cust_00736,5865.41,INR,UPI,SUCCESS,,1,0.741,2026-07-26 21:28:15.661676
pay_009070,cust_00706,3228.79,INR,CARD,SUCCESS,,1,0.645,2026-07-26 21:37:15.661676
pay_006226,cust_00027,1390.97,INR,UPI,SUCCESS,,1,0.462,2026-07-26 22:01:15.661676
pay_006154,cust_00227,900.92,INR,NETBANKING,SUCCESS,,1,0.766,2026-07-26 22:02:15.661676
pay_001670,cust_01646,2800.03,INR,UPI,SUCCESS,,1,0.576,2026-07-26 22:17:15.661676
pay_008848,cust_00442,1992.55,INR,WALLET,SUCCESS,,1,0.709,2026-07-26 22:25:15.661676
pay_000195,cust_01999,2076.72,INR,UPI,SUCCESS,,1,0.791,2026-07-26 22:37:15.661676
pay_001482,cust_01073,1341.75,INR,CARD,SUCCESS,,1,0.584,2026-07-26 23:06:15.661676
pay_009302,cust_02118,3559.84,INR,CARD,SUCCESS,,1,0.968,2026-07-26 23:28:15.661676
pay_003330,cust_02467,3525.58,INR,WALLET,SUCCESS,,1,0.989,2026-07-27 00:00:15.661676
pay_001833,cust_01510,3875.81,INR,WALLET,SUCCESS,,1,0.92,2026-07-27 00:34:15.661676
pay_006528,cust_02307,1749.23,INR,UPI,SUCCESS,,1,0.723,2026-07-27 00:38:15.661676
pay_009410,cust_01898,5348.89,INR,NETBANKING,SUCCESS,,1,0.919,2026-07-27 00:45:15.661676
pay_006232,cust_02103,1351.73,INR,UPI,SUCCESS,,1,0.74,2026-07-27 00:46:15.661676
pay_006090,cust_00645,1750.63,INR,NETBANKING,FAILED,TIMEOUT,4,0.823,2026-07-27 00:48:15.661676
pay_007411,cust_00177,4195.5,INR,NETBANKING,SUCCESS,,1,0.686,2026-07-27 01:08:15.661676
pay_003291,cust_01842,5624.15,INR,CARD,SUCCESS,,1,0.514,2026-07-27 01:13:15.661676
pay_008209,cust_00212,763.43,INR,UPI,SUCCESS,,1,0.565,2026-07-27 01:29:15.661676
pay_007733,cust_02260,1308.55,INR,WALLET,SUCCESS,,1,0.657,2026-07-27 01:55:15.661676
pay_005212,cust_00867,762.95,INR,NETBANKING,SUCCESS,,1,0.776,2026-07-27 01:58:15.661676
pay_008798,cust_01523,3707.54,INR,NETBANKING,SUCCESS,,1,0.927,2026-07-27 02:06:15.661676
pay_009756,cust_01014,4177.09,INR,UPI,FAILED,FRAUD_SUSPECTED,2,0.842,2026-07-27 02:12:15.661676
pay_008457,cust_00074,4047.45,INR,CARD,SUCCESS,,1,0.933,2026-07-27 02:15:15.661676
pay_001310,cust_01498,2643.23,INR,WALLET,SUCCESS,,1,0.648,2026-07-27 02:17:15.661676
pay_008223,cust_02883,2795.31,INR,CARD,SUCCESS,,1,0.729,2026-07-27 02:20:15.661676
pay_004254,cust_02108,754.99,INR,NETBANKING,SUCCESS,,1,0.937,2026-07-27 02:32:15.661676
pay_000056,cust_01009,3808.63,INR,UPI,SUCCESS,,1,0.805,2026-07-27 02:49:15.661676
pay_007674,cust_01879,1433.7,INR,CARD,SUCCESS,,1,0.963,2026-07-27 02:51:15.661676
pay_001231,cust_00140,1157.49,INR,UPI,SUCCESS,,1,0.957,2026-07-27 02:51:15.661676
pay_008046,cust_00345,3399.08,INR,NETBANKING,SUCCESS,,1,0.714,2026-07-27 02:52:15.661676
pay_005964,cust_02171,601.6,INR,WALLET,SUCCESS,,1,0.917,2026-07-27 03:06:15.661676
pay_009572,cust_01861,1154.16,INR,CARD,SUCCESS,,1,0.899,2026-07-27 03:24:15.661676
pay_004364,cust_02010,4705.02,INR,NETBANKING,SUCCESS,,1,0.521,2026-07-27 03:32:15.661676
pay_001118,cust_02242,1726.59,INR,NETBANKING,SUCCESS,,1,0.893,2026-07-27 03:39:15.661676
pay_003829,cust_01475,4654.14,INR,WALLET,SUCCESS,,1,0.493,2026-07-27 03:54:15.661676
pay_004476,cust_00868,2727.8,INR,UPI,SUCCESS,,1,0.57,2026-07-27 04:11:15.661676
pay_006553,cust_00462,2484.73,INR,CARD,SUCCESS,,1,0.933,2026-07-27 04:37:15.661676
pay_006775,cust_00066,751.82,INR,NETBANKING,SUCCESS,,1,0.952,2026-07-27 04:49:15.661676
pay_008734,cust_00409,401.68,INR,NETBANKING,SUCCESS,,1,0.882,2026-07-27 04:53:15.661676
pay_009861,cust_02646,2934.59,INR,UPI,FAILED,BANK_ERROR,3,0.687,2026-07-27 05:13:15.661676
pay_002059,cust_01077,2230.65,INR,UPI,FAILED,BANK_ERROR,2,0.828,2026-07-27 05:31:15.661676
pay_009464,cust_01054,2224.18,INR,WALLET,SUCCESS,,1,0.899,2026-07-27 05:36:15.661676
pay_009602,cust_00767,4988.9,INR,NETBANKING,SUCCESS,,1,0.819,2026-07-27 05:39:15.661676
pay_003099,cust_00950,1630.08,INR,UPI,SUCCESS,,1,0.803,2026-07-27 06:14:15.661676
pay_001317,cust_01198,771.17,INR,WALLET,SUCCESS,,1,0.814,2026-07-27 06:15:15.661676
pay_005975,cust_02883,2585.27,INR,UPI,SUCCESS,,1,0.454,2026-07-27 06:16:15.661676
pay_009504,cust_02639,796.48,INR,UPI,SUCCESS,,1,0.655,2026-07-27 06:19:15.661676
pay_003382,cust_02300,4686.49,INR,CARD,SUCCESS,,1,0.733,2026-07-27 06:45:15.661676
pay_008543,cust_00474,1046.2,INR,NETBANKING,SUCCESS,,1,0.759,2026-07-27 07:11:15.661676
pay_008618,cust_00651,3233.14,INR,UPI,SUCCESS,,1,0.746,2026-07-27 07:13:15.661676
pay_002804,cust_00581,809.77,INR,CARD,SUCCESS,,1,0.926,2026-07-27 08:01:15.661676
pay_008788,cust_00724,1423.32,INR,NETBANKING,SUCCESS,,1,0.57,2026-07-27 08:53:15.661676
pay_005501,cust_02393,3173.26,INR,UPI,SUCCESS,,1,0.797,2026-07-27 09:01:15.661676
pay_009052,cust_00382,732.96,INR,UPI,FAILED,BANK_ERROR,1,0.461,2026-07-27 09:05:15.661676
pay_001114,cust_00831,2687.98,INR,UPI,SUCCESS,,1,0.457,2026-07-27 09:46:15.661676
pay_009075,cust_00421,9354.49,INR,CARD,SUCCESS,,1,0.932,2026-07-27 09:46:15.661676
pay_005993,cust_01404,813.51,INR,NETBANKING,FAILED,INSUFFICIENT_FUNDS,2,0.776,2026-07-27 09:56:15.661676
pay_006805,cust_00889,905.8,INR,WALLET,FAILED,USER_CANCELLED,1,0.721,2026-07-27 10:05:15.661676
pay_004009,cust_00062,1223.39,INR,UPI,SUCCESS,,1,0.718,2026-07-27 10:11:15.661676
pay_004941,cust_01280,2892.31,INR,WALLET,SUCCESS,,1,0.901,2026-07-27 10:25:15.661676
pay_008116,cust_01492,1591.13,INR,CARD,FAILED,BANK_ERROR,4,0.737,2026-07-27 10:30:15.661676
pay_002129,cust_01113,3204.48,INR,NETBANKING,SUCCESS,,1,0.657,2026-07-27 10:32:15.661676
pay_001067,cust_02248,641.79,INR,WALLET,SUCCESS,,1,0.526,2026-07-27 10:49:15.661676
pay_006549,cust_01169,2472.46,INR,CARD,FAILED,BANK_ERROR,4,0.631,2026-07-27 10:50:15.661676
pay_009059,cust_00048,552.37,INR,NETBANKING,SUCCESS,,1,0.712,2026-07-27 10:53:15.661676
pay_000899,cust_00585,4746.71,INR,CARD,SUCCESS,,1,0.593,2026-07-27 11:11:15.661676
pay_002853,cust_00271,747.03,INR,NETBANKING,FAILED,CARD_EXPIRED,4,0.707,2026-07-27 11:14:15.661676
pay_001198,cust_02849,2812.96,INR,WALLET,SUCCESS,,1,0.725,2026-07-27 11:16:15.661676
pay_002201,cust_00616,7657.79,INR,NETBANKING,SUCCESS,,1,0.538,2026-07-27 12:28:15.661676
pay_002863,cust_00726,748.57,INR,CARD,SUCCESS,,1,0.663,2026-07-27 12:59:15.661676
pay_005531,cust_02383,5082.96,INR,WALLET,SUCCESS,,1,0.62,2026-07-27 13:31:15.661676
pay_008065,cust_02760,893.24,INR,UPI,FAILED,BANK_ERROR,3,0.504,2026-07-27 14:03:15.661676
pay_001770,cust_02303,2810.7,INR,CARD,SUCCESS,,1,0.743,2026-07-27 14:23:15.661676
pay_007424,cust_00376,4118.91,INR,WALLET,SUCCESS,,1,0.763,2026-07-27 14:41:15.661676
pay_007794,cust_01574,1261.22,INR,NETBANKING,SUCCESS,,1,0.855,2026-07-27 14:58:15.661676
pay_005358,cust_01373,876.59,INR,CARD,SUCCESS,,1,0.786,2026-07-27 15:05:15.661676
pay_005069,cust_02745,1778.55,INR,WALLET,FAILED,USER_CANCELLED,3,0.807,2026-07-27 15:19:15.661676
pay_002449,cust_01037,965.83,INR,NETBANKING,SUCCESS,,1,0.759,2026-07-27 15:41:15.661676
pay_003893,cust_02199,953.41,INR,CARD,FAILED,TIMEOUT,2,0.808,2026-07-27 15:41:15.661676
pay_002666,cust_01254,605.64,INR,WALLET,SUCCESS,,1,0.904,2026-07-27 15:46:15.661676
pay_006603,cust_01182,3752.19,INR,CARD,SUCCESS,,1,0.794,2026-07-27 16:13:15.661676
pay_006436,cust_00431,1392.72,INR,CARD,SUCCESS,,1,0.744,2026-07-27 16:17:15.661676
pay_002932,cust_00605,1255.85,INR,WALLET,SUCCESS,,1,0.535,2026-07-27 17:02:15.661676
pay_000457,cust_02424,1659.67,INR,CARD,SUCCESS,,1,0.75,2026-07-27 17:16:15.661676
pay_003412,cust_02085,1309.68,INR,NETBANKING,FAILED,USER_CANCELLED,2,0.708,2026-07-27 17:22:15.661676
pay_009589,cust_00496,348.16,INR,WALLET,SUCCESS,,1,0.601,2026-07-27 18:00:15.661676
pay_001113,cust_01828,3626.61,INR,NETBANKING,SUCCESS,,1,0.935,2026-07-27 18:16:15.661676
pay_005391,cust_01897,1033.25,INR,UPI,SUCCESS,,1,0.459,2026-07-27 18:17:15.661676
pay_006155,cust_00738,3228.18,INR,WALLET,SUCCESS,,1,0.638,2026-07-27 18:23:15.661676
pay_001146,cust_01390,1830.72,INR,WALLET,SUCCESS,,1,0.54,2026-07-27 18:24:15.661676
pay_000104,cust_01136,951.63,INR,WALLET,SUCCESS,,1,0.688,2026-07-27 18:55:15.661676
pay_001306,cust_00758,881.15,INR,NETBANKING,SUCCESS,,1,0.792,2026-07-27 19:03:15.661676
pay_006834,cust_02260,1972.91,INR,WALLET,SUCCESS,,1,0.737,2026-07-27 19:14:15.661676
pay_007623,cust_00828,951.0,INR,NETBANKING,SUCCESS,,1,0.796,2026-07-27 19:41:15.661676
pay_001997,cust_00229,1770.09,INR,NETBANKING,SUCCESS,,1,0.461,2026-07-27 20:31:15.661676
pay_003268,cust_02738,1336.21,INR,CARD,SUCCESS,,1,0.735,2026-07-27 20:36:15.661676
pay_008715,cust_00989,4386.02,INR,NETBANKING,SUCCESS,,1,0.87,2026-07-27 21:14:15.661676
pay_009872,cust_02616,677.04,INR,UPI,SUCCESS,,1,0.84,2026-07-27 21:33:15.661676
pay_003067,cust_00209,7360.97,INR,WALLET,FAILED,CARD_EXPIRED,4,0.686,2026-07-27 21:53:15.661676
pay_000210,cust_02953,39426.17,INR,CARD,SUCCESS,,1,0.789,2026-07-27 22:11:15.661676
pay_004178,cust_02750,2311.34,INR,WALLET,SUCCESS,,1,0.863,2026-07-27 22:15:15.661676
pay_009208,cust_02134,413.91,INR,NETBANKING,SUCCESS,,1,0.9,2026-07-27 23:03:15.661676
pay_002426,cust_00926,2728.22,INR,NETBANKING,SUCCESS,,1,0.554,2026-07-27 23:26:15.661676
pay_009533,cust_02692,533.51,INR,CARD,SUCCESS,,1,0.627,2026-07-27 23:48:15.661676
pay_007074,cust_00992,4646.89,INR,WALLET,FAILED,FRAUD_SUSPECTED,2,0.696,2026-07-27 23:57:15.661676
pay_001004,cust_01324,1077.56,INR,CARD,SUCCESS,,1,0.852,2026-07-28 00:11:15.661676
pay_005626,cust_01233,1672.34,INR,UPI,SUCCESS,,1,0.858,2026-07-28 00:14:15.661676
pay_006671,cust_02922,2192.29,INR,CARD,SUCCESS,,1,0.557,2026-07-28 00:21:15.661676
pay_005553,cust_01322,1574.82,INR,UPI,SUCCESS,,1,0.98,2026-07-28 00:36:15.661676
pay_001566,cust_01700,1443.66,INR,NETBANKING,SUCCESS,,1,0.532,2026-07-28 00:48:15.661676
pay_009565,cust_01628,2633.35,INR,WALLET,SUCCESS,,1,0.841,2026-07-28 01:12:15.661676
pay_009683,cust_00516,3984.56,INR,WALLET,SUCCESS,,1,0.762,2026-07-28 01:17:15.661676
pay_005269,cust_00808,620.99,INR,WALLET,SUCCESS,,1,0.526,2026-07-28 02:19:15.661676
pay_001466,cust_02628,2895.35,INR,CARD,SUCCESS,,1,0.796,2026-07-28 02:21:15.661676
pay_002912,cust_00650,2408.51,INR,NETBANKING,SUCCESS,,1,0.784,2026-07-28 03:01:15.661676
pay_003373,cust_00176,5771.82,INR,NETBANKING,SUCCESS,,1,0.878,2026-07-28 03:04:15.661676
pay_000657,cust_02154,1828.3,INR,CARD,FAILED,INSUFFICIENT_FUNDS,1,0.984,2026-07-28 03:40:15.661676
pay_007684,cust_00013,6209.41,INR,WALLET,SUCCESS,,1,0.91,2026-07-28 03:42:15.661676
pay_003641,cust_00649,1214.95,INR,UPI,SUCCESS,,1,0.789,2026-07-28 03:49:15.661676
pay_003238,cust_02331,662.53,INR,UPI,SUCCESS,,1,0.704,2026-07-28 03:51:15.661676
pay_002599,cust_01109,4722.36,INR,WALLET,SUCCESS,,1,0.724,2026-07-28 04:29:15.661676
pay_001460,cust_00657,3098.1,INR,WALLET,SUCCESS,,1,0.889,2026-07-28 04:58:15.661676
pay_002535,cust_02707,1294.79,INR,UPI,SUCCESS,,1,0.982,2026-07-28 05:02:15.661676
pay_002103,cust_00518,901.69,INR,UPI,SUCCESS,,1,0.662,2026-07-28 05:10:15.661676
pay_003142,cust_02364,329.71,INR,NETBANKING,SUCCESS,,1,0.734,2026-07-28 05:21:15.661676
pay_003184,cust_00158,1387.65,INR,UPI,SUCCESS,,1,0.635,2026-07-28 05:22:15.661676
pay_007545,cust_02827,4215.55,INR,UPI,SUCCESS,,1,0.79,2026-07-28 05:23:15.661676
pay_007048,cust_01335,1678.57,INR,UPI,SUCCESS,,1,0.759,2026-07-28 05:27:15.661676
pay_006912,cust_02184,5278.84,INR,WALLET,SUCCESS,,1,0.561,2026-07-28 05:36:15.661676
pay_007707,cust_00291,6378.58,INR,NETBANKING,SUCCESS,,1,0.68,2026-07-28 06:10:15.661676
pay_000321,cust_02196,1953.93,INR,UPI,SUCCESS,,1,0.581,2026-07-28 06:17:15.661676
pay_004958,cust_02736,4222.03,INR,UPI,SUCCESS,,1,0.849,2026-07-28 06:28:15.661676
pay_003799,cust_00204,816.73,INR,UPI,SUCCESS,,1,0.95,2026-07-28 06:39:15.661676
pay_006064,cust_01833,12214.44,INR,CARD,SUCCESS,,1,0.564,2026-07-28 06:59:15.661676
pay_001877,cust_01566,1153.16,INR,NETBANKING,SUCCESS,,1,0.648,2026-07-28 07:07:15.661676
pay_006621,cust_02296,269.69,INR,UPI,SUCCESS,,1,0.581,2026-07-28 07:32:15.661676
pay_001979,cust_02657,974.28,INR,NETBANKING,SUCCESS,,1,0.649,2026-07-28 07:53:15.661676
pay_009441,cust_02380,442.94,INR,UPI,SUCCESS,,1,0.59,2026-07-28 08:06:15.661676
pay_009385,cust_00107,1013.8,INR,NETBANKING,SUCCESS,,1,0.733,2026-07-28 08:32:15.661676
pay_005784,cust_01095,9687.36,INR,WALLET,SUCCESS,,1,0.718,2026-07-28 08:33:15.661676
pay_009805,cust_00221,3491.4,INR,CARD,SUCCESS,,1,0.837,2026-07-28 08:41:15.661676
pay_002925,cust_01011,1945.75,INR,CARD,SUCCESS,,1,0.642,2026-07-28 08:43:15.661676
pay_007185,cust_00678,1871.37,INR,NETBANKING,SUCCESS,,1,0.632,2026-07-28 08:48:15.661676
pay_002092,cust_02232,2299.34,INR,UPI,SUCCESS,,1,0.764,2026-07-28 09:43:15.661676
pay_005393,cust_00615,1963.11,INR,NETBANKING,SUCCESS,,1,0.798,2026-07-28 09:55:15.661676
pay_009064,cust_02502,962.5,INR,NETBANKING,FAILED,INSUFFICIENT_FUNDS,1,0.779,2026-07-28 10:02:15.661676
pay_009969,cust_00791,1902.09,INR,CARD,SUCCESS,,1,0.893,2026-07-28 10:14:15.661676
pay_001835,cust_01320,1107.71,INR,UPI,SUCCESS,,1,0.475,2026-07-28 10:16:15.661676
pay_003836,cust_00726,1315.48,INR,CARD,SUCCESS,,1,0.837,2026-07-28 10:25:15.661676
pay_001049,cust_00929,5891.3,INR,UPI,SUCCESS,,1,0.657,2026-07-28 10:30:15.661676
pay_005397,cust_00864,2190.1,INR,UPI,SUCCESS,,1,0.658,2026-07-28 10:44:15.661676
pay_009174,cust_01891,719.83,INR,WALLET,SUCCESS,,1,0.461,2026-07-28 10:45:15.661676
pay_008536,cust_02760,3190.54,INR,NETBANKING,SUCCESS,,1,0.6,2026-07-28 10:45:15.661676
pay_004590,cust_01768,762.14,INR,WALLET,SUCCESS,,1,0.76,2026-07-28 10:51:15.661676
pay_006037,cust_02408,3604.85,INR,NETBANKING,FAILED,BANK_ERROR,2,0.532,2026-07-28 10:52:15.661676
pay_001109,cust_02893,1097.71,INR,WALLET,SUCCESS,,1,0.733,2026-07-28 10:55:15.661676
pay_002089,cust_02702,1258.15,INR,WALLET,SUCCESS,,1,0.785,2026-07-28 10:59:15.661676
pay_007551,cust_01733,2377.21,INR,CARD,FAILED,NETWORK_ERROR,4,0.799,2026-07-28 11:03:15.661676
pay_005585,cust_00719,4600.9,INR,UPI,FAILED,NETWORK_ERROR,4,0.834,2026-07-28 11:08:15.661676
pay_000067,cust_00209,1706.83,INR,UPI,SUCCESS,,1,0.599,2026-07-28 11:22:15.661676
pay_002081,cust_01846,1808.81,INR,CARD,SUCCESS,,1,0.974,2026-07-28 11:24:15.661676
pay_000753,cust_00725,828.24,INR,NETBANKING,SUCCESS,,1,0.694,2026-07-28 11:51:15.661676
pay_004296,cust_01892,532.86,INR,NETBANKING,FAILED,NETWORK_ERROR,3,0.671,2026-07-28 12:05:15.661676
pay_008173,cust_01411,2230.55,INR,NETBANKING,FAILED,USER_CANCELLED,1,0.537,2026-07-28 12:27:15.661676
pay_000575,cust_00382,3510.54,INR,WALLET,SUCCESS,,1,0.643,2026-07-28 12:35:15.661676
pay_005422,cust_01290,697.62,INR,NETBANKING,SUCCESS,,1,0.636,2026-07-28 12:48:15.661676
pay_009021,cust_02011,2102.55,INR,UPI,FAILED,INSUFFICIENT_FUNDS,2,0.484,2026-07-28 12:49:15.661676
pay_001636,cust_01304,1309.08,INR,NETBANKING,SUCCESS,,1,0.856,2026-07-28 13:18:15.661676
pay_008366,cust_00353,2395.46,INR,NETBANKING,SUCCESS,,1,0.656,2026-07-28 13:24:15.661676
pay_003006,cust_02537,621.18,INR,WALLET,SUCCESS,,1,0.473,2026-07-28 13:25:15.661676
pay_008881,cust_02368,322.09,INR,WALLET,SUCCESS,,1,0.57,2026-07-28 13:50:15.661676
pay_001915,cust_00938,428.01,INR,NETBANKING,SUCCESS,,1,0.962,2026-07-28 14:19:15.661676
pay_009262,cust_02862,5972.78,INR,CARD,SUCCESS,,1,0.826,2026-07-28 14:21:15.661676
pay_006432,cust_00535,222.63,INR,WALLET,FAILED,NETWORK_ERROR,1,0.565,2026-07-28 14:23:15.661676
pay_007126,cust_01842,384.8,INR,CARD,SUCCESS,,1,0.771,2026-07-28 14:33:15.661676
pay_009496,cust_01375,687.08,INR,CARD,SUCCESS,,1,0.978,2026-07-28 14:41:15.661676
pay_000627,cust_00955,819.19,INR,NETBANKING,SUCCESS,,1,0.924,2026-07-28 15:00:15.661676
pay_006254,cust_01868,2301.92,INR,WALLET,SUCCESS,,1,0.639,2026-07-28 15:02:15.661676
pay_000681,cust_01309,3220.65,INR,CARD,FAILED,BANK_ERROR,3,0.691,2026-07-28 15:32:15.661676
pay_009705,cust_01560,2790.4,INR,UPI,FAILED,TIMEOUT,2,0.768,2026-07-28 15:36:15.661676
pay_001362,cust_01480,2873.92,INR,WALLET,FAILED,NETWORK_ERROR,3,0.607,2026-07-28 15:40:15.661676
pay_009017,cust_02880,463.82,INR,WALLET,SUCCESS,,1,0.676,2026-07-28 16:09:15.661676
pay_000209,cust_01444,2729.95,INR,CARD,SUCCESS,,1,0.585,2026-07-28 16:28:15.661676
pay_000492,cust_01950,5907.37,INR,UPI,SUCCESS,,1,0.543,2026-07-28 16:45:15.661676
pay_002707,cust_01342,2030.24,INR,UPI,SUCCESS,,1,0.618,2026-07-28 16:46:15.661676
pay_000993,cust_01187,1483.65,INR,UPI,SUCCESS,,1,0.694,2026-07-28 17:04:15.661676
pay_002155,cust_02393,659.75,INR,WALLET,SUCCESS,,1,0.516,2026-07-28 17:06:15.661676
pay_007327,cust_01057,4640.62,INR,UPI,SUCCESS,,1,0.77,2026-07-28 17:17:15.661676
pay_007990,cust_01716,2876.86,INR,UPI,SUCCESS,,1,0.591,2026-07-28 17:37:15.661676
pay_000633,cust_02071,1593.35,INR,CARD,SUCCESS,,1,0.49,2026-07-28 17:47:15.661676
pay_009389,cust_00504,4112.23,INR,NETBANKING,SUCCESS,,1,0.728,2026-07-28 17:53:15.661676
pay_001675,cust_00794,6583.36,INR,CARD,SUCCESS,,1,0.642,2026-07-28 18:06:15.661676
pay_006221,cust_00681,4719.41,INR,NETBANKING,SUCCESS,,1,0.726,2026-07-28 18:23:15.661676
pay_005688,cust_02548,1214.23,INR,NETBANKING,SUCCESS,,1,0.514,2026-07-28 18:50:15.661676
pay_004585,cust_02422,1555.25,INR,WALLET,SUCCESS,,1,0.702,2026-07-28 18:52:15.661676
pay_002370,cust_01558,4859.3,INR,CARD,SUCCESS,,1,0.736,2026-07-28 18:52:15.661676
pay_006456,cust_00909,809.62,INR,NETBANKING,SUCCESS,,1,0.889,2026-07-28 18:54:15.661676
pay_006679,cust_02660,1072.38,INR,WALLET,SUCCESS,,1,0.47,2026-07-28 19:16:15.661676
pay_005479,cust_00873,1229.24,INR,NETBANKING,SUCCESS,,1,0.48,2026-07-28 19:23:15.661676
pay_009663,cust_00303,1371.98,INR,WALLET,SUCCESS,,1,0.885,2026-07-28 20:11:15.661676
pay_002111,cust_00589,1169.94,INR,UPI,FAILED,USER_CANCELLED,1,0.698,2026-07-28 20:20:15.661676
pay_006727,cust_01675,947.59,INR,UPI,SUCCESS,,1,0.795,2026-07-28 20:32:15.661676
pay_001687,cust_00899,1246.76,INR,UPI,SUCCESS,,1,0.574,2026-07-28 21:10:15.661676
pay_007716,cust_02095,3084.17,INR,CARD,SUCCESS,,1,0.95,2026-07-28 21:24:15.661676
pay_000204,cust_02407,4200.85,INR,NETBANKING,FAILED,LIMIT_EXCEEDED,4,0.906,2026-07-28 21:32:15.661676
pay_007132,cust_02960,1559.87,INR,WALLET,SUCCESS,,1,0.646,2026-07-28 21:36:15.661676
pay_004424,cust_00654,3853.34,INR,UPI,SUCCESS,,1,0.458,2026-07-28 21:55:15.661676
pay_003513,cust_01257,7112.66,INR,NETBANKING,SUCCESS,,1,0.8,2026-07-28 22:02:15.661676
pay_005024,cust_02387,502.95,INR,CARD,SUCCESS,,1,0.82,2026-07-28 22:28:15.661676
pay_002733,cust_02958,2836.44,INR,UPI,SUCCESS,,1,0.786,2026-07-28 22:40:15.661676
pay_005749,cust_01943,1782.34,INR,CARD,SUCCESS,,1,0.755,2026-07-28 23:00:15.661676
pay_000679,cust_02505,3822.05,INR,CARD,SUCCESS,,1,0.956,2026-07-28 23:05:15.661676
pay_008182,cust_01739,2293.26,INR,WALLET,SUCCESS,,1,0.852,2026-07-28 23:16:15.661676
pay_006605,cust_02220,1723.78,INR,CARD,SUCCESS,,1,0.541,2026-07-28 23:39:15.661676
pay_008425,cust_01577,2953.56,INR,WALLET,SUCCESS,,1,0.856,2026-07-29 00:13:15.661676
pay_002997,cust_00436,2222.09,INR,CARD,SUCCESS,,1,0.534,2026-07-29 00:53:15.661676
pay_000968,cust_00594,7636.94,INR,CARD,SUCCESS,,1,0.632,2026-07-29 01:08:15.661676
pay_009289,cust_00772,1837.38,INR,NETBANKING,SUCCESS,,1,0.58,2026-07-29 01:13:15.661676
pay_005997,cust_02188,4546.52,INR,UPI,SUCCESS,,1,0.608,2026-07-29 01:24:15.661676
pay_009042,cust_01264,2290.52,INR,UPI,SUCCESS,,1,0.493,2026-07-29 01:25:15.661676
pay_007638,cust_01385,1353.84,INR,CARD,SUCCESS,,1,0.603,2026-07-29 01:25:15.661676
pay_007741,cust_00646,3189.21,INR,NETBANKING,SUCCESS,,1,0.867,2026-07-29 01:51:15.661676
pay_002795,cust_02340,1763.13,INR,CARD,SUCCESS,,1,0.476,2026-07-29 01:54:15.661676
pay_009611,cust_01024,2002.88,INR,NETBANKING,SUCCESS,,1,0.789,2026-07-29 01:55:15.661676
pay_005082,cust_00336,2015.74,INR,CARD,SUCCESS,,1,0.798,2026-07-29 01:57:15.661676
pay_007423,cust_01789,729.72,INR,WALLET,SUCCESS,,1,0.682,2026-07-29 02:17:15.661676
pay_008981,cust_02725,1414.04,INR,CARD,SUCCESS,,1,0.717,2026-07-29 02:22:15.661676
pay_003762,cust_02662,1792.07,INR,CARD,FAILED,CARD_EXPIRED,1,0.875,2026-07-29 02:23:15.661676
pay_009896,cust_02904,970.06,INR,UPI,SUCCESS,,1,0.926,2026-07-29 02:37:15.661676
pay_000853,cust_00485,1085.82,INR,UPI,SUCCESS,,1,0.484,2026-07-29 02:58:15.661676
pay_007722,cust_01607,5713.2,INR,UPI,SUCCESS,,1,0.905,2026-07-29 03:26:15.661676
pay_004707,cust_02582,5572.21,INR,CARD,SUCCESS,,1,0.989,2026-07-29 04:04:15.661676
pay_003399,cust_01711,11127.33,INR,UPI,SUCCESS,,1,0.855,2026-07-29 04:05:15.661676
pay_003420,cust_02386,1181.18,INR,WALLET,SUCCESS,,1,0.528,2026-07-29 04:23:15.661676
pay_001197,cust_00347,1779.86,INR,CARD,SUCCESS,,1,0.914,2026-07-29 04:46:15.661676
pay_004754,cust_02032,1305.7,INR,CARD,SUCCESS,,1,0.718,2026-07-29 05:01:15.661676
pay_005632,cust_00007,3611.43,INR,NETBANKING,FAILED,USER_CANCELLED,2,0.94,2026-07-29 05:46:15.661676
pay_000115,cust_00112,1550.16,INR,UPI,SUCCESS,,1,0.918,2026-07-29 05:52:15.661676
pay_009817,cust_01602,1981.18,INR,WALLET,FAILED,INSUFFICIENT_FUNDS,3,0.641,2026-07-29 05:54:15.661676
pay_002405,cust_01953,6896.45,INR,UPI,SUCCESS,,1,0.528,2026-07-29 06:01:15.661676
pay_002947,cust_00100,1935.59,INR,UPI,SUCCESS,,1,0.572,2026-07-29 06:12:15.661676
pay_005583,cust_00290,6733.38,INR,UPI,SUCCESS,,1,0.657,2026-07-29 06:25:15.661676
pay_005474,cust_00005,1211.78,INR,WALLET,SUCCESS,,1,0.909,2026-07-29 07:26:15.661676
pay_002938,cust_02512,1504.72,INR,UPI,SUCCESS,,1,0.755,2026-07-29 07:46:15.661676
pay_002142,cust_01168,1883.17,INR,UPI,SUCCESS,,1,0.761,2026-07-29 07:52:15.661676
pay_001953,cust_02089,876.04,INR,WALLET,SUCCESS,,1,0.509,2026-07-29 08:19:15.661676
pay_003846,cust_02902,3507.24,INR,NETBANKING,SUCCESS,,1,0.575,2026-07-29 08:25:15.661676
pay_001848,cust_02461,904.21,INR,UPI,SUCCESS,,1,0.941,2026-07-29 08:34:15.661676
pay_002841,cust_01673,2290.44,INR,NETBANKING,SUCCESS,,1,0.662,2026-07-29 08:36:15.661676
pay_006136,cust_02187,722.18,INR,WALLET,SUCCESS,,1,0.67,2026-07-29 08:37:15.661676
pay_007268,cust_01148,1925.14,INR,CARD,SUCCESS,,1,0.718,2026-07-29 09:06:15.661676
pay_008544,cust_01834,1794.84,INR,NETBANKING,SUCCESS,,1,0.785,2026-07-29 09:10:15.661676
pay_006459,cust_01856,1034.21,INR,WALLET,SUCCESS,,1,0.47,2026-07-29 09:17:15.661676
pay_000777,cust_00415,1010.59,INR,NETBANKING,SUCCESS,,1,0.984,2026-07-29 09:20:15.661676
pay_007298,cust_02862,775.08,INR,CARD,SUCCESS,,1,0.844,2026-07-29 09:21:15.661676
pay_008657,cust_02376,1360.02,INR,CARD,SUCCESS,,1,0.753,2026-07-29 09:23:15.661676
pay_000594,cust_01015,2361.21,INR,NETBANKING,SUCCESS,,1,0.749,2026-07-29 09:57:15.661676
pay_000864,cust_00223,7606.07,INR,WALLET,SUCCESS,,1,0.607,2026-07-29 10:04:15.661676
pay_007150,cust_00339,1002.06,INR,WALLET,SUCCESS,,1,0.683,2026-07-29 10:19:15.661676
pay_009576,cust_00821,919.25,INR,WALLET,SUCCESS,,1,0.783,2026-07-29 10:29:15.661676
pay_000493,cust_02048,1923.49,INR,WALLET,SUCCESS,,1,0.756,2026-07-29 10:35:15.661676
pay_009189,cust_01325,1683.51,INR,UPI,SUCCESS,,1,0.593,2026-07-29 10:44:15.661676
pay_004201,cust_00418,2197.17,INR,NETBANKING,SUCCESS,,1,0.942,2026-07-29 10:53:15.661676
pay_005682,cust_00926,1375.46,INR,WALLET,SUCCESS,,1,0.643,2026-07-29 11:05:15.661676
pay_008201,cust_00989,100.0,INR,CARD,SUCCESS,,1,0.531,2026-07-29 11:15:15.661676
pay_001715,cust_00958,1178.19,INR,NETBANKING,SUCCESS,,1,0.937,2026-07-29 11:33:15.661676
pay_003537,cust_01801,3112.43,INR,UPI,SUCCESS,,1,0.484,2026-07-29 11:42:15.661676
pay_002987,cust_01364,1638.99,INR,NETBANKING,SUCCESS,,1,0.857,2026-07-29 11:48:15.661676
pay_006362,cust_02019,4446.27,INR,UPI,SUCCESS,,1,0.679,2026-07-29 11:49:15.661676
pay_009687,cust_01324,400.86,INR,UPI,SUCCESS,,1,0.739,2026-07-29 11:56:15.661676
pay_000873,cust_00446,599.77,INR,CARD,SUCCESS,,1,0.905,2026-07-29 11:59:15.661676
pay_004124,cust_02950,2134.7,INR,CARD,SUCCESS,,1,0.896,2026-07-29 12:26:15.661676
pay_000415,cust_01316,2358.67,INR,NETBANKING,SUCCESS,,1,0.865,2026-07-29 12:45:15.661676
pay_000138,cust_00985,1397.38,INR,WALLET,SUCCESS,,1,0.692,2026-07-29 12:45:15.661676
pay_008183,cust_01928,1805.4,INR,WALLET,SUCCESS,,1,0.856,2026-07-29 12:45:15.661676
pay_000297,cust_02808,3713.31,INR,UPI,SUCCESS,,1,0.725,2026-07-29 13:01:15.661676
pay_004604,cust_01032,5163.42,INR,CARD,SUCCESS,,1,0.91,2026-07-29 13:14:15.661676
pay_007006,cust_02121,3366.22,INR,NETBANKING,SUCCESS,,1,0.979,2026-07-29 13:28:15.661676
pay_008711,cust_01771,1653.29,INR,WALLET,SUCCESS,,1,0.533,2026-07-29 13:38:15.661676
pay_004127,cust_02107,893.72,INR,UPI,SUCCESS,,1,0.633,2026-07-29 13:38:15.661676
pay_009004,cust_01432,382.22,INR,UPI,FAILED,USER_CANCELLED,2,0.498,2026-07-29 13:39:15.661676
pay_002937,cust_00105,1115.23,INR,WALLET,SUCCESS,,1,0.546,2026-07-29 13:41:15.661676
pay_002173,cust_00448,1399.85,INR,UPI,SUCCESS,,1,0.51,2026-07-29 13:43:15.661676
pay_001639,cust_02834,9414.63,INR,CARD,FAILED,CARD_EXPIRED,1,0.937,2026-07-29 13:56:15.661676
pay_000848,cust_00843,12890.43,INR,WALLET,SUCCESS,,1,0.489,2026-07-29 14:12:15.661676
pay_004070,cust_02679,4201.47,INR,UPI,SUCCESS,,1,0.713,2026-07-29 14:21:15.661676
pay_006351,cust_02837,16713.48,INR,UPI,SUCCESS,,1,0.898,2026-07-29 14:34:15.661676
pay_004803,cust_00530,592.08,INR,UPI,SUCCESS,,1,0.594,2026-07-29 15:06:15.661676
pay_000530,cust_01455,877.03,INR,CARD,SUCCESS,,1,0.754,2026-07-29 15:09:15.661676
pay_003880,cust_00690,1545.3,INR,UPI,SUCCESS,,1,0.842,2026-07-29 15:14:15.661676
pay_005739,cust_00215,1093.88,INR,WALLET,SUCCESS,,1,0.951,2026-07-29 15:29:15.661676
pay_001510,cust_01649,5895.97,INR,NETBANKING,SUCCESS,,1,0.803,2026-07-29 15:31:15.661676
pay_000893,cust_02420,4244.33,INR,CARD,SUCCESS,,1,0.462,2026-07-29 15:43:15.661676
pay_003464,cust_01384,4100.34,INR,UPI,SUCCESS,,1,0.637,2026-07-29 15:45:15.661676
pay_006648,cust_01405,854.68,INR,CARD,SUCCESS,,1,0.701,2026-07-29 15:48:15.661676
pay_008910,cust_01498,3126.25,INR,UPI,SUCCESS,,1,0.478,2026-07-29 16:18:15.661676
pay_007810,cust_01415,388.3,INR,NETBANKING,SUCCESS,,1,0.722,2026-07-29 16:27:15.661676
pay_009580,cust_02683,1378.93,INR,CARD,SUCCESS,,1,0.779,2026-07-29 16:33:15.661676
pay_007916,cust_01269,1811.27,INR,UPI,SUCCESS,,1,0.78,2026-07-29 16:36:15.661676
pay_002961,cust_01900,934.85,INR,UPI,SUCCESS,,1,0.756,2026-07-29 16:58:15.661676
pay_004669,cust_00241,911.47,INR,NETBANKING,SUCCESS,,1,0.678,2026-07-29 17:09:15.661676
pay_009073,cust_00495,503.66,INR,NETBANKING,SUCCESS,,1,0.708,2026-07-29 17:14:15.661676
pay_001785,cust_00163,1931.31,INR,WALLET,SUCCESS,,1,0.855,2026-07-29 17:26:15.661676
pay_006375,cust_01856,1576.02,INR,CARD,FAILED,INSUFFICIENT_FUNDS,1,0.627,2026-07-29 17:35:15.661676
pay_005815,cust_01404,257.69,INR,NETBANKING,FAILED,LIMIT_EXCEEDED,3,0.501,2026-07-29 17:41:15.661676
pay_000422,cust_00666,7363.37,INR,WALLET,SUCCESS,,1,0.551,2026-07-29 17:58:15.661676
pay_008472,cust_02616,6185.98,INR,NETBANKING,SUCCESS,,1,0.899,2026-07-29 18:03:15.661676
pay_009628,cust_00428,12348.22,INR,WALLET,SUCCESS,,1,0.739,2026-07-29 18:04:15.661676
pay_007556,cust_01551,2233.74,INR,NETBANKING,SUCCESS,,1,0.861,2026-07-29 18:27:15.661676
pay_005493,cust_02316,1335.41,INR,UPI,FAILED,INSUFFICIENT_FUNDS,2,0.849,2026-07-29 18:27:15.661676
pay_005481,cust_00194,8672.13,INR,CARD,SUCCESS,,1,0.597,2026-07-29 18:35:15.661676
pay_009818,cust_02156,1810.65,INR,UPI,SUCCESS,,1,0.899,2026-07-29 18:40:15.661676
pay_005804,cust_02510,7747.45,INR,NETBANKING,SUCCESS,,1,0.564,2026-07-29 18:44:15.661676
pay_003218,cust_00071,1188.49,INR,NETBANKING,SUCCESS,,1,0.855,2026-07-29 18:54:15.661676
pay_004017,cust_02173,1230.69,INR,WALLET,SUCCESS,,1,0.64,2026-07-29 18:58:15.661676
pay_009627,cust_02472,2096.39,INR,NETBANKING,SUCCESS,,1,0.485,2026-07-29 19:00:15.661676
pay_009205,cust_02788,737.51,INR,UPI,SUCCESS,,1,0.928,2026-07-29 19:01:15.661676
pay_007941,cust_02026,373.28,INR,UPI,SUCCESS,,1,0.807,2026-07-29 19:32:15.661676
pay_003965,cust_01506,1111.45,INR,NETBANKING,SUCCESS,,1,0.981,2026-07-29 19:41:15.661676
pay_000674,cust_02619,1343.25,INR,WALLET,SUCCESS,,1,0.832,2026-07-29 19:55:15.661676
pay_008905,cust_01036,1288.11,INR,WALLET,SUCCESS,,1,0.677,2026-07-29 19:55:15.661676
pay_007329,cust_01016,601.54,INR,WALLET,SUCCESS,,1,0.478,2026-07-29 20:52:15.661676
pay_009667,cust_01945,1650.99,INR,CARD,SUCCESS,,1,0.656,2026-07-29 20:53:15.661676
pay_006751,cust_00538,3697.4,INR,UPI,SUCCESS,,1,0.482,2026-07-29 20:59:15.661676
pay_004655,cust_00168,3174.01,INR,WALLET,SUCCESS,,1,0.754,2026-07-29 21:18:15.661676
pay_000193,cust_01387,2145.82,INR,WALLET,SUCCESS,,1,0.627,2026-07-29 21:21:15.661676
pay_009257,cust_01391,926.4,INR,UPI,SUCCESS,,1,0.869,2026-07-29 21:34:15.661676
pay_006497,cust_00305,4015.08,INR,WALLET,SUCCESS,,1,0.922,2026-07-29 21:57:15.661676
pay_000119,cust_01434,4510.93,INR,CARD,SUCCESS,,1,0.967,2026-07-29 22:01:15.661676
pay_007489,cust_02343,2209.46,INR,CARD,SUCCESS,,1,0.835,2026-07-29 22:04:15.661676
pay_003401,cust_02714,2678.85,INR,NETBANKING,SUCCESS,,1,0.963,2026-07-29 22:07:15.661676
pay_005455,cust_00371,3947.48,INR,NETBANKING,SUCCESS,,1,0.528,2026-07-29 22:10:15.661676
pay_002273,cust_02035,1053.04,INR,CARD,SUCCESS,,1,0.708,2026-07-29 22:26:15.661676
pay_007195,cust_02635,3287.74,INR,UPI,SUCCESS,,1,0.758,2026-07-29 22:36:15.661676
pay_002957,cust_01609,3811.41,INR,UPI,SUCCESS,,1,0.466,2026-07-29 22:43:15.661676
pay_008283,cust_02224,3447.28,INR,UPI,SUCCESS,,1,0.736,2026-07-29 22:49:15.661676
pay_000414,cust_01949,5024.8,INR,WALLET,SUCCESS,,1,0.971,2026-07-29 22:53:15.661676
pay_005560,cust_01384,3361.33,INR,UPI,SUCCESS,,1,0.826,2026-07-29 23:03:15.661676
pay_006406,cust_02845,5268.89,INR,CARD,SUCCESS,,1,0.956,2026-07-29 23:32:15.661676
pay_005564,cust_00771,3286.52,INR,NETBANKING,FAILED,TIMEOUT,4,0.666,2026-07-29 23:34:15.661676
pay_001807,cust_01509,2238.81,INR,UPI,SUCCESS,,1,0.679,2026-07-29 23:41:15.661676
pay_000367,cust_02628,2163.05,INR,NETBANKING,SUCCESS,,1,0.759,2026-07-30 00:10:15.661676
pay_007415,cust_01264,11282.78,INR,CARD,SUCCESS,,1,0.863,2026-07-30 00:33:15.661676
pay_009452,cust_00790,2521.58,INR,UPI,SUCCESS,,1,0.848,2026-07-30 00:48:15.661676
pay_007956,cust_02804,9696.56,INR,NETBANKING,FAILED,INSUFFICIENT_FUNDS,4,0.856,2026-07-30 00:53:15.661676
pay_000730,cust_00847,970.06,INR,NETBANKING,SUCCESS,,1,0.461,2026-07-30 01:10:15.661676
pay_009266,cust_01672,3098.82,INR,UPI,SUCCESS,,1,0.722,2026-07-30 01:20:15.661676
pay_007042,cust_01621,1298.39,INR,WALLET,SUCCESS,,1,0.795,2026-07-30 01:20:15.661676
pay_004147,cust_01138,2466.86,INR,UPI,SUCCESS,,1,0.827,2026-07-30 01:24:15.661676
pay_005653,cust_01930,1628.25,INR,CARD,SUCCESS,,1,0.482,2026-07-30 01:30:15.661676
pay_007215,cust_00552,1828.41,INR,CARD,FAILED,TIMEOUT,4,0.795,2026-07-30 01:40:15.661676
pay_007698,cust_01324,585.73,INR,CARD,FAILED,CARD_EXPIRED,4,0.652,2026-07-30 01:40:15.661676
pay_009243,cust_00795,1788.62,INR,UPI,SUCCESS,,1,0.664,2026-07-30 01:52:15.661676
pay_009586,cust_02570,513.13,INR,CARD,SUCCESS,,1,0.701,2026-07-30 02:15:15.661676
pay_004544,cust_00911,1120.88,INR,NETBANKING,SUCCESS,,1,0.976,2026-07-30 02:33:15.661676
pay_001057,cust_01999,1771.46,INR,WALLET,SUCCESS,,1,0.753,2026-07-30 02:37:15.661676
pay_006342,cust_02093,1650.88,INR,CARD,SUCCESS,,1,0.854,2026-07-30 02:53:15.661676
pay_001083,cust_00540,1397.85,INR,CARD,SUCCESS,,1,0.742,2026-07-30 03:06:15.661676
pay_005315,cust_02840,1069.18,INR,WALLET,SUCCESS,,1,0.661,2026-07-30 03:06:15.661676
pay_001888,cust_02356,2538.3,INR,CARD,SUCCESS,,1,0.754,2026-07-30 03:28:15.661676
pay_004505,cust_00043,1523.47,INR,WALLET,FAILED,LIMIT_EXCEEDED,2,0.708,2026-07-30 03:37:15.661676
pay_001631,cust_02543,2664.54,INR,NETBANKING,FAILED,BANK_ERROR,4,0.598,2026-07-30 04:23:15.661676
pay_003544,cust_00683,763.64,INR,NETBANKING,SUCCESS,,1,0.971,2026-07-30 04:57:15.661676
pay_002609,cust_02116,3705.79,INR,WALLET,SUCCESS,,1,0.675,2026-07-30 05:20:15.661676
pay_008709,cust_00393,5607.57,INR,UPI,SUCCESS,,1,0.887,2026-07-30 05:24:15.661676
pay_000445,cust_02797,636.78,INR,CARD,SUCCESS,,1,0.514,2026-07-30 05:26:15.661676
pay_000766,cust_00197,1030.15,INR,UPI,SUCCESS,,1,0.476,2026-07-30 05:30:15.661676
pay_002643,cust_01338,917.72,INR,WALLET,SUCCESS,,1,0.866,2026-07-30 05:36:15.661676
pay_004205,cust_01966,1975.21,INR,UPI,SUCCESS,,1,0.705,2026-07-30 05:38:15.661676
pay_007119,cust_02277,922.98,INR,UPI,SUCCESS,,1,0.476,2026-07-30 05:45:15.661676
pay_003567,cust_01958,2171.69,INR,NETBANKING,SUCCESS,,1,0.726,2026-07-30 05:54:15.661676
pay_001849,cust_02970,3926.74,INR,WALLET,SUCCESS,,1,0.753,2026-07-30 06:16:15.661676
pay_003852,cust_00385,2683.63,INR,CARD,SUCCESS,,1,0.782,2026-07-30 06:19:15.661676
pay_005873,cust_01980,2412.2,INR,WALLET,SUCCESS,,1,0.903,2026-07-30 06:54:15.661676
pay_007554,cust_01266,718.14,INR,WALLET,SUCCESS,,1,0.606,2026-07-30 06:56:15.661676
pay_005940,cust_01634,10777.32,INR,NETBANKING,SUCCESS,,1,0.634,2026-07-30 07:15:15.661676
pay_008917,cust_01639,7408.5,INR,CARD,SUCCESS,,1,0.715,2026-07-30 07:35:15.661676
pay_007135,cust_02516,1323.02,INR,NETBANKING,SUCCESS,,1,0.567,2026-07-30 07:46:15.661676
pay_007906,cust_02705,1708.04,INR,NETBANKING,SUCCESS,,1,0.545,2026-07-30 08:04:15.661676
pay_009629,cust_01806,906.37,INR,NETBANKING,SUCCESS,,1,0.626,2026-07-30 08:32:15.661676
pay_000789,cust_00260,1709.35,INR,NETBANKING,SUCCESS,,1,0.83,2026-07-30 08:34:15.661676
pay_006178,cust_02278,686.68,INR,CARD,SUCCESS,,1,0.737,2026-07-30 08:57:15.661676
pay_002685,cust_00483,2363.85,INR,NETBANKING,SUCCESS,,1,0.949,2026-07-30 09:38:15.661676
pay_007628,cust_01479,2680.06,INR,CARD,SUCCESS,,1,0.927,2026-07-30 09:49:15.661676
pay_008118,cust_02760,2371.27,INR,WALLET,SUCCESS,,1,0.954,2026-07-30 10:23:15.661676
pay_002241,cust_00621,1967.89,INR,NETBANKING,SUCCESS,,1,0.633,2026-07-30 10:40:15.661676
pay_000408,cust_01419,1613.4,INR,WALLET,SUCCESS,,1,0.709,2026-07-30 10:45:15.661676
pay_004065,cust_01666,817.82,INR,CARD,SUCCESS,,1,0.613,2026-07-30 10:52:15.661676
pay_000097,cust_01000,2291.35,INR,CARD,SUCCESS,,1,0.932,2026-07-30 10:56:15.661676
pay_002548,cust_01369,1150.76,INR,WALLET,SUCCESS,,1,0.94,2026-07-30 11:14:15.661676
pay_006320,cust_02217,1660.92,INR,CARD,SUCCESS,,1,0.464,2026-07-30 11:17:15.661676
pay_008247,cust_02489,1837.2,INR,CARD,SUCCESS,,1,0.953,2026-07-30 11:23:15.661676
pay_004929,cust_01497,643.9,INR,UPI,SUCCESS,,1,0.727,2026-07-30 11:29:15.661676
pay_001211,cust_02347,668.42,INR,UPI,FAILED,USER_CANCELLED,1,0.605,2026-07-30 11:31:15.661676
pay_002673,cust_00526,2226.87,INR,NETBANKING,SUCCESS,,1,0.967,2026-07-30 11:38:15.661676
pay_004440,cust_01274,2697.59,INR,CARD,SUCCESS,,1,0.494,2026-07-30 11:56:15.661676
pay_004752,cust_00924,1472.88,INR,UPI,SUCCESS,,1,0.807,2026-07-30 12:14:15.661676
pay_005414,cust_01674,3644.37,INR,CARD,SUCCESS,,1,0.586,2026-07-30 12:45:15.661676
pay_009554,cust_00058,1508.36,INR,UPI,SUCCESS,,1,0.878,2026-07-30 13:02:15.661676
pay_006724,cust_02388,246.1,INR,UPI,SUCCESS,,1,0.494,2026-07-30 13:09:15.661676
pay_007670,cust_01804,1749.34,INR,WALLET,SUCCESS,,1,0.916,2026-07-30 13:15:15.661676
pay_007313,cust_02172,2162.76,INR,WALLET,FAILED,CARD_EXPIRED,1,0.858,2026-07-30 13:35:15.661676
pay_008328,cust_00112,1488.12,INR,WALLET,SUCCESS,,1,0.719,2026-07-30 13:45:15.661676
pay_009154,cust_00848,2865.36,INR,CARD,SUCCESS,,1,0.77,2026-07-30 14:09:15.661676
pay_001910,cust_02813,2027.09,INR,CARD,SUCCESS,,1,0.655,2026-07-30 14:14:15.661676
pay_000172,cust_01656,941.38,INR,UPI,SUCCESS,,1,0.699,2026-07-30 14:26:15.661676
pay_001420,cust_00154,2714.24,INR,WALLET,SUCCESS,,1,0.757,2026-07-30 14:40:15.661676
pay_003952,cust_01691,927.58,INR,CARD,SUCCESS,,1,0.572,2026-07-30 14:43:15.661676
pay_006894,cust_01621,2591.16,INR,WALLET,SUCCESS,,1,0.883,2026-07-30 14:52:15.661676
pay_001196,cust_02955,2571.85,INR,WALLET,SUCCESS,,1,0.985,2026-07-30 15:01:15.661676
pay_009110,cust_00152,2531.15,INR,WALLET,SUCCESS,,1,0.558,2026-07-30 15:14:15.661676
pay_009814,cust_02327,4431.74,INR,CARD,SUCCESS,,1,0.961,2026-07-30 15:49:15.661676
pay_003179,cust_02898,3945.18,INR,WALLET,SUCCESS,,1,0.944,2026-07-30 16:04:15.661676
pay_001443,cust_01059,2089.79,INR,NETBANKING,SUCCESS,,1,0.798,2026-07-30 16:39:15.661676
pay_003453,cust_00589,1632.51,INR,UPI,SUCCESS,,1,0.547,2026-07-30 17:10:15.661676
pay_008221,cust_01118,482.13,INR,CARD,SUCCESS,,1,0.913,2026-07-30 17:16:15.661676
pay_006987,cust_01397,588.81,INR,WALLET,SUCCESS,,1,0.513,2026-07-30 17:21:15.661676
pay_004651,cust_00276,1481.94,INR,NETBANKING,SUCCESS,,1,0.825,2026-07-30 17:38:15.661676
pay_001891,cust_02128,2799.03,INR,NETBANKING,SUCCESS,,1,0.526,2026-07-30 17:43:15.661676
pay_002676,cust_00585,376.12,INR,CARD,SUCCESS,,1,0.501,2026-07-30 17:49:15.661676
pay_007579,cust_02206,1153.38,INR,CARD,FAILED,NETWORK_ERROR,4,0.668,2026-07-30 17:52:15.661676
pay_002110,cust_01549,2929.39,INR,NETBANKING,SUCCESS,,1,0.495,2026-07-30 17:56:15.661676
pay_000484,cust_02526,2127.64,INR,WALLET,SUCCESS,,1,0.454,2026-07-30 17:59:15.661676
pay_002870,cust_02690,4832.82,INR,WALLET,SUCCESS,,1,0.748,2026-07-30 18:16:15.661676
pay_006607,cust_02015,945.98,INR,UPI,SUCCESS,,1,0.946,2026-07-30 18:33:15.661676
pay_007436,cust_01399,2287.37,INR,WALLET,SUCCESS,,1,0.761,2026-07-30 18:58:15.661676
pay_008998,cust_00472,6443.05,INR,WALLET,SUCCESS,,1,0.973,2026-07-30 19:02:15.661676
pay_001651,cust_00699,2874.71,INR,CARD,SUCCESS,,1,0.813,2026-07-30 19:12:15.661676
pay_004431,cust_00071,434.88,INR,WALLET,SUCCESS,,1,0.883,2026-07-30 19:23:15.661676
pay_009320,cust_02761,751.03,INR,UPI,SUCCESS,,1,0.981,2026-07-30 19:32:15.661676
pay_004290,cust_02781,2935.07,INR,UPI,SUCCESS,,1,0.724,2026-07-30 19:36:15.661676
pay_000079,cust_00914,1945.76,INR,UPI,SUCCESS,,1,0.627,2026-07-30 19:37:15.661676
pay_006852,cust_01648,988.42,INR,WALLET,FAILED,BANK_ERROR,3,0.743,2026-07-30 19:50:15.661676
pay_001834,cust_02110,2274.92,INR,WALLET,SUCCESS,,1,0.983,2026-07-30 20:03:15.661676
pay_001071,cust_00273,1741.43,INR,WALLET,SUCCESS,,1,0.91,2026-07-30 20:22:15.661676
pay_001235,cust_01207,950.57,INR,WALLET,FAILED,LIMIT_EXCEEDED,3,0.865,2026-07-30 20:36:15.661676
pay_008743,cust_00024,2008.0,INR,UPI,FAILED,NETWORK_ERROR,2,0.673,2026-07-30 20:42:15.661676
pay_000739,cust_00233,6852.57,INR,WALLET,SUCCESS,,1,0.526,2026-07-30 20:43:15.661676
pay_004880,cust_00643,3921.62,INR,UPI,SUCCESS,,1,0.506,2026-07-30 20:43:15.661676
pay_000691,cust_02213,1354.55,INR,NETBANKING,SUCCESS,,1,0.578,2026-07-30 20:51:15.661676
pay_007696,cust_00712,5793.43,INR,NETBANKING,SUCCESS,,1,0.546,2026-07-30 20:55:15.661676
pay_009044,cust_02720,419.67,INR,CARD,SUCCESS,,1,0.939,2026-07-30 21:00:15.661676
pay_009193,cust_01324,2964.47,INR,CARD,SUCCESS,,1,0.552,2026-07-30 21:10:15.661676
pay_008021,cust_01116,268.25,INR,WALLET,SUCCESS,,1,0.766,2026-07-30 21:17:15.661676
pay_006060,cust_01436,2917.49,INR,UPI,SUCCESS,,1,0.63,2026-07-30 21:23:15.661676
pay_001185,cust_00001,819.17,INR,CARD,SUCCESS,,1,0.737,2026-07-30 21:29:15.661676
pay_003406,cust_00601,238.46,INR,WALLET,SUCCESS,,1,0.873,2026-07-30 21:33:15.661676
pay_009159,cust_01573,5531.84,INR,CARD,FAILED,TIMEOUT,3,0.709,2026-07-30 21:36:15.661676
pay_000891,cust_02466,3485.57,INR,UPI,SUCCESS,,1,0.888,2026-07-30 21:58:15.661676
pay_008243,cust_00384,1573.25,INR,UPI,SUCCESS,,1,0.732,2026-07-30 22:09:15.661676
pay_005523,cust_02896,3303.49,INR,UPI,SUCCESS,,1,0.711,2026-07-30 22:26:15.661676
pay_004965,cust_01126,1070.04,INR,WALLET,SUCCESS,,1,0.937,2026-07-30 22:30:15.661676
pay_005409,cust_01216,1534.21,INR,CARD,FAILED,NETWORK_ERROR,4,0.79,2026-07-30 22:30:15.661676
pay_008944,cust_02089,2387.3,INR,CARD,SUCCESS,,1,0.505,2026-07-30 22:49:15.661676
pay_005395,cust_00095,584.73,INR,WALLET,SUCCESS,,1,0.636,2026-07-30 22:58:15.661676
pay_003004,cust_01729,8185.75,INR,NETBANKING,SUCCESS,,1,0.827,2026-07-30 23:01:15.661676
pay_009512,cust_01629,799.64,INR,UPI,SUCCESS,,1,0.941,2026-07-30 23:08:15.661676
pay_000769,cust_01234,1094.91,INR,WALLET,SUCCESS,,1,0.731,2026-07-30 23:11:15.661676
pay_003576,cust_00558,2274.61,INR,NETBANKING,SUCCESS,,1,0.736,2026-07-30 23:18:15.661676
pay_008057,cust_00427,1926.07,INR,WALLET,SUCCESS,,1,0.487,2026-07-30 23:23:15.661676
pay_000300,cust_00415,2992.02,INR,UPI,SUCCESS,,1,0.864,2026-07-30 23:46:15.661676
pay_000973,cust_00513,3542.24,INR,CARD,SUCCESS,,1,0.852,2026-07-30 23:58:15.661676
pay_007204,cust_00511,920.5,INR,CARD,SUCCESS,,1,0.929,2026-07-31 00:05:15.661676
pay_006691,cust_00373,2639.95,INR,UPI,SUCCESS,,1,0.886,2026-07-31 00:20:15.661676
pay_003859,cust_02936,1013.14,INR,CARD,SUCCESS,,1,0.908,2026-07-31 00:23:15.661676
pay_009448,cust_01607,1161.94,INR,WALLET,SUCCESS,,1,0.711,2026-07-31 00:33:15.661676
pay_003462,cust_02989,8248.87,INR,CARD,SUCCESS,,1,0.684,2026-07-31 00:36:15.661676
pay_004989,cust_02464,2109.23,INR,CARD,SUCCESS,,1,0.506,2026-07-31 01:07:15.661676
pay_007039,cust_01334,290.43,INR,WALLET,SUCCESS,,1,0.893,2026-07-31 01:13:15.661676
pay_009581,cust_01781,5843.9,INR,UPI,SUCCESS,,1,0.639,2026-07-31 01:15:15.661676
pay_001179,cust_00968,819.85,INR,CARD,SUCCESS,,1,0.849,2026-07-31 01:15:15.661676
pay_000230,cust_01863,3114.05,INR,UPI,SUCCESS,,1,0.795,2026-07-31 01:36:15.661676
pay_008985,cust_01738,1509.78,INR,NETBANKING,SUCCESS,,1,0.754,2026-07-31 01:55:15.661676
pay_005801,cust_02120,2289.72,INR,NETBANKING,SUCCESS,,1,0.597,2026-07-31 02:01:15.661676
pay_006386,cust_00620,4985.9,INR,WALLET,SUCCESS,,1,0.782,2026-07-31 02:20:15.661676
pay_002687,cust_02249,2631.78,INR,WALLET,SUCCESS,,1,0.912,2026-07-31 02:39:15.661676
pay_005149,cust_01952,3285.55,INR,UPI,SUCCESS,,1,0.609,2026-07-31 02:50:15.661676
pay_000086,cust_01353,1210.26,INR,NETBANKING,SUCCESS,,1,0.839,2026-07-31 02:57:15.661676
pay_006424,cust_01859,2018.54,INR,NETBANKING,FAILED,TIMEOUT,2,0.586,2026-07-31 03:10:15.661676
pay_008368,cust_01129,2456.12,INR,WALLET,SUCCESS,,1,0.474,2026-07-31 03:20:15.661676
pay_007807,cust_00401,2546.23,INR,CARD,SUCCESS,,1,0.853,2026-07-31 03:28:15.661676
pay_008219,cust_02591,1515.37,INR,UPI,SUCCESS,,1,0.451,2026-07-31 03:51:15.661676
pay_008897,cust_01295,2763.56,INR,NETBANKING,SUCCESS,,1,0.531,2026-07-31 04:16:15.661676
pay_003566,cust_02990,1884.33,INR,NETBANKING,SUCCESS,,1,0.614,2026-07-31 04:18:15.661676
pay_003038,cust_00875,2072.21,INR,CARD,SUCCESS,,1,0.709,2026-07-31 04:22:15.661676
pay_006977,cust_00254,2337.41,INR,CARD,SUCCESS,,1,0.687,2026-07-31 04:23:15.661676
pay_002078,cust_00593,4736.75,INR,NETBANKING,FAILED,TIMEOUT,3,0.458,2026-07-31 04:26:15.661676
pay_004125,cust_02961,2312.63,INR,NETBANKING,SUCCESS,,1,0.547,2026-07-31 04:28:15.661676
pay_005848,cust_02735,816.08,INR,UPI,SUCCESS,,1,0.696,2026-07-31 04:43:15.661676
pay_007187,cust_01787,346.46,INR,NETBANKING,SUCCESS,,1,0.736,2026-07-31 05:17:15.661676
pay_006700,cust_02285,935.36,INR,CARD,SUCCESS,,1,0.643,2026-07-31 05:19:15.661676
pay_009438,cust_00219,1657.69,INR,UPI,SUCCESS,,1,0.712,2026-07-31 05:27:15.661676
pay_003654,cust_02746,934.0,INR,WALLET,SUCCESS,,1,0.594,2026-07-31 05:34:15.661676
pay_006082,cust_00589,2335.95,INR,NETBANKING,SUCCESS,,1,0.965,2026-07-31 06:00:15.661676
pay_005058,cust_00535,1836.41,INR,CARD,SUCCESS,,1,0.651,2026-07-31 06:07:15.661676
pay_003166,cust_01612,445.21,INR,NETBANKING,SUCCESS,,1,0.705,2026-07-31 06:30:15.661676
pay_000248,cust_01749,1072.06,INR,NETBANKING,SUCCESS,,1,0.965,2026-07-31 06:43:15.661676
pay_006379,cust_00609,3734.0,INR,NETBANKING,SUCCESS,,1,0.706,2026-07-31 06:45:15.661676
pay_005742,cust_01975,817.24,INR,NETBANKING,SUCCESS,,1,0.937,2026-07-31 07:22:15.661676
pay_001331,cust_02304,6152.42,INR,UPI,SUCCESS,,1,0.636,2026-07-31 07:41:15.661676
pay_008115,cust_00046,887.95,INR,NETBANKING,SUCCESS,,1,0.719,2026-07-31 07:46:15.661676
pay_006669,cust_01506,2461.68,INR,WALLET,SUCCESS,,1,0.877,2026-07-31 07:59:15.661676
pay_006746,cust_01087,864.58,INR,UPI,SUCCESS,,1,0.986,2026-07-31 08:03:15.661676
pay_001845,cust_02946,2054.7,INR,NETBANKING,SUCCESS,,1,0.935,2026-07-31 08:31:15.661676
pay_003159,cust_02868,5233.9,INR,NETBANKING,SUCCESS,,1,0.472,2026-07-31 08:47:15.661676
pay_007855,cust_02821,812.0,INR,CARD,SUCCESS,,1,0.806,2026-07-31 09:18:15.661676
pay_003131,cust_02106,1683.47,INR,UPI,SUCCESS,,1,0.843,2026-07-31 09:21:15.661676
pay_001947,cust_02872,2444.71,INR,CARD,SUCCESS,,1,0.557,2026-07-31 09:23:15.661676
pay_003624,cust_01831,1877.22,INR,WALLET,SUCCESS,,1,0.944,2026-07-31 09:50:15.661676
pay_005348,cust_00354,310.76,INR,NETBANKING,SUCCESS,,1,0.877,2026-07-31 09:50:15.661676
pay_003931,cust_00765,3094.02,INR,NETBANKING,SUCCESS,,1,0.737,2026-07-31 10:13:15.661676
pay_004196,cust_01977,1215.97,INR,NETBANKING,SUCCESS,,1,0.748,2026-07-31 10:19:15.661676
pay_000202,cust_01883,2831.69,INR,NETBANKING,SUCCESS,,1,0.885,2026-07-31 10:30:15.661676
pay_000087,cust_01231,3760.55,INR,NETBANKING,SUCCESS,,1,0.667,2026-07-31 10:36:15.661676
pay_005607,cust_02989,654.09,INR,WALLET,SUCCESS,,1,0.97,2026-07-31 10:46:15.661676
pay_003040,cust_00291,1532.58,INR,CARD,SUCCESS,,1,0.725,2026-07-31 11:01:15.661676
pay_008596,cust_02964,1543.11,INR,UPI,SUCCESS,,1,0.726,2026-07-31 11:08:15.661676
pay_003441,cust_01898,2031.27,INR,WALLET,SUCCESS,,1,0.944,2026-07-31 11:27:15.661676
pay_005244,cust_00403,3051.98,INR,NETBANKING,FAILED,USER_CANCELLED,3,0.538,2026-07-31 11:30:15.661676
pay_003288,cust_02342,1526.4,INR,UPI,SUCCESS,,1,0.543,2026-07-31 11:30:15.661676
pay_003559,cust_02888,1651.6,INR,NETBANKING,SUCCESS,,1,0.55,2026-07-31 11:36:15.661676
pay_003949,cust_01172,1445.2,INR,UPI,FAILED,LIMIT_EXCEEDED,2,0.584,2026-07-31 12:22:15.661676
pay_007853,cust_02938,2411.93,INR,CARD,SUCCESS,,1,0.6,2026-07-31 12:41:15.661676
pay_000063,cust_02506,746.15,INR,UPI,SUCCESS,,1,0.612,2026-07-31 12:44:15.661676
pay_004913,cust_00871,3504.11,INR,NETBANKING,SUCCESS,,1,0.765,2026-07-31 12:58:15.661676
pay_005577,cust_00373,1059.43,INR,UPI,SUCCESS,,1,0.68,2026-07-31 13:42:15.661676
pay_008994,cust_01426,423.84,INR,CARD,SUCCESS,,1,0.878,2026-07-31 13:45:15.661676
pay_007548,cust_01827,824.99,INR,NETBANKING,SUCCESS,,1,0.48,2026-07-31 14:27:15.661676
pay_003345,cust_00786,835.67,INR,UPI,SUCCESS,,1,0.654,2026-07-31 14:29:15.661676
pay_002582,cust_01556,2468.4,INR,UPI,FAILED,NETWORK_ERROR,3,0.561,2026-07-31 14:39:15.661676
pay_005085,cust_01758,3885.61,INR,CARD,SUCCESS,,1,0.673,2026-07-31 14:41:15.661676
pay_002725,cust_01634,8691.23,INR,WALLET,FAILED,BANK_ERROR,2,0.463,2026-07-31 15:22:15.661676
pay_004770,cust_02943,3419.88,INR,WALLET,SUCCESS,,1,0.775,2026-07-31 15:23:15.661676
pay_005977,cust_02496,6786.21,INR,WALLET,SUCCESS,,1,0.783,2026-07-31 15:53:15.661676
pay_009435,cust_01719,6210.76,INR,CARD,SUCCESS,,1,0.853,2026-07-31 15:54:15.661676
pay_004100,cust_02516,1915.67,INR,UPI,FAILED,TIMEOUT,1,0.695,2026-07-31 16:33:15.661676
pay_000927,cust_01637,1156.16,INR,NETBANKING,SUCCESS,,1,0.766,2026-07-31 16:39:15.661676
pay_007333,cust_02296,12033.26,INR,NETBANKING,SUCCESS,,1,0.868,2026-07-31 16:54:15.661676
pay_005346,cust_00682,6904.22,INR,WALLET,SUCCESS,,1,0.451,2026-07-31 16:59:15.661676
pay_003272,cust_00818,899.31,INR,WALLET,SUCCESS,,1,0.775,2026-07-31 17:02:15.661676
pay_005932,cust_01819,956.37,INR,UPI,SUCCESS,,1,0.48,2026-07-31 17:34:15.661676
pay_000296,cust_01346,1038.65,INR,CARD,SUCCESS,,1,0.961,2026-07-31 17:39:15.661676
pay_001756,cust_00560,5425.83,INR,NETBANKING,SUCCESS,,1,0.712,2026-07-31 18:02:15.661676
pay_004079,cust_00278,1325.21,INR,UPI,FAILED,USER_CANCELLED,3,0.954,2026-07-31 18:07:15.661676
pay_001379,cust_00820,1113.77,INR,CARD,SUCCESS,,1,0.499,2026-07-31 18:42:15.661676
pay_007049,cust_02162,653.77,INR,NETBANKING,FAILED,BANK_ERROR,3,0.671,2026-07-31 18:52:15.661676
pay_000545,cust_00467,250.31,INR,NETBANKING,SUCCESS,,1,0.735,2026-07-31 18:56:15.661676
pay_003875,cust_00985,1000.75,INR,WALLET,SUCCESS,,1,0.547,2026-07-31 19:40:15.661676
pay_003617,cust_01368,821.68,INR,CARD,SUCCESS,,1,0.87,2026-07-31 19:41:15.661676
pay_001159,cust_01308,3965.6,INR,WALLET,SUCCESS,,1,0.531,2026-07-31 19:51:15.661676
pay_005628,cust_02291,3873.77,INR,UPI,SUCCESS,,1,0.624,2026-07-31 19:58:15.661676
pay_000342,cust_00235,2197.22,INR,UPI,SUCCESS,,1,0.646,2026-07-31 19:59:15.661676
pay_005668,cust_01686,3207.58,INR,WALLET,SUCCESS,,1,0.872,2026-07-31 20:03:15.661676
pay_001432,cust_02111,3472.36,INR,WALLET,SUCCESS,,1,0.548,2026-07-31 20:48:15.661676
pay_001446,cust_01668,1073.75,INR,NETBANKING,SUCCESS,,1,0.499,2026-07-31 21:03:15.661676
pay_001643,cust_02751,1696.44,INR,WALLET,SUCCESS,,1,0.975,2026-07-31 22:18:15.661676
pay_006634,cust_01112,982.47,INR,CARD,SUCCESS,,1,0.685,2026-07-31 22:37:15.661676
pay_008827,cust_01793,761.18,INR,WALLET,SUCCESS,,1,0.868,2026-07-31 22:50:15.661676
pay_002534,cust_02181,867.01,INR,CARD,SUCCESS,,1,0.668,2026-07-31 23:55:15.661676
pay_003336,cust_00993,617.88,INR,CARD,SUCCESS,,1,0.826,2026-07-31 23:57:15.661676
pay_009028,cust_02548,4261.36,INR,WALLET,SUCCESS,,1,0.699,2026-08-01 00:10:15.661676
pay_004158,cust_00848,1234.07,INR,WALLET,SUCCESS,,1,0.968,2026-08-01 00:20:15.661676
pay_006637,cust_01945,2455.16,INR,NETBANKING,SUCCESS,,1,0.889,2026-08-01 00:23:15.661676
pay_006063,cust_00008,1349.89,INR,UPI,SUCCESS,,1,0.917,2026-08-01 00:27:15.661676
pay_006081,cust_02243,6241.1,INR,WALLET,SUCCESS,,1,0.91,2026-08-01 00:36:15.661676
pay_007259,cust_01370,1132.84,INR,NETBANKING,SUCCESS,,1,0.464,2026-08-01 00:40:15.661676
pay_004857,cust_01008,3628.58,INR,CARD,SUCCESS,,1,0.868,2026-08-01 00:54:15.661676
pay_006890,cust_02146,1673.37,INR,NETBANKING,SUCCESS,,1,0.558,2026-08-01 01:09:15.661676
pay_007511,cust_01324,7301.89,INR,CARD,SUCCESS,,1,0.965,2026-08-01 01:15:15.661676
pay_003349,cust_02856,3112.39,INR,UPI,SUCCESS,,1,0.47,2026-08-01 01:26:15.661676
pay_005174,cust_02039,815.55,INR,UPI,FAILED,INSUFFICIENT_FUNDS,1,0.811,2026-08-01 01:27:15.661676
pay_000940,cust_00381,1151.4,INR,WALLET,SUCCESS,,1,0.635,2026-08-01 01:28:15.661676
pay_007296,cust_01379,1293.14,INR,CARD,SUCCESS,,1,0.603,2026-08-01 01:38:15.661676
pay_009003,cust_00241,2694.46,INR,NETBANKING,SUCCESS,,1,0.742,2026-08-01 01:56:15.661676
pay_000262,cust_02531,1723.96,INR,UPI,SUCCESS,,1,0.689,2026-08-01 02:04:15.661676
pay_000951,cust_00035,1490.72,INR,UPI,SUCCESS,,1,0.764,2026-08-01 02:22:15.661676
pay_006656,cust_00898,7734.18,INR,WALLET,SUCCESS,,1,0.632,2026-08-01 02:30:15.661676
pay_009549,cust_02909,1094.41,INR,UPI,SUCCESS,,1,0.698,2026-08-01 02:34:15.661676
pay_009913,cust_01032,1018.12,INR,NETBANKING,SUCCESS,,1,0.457,2026-08-01 02:36:15.661676
pay_000820,cust_02338,4240.28,INR,WALLET,SUCCESS,,1,0.904,2026-08-01 02:40:15.661676
pay_009788,cust_00142,6913.03,INR,WALLET,SUCCESS,,1,0.622,2026-08-01 02:41:15.661676
pay_003652,cust_00647,2809.15,INR,WALLET,SUCCESS,,1,0.596,2026-08-01 02:53:15.661676
pay_005366,cust_01429,545.69,INR,CARD,SUCCESS,,1,0.582,2026-08-01 02:53:15.661676
pay_006383,cust_01102,1197.35,INR,WALLET,SUCCESS,,1,0.808,2026-08-01 03:06:15.661676
pay_006575,cust_01385,2052.89,INR,NETBANKING,SUCCESS,,1,0.679,2026-08-01 03:22:15.661676
pay_006381,cust_00336,9379.19,INR,UPI,SUCCESS,,1,0.937,2026-08-01 03:24:15.661676
pay_005051,cust_01373,3239.75,INR,UPI,SUCCESS,,1,0.899,2026-08-01 04:56:15.661676
pay_005191,cust_02178,1087.54,INR,NETBANKING,SUCCESS,,1,0.852,2026-08-01 05:00:15.661676
pay_009402,cust_01685,1319.91,INR,WALLET,SUCCESS,,1,0.591,2026-08-01 05:14:15.661676
pay_005199,cust_02542,918.6,INR,NETBANKING,SUCCESS,,1,0.644,2026-08-01 05:45:15.661676
pay_009755,cust_00267,1253.7,INR,NETBANKING,SUCCESS,,1,0.672,2026-08-01 06:07:15.661676
pay_009366,cust_02496,544.22,INR,UPI,FAILED,CARD_EXPIRED,3,0.739,2026-08-01 06:26:15.661676
pay_004663,cust_00894,1150.02,INR,NETBANKING,SUCCESS,,1,0.896,2026-08-01 07:03:15.661676
pay_006182,cust_00512,1416.07,INR,WALLET,FAILED,TIMEOUT,2,0.789,2026-08-01 07:05:15.661676
pay_005425,cust_01452,1568.58,INR,UPI,SUCCESS,,1,0.826,2026-08-01 07:47:15.661676
pay_000002,cust_00572,1618.72,INR,UPI,SUCCESS,,1,0.744,2026-08-01 08:02:15.661676
pay_004921,cust_02348,6843.03,INR,NETBANKING,SUCCESS,,1,0.632,2026-08-01 08:19:15.661676
pay_007577,cust_01888,323.01,INR,WALLET,SUCCESS,,1,0.769,2026-08-01 08:24:15.661676
pay_005728,cust_00184,1503.47,INR,NETBANKING,FAILED,USER_CANCELLED,1,0.832,2026-08-01 08:27:15.661676
pay_000498,cust_00985,1552.67,INR,WALLET,FAILED,NETWORK_ERROR,2,0.877,2026-08-01 08:46:15.661676
pay_006298,cust_00894,729.81,INR,NETBANKING,SUCCESS,,1,0.904,2026-08-01 09:06:15.661676
pay_009118,cust_02241,3240.2,INR,UPI,FAILED,INSUFFICIENT_FUNDS,4,0.862,2026-08-01 09:29:15.661676
pay_008066,cust_02850,1943.5,INR,NETBANKING,FAILED,FRAUD_SUSPECTED,3,0.554,2026-08-01 09:32:15.661676
pay_005223,cust_01445,1510.38,INR,CARD,SUCCESS,,1,0.943,2026-08-01 10:10:15.661676
pay_004689,cust_01111,569.7,INR,CARD,SUCCESS,,1,0.927,2026-08-01 10:26:15.661676
pay_006886,cust_01375,942.09,INR,NETBANKING,SUCCESS,,1,0.9,2026-08-01 10:30:15.661676
pay_009613,cust_00552,1212.7,INR,UPI,SUCCESS,,1,0.555,2026-08-01 10:47:15.661676
pay_001338,cust_00165,1419.45,INR,CARD,SUCCESS,,1,0.616,2026-08-01 10:53:15.661676
pay_001912,cust_02898,10775.61,INR,CARD,SUCCESS,,1,0.832,2026-08-01 11:21:15.661676
pay_009430,cust_00766,9149.49,INR,UPI,SUCCESS,,1,0.634,2026-08-01 12:44:15.661676
pay_007608,cust_02809,1085.73,INR,CARD,SUCCESS,,1,0.865,2026-08-01 12:49:15.661676
pay_000290,cust_01675,1098.65,INR,NETBANKING,SUCCESS,,1,0.876,2026-08-01 12:50:15.661676
pay_008212,cust_02305,3020.67,INR,WALLET,SUCCESS,,1,0.496,2026-08-01 12:59:15.661676
pay_007274,cust_00602,1509.23,INR,CARD,SUCCESS,,1,0.968,2026-08-01 13:05:15.661676
pay_000346,cust_02479,2176.86,INR,CARD,SUCCESS,,1,0.65,2026-08-01 13:12:15.661676
pay_006901,cust_00023,3856.23,INR,NETBANKING,SUCCESS,,1,0.733,2026-08-01 13:33:15.661676
pay_006809,cust_01783,1338.75,INR,CARD,SUCCESS,,1,0.722,2026-08-01 13:40:15.661676
pay_009686,cust_01365,3997.97,INR,WALLET,SUCCESS,,1,0.637,2026-08-01 13:57:15.661676
pay_004650,cust_01915,1504.92,INR,CARD,FAILED,FRAUD_SUSPECTED,4,0.749,2026-08-01 14:01:15.661676
pay_000871,cust_01473,1569.39,INR,CARD,SUCCESS,,1,0.924,2026-08-01 14:19:15.661676
pay_008227,cust_02767,1279.07,INR,WALLET,SUCCESS,,1,0.69,2026-08-01 14:54:15.661676
pay_001857,cust_00897,5508.08,INR,WALLET,SUCCESS,,1,0.775,2026-08-01 15:12:15.661676
pay_005636,cust_01040,3183.15,INR,NETBANKING,SUCCESS,,1,0.79,2026-08-01 15:15:15.661676
pay_004831,cust_00876,3622.86,INR,UPI,SUCCESS,,1,0.825,2026-08-01 15:16:15.661676
pay_000433,cust_00895,1457.5,INR,CARD,SUCCESS,,1,0.921,2026-08-01 15:59:15.661676
pay_003812,cust_01763,2530.45,INR,NETBANKING,SUCCESS,,1,0.967,2026-08-01 16:18:15.661676
pay_000914,cust_01498,6386.63,INR,NETBANKING,SUCCESS,,1,0.56,2026-08-01 16:34:15.661676
pay_006268,cust_00362,3924.59,INR,UPI,SUCCESS,,1,0.693,2026-08-01 16:36:15.661676
pay_001655,cust_02839,2370.34,INR,NETBANKING,SUCCESS,,1,0.695,2026-08-01 16:44:15.661676
pay_003278,cust_00298,2013.11,INR,UPI,FAILED,INSUFFICIENT_FUNDS,2,0.569,2026-08-01 17:20:15.661676
pay_000726,cust_01626,1560.58,INR,UPI,SUCCESS,,1,0.651,2026-08-01 17:48:15.661676
pay_009899,cust_00664,6570.17,INR,WALLET,SUCCESS,,1,0.718,2026-08-01 17:50:15.661676
pay_000412,cust_01935,735.31,INR,UPI,SUCCESS,,1,0.453,2026-08-01 17:51:15.661676
pay_009736,cust_01221,1611.84,INR,WALLET,SUCCESS,,1,0.702,2026-08-01 18:01:15.661676
pay_003473,cust_00157,1885.23,INR,NETBANKING,SUCCESS,,1,0.665,2026-08-01 18:39:15.661676
pay_007232,cust_02972,6974.66,INR,WALLET,SUCCESS,,1,0.551,2026-08-01 18:56:15.661676
pay_000025,cust_02787,1169.69,INR,UPI,FAILED,FRAUD_SUSPECTED,3,0.51,2026-08-01 18:59:15.661676
pay_006228,cust_00285,2477.73,INR,WALLET,SUCCESS,,1,0.715,2026-08-01 19:21:15.661676
pay_002275,cust_00804,757.64,INR,WALLET,SUCCESS,,1,0.46,2026-08-01 19:29:15.661676
pay_007416,cust_01327,441.16,INR,UPI,FAILED,NETWORK_ERROR,4,0.529,2026-08-01 19:34:15.661676
pay_003835,cust_02885,832.06,INR,WALLET,SUCCESS,,1,0.821,2026-08-01 19:34:15.661676
pay_008101,cust_00646,265.9,INR,UPI,SUCCESS,,1,0.785,2026-08-01 19:44:15.661676
pay_006919,cust_01979,7337.41,INR,UPI,FAILED,NETWORK_ERROR,4,0.611,2026-08-01 19:45:15.661676
pay_007833,cust_00999,3021.65,INR,WALLET,SUCCESS,,1,0.902,2026-08-01 19:59:15.661676
pay_003729,cust_02995,692.45,INR,WALLET,FAILED,FRAUD_SUSPECTED,1,0.693,2026-08-01 19:59:15.661676
pay_006415,cust_02954,2420.31,INR,NETBANKING,SUCCESS,,1,0.879,2026-08-01 20:02:15.661676
pay_008200,cust_02361,1927.0,INR,CARD,SUCCESS,,1,0.734,2026-08-01 20:38:15.661676
pay_003838,cust_02862,2449.93,INR,UPI,SUCCESS,,1,0.45,2026-08-01 20:54:15.661676
pay_006954,cust_00247,1059.16,INR,CARD,SUCCESS,,1,0.949,2026-08-01 20:58:15.661676
pay_005664,cust_02244,554.0,INR,UPI,FAILED,INSUFFICIENT_FUNDS,4,0.875,2026-08-01 21:28:15.661676
pay_002211,cust_02369,664.92,INR,CARD,SUCCESS,,1,0.585,2026-08-01 22:30:15.661676
pay_000823,cust_00660,11374.38,INR,NETBANKING,SUCCESS,,1,0.903,2026-08-01 22:39:15.661676
pay_003558,cust_01796,1995.13,INR,NETBANKING,SUCCESS,,1,0.85,2026-08-01 23:06:15.661676
pay_006197,cust_01058,575.56,INR,NETBANKING,SUCCESS,,1,0.86,2026-08-01 23:32:15.661676
pay_005765,cust_01193,1969.96,INR,WALLET,FAILED,TIMEOUT,4,0.69,2026-08-01 23:46:15.661676
pay_001206,cust_02740,1867.72,INR,UPI,SUCCESS,,1,0.881,2026-08-02 00:08:15.661676
pay_005646,cust_01534,448.38,INR,NETBANKING,SUCCESS,,1,0.579,2026-08-02 00:17:15.661676
pay_006772,cust_02284,1857.19,INR,CARD,SUCCESS,,1,0.745,2026-08-02 00:32:15.661676
pay_004241,cust_00754,414.26,INR,NETBANKING,SUCCESS,,1,0.548,2026-08-02 00:34:15.661676
pay_004383,cust_02445,1060.53,INR,NETBANKING,SUCCESS,,1,0.685,2026-08-02 00:38:15.661676
pay_002552,cust_00682,401.84,INR,WALLET,SUCCESS,,1,0.65,2026-08-02 00:46:15.661676
pay_006012,cust_01324,2584.35,INR,WALLET,SUCCESS,,1,0.825,2026-08-02 00:50:15.661676
pay_003295,cust_02184,688.41,INR,CARD,SUCCESS,,1,0.677,2026-08-02 00:56:15.661676
pay_008279,cust_00139,905.58,INR,WALLET,SUCCESS,,1,0.731,2026-08-02 00:58:15.661676
pay_004777,cust_02229,1773.33,INR,WALLET,FAILED,CARD_EXPIRED,1,0.806,2026-08-02 01:03:15.661676
pay_000016,cust_02622,1153.05,INR,CARD,SUCCESS,,1,0.865,2026-08-02 01:19:15.661676
pay_001970,cust_01629,4478.38,INR,WALLET,SUCCESS,,1,0.727,2026-08-02 01:30:15.661676
pay_002490,cust_01003,389.27,INR,CARD,SUCCESS,,1,0.869,2026-08-02 01:32:15.661676
pay_009056,cust_01954,1040.84,INR,WALLET,SUCCESS,,1,0.779,2026-08-02 01:48:15.661676
pay_004882,cust_00300,5426.94,INR,CARD,SUCCESS,,1,0.85,2026-08-02 02:17:15.661676
pay_009770,cust_00165,437.46,INR,NETBANKING,FAILED,BANK_ERROR,3,0.65,2026-08-02 02:17:15.661676
pay_003732,cust_02274,932.1,INR,WALLET,SUCCESS,,1,0.489,2026-08-02 02:21:15.661676
pay_005490,cust_02254,1329.34,INR,CARD,SUCCESS,,1,0.926,2026-08-02 02:28:15.661676
pay_009483,cust_01591,585.71,INR,CARD,SUCCESS,,1,0.466,2026-08-02 02:30:15.661676
pay_008607,cust_00780,579.94,INR,NETBANKING,SUCCESS,,1,0.713,2026-08-02 02:33:15.661676
pay_004534,cust_00162,895.36,INR,NETBANKING,SUCCESS,,1,0.468,2026-08-02 02:43:15.661676
pay_002441,cust_02848,7329.53,INR,NETBANKING,SUCCESS,,1,0.936,2026-08-02 02:58:15.661676
pay_006135,cust_00989,951.69,INR,UPI,SUCCESS,,1,0.494,2026-08-02 03:08:15.661676
pay_004184,cust_02291,1132.38,INR,NETBANKING,SUCCESS,,1,0.758,2026-08-02 03:26:15.661676
pay_005463,cust_00347,4324.91,INR,UPI,SUCCESS,,1,0.535,2026-08-02 03:38:15.661676
pay_006245,cust_00018,1114.4,INR,UPI,SUCCESS,,1,0.607,2026-08-02 03:51:15.661676
pay_001138,cust_00026,677.16,INR,UPI,SUCCESS,,1,0.664,2026-08-02 03:59:15.661676
pay_009916,cust_00695,2280.0,INR,CARD,SUCCESS,,1,0.762,2026-08-02 04:00:15.661676
pay_006337,cust_02659,3142.36,INR,CARD,SUCCESS,,1,0.821,2026-08-02 04:03:15.661676
pay_007010,cust_02504,5738.4,INR,CARD,SUCCESS,,1,0.578,2026-08-02 04:17:15.661676
pay_006719,cust_00765,7300.27,INR,UPI,SUCCESS,,1,0.467,2026-08-02 04:25:15.661676
pay_002165,cust_01733,6402.43,INR,CARD,SUCCESS,,1,0.92,2026-08-02 04:56:15.661676
pay_002505,cust_00528,758.91,INR,WALLET,SUCCESS,,1,0.713,2026-08-02 05:00:15.661676
pay_003882,cust_02003,2080.64,INR,UPI,SUCCESS,,1,0.501,2026-08-02 05:13:15.661676
pay_007895,cust_02083,384.39,INR,UPI,SUCCESS,,1,0.627,2026-08-02 05:16:15.661676
pay_006542,cust_01626,212.8,INR,WALLET,SUCCESS,,1,0.915,2026-08-02 05:16:15.661676
pay_008920,cust_02764,3500.77,INR,WALLET,FAILED,BANK_ERROR,4,0.868,2026-08-02 05:29:15.661676
pay_004892,cust_02111,681.69,INR,WALLET,SUCCESS,,1,0.595,2026-08-02 05:52:15.661676
pay_009508,cust_02889,3234.85,INR,NETBANKING,SUCCESS,,1,0.914,2026-08-02 05:52:15.661676
pay_003456,cust_01833,9342.95,INR,UPI,SUCCESS,,1,0.757,2026-08-02 05:59:15.661676
pay_001484,cust_01325,1313.29,INR,WALLET,SUCCESS,,1,0.657,2026-08-02 06:13:15.661676
pay_005717,cust_00516,2592.55,INR,CARD,SUCCESS,,1,0.888,2026-08-02 06:34:15.661676
pay_005862,cust_00769,4829.14,INR,UPI,SUCCESS,,1,0.481,2026-08-02 06:52:15.661676
pay_007812,cust_01637,1568.04,INR,WALLET,FAILED,NETWORK_ERROR,1,0.968,2026-08-02 07:07:15.661676
pay_000158,cust_01860,2641.41,INR,UPI,SUCCESS,,1,0.593,2026-08-02 07:22:15.661676
pay_004331,cust_01768,3118.45,INR,UPI,SUCCESS,,1,0.477,2026-08-02 07:43:15.661676
pay_003172,cust_01158,2941.27,INR,NETBANKING,SUCCESS,,1,0.579,2026-08-02 08:07:15.661676
pay_008163,cust_00486,3403.66,INR,UPI,SUCCESS,,1,0.722,2026-08-02 08:21:15.661676
pay_001096,cust_01800,1694.98,INR,WALLET,SUCCESS,,1,0.697,2026-08-02 08:25:15.661676
pay_003315,cust_00333,1354.02,INR,UPI,SUCCESS,,1,0.965,2026-08-02 08:37:15.661676
pay_009419,cust_00524,1970.83,INR,UPI,SUCCESS,,1,0.813,2026-08-02 08:37:15.661676
pay_001875,cust_02002,5157.71,INR,NETBANKING,SUCCESS,,1,0.543,2026-08-02 08:41:15.661676
pay_001373,cust_02844,603.34,INR,CARD,SUCCESS,,1,0.518,2026-08-02 08:49:15.661676
pay_002135,cust_00040,1362.08,INR,NETBANKING,SUCCESS,,1,0.628,2026-08-02 09:21:15.661676
pay_005569,cust_01108,2249.57,INR,UPI,SUCCESS,,1,0.925,2026-08-02 09:28:15.661676
pay_001009,cust_00173,4186.59,INR,WALLET,SUCCESS,,1,0.651,2026-08-02 09:36:15.661676
pay_003742,cust_00862,2743.59,INR,NETBANKING,SUCCESS,,1,0.775,2026-08-02 09:40:15.661676
pay_008358,cust_00733,886.83,INR,NETBANKING,SUCCESS,,1,0.854,2026-08-02 09:41:15.661676
pay_003009,cust_00402,4299.07,INR,WALLET,SUCCESS,,1,0.926,2026-08-02 10:01:15.661676
pay_005440,cust_02803,1723.25,INR,CARD,SUCCESS,,1,0.467,2026-08-02 10:07:15.661676
pay_004393,cust_02209,2343.67,INR,UPI,SUCCESS,,1,0.947,2026-08-02 10:17:15.661676
pay_001594,cust_01735,3726.21,INR,WALLET,FAILED,INSUFFICIENT_FUNDS,4,0.895,2026-08-02 10:56:15.661676
pay_008559,cust_01740,1677.19,INR,CARD,SUCCESS,,1,0.513,2026-08-02 11:03:15.661676
pay_001337,cust_01811,1106.85,INR,NETBANKING,SUCCESS,,1,0.709,2026-08-02 11:13:15.661676
pay_006803,cust_02229,275.79,INR,CARD,FAILED,BANK_ERROR,2,0.502,2026-08-02 11:17:15.661676
pay_005547,cust_00186,9216.02,INR,NETBANKING,SUCCESS,,1,0.48,2026-08-02 11:26:15.661676
pay_006291,cust_02327,1490.48,INR,UPI,SUCCESS,,1,0.956,2026-08-02 11:43:15.661676
pay_009850,cust_00579,3129.18,INR,CARD,SUCCESS,,1,0.702,2026-08-02 11:55:15.661676
pay_008079,cust_02630,2409.67,INR,WALLET,SUCCESS,,1,0.672,2026-08-02 12:20:15.661676
pay_000784,cust_01114,2946.78,INR,WALLET,SUCCESS,,1,0.882,2026-08-02 12:52:15.661676
pay_007157,cust_00314,4601.76,INR,UPI,SUCCESS,,1,0.64,2026-08-02 12:57:15.661676
pay_002857,cust_02867,1018.07,INR,NETBANKING,SUCCESS,,1,0.585,2026-08-02 13:00:15.661676
pay_005863,cust_02264,1383.2,INR,UPI,SUCCESS,,1,0.69,2026-08-02 13:07:15.661676
pay_006939,cust_02704,1282.15,INR,NETBANKING,SUCCESS,,1,0.919,2026-08-02 13:18:15.661676
pay_000227,cust_01146,1903.45,INR,UPI,SUCCESS,,1,0.689,2026-08-02 13:42:15.661676
pay_006188,cust_01073,4599.47,INR,UPI,SUCCESS,,1,0.778,2026-08-02 13:42:15.661676
pay_000429,cust_02059,4216.41,INR,NETBANKING,SUCCESS,,1,0.945,2026-08-02 13:43:15.661676
pay_006579,cust_02814,2214.96,INR,CARD,SUCCESS,,1,0.913,2026-08-02 14:06:15.661676
pay_006750,cust_00436,1566.17,INR,UPI,FAILED,TIMEOUT,2,0.939,2026-08-02 14:11:15.661676
pay_000397,cust_00621,459.2,INR,WALLET,SUCCESS,,1,0.721,2026-08-02 14:11:15.661676
pay_002222,cust_02317,1077.03,INR,WALLET,SUCCESS,,1,0.483,2026-08-02 14:23:15.661676
pay_004028,cust_01424,1468.74,INR,WALLET,FAILED,NETWORK_ERROR,3,0.468,2026-08-02 14:27:15.661676
pay_008645,cust_00416,2212.23,INR,UPI,FAILED,NETWORK_ERROR,2,0.828,2026-08-02 14:48:15.661676
pay_001423,cust_02001,1350.24,INR,UPI,SUCCESS,,1,0.631,2026-08-02 14:58:15.661676
pay_008959,cust_01936,3875.41,INR,CARD,SUCCESS,,1,0.517,2026-08-02 15:12:15.661676
pay_008721,cust_01251,1411.48,INR,CARD,SUCCESS,,1,0.663,2026-08-02 15:13:15.661676
pay_005092,cust_00242,1028.01,INR,WALLET,SUCCESS,,1,0.898,2026-08-02 15:34:15.661676
pay_007686,cust_00478,3721.26,INR,NETBANKING,FAILED,BANK_ERROR,4,0.822,2026-08-02 15:37:15.661676
pay_009716,cust_02228,1714.83,INR,CARD,SUCCESS,,1,0.961,2026-08-02 15:44:15.661676
pay_006401,cust_00478,2354.52,INR,UPI,FAILED,TIMEOUT,3,0.882,2026-08-02 16:18:15.661676
pay_003959,cust_00671,4418.11,INR,UPI,SUCCESS,,1,0.88,2026-08-02 16:22:15.661676
pay_003757,cust_00067,1964.02,INR,UPI,SUCCESS,,1,0.699,2026-08-02 16:43:15.661676
pay_001529,cust_01955,1222.83,INR,WALLET,SUCCESS,,1,0.805,2026-08-02 17:02:15.661676
pay_008025,cust_02327,146.82,INR,UPI,SUCCESS,,1,0.517,2026-08-02 17:03:15.661676
pay_004762,cust_00270,3087.36,INR,UPI,SUCCESS,,1,0.673,2026-08-02 17:05:15.661676
pay_009945,cust_02199,1549.39,INR,NETBANKING,SUCCESS,,1,0.967,2026-08-02 17:08:15.661676
pay_006515,cust_02554,2031.12,INR,WALLET,SUCCESS,,1,0.699,2026-08-02 17:15:15.661676
pay_007476,cust_02270,7217.45,INR,NETBANKING,SUCCESS,,1,0.931,2026-08-02 18:12:15.661676
pay_004586,cust_00520,4696.11,INR,NETBANKING,SUCCESS,,1,0.914,2026-08-02 18:23:15.661676
pay_007814,cust_01918,1314.71,INR,UPI,SUCCESS,,1,0.901,2026-08-02 18:42:15.661676
pay_005343,cust_00376,463.35,INR,WALLET,SUCCESS,,1,0.805,2026-08-02 18:56:15.661676
pay_000827,cust_02852,6397.47,INR,NETBANKING,SUCCESS,,1,0.95,2026-08-02 19:30:15.661676
pay_005989,cust_00327,2560.49,INR,CARD,SUCCESS,,1,0.612,2026-08-02 19:52:15.661676
pay_006093,cust_02537,1587.38,INR,WALLET,SUCCESS,,1,0.504,2026-08-02 20:03:15.661676
pay_005331,cust_00088,1174.96,INR,NETBANKING,SUCCESS,,1,0.813,2026-08-02 20:15:15.661676
pay_000868,cust_01345,2362.71,INR,NETBANKING,SUCCESS,,1,0.755,2026-08-02 20:38:15.661676
pay_008824,cust_00054,1075.78,INR,NETBANKING,SUCCESS,,1,0.74,2026-08-02 20:40:15.661676
pay_004814,cust_02478,950.36,INR,NETBANKING,SUCCESS,,1,0.628,2026-08-02 20:42:15.661676
pay_000759,cust_01020,909.88,INR,CARD,FAILED,NETWORK_ERROR,1,0.657,2026-08-02 20:47:15.661676
pay_009322,cust_01202,1306.51,INR,NETBANKING,SUCCESS,,1,0.774,2026-08-02 21:00:15.661676
pay_007342,cust_01425,2513.83,INR,UPI,SUCCESS,,1,0.812,2026-08-02 21:05:15.661676
pay_001880,cust_01965,948.9,INR,NETBANKING,SUCCESS,,1,0.879,2026-08-02 21:14:15.661676
pay_006480,cust_02096,2288.78,INR,UPI,SUCCESS,,1,0.84,2026-08-02 21:24:15.661676
pay_002845,cust_01815,2150.42,INR,UPI,SUCCESS,,1,0.756,2026-08-02 21:45:15.661676
pay_000350,cust_00879,1524.23,INR,NETBANKING,FAILED,INSUFFICIENT_FUNDS,1,0.523,2026-08-02 21:47:15.661676
pay_000586,cust_00494,2205.21,INR,WALLET,SUCCESS,,1,0.488,2026-08-02 21:54:15.661676
pay_008499,cust_02795,435.33,INR,WALLET,SUCCESS,,1,0.865,2026-08-02 22:02:15.661676
pay_000934,cust_01056,311.36,INR,NETBANKING,SUCCESS,,1,0.654,2026-08-02 22:15:15.661676
pay_005813,cust_02701,2154.19,INR,NETBANKING,SUCCESS,,1,0.522,2026-08-02 22:20:15.661676
pay_002524,cust_01242,1406.95,INR,CARD,SUCCESS,,1,0.652,2026-08-02 22:23:15.661676
pay_006328,cust_00120,2966.76,INR,CARD,SUCCESS,,1,0.582,2026-08-02 22:26:15.661676
pay_004386,cust_02646,1308.33,INR,NETBANKING,SUCCESS,,1,0.721,2026-08-02 22:29:15.661676
pay_009449,cust_00120,1332.34,INR,WALLET,SUCCESS,,1,0.637,2026-08-02 22:39:15.661676
pay_004103,cust_02529,5328.68,INR,NETBANKING,SUCCESS,,1,0.773,2026-08-02 22:48:15.661676
pay_001596,cust_02886,806.11,INR,UPI,SUCCESS,,1,0.706,2026-08-02 22:51:15.661676
pay_002944,cust_01706,1552.46,INR,WALLET,SUCCESS,,1,0.894,2026-08-02 23:06:15.661676
pay_005090,cust_02687,1021.61,INR,CARD,SUCCESS,,1,0.466,2026-08-02 23:13:15.661676
pay_003707,cust_00220,1188.38,INR,UPI,FAILED,INSUFFICIENT_FUNDS,2,0.514,2026-08-02 23:33:15.661676
pay_008122,cust_02406,703.32,INR,WALLET,FAILED,BANK_ERROR,2,0.706,2026-08-02 23:33:15.661676
pay_002159,cust_00993,5040.77,INR,CARD,SUCCESS,,1,0.975,2026-08-02 23:56:15.661676
pay_002661,cust_00638,705.94,INR,CARD,SUCCESS,,1,0.471,2026-08-03 00:10:15.661676
pay_004562,cust_02295,7152.61,INR,NETBANKING,SUCCESS,,1,0.787,2026-08-03 00:19:15.661676
pay_006109,cust_00451,2772.12,INR,UPI,SUCCESS,,1,0.817,2026-08-03 01:00:15.661676
pay_009752,cust_01223,2027.86,INR,UPI,SUCCESS,,1,0.933,2026-08-03 01:05:15.661676
pay_000469,cust_01962,1182.75,INR,CARD,SUCCESS,,1,0.56,2026-08-03 01:23:15.661676
pay_003224,cust_02724,3153.17,INR,CARD,SUCCESS,,1,0.655,2026-08-03 01:59:15.661676
pay_006279,cust_02595,687.21,INR,NETBANKING,SUCCESS,,1,0.476,2026-08-03 02:03:15.661676
pay_002808,cust_01620,928.49,INR,UPI,SUCCESS,,1,0.52,2026-08-03 02:12:15.661676
pay_001268,cust_01701,877.32,INR,CARD,SUCCESS,,1,0.539,2026-08-03 02:50:15.661676
pay_000459,cust_02149,1161.05,INR,NETBANKING,SUCCESS,,1,0.531,2026-08-03 02:52:15.661676
pay_004665,cust_01248,3212.27,INR,CARD,SUCCESS,,1,0.784,2026-08-03 03:01:15.661676
pay_006489,cust_01508,2494.43,INR,WALLET,FAILED,LIMIT_EXCEEDED,3,0.641,2026-08-03 04:01:15.661676
pay_000998,cust_01522,3018.98,INR,WALLET,SUCCESS,,1,0.628,2026-08-03 04:14:15.661676
pay_008259,cust_01888,1396.14,INR,WALLET,SUCCESS,,1,0.645,2026-08-03 04:19:15.661676
pay_002376,cust_00466,5760.61,INR,NETBANKING,SUCCESS,,1,0.519,2026-08-03 04:19:15.661676
pay_004471,cust_01008,2341.5,INR,NETBANKING,SUCCESS,,1,0.924,2026-08-03 04:20:15.661676
pay_003691,cust_01480,2770.23,INR,CARD,FAILED,USER_CANCELLED,1,0.64,2026-08-03 04:21:15.661676
pay_006654,cust_00613,2368.98,INR,NETBANKING,SUCCESS,,1,0.868,2026-08-03 04:43:15.661676
pay_000690,cust_00779,2579.65,INR,WALLET,SUCCESS,,1,0.95,2026-08-03 04:48:15.661676
pay_007874,cust_00140,878.67,INR,UPI,SUCCESS,,1,0.637,2026-08-03 05:20:15.661676
pay_001809,cust_02585,510.32,INR,UPI,SUCCESS,,1,0.53,2026-08-03 05:24:15.661676
pay_001577,cust_02558,496.65,INR,WALLET,SUCCESS,,1,0.888,2026-08-03 05:24:15.661676
pay_001545,cust_01421,1116.81,INR,WALLET,SUCCESS,,1,0.537,2026-08-03 05:30:15.661676
pay_000906,cust_01518,1876.47,INR,UPI,SUCCESS,,1,0.574,2026-08-03 05:47:15.661676
pay_002287,cust_01096,3383.66,INR,NETBANKING,SUCCESS,,1,0.506,2026-08-03 06:04:15.661676
pay_007440,cust_02482,2995.0,INR,UPI,FAILED,BANK_ERROR,3,0.49,2026-08-03 06:05:15.661676
pay_009343,cust_00812,5527.04,INR,WALLET,SUCCESS,,1,0.818,2026-08-03 06:06:15.661676
pay_008249,cust_01368,26954.52,INR,WALLET,SUCCESS,,1,0.57,2026-08-03 06:38:15.661676
pay_000006,cust_00027,1499.21,INR,CARD,SUCCESS,,1,0.6,2026-08-03 06:52:15.661676
pay_001748,cust_02700,2699.64,INR,CARD,SUCCESS,,1,0.663,2026-08-03 07:42:15.661676
pay_002153,cust_01555,1838.51,INR,NETBANKING,SUCCESS,,1,0.524,2026-08-03 08:01:15.661676
pay_007460,cust_00059,614.99,INR,WALLET,SUCCESS,,1,0.564,2026-08-03 08:02:15.661676
pay_006726,cust_00974,4711.37,INR,WALLET,SUCCESS,,1,0.64,2026-08-03 08:12:15.661676
pay_003309,cust_00573,7397.89,INR,CARD,SUCCESS,,1,0.73,2026-08-03 08:15:15.661676
pay_002492,cust_02814,1041.29,INR,WALLET,SUCCESS,,1,0.705,2026-08-03 08:16:15.661676
pay_009801,cust_00701,3816.34,INR,CARD,FAILED,BANK_ERROR,3,0.552,2026-08-03 08:24:15.661676
pay_003686,cust_02717,915.59,INR,CARD,FAILED,NETWORK_ERROR,4,0.618,2026-08-03 08:29:15.661676
pay_003814,cust_02302,1954.98,INR,NETBANKING,SUCCESS,,1,0.888,2026-08-03 09:01:15.661676
pay_007383,cust_00861,1407.91,INR,NETBANKING,SUCCESS,,1,0.942,2026-08-03 09:13:15.661676
pay_003976,cust_01814,2107.51,INR,CARD,SUCCESS,,1,0.933,2026-08-03 09:26:15.661676
pay_002085,cust_01258,1163.95,INR,UPI,SUCCESS,,1,0.989,2026-08-03 09:26:15.661676
pay_006998,cust_02696,1185.7,INR,WALLET,FAILED,FRAUD_SUSPECTED,4,0.725,2026-08-03 09:31:15.661676
pay_008562,cust_02015,3189.69,INR,CARD,SUCCESS,,1,0.587,2026-08-03 09:55:15.661676
pay_001452,cust_02009,7056.98,INR,NETBANKING,FAILED,NETWORK_ERROR,4,0.706,2026-08-03 10:06:15.661676
pay_003297,cust_01781,6912.69,INR,CARD,SUCCESS,,1,0.594,2026-08-03 10:15:15.661676
pay_006958,cust_02178,7668.46,INR,CARD,SUCCESS,,1,0.988,2026-08-03 10:27:15.661676
pay_007676,cust_00066,998.26,INR,CARD,FAILED,BANK_ERROR,2,0.761,2026-08-03 11:00:15.661676
pay_005859,cust_01547,1421.14,INR,NETBANKING,SUCCESS,,1,0.652,2026-08-03 11:05:15.661676
pay_003450,cust_01858,1298.68,INR,WALLET,SUCCESS,,1,0.915,2026-08-03 11:11:15.661676
pay_003680,cust_00268,1690.92,INR,CARD,SUCCESS,,1,0.741,2026-08-03 11:21:15.661676
pay_008268,cust_01090,769.56,INR,CARD,SUCCESS,,1,0.652,2026-08-03 11:46:15.661676
pay_004588,cust_01042,3771.14,INR,NETBANKING,FAILED,USER_CANCELLED,2,0.847,2026-08-03 11:50:15.661676
pay_003916,cust_01570,1679.96,INR,CARD,SUCCESS,,1,0.533,2026-08-03 11:52:15.661676
pay_007675,cust_00881,924.45,INR,NETBANKING,SUCCESS,,1,0.82,2026-08-03 12:13:15.661676
pay_003705,cust_01716,1615.98,INR,NETBANKING,SUCCESS,,1,0.509,2026-08-03 12:14:15.661676
pay_009639,cust_02589,1108.91,INR,UPI,FAILED,LIMIT_EXCEEDED,4,0.657,2026-08-03 12:16:15.661676
pay_000939,cust_02116,2197.42,INR,UPI,SUCCESS,,1,0.584,2026-08-03 12:43:15.661676
pay_000632,cust_02129,6146.51,INR,WALLET,FAILED,INSUFFICIENT_FUNDS,1,0.764,2026-08-03 12:47:15.661676
pay_000854,cust_02399,4680.75,INR,UPI,SUCCESS,,1,0.643,2026-08-03 12:52:15.661676
pay_009113,cust_02077,4229.06,INR,NETBANKING,SUCCESS,,1,0.881,2026-08-03 13:20:15.661676
pay_003897,cust_01475,5512.45,INR,CARD,SUCCESS,,1,0.518,2026-08-03 13:20:15.661676
pay_001866,cust_01157,478.19,INR,CARD,SUCCESS,,1,0.663,2026-08-03 13:21:15.661676
pay_009400,cust_01754,3016.71,INR,NETBANKING,FAILED,NETWORK_ERROR,4,0.854,2026-08-03 13:25:15.661676
pay_001948,cust_02894,1766.21,INR,UPI,SUCCESS,,1,0.78,2026-08-03 13:26:15.661676
pay_002477,cust_00139,1503.13,INR,NETBANKING,SUCCESS,,1,0.644,2026-08-03 13:45:15.661676
pay_005672,cust_01132,1875.83,INR,CARD,SUCCESS,,1,0.575,2026-08-03 13:57:15.661676
pay_000569,cust_02687,404.79,INR,CARD,SUCCESS,,1,0.585,2026-08-03 14:03:15.661676
pay_002423,cust_00023,1504.91,INR,NETBANKING,SUCCESS,,1,0.825,2026-08-03 14:08:15.661676
pay_002223,cust_02395,3279.2,INR,UPI,SUCCESS,,1,0.528,2026-08-03 14:22:15.661676
pay_009060,cust_02803,4542.95,INR,NETBANKING,SUCCESS,,1,0.604,2026-08-03 14:34:15.661676
pay_005400,cust_00569,2319.7,INR,NETBANKING,SUCCESS,,1,0.694,2026-08-03 14:45:15.661676
pay_003660,cust_02478,10615.02,INR,WALLET,SUCCESS,,1,0.901,2026-08-03 15:19:15.661676
pay_000805,cust_01196,1277.17,INR,NETBANKING,SUCCESS,,1,0.934,2026-08-03 15:31:15.661676
pay_001191,cust_00964,1967.07,INR,WALLET,SUCCESS,,1,0.788,2026-08-03 15:47:15.661676
pay_006202,cust_01368,751.66,INR,NETBANKING,SUCCESS,,1,0.814,2026-08-03 16:21:15.661676
pay_001034,cust_01467,3034.36,INR,WALLET,SUCCESS,,1,0.927,2026-08-03 16:30:15.661676
pay_009161,cust_02066,1172.42,INR,UPI,SUCCESS,,1,0.88,2026-08-03 16:33:15.661676
pay_001921,cust_00030,371.13,INR,WALLET,SUCCESS,,1,0.636,2026-08-03 16:36:15.661676
pay_007521,cust_02776,3977.15,INR,NETBANKING,SUCCESS,,1,0.957,2026-08-03 16:37:15.661676
pay_009928,cust_01738,1498.68,INR,WALLET,SUCCESS,,1,0.789,2026-08-03 16:38:15.661676
pay_005563,cust_02504,1097.06,INR,CARD,SUCCESS,,1,0.711,2026-08-03 16:39:15.661676
pay_009287,cust_02279,2547.03,INR,WALLET,SUCCESS,,1,0.95,2026-08-03 16:41:15.661676
pay_002889,cust_00776,1328.73,INR,UPI,SUCCESS,,1,0.552,2026-08-03 17:12:15.661676
pay_006566,cust_01277,3183.65,INR,CARD,SUCCESS,,1,0.487,2026-08-03 17:35:15.661676
pay_002015,cust_02159,3510.73,INR,CARD,SUCCESS,,1,0.645,2026-08-03 17:41:15.661676
pay_004797,cust_01017,2667.64,INR,NETBANKING,SUCCESS,,1,0.653,2026-08-03 17:45:15.661676
pay_006017,cust_00066,10330.44,INR,UPI,FAILED,BANK_ERROR,3,0.905,2026-08-03 17:52:15.661676
pay_006380,cust_02811,1915.63,INR,CARD,SUCCESS,,1,0.545,2026-08-03 18:12:15.661676
pay_000773,cust_00827,2998.68,INR,NETBANKING,SUCCESS,,1,0.537,2026-08-03 18:26:15.661676
pay_005696,cust_01062,2749.48,INR,CARD,SUCCESS,,1,0.891,2026-08-03 18:45:15.661676
pay_004420,cust_01606,306.53,INR,WALLET,SUCCESS,,1,0.955,2026-08-03 18:47:15.661676
pay_005847,cust_00092,18803.83,INR,CARD,SUCCESS,,1,0.976,2026-08-03 18:47:15.661676
pay_000885,cust_01328,3119.77,INR,UPI,FAILED,LIMIT_EXCEEDED,3,0.901,2026-08-03 19:06:15.661676
pay_008262,cust_01334,7148.74,INR,NETBANKING,SUCCESS,,1,0.976,2026-08-03 19:14:15.661676
pay_009518,cust_01068,4686.42,INR,UPI,SUCCESS,,1,0.659,2026-08-03 19:18:15.661676
pay_009120,cust_00715,5441.82,INR,CARD,SUCCESS,,1,0.582,2026-08-03 19:39:15.661676
pay_003772,cust_02904,1214.32,INR,UPI,SUCCESS,,1,0.986,2026-08-03 19:51:15.661676
pay_008207,cust_02400,2950.75,INR,CARD,FAILED,BANK_ERROR,3,0.854,2026-08-03 20:15:15.661676
pay_004285,cust_02535,969.45,INR,UPI,SUCCESS,,1,0.63,2026-08-03 20:21:15.661676
pay_007238,cust_02067,2257.56,INR,WALLET,FAILED,BANK_ERROR,1,0.578,2026-08-03 20:26:15.661676
pay_008493,cust_00116,1651.56,INR,CARD,SUCCESS,,1,0.951,2026-08-03 20:49:15.661676
pay_000672,cust_00298,344.22,INR,NETBANKING,FAILED,NETWORK_ERROR,1,0.632,2026-08-03 20:51:15.661676
pay_003743,cust_00891,2338.68,INR,WALLET,SUCCESS,,1,0.508,2026-08-03 20:56:15.661676
pay_001165,cust_01606,4097.19,INR,CARD,SUCCESS,,1,0.77,2026-08-03 21:09:15.661676
pay_001202,cust_02328,1282.38,INR,WALLET,SUCCESS,,1,0.763,2026-08-03 21:36:15.661676
pay_008938,cust_02028,10858.91,INR,WALLET,SUCCESS,,1,0.797,2026-08-03 21:39:15.661676
pay_005980,cust_00976,2667.9,INR,CARD,SUCCESS,,1,0.755,2026-08-03 21:55:15.661676
pay_008408,cust_01708,461.85,INR,UPI,SUCCESS,,1,0.602,2026-08-03 21:56:15.661676
pay_005883,cust_02712,3095.9,INR,UPI,FAILED,INSUFFICIENT_FUNDS,1,0.517,2026-08-03 22:13:15.661676
pay_008800,cust_00315,4675.87,INR,WALLET,SUCCESS,,1,0.981,2026-08-03 22:28:15.661676
pay_002288,cust_01420,1478.48,INR,WALLET,FAILED,INSUFFICIENT_FUNDS,1,0.56,2026-08-03 22:57:15.661676
pay_007723,cust_00695,2063.57,INR,CARD,SUCCESS,,1,0.945,2026-08-03 23:04:15.661676
pay_002452,cust_02922,929.4,INR,CARD,SUCCESS,,1,0.92,2026-08-03 23:15:15.661676
pay_007920,cust_00838,2628.46,INR,WALLET,SUCCESS,,1,0.658,2026-08-03 23:16:15.661676
pay_002178,cust_01424,2096.01,INR,NETBANKING,SUCCESS,,1,0.846,2026-08-03 23:43:15.661676
pay_005690,cust_02141,1580.34,INR,NETBANKING,FAILED,USER_CANCELLED,1,0.945,2026-08-03 23:47:15.661676
pay_002493,cust_01542,1218.65,INR,WALLET,SUCCESS,,1,0.945,2026-08-04 00:32:15.661676
pay_005568,cust_01204,3144.14,INR,UPI,FAILED,NETWORK_ERROR,2,0.799,2026-08-04 00:48:15.661676
pay_001558,cust_02743,950.95,INR,UPI,SUCCESS,,1,0.961,2026-08-04 00:55:15.661676
pay_007362,cust_01477,3074.56,INR,UPI,SUCCESS,,1,0.559,2026-08-04 01:29:15.661676
pay_005555,cust_00436,1718.39,INR,CARD,SUCCESS,,1,0.888,2026-08-04 01:30:15.661676
pay_006262,cust_01470,3356.29,INR,UPI,SUCCESS,,1,0.704,2026-08-04 01:34:15.661676
pay_005048,cust_01079,1776.45,INR,CARD,SUCCESS,,1,0.457,2026-08-04 01:38:15.661676
pay_007937,cust_01718,306.48,INR,UPI,SUCCESS,,1,0.731,2026-08-04 02:39:15.661676
pay_002874,cust_01739,1132.64,INR,WALLET,SUCCESS,,1,0.959,2026-08-04 02:50:15.661676
pay_006360,cust_01643,544.93,INR,UPI,SUCCESS,,1,0.654,2026-08-04 03:12:15.661676
pay_007488,cust_01420,2614.59,INR,WALLET,FAILED,BANK_ERROR,1,0.956,2026-08-04 03:20:15.661676
pay_009715,cust_02451,2601.29,INR,WALLET,SUCCESS,,1,0.696,2026-08-04 03:44:15.661676
pay_005939,cust_02319,4893.45,INR,NETBANKING,SUCCESS,,1,0.945,2026-08-04 03:48:15.661676
pay_006058,cust_02082,4107.24,INR,WALLET,SUCCESS,,1,0.64,2026-08-04 03:48:15.661676
pay_000038,cust_00030,377.01,INR,UPI,SUCCESS,,1,0.574,2026-08-04 04:04:15.661676
pay_006130,cust_02493,564.51,INR,UPI,SUCCESS,,1,0.854,2026-08-04 04:27:15.661676
pay_002124,cust_00377,1465.11,INR,NETBANKING,SUCCESS,,1,0.609,2026-08-04 04:35:15.661676
pay_002919,cust_02592,1955.6,INR,CARD,SUCCESS,,1,0.578,2026-08-04 04:38:15.661676
pay_005669,cust_01571,452.95,INR,CARD,SUCCESS,,1,0.85,2026-08-04 04:47:15.661676
pay_002886,cust_01950,1212.23,INR,CARD,FAILED,CARD_EXPIRED,2,0.703,2026-08-04 04:56:15.661676
pay_005991,cust_02646,2780.02,INR,WALLET,SUCCESS,,1,0.709,2026-08-04 05:01:15.661676
pay_003026,cust_01762,1325.02,INR,UPI,SUCCESS,,1,0.825,2026-08-04 05:18:15.661676
pay_003886,cust_02278,2776.74,INR,UPI,SUCCESS,,1,0.986,2026-08-04 06:13:15.661676
pay_008230,cust_00038,3255.51,INR,NETBANKING,SUCCESS,,1,0.686,2026-08-04 06:17:15.661676
pay_008991,cust_02801,6508.47,INR,CARD,FAILED,TIMEOUT,3,0.815,2026-08-04 06:25:15.661676
pay_007176,cust_00945,2410.87,INR,NETBANKING,SUCCESS,,1,0.66,2026-08-04 06:42:15.661676
pay_003971,cust_01417,1315.86,INR,NETBANKING,SUCCESS,,1,0.869,2026-08-04 07:00:15.661676
pay_009536,cust_02798,1243.65,INR,NETBANKING,SUCCESS,,1,0.474,2026-08-04 07:05:15.661676
pay_007841,cust_02146,1719.32,INR,CARD,SUCCESS,,1,0.917,2026-08-04 07:34:15.661676
pay_000352,cust_01310,5885.72,INR,NETBANKING,SUCCESS,,1,0.743,2026-08-04 07:46:15.661676
pay_008517,cust_02961,861.01,INR,UPI,FAILED,INSUFFICIENT_FUNDS,2,0.91,2026-08-04 07:55:15.661676
pay_007371,cust_00448,2136.84,INR,WALLET,FAILED,LIMIT_EXCEEDED,2,0.687,2026-08-04 07:58:15.661676
pay_000835,cust_01354,1758.56,INR,WALLET,FAILED,BANK_ERROR,3,0.772,2026-08-04 08:06:15.661676
pay_000176,cust_02494,3504.3,INR,CARD,SUCCESS,,1,0.747,2026-08-04 08:18:15.661676
pay_001316,cust_00503,633.04,INR,WALLET,SUCCESS,,1,0.896,2026-08-04 08:24:15.661676
pay_001148,cust_01263,571.33,INR,NETBANKING,SUCCESS,,1,0.673,2026-08-04 08:26:15.661676
pay_007089,cust_00266,1886.44,INR,NETBANKING,SUCCESS,,1,0.722,2026-08-04 08:59:15.661676
pay_002190,cust_01445,2895.3,INR,NETBANKING,SUCCESS,,1,0.73,2026-08-04 09:07:15.661676
pay_007847,cust_02723,886.04,INR,UPI,SUCCESS,,1,0.804,2026-08-04 09:09:15.661676
pay_000970,cust_01298,575.58,INR,NETBANKING,SUCCESS,,1,0.798,2026-08-04 09:43:15.661676
pay_003751,cust_02451,1131.45,INR,WALLET,SUCCESS,,1,0.595,2026-08-04 09:49:15.661676
pay_006499,cust_02013,1714.44,INR,NETBANKING,SUCCESS,,1,0.53,2026-08-04 09:56:15.661676
pay_007492,cust_02223,973.25,INR,NETBANKING,FAILED,INSUFFICIENT_FUNDS,3,0.487,2026-08-04 10:04:15.661676
pay_004990,cust_01612,12254.98,INR,CARD,SUCCESS,,1,0.755,2026-08-04 10:14:15.661676
pay_006983,cust_02022,1448.8,INR,UPI,SUCCESS,,1,0.629,2026-08-04 10:18:15.661676
pay_004068,cust_00134,2293.41,INR,NETBANKING,SUCCESS,,1,0.526,2026-08-04 10:26:15.661676
pay_004974,cust_00912,340.8,INR,NETBANKING,SUCCESS,,1,0.592,2026-08-04 10:46:15.661676
pay_007369,cust_01255,646.33,INR,NETBANKING,SUCCESS,,1,0.905,2026-08-04 11:31:15.661676
pay_002158,cust_01081,1402.24,INR,NETBANKING,SUCCESS,,1,0.752,2026-08-04 11:48:15.661676
pay_000309,cust_01521,2800.85,INR,UPI,SUCCESS,,1,0.91,2026-08-04 11:50:15.661676
pay_008195,cust_00944,1970.73,INR,WALLET,SUCCESS,,1,0.714,2026-08-04 12:04:15.661676
pay_006596,cust_00482,5231.92,INR,WALLET,SUCCESS,,1,0.573,2026-08-04 12:16:15.661676
pay_000922,cust_01642,795.35,INR,NETBANKING,FAILED,BANK_ERROR,2,0.796,2026-08-04 12:17:15.661676
pay_002739,cust_00383,6268.73,INR,UPI,SUCCESS,,1,0.924,2026-08-04 12:25:15.661676
pay_006284,cust_00995,4085.25,INR,UPI,FAILED,CARD_EXPIRED,1,0.704,2026-08-04 12:38:15.661676
pay_000353,cust_01229,3590.79,INR,CARD,SUCCESS,,1,0.828,2026-08-04 12:44:15.661676
pay_001328,cust_00682,1611.19,INR,CARD,SUCCESS,,1,0.548,2026-08-04 12:44:15.661676
pay_001092,cust_00550,1755.0,INR,WALLET,SUCCESS,,1,0.549,2026-08-04 13:11:15.661676
pay_009031,cust_02217,1790.73,INR,NETBANKING,SUCCESS,,1,0.909,2026-08-04 13:28:15.661676
pay_000870,cust_01009,9028.7,INR,CARD,SUCCESS,,1,0.686,2026-08-04 13:35:15.661676
pay_005845,cust_01285,3218.91,INR,WALLET,SUCCESS,,1,0.757,2026-08-04 13:44:15.661676
pay_000613,cust_00262,2261.93,INR,NETBANKING,FAILED,CARD_EXPIRED,4,0.696,2026-08-04 13:51:15.661676
pay_003082,cust_00336,2022.9,INR,WALLET,SUCCESS,,1,0.531,2026-08-04 14:04:15.661676
pay_003058,cust_02815,2129.22,INR,NETBANKING,SUCCESS,,1,0.623,2026-08-04 14:30:15.661676
pay_000732,cust_02492,826.58,INR,NETBANKING,FAILED,LIMIT_EXCEEDED,4,0.934,2026-08-04 14:46:15.661676
pay_006606,cust_02191,463.44,INR,WALLET,SUCCESS,,1,0.669,2026-08-04 15:12:15.661676
pay_000035,cust_02990,3491.32,INR,CARD,SUCCESS,,1,0.987,2026-08-04 15:13:15.661676
pay_006191,cust_00923,4300.13,INR,UPI,SUCCESS,,1,0.573,2026-08-04 15:22:15.661676
pay_003090,cust_00265,2028.13,INR,WALLET,SUCCESS,,1,0.66,2026-08-04 15:29:15.661676
pay_002759,cust_02981,731.8,INR,UPI,SUCCESS,,1,0.683,2026-08-04 16:40:15.661676
pay_006604,cust_01005,2533.54,INR,NETBANKING,SUCCESS,,1,0.531,2026-08-04 16:43:15.661676
pay_009633,cust_00024,1424.36,INR,UPI,SUCCESS,,1,0.688,2026-08-04 17:08:15.661676
pay_004966,cust_00190,1497.32,INR,CARD,SUCCESS,,1,0.677,2026-08-04 17:11:15.661676
pay_005829,cust_01161,2055.91,INR,NETBANKING,SUCCESS,,1,0.47,2026-08-04 17:16:15.661676
pay_005640,cust_00364,2176.09,INR,WALLET,SUCCESS,,1,0.937,2026-08-04 17:39:15.661676
pay_004066,cust_02717,1089.74,INR,WALLET,SUCCESS,,1,0.722,2026-08-04 17:58:15.661676
pay_003733,cust_01945,359.68,INR,NETBANKING,SUCCESS,,1,0.743,2026-08-04 17:59:15.661676
pay_001588,cust_02929,1348.0,INR,CARD,SUCCESS,,1,0.848,2026-08-04 18:17:15.661676
pay_001899,cust_01104,2831.99,INR,CARD,SUCCESS,,1,0.805,2026-08-04 18:29:15.661676
pay_004323,cust_02546,4799.3,INR,WALLET,SUCCESS,,1,0.503,2026-08-04 18:48:15.661676
pay_008240,cust_01585,835.55,INR,NETBANKING,SUCCESS,,1,0.646,2026-08-04 19:59:15.661676
pay_000526,cust_02698,426.71,INR,CARD,SUCCESS,,1,0.654,2026-08-04 20:13:15.661676
pay_003904,cust_00236,850.61,INR,NETBANKING,SUCCESS,,1,0.575,2026-08-04 20:14:15.661676
pay_007276,cust_00315,1029.54,INR,WALLET,SUCCESS,,1,0.908,2026-08-04 20:23:15.661676
pay_009638,cust_01600,5987.95,INR,CARD,SUCCESS,,1,0.494,2026-08-04 20:25:15.661676
pay_005215,cust_01395,2412.25,INR,WALLET,SUCCESS,,1,0.602,2026-08-04 20:53:15.661676
pay_009237,cust_02761,2776.96,INR,WALLET,SUCCESS,,1,0.686,2026-08-04 21:20:15.661676
pay_002562,cust_02933,1936.33,INR,UPI,SUCCESS,,1,0.799,2026-08-04 21:26:15.661676
pay_000803,cust_01938,1952.56,INR,NETBANKING,SUCCESS,,1,0.503,2026-08-04 21:42:15.661676
pay_000330,cust_00553,2988.95,INR,UPI,SUCCESS,,1,0.697,2026-08-04 21:59:15.661676
pay_004173,cust_02768,1227.41,INR,UPI,SUCCESS,,1,0.531,2026-08-04 22:18:15.661676
pay_002998,cust_02843,669.54,INR,CARD,SUCCESS,,1,0.879,2026-08-04 22:20:15.661676
pay_009009,cust_01364,2307.96,INR,UPI,SUCCESS,,1,0.597,2026-08-04 22:43:15.661676
pay_004856,cust_00121,11789.01,INR,UPI,SUCCESS,,1,0.876,2026-08-04 23:14:15.661676
pay_002565,cust_01489,883.35,INR,WALLET,FAILED,CARD_EXPIRED,4,0.681,2026-08-04 23:15:15.661676
pay_008338,cust_02268,612.6,INR,UPI,FAILED,USER_CANCELLED,4,0.812,2026-08-04 23:22:15.661676
pay_006899,cust_01310,1749.29,INR,UPI,SUCCESS,,1,0.587,2026-08-04 23:51:15.661676
pay_004163,cust_00824,1458.38,INR,CARD,SUCCESS,,1,0.504,2026-08-04 23:51:15.661676
pay_005754,cust_00651,611.08,INR,CARD,SUCCESS,,1,0.451,2026-08-04 23:52:15.661676
pay_000437,cust_00477,6653.46,INR,CARD,SUCCESS,,1,0.499,2026-08-04 23:53:15.661676
pay_003900,cust_00538,2449.68,INR,CARD,SUCCESS,,1,0.644,2026-08-04 23:56:15.661676
pay_009498,cust_02206,3234.84,INR,WALLET,SUCCESS,,1,0.857,2026-08-05 01:03:15.661676
pay_007105,cust_00775,3000.64,INR,CARD,SUCCESS,,1,0.714,2026-08-05 01:06:15.661676
pay_009849,cust_02751,932.11,INR,WALLET,SUCCESS,,1,0.968,2026-08-05 01:13:15.661676
pay_008654,cust_01330,1619.39,INR,UPI,SUCCESS,,1,0.944,2026-08-05 01:21:15.661676
pay_006156,cust_02947,2588.38,INR,WALLET,SUCCESS,,1,0.849,2026-08-05 01:27:15.661676
pay_006159,cust_01119,1946.72,INR,WALLET,SUCCESS,,1,0.952,2026-08-05 01:30:15.661676
pay_003825,cust_02410,1057.76,INR,CARD,FAILED,USER_CANCELLED,2,0.745,2026-08-05 01:42:15.661676
pay_005268,cust_01298,1166.4,INR,UPI,FAILED,INSUFFICIENT_FUNDS,4,0.456,2026-08-05 01:45:15.661676
pay_006004,cust_02439,1166.31,INR,UPI,FAILED,TIMEOUT,1,0.943,2026-08-05 01:53:15.661676
pay_007588,cust_01004,3478.6,INR,NETBANKING,SUCCESS,,1,0.673,2026-08-05 01:54:15.661676
pay_004679,cust_00124,3601.66,INR,CARD,SUCCESS,,1,0.739,2026-08-05 02:10:15.661676
pay_006411,cust_01984,2569.81,INR,UPI,SUCCESS,,1,0.973,2026-08-05 02:49:15.661676
pay_008797,cust_02678,1198.38,INR,WALLET,SUCCESS,,1,0.484,2026-08-05 02:51:15.661676
pay_002723,cust_01728,775.01,INR,WALLET,SUCCESS,,1,0.638,2026-08-05 02:53:15.661676
pay_005460,cust_00262,1536.45,INR,UPI,SUCCESS,,1,0.769,2026-08-05 02:59:15.661676
pay_001108,cust_01328,778.42,INR,CARD,SUCCESS,,1,0.499,2026-08-05 03:04:15.661676
pay_003951,cust_01266,2730.49,INR,CARD,SUCCESS,,1,0.695,2026-08-05 03:07:15.661676
pay_005389,cust_00179,623.55,INR,UPI,SUCCESS,,1,0.591,2026-08-05 03:08:15.661676
pay_001477,cust_00481,1641.3,INR,UPI,SUCCESS,,1,0.868,2026-08-05 03:32:15.661676
pay_009185,cust_00076,1576.65,INR,WALLET,SUCCESS,,1,0.615,2026-08-05 04:13:15.661676
pay_004034,cust_01520,186.56,INR,WALLET,SUCCESS,,1,0.649,2026-08-05 04:28:15.661676
pay_003736,cust_00941,1639.84,INR,NETBANKING,SUCCESS,,1,0.898,2026-08-05 04:51:15.661676
pay_003317,cust_02478,1731.73,INR,UPI,SUCCESS,,1,0.641,2026-08-05 04:56:15.661676
pay_004701,cust_01733,817.06,INR,UPI,SUCCESS,,1,0.933,2026-08-05 04:57:15.661676
pay_003469,cust_02516,1256.85,INR,UPI,SUCCESS,,1,0.976,2026-08-05 05:20:15.661676
pay_005078,cust_01614,4145.29,INR,WALLET,SUCCESS,,1,0.576,2026-08-05 05:55:15.661676
pay_006016,cust_00044,907.73,INR,UPI,SUCCESS,,1,0.777,2026-08-05 05:58:15.661676
pay_000137,cust_00351,966.23,INR,CARD,SUCCESS,,1,0.75,2026-08-05 06:47:15.661676
pay_002753,cust_00430,1245.58,INR,CARD,SUCCESS,,1,0.829,2026-08-05 06:51:15.661676
pay_006651,cust_00102,2221.2,INR,UPI,SUCCESS,,1,0.904,2026-08-05 06:53:15.661676
pay_003930,cust_00981,2075.18,INR,CARD,FAILED,TIMEOUT,4,0.976,2026-08-05 06:59:15.661676
pay_004200,cust_00189,2855.33,INR,NETBANKING,SUCCESS,,1,0.817,2026-08-05 07:04:15.661676
pay_000479,cust_00694,21228.6,INR,CARD,SUCCESS,,1,0.549,2026-08-05 07:18:15.661676
pay_005826,cust_02417,473.63,INR,WALLET,SUCCESS,,1,0.893,2026-08-05 07:25:15.661676
pay_006329,cust_02317,5506.21,INR,WALLET,SUCCESS,,1,0.893,2026-08-05 08:32:15.661676
pay_003794,cust_00219,1491.4,INR,NETBANKING,SUCCESS,,1,0.594,2026-08-05 08:49:15.661676
pay_009665,cust_00388,1126.08,INR,NETBANKING,SUCCESS,,1,0.498,2026-08-05 09:01:15.661676
pay_002578,cust_01063,4013.77,INR,NETBANKING,SUCCESS,,1,0.92,2026-08-05 09:07:15.661676
pay_000302,cust_02559,1155.0,INR,CARD,SUCCESS,,1,0.672,2026-08-05 09:12:15.661676
pay_002008,cust_01600,940.42,INR,WALLET,SUCCESS,,1,0.977,2026-08-05 09:33:15.661676
pay_000394,cust_02370,7825.69,INR,CARD,SUCCESS,,1,0.709,2026-08-05 09:41:15.661676
pay_001574,cust_02268,610.78,INR,NETBANKING,SUCCESS,,1,0.941,2026-08-05 10:01:15.661676
pay_003937,cust_02404,4912.82,INR,NETBANKING,SUCCESS,,1,0.937,2026-08-05 10:26:15.661676
pay_004451,cust_02527,1216.86,INR,UPI,SUCCESS,,1,0.503,2026-08-05 10:28:15.661676
pay_002567,cust_02375,815.13,INR,UPI,SUCCESS,,1,0.673,2026-08-05 10:59:15.661676
pay_006422,cust_02501,936.87,INR,CARD,FAILED,TIMEOUT,2,0.675,2026-08-05 11:05:15.661676
pay_001980,cust_00341,2503.99,INR,NETBANKING,SUCCESS,,1,0.935,2026-08-05 11:10:15.661676
pay_005951,cust_00173,2016.82,INR,CARD,SUCCESS,,1,0.52,2026-08-05 11:13:15.661676
pay_006530,cust_00459,951.52,INR,CARD,SUCCESS,,1,0.536,2026-08-05 11:23:15.661676
pay_002341,cust_01379,3162.32,INR,UPI,SUCCESS,,1,0.849,2026-08-05 11:23:15.661676
pay_005976,cust_01495,1084.78,INR,UPI,SUCCESS,,1,0.683,2026-08-05 11:48:15.661676
pay_006453,cust_01552,750.9,INR,UPI,SUCCESS,,1,0.453,2026-08-05 11:49:15.661676
pay_004780,cust_00847,142.4,INR,CARD,SUCCESS,,1,0.839,2026-08-05 11:49:15.661676
pay_008563,cust_00415,3798.69,INR,NETBANKING,SUCCESS,,1,0.779,2026-08-05 11:56:15.661676
pay_009181,cust_01194,1675.52,INR,CARD,FAILED,USER_CANCELLED,4,0.512,2026-08-05 12:16:15.661676
pay_001983,cust_02390,1095.13,INR,UPI,SUCCESS,,1,0.656,2026-08-05 12:18:15.661676
pay_007107,cust_02467,384.53,INR,NETBANKING,SUCCESS,,1,0.658,2026-08-05 12:29:15.661676
pay_002618,cust_00658,1930.62,INR,NETBANKING,SUCCESS,,1,0.839,2026-08-05 12:51:15.661676
pay_005188,cust_00797,2145.33,INR,WALLET,SUCCESS,,1,0.781,2026-08-05 12:56:15.661676
pay_006820,cust_01830,1170.42,INR,UPI,SUCCESS,,1,0.48,2026-08-05 13:05:15.661676
pay_006843,cust_01884,8077.68,INR,WALLET,SUCCESS,,1,0.588,2026-08-05 13:18:15.661676
pay_002145,cust_00390,1512.38,INR,WALLET,SUCCESS,,1,0.621,2026-08-05 13:44:15.661676
pay_002838,cust_01634,6639.34,INR,CARD,SUCCESS,,1,0.583,2026-08-05 13:51:15.661676
pay_008503,cust_01058,8234.75,INR,CARD,SUCCESS,,1,0.535,2026-08-05 13:52:15.661676
pay_006652,cust_00860,1372.54,INR,WALLET,FAILED,INSUFFICIENT_FUNDS,2,0.555,2026-08-05 13:54:15.661676
pay_007091,cust_01603,1234.6,INR,NETBANKING,SUCCESS,,1,0.979,2026-08-05 14:04:15.661676
pay_006504,cust_00992,604.24,INR,CARD,FAILED,USER_CANCELLED,3,0.924,2026-08-05 14:15:15.661676
pay_004128,cust_00797,7623.42,INR,CARD,SUCCESS,,1,0.804,2026-08-05 15:02:15.661676
pay_008151,cust_00918,2627.54,INR,UPI,SUCCESS,,1,0.852,2026-08-05 15:21:15.661676
pay_004436,cust_01178,3154.83,INR,CARD,SUCCESS,,1,0.729,2026-08-05 15:24:15.661676
pay_001129,cust_00360,1717.61,INR,WALLET,SUCCESS,,1,0.954,2026-08-05 15:31:15.661676
pay_002826,cust_02952,7067.66,INR,CARD,FAILED,NETWORK_ERROR,2,0.937,2026-08-05 15:32:15.661676
pay_007704,cust_00313,4006.39,INR,UPI,SUCCESS,,1,0.526,2026-08-05 15:50:15.661676
pay_004140,cust_00487,1814.17,INR,WALLET,SUCCESS,,1,0.61,2026-08-05 15:51:15.661676
pay_003928,cust_02620,2617.53,INR,CARD,SUCCESS,,1,0.893,2026-08-05 16:08:15.661676
pay_006373,cust_01915,4425.4,INR,UPI,FAILED,INSUFFICIENT_FUNDS,3,0.481,2026-08-05 16:31:15.661676
pay_008882,cust_00100,1343.45,INR,WALLET,SUCCESS,,1,0.905,2026-08-05 17:06:15.661676
pay_000511,cust_01589,2244.79,INR,UPI,FAILED,TIMEOUT,2,0.759,2026-08-05 17:12:15.661676
pay_006208,cust_01626,2004.9,INR,WALLET,SUCCESS,,1,0.529,2026-08-05 17:13:15.661676
pay_003425,cust_00378,436.68,INR,WALLET,SUCCESS,,1,0.706,2026-08-05 17:31:15.661676
pay_009500,cust_00140,6850.75,INR,CARD,SUCCESS,,1,0.811,2026-08-05 17:52:15.661676
pay_005014,cust_00297,1494.96,INR,CARD,SUCCESS,,1,0.679,2026-08-05 17:59:15.661676
pay_002297,cust_00113,2526.82,INR,NETBANKING,SUCCESS,,1,0.684,2026-08-05 19:16:15.661676
pay_001870,cust_00038,1301.6,INR,NETBANKING,SUCCESS,,1,0.505,2026-08-05 19:38:15.661676
pay_005656,cust_01632,948.95,INR,NETBANKING,SUCCESS,,1,0.581,2026-08-05 19:40:15.661676
pay_003337,cust_02536,606.28,INR,NETBANKING,SUCCESS,,1,0.759,2026-08-05 19:42:15.661676
pay_000183,cust_00011,767.61,INR,NETBANKING,SUCCESS,,1,0.767,2026-08-05 19:50:15.661676
pay_004642,cust_00375,2003.99,INR,WALLET,SUCCESS,,1,0.623,2026-08-05 19:59:15.661676
pay_000929,cust_02252,6325.97,INR,NETBANKING,SUCCESS,,1,0.944,2026-08-05 20:02:15.661676
pay_009465,cust_02950,2777.89,INR,UPI,SUCCESS,,1,0.501,2026-08-05 20:38:15.661676
pay_006378,cust_01484,1903.8,INR,UPI,SUCCESS,,1,0.651,2026-08-05 20:51:15.661676
pay_000742,cust_00778,649.59,INR,NETBANKING,SUCCESS,,1,0.821,2026-08-05 20:56:15.661676
pay_006860,cust_00341,3710.08,INR,WALLET,SUCCESS,,1,0.639,2026-08-05 21:04:15.661676
pay_002611,cust_01255,3044.88,INR,NETBANKING,SUCCESS,,1,0.852,2026-08-05 21:17:15.661676
pay_007192,cust_00406,1857.07,INR,NETBANKING,SUCCESS,,1,0.542,2026-08-05 21:58:15.661676
pay_007714,cust_00010,2360.4,INR,CARD,FAILED,BANK_ERROR,1,0.451,2026-08-05 22:14:15.661676
pay_002361,cust_00324,793.54,INR,CARD,SUCCESS,,1,0.535,2026-08-05 22:42:15.661676
pay_007745,cust_02977,2461.6,INR,NETBANKING,FAILED,BANK_ERROR,1,0.542,2026-08-05 22:50:15.661676
pay_005990,cust_02356,1319.24,INR,WALLET,SUCCESS,,1,0.86,2026-08-05 23:16:15.661676
pay_008241,cust_02180,2143.64,INR,WALLET,SUCCESS,,1,0.655,2026-08-05 23:20:15.661676
pay_000761,cust_01192,1140.81,INR,WALLET,SUCCESS,,1,0.733,2026-08-05 23:44:15.661676
pay_006668,cust_01259,1522.39,INR,NETBANKING,SUCCESS,,1,0.528,2026-08-05 23:54:15.661676
pay_007901,cust_00950,549.89,INR,NETBANKING,SUCCESS,,1,0.582,2026-08-06 01:07:15.661676
pay_002443,cust_01910,643.03,INR,NETBANKING,SUCCESS,,1,0.783,2026-08-06 01:10:15.661676
pay_006015,cust_01234,2652.35,INR,WALLET,SUCCESS,,1,0.667,2026-08-06 01:24:15.661676
pay_001347,cust_02982,234.36,INR,WALLET,FAILED,BANK_ERROR,1,0.528,2026-08-06 01:25:15.661676
pay_006363,cust_01371,1199.82,INR,WALLET,SUCCESS,,1,0.743,2026-08-06 01:29:15.661676
pay_004521,cust_00534,1223.95,INR,WALLET,SUCCESS,,1,0.482,2026-08-06 01:30:15.661676
pay_007911,cust_02416,2363.84,INR,UPI,SUCCESS,,1,0.861,2026-08-06 01:37:15.661676
pay_003496,cust_00440,8502.57,INR,CARD,SUCCESS,,1,0.784,2026-08-06 02:08:15.661676
pay_001895,cust_01137,1684.64,INR,CARD,SUCCESS,,1,0.49,2026-08-06 02:31:15.661676
pay_004795,cust_02530,1603.44,INR,NETBANKING,SUCCESS,,1,0.597,2026-08-06 02:43:15.661676
pay_008242,cust_00848,1793.13,INR,NETBANKING,SUCCESS,,1,0.974,2026-08-06 02:56:15.661676
pay_006905,cust_00885,1347.81,INR,CARD,SUCCESS,,1,0.949,2026-08-06 03:09:15.661676
pay_007447,cust_01138,3364.33,INR,UPI,SUCCESS,,1,0.714,2026-08-06 03:32:15.661676
pay_003328,cust_02363,1128.43,INR,WALLET,SUCCESS,,1,0.836,2026-08-06 03:36:15.661676
pay_002659,cust_00065,2074.49,INR,NETBANKING,SUCCESS,,1,0.625,2026-08-06 03:39:15.661676
pay_005351,cust_01642,2954.3,INR,CARD,SUCCESS,,1,0.798,2026-08-06 03:40:15.661676
pay_008380,cust_00145,2174.53,INR,UPI,SUCCESS,,1,0.643,2026-08-06 03:40:15.661676
pay_004089,cust_02239,4499.15,INR,WALLET,SUCCESS,,1,0.505,2026-08-06 03:42:15.661676
pay_002678,cust_01027,517.06,INR,CARD,SUCCESS,,1,0.627,2026-08-06 04:32:15.661676
pay_004860,cust_01646,1614.5,INR,NETBANKING,SUCCESS,,1,0.95,2026-08-06 04:43:15.661676
pay_008990,cust_00853,1266.54,INR,CARD,SUCCESS,,1,0.792,2026-08-06 04:52:15.661676
pay_004908,cust_01925,718.53,INR,UPI,SUCCESS,,1,0.461,2026-08-06 04:53:15.661676
pay_008322,cust_00641,626.93,INR,CARD,SUCCESS,,1,0.771,2026-08-06 04:59:15.661676
pay_003884,cust_01362,886.91,INR,UPI,SUCCESS,,1,0.619,2026-08-06 05:11:15.661676
pay_001982,cust_01457,599.63,INR,CARD,FAILED,BANK_ERROR,1,0.74,2026-08-06 05:31:15.661676
pay_000812,cust_00726,1271.83,INR,CARD,SUCCESS,,1,0.506,2026-08-06 05:33:15.661676
pay_003832,cust_02021,1184.84,INR,NETBANKING,SUCCESS,,1,0.985,2026-08-06 05:49:15.661676
pay_005086,cust_00415,11611.35,INR,WALLET,SUCCESS,,1,0.61,2026-08-06 06:04:15.661676
pay_000587,cust_01570,1252.02,INR,UPI,SUCCESS,,1,0.506,2026-08-06 06:08:15.661676
pay_001047,cust_01231,3046.83,INR,UPI,SUCCESS,,1,0.656,2026-08-06 06:12:15.661676
pay_007133,cust_00495,2904.06,INR,CARD,SUCCESS,,1,0.843,2026-08-06 06:16:15.661676
pay_003644,cust_01821,1758.11,INR,UPI,SUCCESS,,1,0.722,2026-08-06 06:33:15.661676
pay_002481,cust_01870,1113.55,INR,WALLET,SUCCESS,,1,0.9,2026-08-06 06:33:15.661676
pay_004259,cust_02392,1680.14,INR,WALLET,SUCCESS,,1,0.807,2026-08-06 06:56:15.661676
pay_003895,cust_01142,1320.23,INR,CARD,SUCCESS,,1,0.855,2026-08-06 06:58:15.661676
pay_005469,cust_00342,1392.23,INR,UPI,SUCCESS,,1,0.573,2026-08-06 06:59:15.661676
pay_007771,cust_02214,3688.87,INR,UPI,SUCCESS,,1,0.941,2026-08-06 07:00:15.661676
pay_003249,cust_01024,2171.55,INR,UPI,SUCCESS,,1,0.663,2026-08-06 07:12:15.661676
pay_005108,cust_02465,1875.94,INR,NETBANKING,SUCCESS,,1,0.861,2026-08-06 07:29:15.661676
pay_003133,cust_01353,452.61,INR,WALLET,SUCCESS,,1,0.594,2026-08-06 07:38:15.661676
pay_006616,cust_01243,1805.56,INR,CARD,SUCCESS,,1,0.922,2026-08-06 07:39:15.661676
pay_002360,cust_00561,2507.2,INR,NETBANKING,SUCCESS,,1,0.973,2026-08-06 08:02:15.661676
pay_008634,cust_00865,4524.17,INR,NETBANKING,FAILED,USER_CANCELLED,3,0.542,2026-08-06 08:24:15.661676
pay_000032,cust_00323,7957.12,INR,UPI,SUCCESS,,1,0.487,2026-08-06 08:38:15.661676
pay_001583,cust_01732,802.19,INR,UPI,SUCCESS,,1,0.651,2026-08-06 08:48:15.661676
pay_002171,cust_00202,3983.31,INR,WALLET,FAILED,BANK_ERROR,2,0.667,2026-08-06 08:50:15.661676
pay_001562,cust_02073,994.49,INR,WALLET,FAILED,BANK_ERROR,3,0.631,2026-08-06 10:03:15.661676
pay_002329,cust_00988,3154.01,INR,WALLET,FAILED,INSUFFICIENT_FUNDS,1,0.64,2026-08-06 10:35:15.661676
pay_003509,cust_02218,2697.8,INR,NETBANKING,SUCCESS,,1,0.971,2026-08-06 10:47:15.661676
pay_003766,cust_00015,1833.7,INR,CARD,SUCCESS,,1,0.459,2026-08-06 11:45:15.661676
pay_002694,cust_00069,1623.6,INR,CARD,SUCCESS,,1,0.734,2026-08-06 11:55:15.661676
pay_009810,cust_00619,1534.64,INR,NETBANKING,SUCCESS,,1,0.526,2026-08-06 12:07:15.661676
pay_005571,cust_01007,1804.02,INR,CARD,SUCCESS,,1,0.619,2026-08-06 12:09:15.661676
pay_002366,cust_01985,6167.09,INR,CARD,SUCCESS,,1,0.521,2026-08-06 12:15:15.661676
pay_008671,cust_02674,4432.63,INR,WALLET,SUCCESS,,1,0.88,2026-08-06 12:28:15.661676
pay_008857,cust_01289,2135.14,INR,WALLET,SUCCESS,,1,0.676,2026-08-06 12:32:15.661676
pay_004639,cust_02113,360.01,INR,WALLET,SUCCESS,,1,0.484,2026-08-06 13:05:15.661676
pay_000676,cust_01550,970.44,INR,NETBANKING,SUCCESS,,1,0.519,2026-08-06 13:12:15.661676
pay_005759,cust_01965,1194.0,INR,NETBANKING,SUCCESS,,1,0.626,2026-08-06 13:21:15.661676
pay_001838,cust_01951,1972.09,INR,UPI,SUCCESS,,1,0.778,2026-08-06 13:49:15.661676
pay_001030,cust_01089,797.73,INR,UPI,SUCCESS,,1,0.614,2026-08-06 13:52:15.661676
pay_004492,cust_00659,840.46,INR,CARD,SUCCESS,,1,0.533,2026-08-06 13:58:15.661676
pay_005505,cust_01799,1227.96,INR,WALLET,SUCCESS,,1,0.513,2026-08-06 14:00:15.661676
pay_005896,cust_00107,4045.6,INR,CARD,SUCCESS,,1,0.475,2026-08-06 14:05:15.661676
pay_002635,cust_01368,7044.24,INR,UPI,SUCCESS,,1,0.5,2026-08-06 14:09:15.661676
pay_002871,cust_00536,1085.89,INR,UPI,SUCCESS,,1,0.613,2026-08-06 14:36:15.661676
pay_002188,cust_01854,1460.71,INR,WALLET,SUCCESS,,1,0.745,2026-08-06 14:59:15.661676
pay_009372,cust_01665,1737.27,INR,WALLET,SUCCESS,,1,0.735,2026-08-06 15:00:15.661676
pay_007558,cust_01216,1785.8,INR,WALLET,SUCCESS,,1,0.515,2026-08-06 15:03:15.661676
pay_000520,cust_01308,3298.13,INR,NETBANKING,SUCCESS,,1,0.715,2026-08-06 15:07:15.661676
pay_005969,cust_01400,2369.33,INR,NETBANKING,SUCCESS,,1,0.957,2026-08-06 15:16:15.661676
pay_002668,cust_01928,674.51,INR,UPI,FAILED,TIMEOUT,1,0.741,2026-08-06 15:17:15.661676
pay_009446,cust_00737,449.65,INR,UPI,SUCCESS,,1,0.885,2026-08-06 15:20:15.661676
pay_004246,cust_02034,526.11,INR,UPI,SUCCESS,,1,0.851,2026-08-06 15:52:15.661676
pay_004595,cust_02608,1796.35,INR,NETBANKING,SUCCESS,,1,0.554,2026-08-06 15:55:15.661676
pay_000943,cust_00818,3041.67,INR,CARD,SUCCESS,,1,0.593,2026-08-06 16:20:15.661676
pay_002892,cust_01028,328.83,INR,NETBANKING,SUCCESS,,1,0.454,2026-08-06 16:22:15.661676
pay_006693,cust_00688,1494.81,INR,NETBANKING,SUCCESS,,1,0.879,2026-08-06 17:12:15.661676
pay_002397,cust_00622,864.81,INR,UPI,SUCCESS,,1,0.661,2026-08-06 17:18:15.661676
pay_000881,cust_00734,13650.7,INR,CARD,SUCCESS,,1,0.957,2026-08-06 17:24:15.661676
pay_000561,cust_01742,2279.75,INR,UPI,SUCCESS,,1,0.856,2026-08-06 17:33:15.661676
pay_008470,cust_02578,1149.69,INR,CARD,FAILED,FRAUD_SUSPECTED,2,0.666,2026-08-06 18:33:15.661676
pay_002880,cust_02962,1556.41,INR,UPI,SUCCESS,,1,0.92,2026-08-06 18:40:15.661676
pay_007056,cust_02071,454.5,INR,UPI,SUCCESS,,1,0.473,2026-08-06 19:03:15.661676
pay_007565,cust_02333,2417.29,INR,WALLET,SUCCESS,,1,0.588,2026-08-06 19:15:15.661676
pay_006505,cust_01171,4239.93,INR,UPI,SUCCESS,,1,0.765,2026-08-06 19:17:15.661676
pay_000928,cust_02121,2444.92,INR,UPI,SUCCESS,,1,0.946,2026-08-06 19:36:15.661676
pay_001462,cust_02014,678.96,INR,WALLET,SUCCESS,,1,0.904,2026-08-06 19:38:15.661676
pay_006972,cust_00472,1735.01,INR,NETBANKING,SUCCESS,,1,0.759,2026-08-06 19:58:15.661676
pay_008777,cust_01604,1373.79,INR,WALLET,SUCCESS,,1,0.476,2026-08-06 20:12:15.661676
pay_001660,cust_02343,4500.32,INR,UPI,SUCCESS,,1,0.822,2026-08-06 20:44:15.661676
pay_001134,cust_01905,2598.86,INR,UPI,SUCCESS,,1,0.882,2026-08-06 20:47:15.661676
pay_003289,cust_00643,1094.24,INR,CARD,SUCCESS,,1,0.547,2026-08-06 20:48:15.661676
pay_007516,cust_02459,2630.24,INR,CARD,SUCCESS,,1,0.958,2026-08-06 20:51:15.661676
pay_004149,cust_01679,1197.72,INR,UPI,SUCCESS,,1,0.541,2026-08-06 20:51:15.661676
pay_009832,cust_02629,942.23,INR,CARD,FAILED,NETWORK_ERROR,4,0.641,2026-08-06 21:32:15.661676
pay_008335,cust_01247,4126.17,INR,UPI,SUCCESS,,1,0.72,2026-08-06 21:35:15.661676
pay_001927,cust_00873,238.83,INR,UPI,SUCCESS,,1,0.663,2026-08-06 22:00:15.661676
pay_004541,cust_02473,786.7,INR,CARD,SUCCESS,,1,0.519,2026-08-06 22:18:15.661676
pay_009494,cust_01123,2474.92,INR,WALLET,SUCCESS,,1,0.504,2026-08-06 22:20:15.661676
pay_005655,cust_02339,897.24,INR,NETBANKING,SUCCESS,,1,0.671,2026-08-06 22:59:15.661676
pay_009744,cust_01508,2101.39,INR,NETBANKING,SUCCESS,,1,0.803,2026-08-06 23:50:15.661676
pay_007293,cust_00575,1095.83,INR,UPI,SUCCESS,,1,0.793,2026-08-06 23:52:15.661676
pay_006833,cust_02033,719.39,INR,NETBANKING,SUCCESS,,1,0.829,2026-08-06 23:54:15.661676
pay_009747,cust_01087,1645.2,INR,UPI,SUCCESS,,1,0.667,2026-08-07 00:04:15.661676
pay_009409,cust_00299,1324.09,INR,CARD,SUCCESS,,1,0.868,2026-08-07 00:04:15.661676
pay_003957,cust_01486,1678.48,INR,NETBANKING,FAILED,INSUFFICIENT_FUNDS,4,0.59,2026-08-07 00:24:15.661676
pay_007087,cust_02803,2019.21,INR,NETBANKING,SUCCESS,,1,0.463,2026-08-07 00:36:15.661676
pay_001784,cust_02971,3321.08,INR,WALLET,FAILED,BANK_ERROR,3,0.798,2026-08-07 00:41:15.661676
pay_006943,cust_01050,5115.29,INR,CARD,FAILED,INSUFFICIENT_FUNDS,3,0.853,2026-08-07 00:55:15.661676
pay_007825,cust_02079,3904.96,INR,WALLET,SUCCESS,,1,0.759,2026-08-07 01:17:15.661676
pay_009501,cust_01021,1459.41,INR,WALLET,SUCCESS,,1,0.504,2026-08-07 01:26:15.661676
pay_007856,cust_00637,912.26,INR,NETBANKING,SUCCESS,,1,0.907,2026-08-07 01:32:15.661676
pay_005257,cust_02447,1299.87,INR,CARD,SUCCESS,,1,0.462,2026-08-07 01:39:15.661676
pay_002993,cust_02255,1915.3,INR,CARD,SUCCESS,,1,0.833,2026-08-07 01:41:15.661676
pay_007240,cust_01054,814.4,INR,NETBANKING,SUCCESS,,1,0.854,2026-08-07 01:59:15.661676
pay_003927,cust_02434,3898.1,INR,UPI,SUCCESS,,1,0.67,2026-08-07 02:06:15.661676
pay_009738,cust_02244,1215.22,INR,CARD,SUCCESS,,1,0.799,2026-08-07 02:12:15.661676
pay_004380,cust_02365,971.46,INR,WALLET,SUCCESS,,1,0.474,2026-08-07 02:20:15.661676
pay_009467,cust_02778,5692.51,INR,WALLET,SUCCESS,,1,0.79,2026-08-07 02:45:15.661676
pay_007184,cust_01064,858.51,INR,UPI,SUCCESS,,1,0.943,2026-08-07 02:47:15.661676
pay_007299,cust_00434,1020.03,INR,UPI,SUCCESS,,1,0.871,2026-08-07 02:54:15.661676
pay_006338,cust_00948,1266.68,INR,UPI,SUCCESS,,1,0.762,2026-08-07 03:42:15.661676
pay_002730,cust_02242,1226.3,INR,NETBANKING,SUCCESS,,1,0.638,2026-08-07 03:51:15.661676
pay_005052,cust_00689,2394.51,INR,NETBANKING,SUCCESS,,1,0.606,2026-08-07 04:17:15.661676
pay_003541,cust_02519,2355.91,INR,CARD,SUCCESS,,1,0.542,2026-08-07 04:29:15.661676
pay_002586,cust_02147,1096.04,INR,CARD,SUCCESS,,1,0.809,2026-08-07 05:19:15.661676
pay_004539,cust_02306,1517.63,INR,UPI,SUCCESS,,1,0.952,2026-08-07 05:27:15.661676
pay_005974,cust_00310,322.79,INR,NETBANKING,SUCCESS,,1,0.635,2026-08-07 05:39:15.661676
pay_008267,cust_02840,3530.47,INR,CARD,SUCCESS,,1,0.486,2026-08-07 06:21:15.661676
pay_002969,cust_00782,421.37,INR,WALLET,FAILED,BANK_ERROR,4,0.803,2026-08-07 06:21:15.661676
pay_009993,cust_02711,3070.93,INR,CARD,SUCCESS,,1,0.787,2026-08-07 06:27:15.661676
pay_002664,cust_02125,846.68,INR,CARD,SUCCESS,,1,0.811,2026-08-07 06:37:15.661676
pay_009826,cust_02582,529.91,INR,UPI,FAILED,NETWORK_ERROR,2,0.673,2026-08-07 06:38:15.661676
pay_004379,cust_00826,2289.81,INR,WALLET,SUCCESS,,1,0.814,2026-08-07 07:02:15.661676
pay_006544,cust_02020,1568.71,INR,UPI,SUCCESS,,1,0.732,2026-08-07 07:06:15.661676
pay_002897,cust_01847,341.28,INR,NETBANKING,SUCCESS,,1,0.65,2026-08-07 07:06:15.661676
pay_009472,cust_02535,6380.09,INR,CARD,SUCCESS,,1,0.711,2026-08-07 07:18:15.661676
pay_009806,cust_00897,633.19,INR,CARD,SUCCESS,,1,0.986,2026-08-07 07:33:15.661676
pay_006945,cust_00171,430.37,INR,NETBANKING,SUCCESS,,1,0.463,2026-08-07 07:38:15.661676
pay_007242,cust_00774,1267.9,INR,UPI,SUCCESS,,1,0.486,2026-08-07 07:46:15.661676
pay_008531,cust_02625,892.86,INR,WALLET,FAILED,NETWORK_ERROR,1,0.859,2026-08-07 08:30:15.661676
pay_008794,cust_01700,1450.01,INR,UPI,SUCCESS,,1,0.752,2026-08-07 08:50:15.661676
pay_006948,cust_00222,3708.91,INR,UPI,SUCCESS,,1,0.562,2026-08-07 09:20:15.661676
pay_004341,cust_01560,3838.92,INR,UPI,SUCCESS,,1,0.928,2026-08-07 09:24:15.661676
pay_009346,cust_01480,1588.56,INR,CARD,SUCCESS,,1,0.964,2026-08-07 09:42:15.661676
pay_002852,cust_01462,3521.59,INR,CARD,SUCCESS,,1,0.565,2026-08-07 10:09:15.661676
pay_004980,cust_02187,306.02,INR,UPI,SUCCESS,,1,0.795,2026-08-07 10:18:15.661676
pay_004374,cust_01019,2014.79,INR,NETBANKING,SUCCESS,,1,0.668,2026-08-07 10:34:15.661676
pay_002194,cust_01473,607.57,INR,CARD,SUCCESS,,1,0.947,2026-08-07 11:51:15.661676
pay_001372,cust_01248,7110.78,INR,UPI,SUCCESS,,1,0.57,2026-08-07 12:03:15.661676
pay_004271,cust_02573,1626.67,INR,NETBANKING,SUCCESS,,1,0.855,2026-08-07 12:10:15.661676
pay_005698,cust_02353,996.12,INR,WALLET,SUCCESS,,1,0.978,2026-08-07 12:17:15.661676
pay_000250,cust_01769,2499.85,INR,UPI,SUCCESS,,1,0.888,2026-08-07 12:20:15.661676
pay_007706,cust_01264,1422.6,INR,CARD,SUCCESS,,1,0.892,2026-08-07 12:45:15.661676
pay_007223,cust_00266,1535.63,INR,WALLET,SUCCESS,,1,0.984,2026-08-07 13:06:15.661676
pay_005083,cust_01714,1934.44,INR,CARD,SUCCESS,,1,0.953,2026-08-07 13:07:15.661676
pay_009223,cust_02834,3832.09,INR,NETBANKING,SUCCESS,,1,0.673,2026-08-07 13:29:15.661676
pay_006791,cust_00003,1684.4,INR,NETBANKING,SUCCESS,,1,0.902,2026-08-07 13:31:15.661676
pay_009519,cust_00387,1539.87,INR,WALLET,SUCCESS,,1,0.461,2026-08-07 13:39:15.661676
pay_000798,cust_00487,3118.79,INR,WALLET,SUCCESS,,1,0.505,2026-08-07 13:45:15.661676
pay_004040,cust_01073,1041.99,INR,NETBANKING,SUCCESS,,1,0.833,2026-08-07 13:57:15.661676
pay_000680,cust_00577,5000.25,INR,NETBANKING,SUCCESS,,1,0.637,2026-08-07 13:59:15.661676
pay_006462,cust_01894,654.86,INR,CARD,SUCCESS,,1,0.895,2026-08-07 14:15:15.661676
pay_000238,cust_01725,2098.89,INR,UPI,SUCCESS,,1,0.692,2026-08-07 14:41:15.661676
pay_006449,cust_00687,298.2,INR,CARD,SUCCESS,,1,0.459,2026-08-07 14:58:15.661676
pay_000274,cust_01622,1822.9,INR,NETBANKING,SUCCESS,,1,0.63,2026-08-07 15:00:15.661676
pay_009012,cust_01618,639.92,INR,NETBANKING,SUCCESS,,1,0.554,2026-08-07 15:32:15.661676
pay_004837,cust_00761,1242.9,INR,CARD,SUCCESS,,1,0.908,2026-08-07 15:37:15.661676
pay_001033,cust_00733,2488.36,INR,WALLET,SUCCESS,,1,0.795,2026-08-07 15:39:15.661676
pay_000259,cust_00126,2578.74,INR,UPI,SUCCESS,,1,0.653,2026-08-07 15:40:15.661676
pay_006471,cust_01141,1863.22,INR,NETBANKING,SUCCESS,,1,0.72,2026-08-07 15:42:15.661676
pay_007891,cust_02252,2065.88,INR,WALLET,FAILED,LIMIT_EXCEEDED,1,0.858,2026-08-07 16:00:15.661676
pay_009741,cust_02706,942.63,INR,UPI,SUCCESS,,1,0.892,2026-08-07 16:02:15.661676
pay_007784,cust_01311,14552.05,INR,UPI,SUCCESS,,1,0.615,2026-08-07 16:11:15.661676
pay_001436,cust_00985,2266.66,INR,CARD,SUCCESS,,1,0.612,2026-08-07 16:22:15.661676
pay_001479,cust_01091,888.92,INR,NETBANKING,SUCCESS,,1,0.52,2026-08-07 16:23:15.661676
pay_009938,cust_00695,3592.55,INR,NETBANKING,SUCCESS,,1,0.664,2026-08-07 17:01:15.661676
pay_000196,cust_01178,2460.83,INR,CARD,SUCCESS,,1,0.978,2026-08-07 17:06:15.661676
pay_002748,cust_01637,719.96,INR,WALLET,SUCCESS,,1,0.88,2026-08-07 17:09:15.661676
pay_005368,cust_00388,1418.14,INR,UPI,SUCCESS,,1,0.81,2026-08-07 17:36:15.661676
pay_000020,cust_02300,584.15,INR,NETBANKING,SUCCESS,,1,0.935,2026-08-07 17:38:15.661676
pay_009094,cust_02605,5039.14,INR,WALLET,SUCCESS,,1,0.869,2026-08-07 18:11:15.661676
pay_005510,cust_02150,1614.2,INR,WALLET,SUCCESS,,1,0.986,2026-08-07 18:34:15.661676
pay_007988,cust_02995,1364.21,INR,WALLET,SUCCESS,,1,0.806,2026-08-07 18:36:15.661676
pay_004448,cust_02826,1958.45,INR,WALLET,SUCCESS,,1,0.894,2026-08-07 18:47:15.661676
pay_008534,cust_01316,5467.38,INR,WALLET,SUCCESS,,1,0.51,2026-08-07 19:07:15.661676
pay_005780,cust_00898,3160.16,INR,WALLET,SUCCESS,,1,0.879,2026-08-07 19:15:15.661676
pay_000917,cust_00566,2940.45,INR,UPI,SUCCESS,,1,0.873,2026-08-07 19:23:15.661676
pay_000596,cust_02486,1202.29,INR,CARD,SUCCESS,,1,0.799,2026-08-07 19:27:15.661676
pay_002680,cust_02374,1464.46,INR,UPI,FAILED,NETWORK_ERROR,1,0.879,2026-08-07 19:39:15.661676
pay_005080,cust_02362,5898.52,INR,NETBANKING,SUCCESS,,1,0.606,2026-08-07 19:39:15.661676
pay_000053,cust_00240,1052.01,INR,UPI,SUCCESS,,1,0.477,2026-08-07 19:44:15.661676
pay_002536,cust_00341,1427.85,INR,CARD,FAILED,NETWORK_ERROR,3,0.855,2026-08-07 19:49:15.661676
pay_005100,cust_01885,1909.23,INR,CARD,FAILED,USER_CANCELLED,3,0.456,2026-08-07 19:54:15.661676
pay_007842,cust_01561,1263.57,INR,CARD,SUCCESS,,1,0.519,2026-08-07 20:07:15.661676
pay_007332,cust_01793,3227.92,INR,CARD,SUCCESS,,1,0.891,2026-08-07 20:22:15.661676
pay_004105,cust_02017,1719.67,INR,WALLET,SUCCESS,,1,0.569,2026-08-07 20:45:15.661676
pay_004873,cust_02405,668.05,INR,WALLET,SUCCESS,,1,0.743,2026-08-07 21:01:15.661676
pay_008256,cust_00801,5663.87,INR,WALLET,SUCCESS,,1,0.812,2026-08-07 21:09:15.661676
pay_008176,cust_00073,4433.53,INR,CARD,SUCCESS,,1,0.86,2026-08-07 21:45:15.661676
pay_003625,cust_00153,8252.02,INR,UPI,SUCCESS,,1,0.766,2026-08-07 22:01:15.661676
pay_008245,cust_02974,1028.56,INR,WALLET,SUCCESS,,1,0.957,2026-08-07 22:20:15.661676
pay_007255,cust_00661,3214.2,INR,WALLET,SUCCESS,,1,0.764,2026-08-07 22:25:15.661676
pay_006731,cust_01286,6940.95,INR,NETBANKING,SUCCESS,,1,0.916,2026-08-07 22:26:15.661676
pay_005708,cust_01771,2296.26,INR,CARD,SUCCESS,,1,0.626,2026-08-07 22:39:15.661676
pay_009234,cust_00974,1626.06,INR,WALLET,SUCCESS,,1,0.585,2026-08-07 22:45:15.661676
pay_005785,cust_00197,1618.95,INR,NETBANKING,SUCCESS,,1,0.95,2026-08-07 22:49:15.661676
pay_004418,cust_01302,380.07,INR,UPI,SUCCESS,,1,0.896,2026-08-07 22:58:15.661676
pay_007364,cust_00241,1159.54,INR,CARD,SUCCESS,,1,0.824,2026-08-07 23:07:15.661676
pay_003383,cust_01081,2143.21,INR,NETBANKING,FAILED,BANK_ERROR,3,0.934,2026-08-07 23:25:15.661676
pay_002996,cust_02364,1923.66,INR,NETBANKING,SUCCESS,,1,0.856,2026-08-07 23:47:15.661676
pay_007086,cust_01086,335.74,INR,WALLET,SUCCESS,,1,0.631,2026-08-07 23:53:15.661676
pay_001499,cust_00740,4102.08,INR,CARD,SUCCESS,,1,0.597,2026-08-08 00:01:15.661676
pay_005506,cust_02768,3545.47,INR,WALLET,SUCCESS,,1,0.68,2026-08-08 00:20:15.661676
pay_008282,cust_01272,5429.42,INR,NETBANKING,SUCCESS,,1,0.816,2026-08-08 00:31:15.661676
pay_003117,cust_01996,1547.79,INR,CARD,SUCCESS,,1,0.685,2026-08-08 00:50:15.661676
pay_003433,cust_00462,2745.73,INR,CARD,SUCCESS,,1,0.896,2026-08-08 00:54:15.661676
pay_001612,cust_00217,517.73,INR,CARD,SUCCESS,,1,0.934,2026-08-08 01:23:15.661676
pay_004081,cust_02498,3001.68,INR,NETBANKING,SUCCESS,,1,0.585,2026-08-08 02:08:15.661676
pay_008923,cust_02180,757.33,INR,WALLET,FAILED,USER_CANCELLED,4,0.5,2026-08-08 02:22:15.661676
pay_004568,cust_01820,676.31,INR,NETBANKING,SUCCESS,,1,0.619,2026-08-08 03:07:15.661676
pay_008070,cust_00505,1352.89,INR,WALLET,SUCCESS,,1,0.588,2026-08-08 03:10:15.661676
pay_004664,cust_01587,1240.1,INR,WALLET,SUCCESS,,1,0.674,2026-08-08 03:17:15.661676
pay_001711,cust_00348,4383.77,INR,CARD,SUCCESS,,1,0.69,2026-08-08 03:42:15.661676
pay_003113,cust_02481,1421.28,INR,WALLET,SUCCESS,,1,0.956,2026-08-08 03:43:15.661676
pay_007467,cust_02734,1396.28,INR,WALLET,SUCCESS,,1,0.953,2026-08-08 04:10:15.661676
pay_004011,cust_02342,1841.07,INR,CARD,SUCCESS,,1,0.939,2026-08-08 04:18:15.661676
pay_002480,cust_02240,3147.41,INR,CARD,SUCCESS,,1,0.887,2026-08-08 04:38:15.661676
pay_001623,cust_00830,3772.08,INR,CARD,SUCCESS,,1,0.578,2026-08-08 04:49:15.661676
pay_006006,cust_02912,3532.37,INR,UPI,SUCCESS,,1,0.893,2026-08-08 04:50:15.661676
pay_001867,cust_00537,4130.02,INR,NETBANKING,SUCCESS,,1,0.918,2026-08-08 05:07:15.661676
pay_002570,cust_02905,1498.63,INR,WALLET,SUCCESS,,1,0.59,2026-08-08 05:38:15.661676
pay_004977,cust_00211,5446.76,INR,UPI,SUCCESS,,1,0.572,2026-08-08 05:43:15.661676
pay_006665,cust_02427,1016.39,INR,NETBANKING,FAILED,LIMIT_EXCEEDED,4,0.963,2026-08-08 06:09:15.661676
pay_001218,cust_00632,2260.17,INR,WALLET,FAILED,FRAUD_SUSPECTED,2,0.807,2026-08-08 06:11:15.661676
pay_009886,cust_01247,753.26,INR,WALLET,FAILED,NETWORK_ERROR,3,0.463,2026-08-08 06:12:15.661676
pay_008199,cust_01275,10563.66,INR,WALLET,SUCCESS,,1,0.925,2026-08-08 06:19:15.661676
pay_001052,cust_01610,2481.56,INR,WALLET,SUCCESS,,1,0.723,2026-08-08 06:22:15.661676
pay_004042,cust_02472,3336.58,INR,CARD,SUCCESS,,1,0.9,2026-08-08 06:40:15.661676
pay_001313,cust_02377,5498.14,INR,CARD,SUCCESS,,1,0.572,2026-08-08 07:05:15.661676
pay_004069,cust_01150,698.28,INR,WALLET,SUCCESS,,1,0.477,2026-08-08 07:17:15.661676
pay_000110,cust_01441,1703.51,INR,NETBANKING,SUCCESS,,1,0.931,2026-08-08 07:45:15.661676
pay_006646,cust_00136,7621.92,INR,WALLET,SUCCESS,,1,0.589,2026-08-08 07:46:15.661676
pay_001885,cust_02924,1770.25,INR,UPI,SUCCESS,,1,0.971,2026-08-08 07:49:15.661676
pay_004918,cust_00839,1338.75,INR,NETBANKING,SUCCESS,,1,0.856,2026-08-08 07:50:15.661676
pay_004551,cust_02029,5511.24,INR,NETBANKING,SUCCESS,,1,0.92,2026-08-08 07:53:15.661676
pay_008665,cust_01742,1394.25,INR,WALLET,SUCCESS,,1,0.78,2026-08-08 07:55:15.661676
pay_008135,cust_00451,531.54,INR,WALLET,FAILED,NETWORK_ERROR,1,0.731,2026-08-08 09:04:15.661676
pay_006889,cust_02261,1089.4,INR,WALLET,SUCCESS,,1,0.951,2026-08-08 09:36:15.661676
pay_000453,cust_00960,821.74,INR,CARD,SUCCESS,,1,0.48,2026-08-08 09:44:15.661676
pay_000460,cust_01542,693.46,INR,CARD,SUCCESS,,1,0.58,2026-08-08 09:48:15.661676
pay_006763,cust_00267,2293.38,INR,CARD,SUCCESS,,1,0.567,2026-08-08 10:04:15.661676
pay_004601,cust_01436,1521.16,INR,UPI,SUCCESS,,1,0.549,2026-08-08 11:02:15.661676
pay_003623,cust_02568,371.45,INR,UPI,SUCCESS,,1,0.513,2026-08-08 11:17:15.661676
pay_002702,cust_00274,4327.67,INR,UPI,SUCCESS,,1,0.528,2026-08-08 11:27:15.661676
pay_004349,cust_02408,852.08,INR,NETBANKING,SUCCESS,,1,0.965,2026-08-08 11:48:15.661676
pay_001220,cust_00223,10057.96,INR,NETBANKING,SUCCESS,,1,0.478,2026-08-08 12:08:15.661676
pay_009867,cust_00654,2338.51,INR,UPI,SUCCESS,,1,0.716,2026-08-08 12:10:15.661676
pay_004166,cust_00178,3412.0,INR,WALLET,SUCCESS,,1,0.65,2026-08-08 12:13:15.661676
pay_003475,cust_00123,1018.81,INR,NETBANKING,FAILED,NETWORK_ERROR,3,0.82,2026-08-08 12:19:15.661676
pay_003000,cust_01256,1596.86,INR,CARD,SUCCESS,,1,0.896,2026-08-08 12:50:15.661676
pay_008041,cust_02498,1537.83,INR,CARD,SUCCESS,,1,0.456,2026-08-08 12:58:15.661676
pay_007998,cust_00063,926.95,INR,WALLET,SUCCESS,,1,0.729,2026-08-08 13:09:15.661676
pay_007247,cust_00940,1645.63,INR,WALLET,SUCCESS,,1,0.777,2026-08-08 13:57:15.661676
pay_009971,cust_00602,871.25,INR,CARD,SUCCESS,,1,0.782,2026-08-08 14:01:15.661676
pay_002734,cust_02620,894.4,INR,CARD,SUCCESS,,1,0.593,2026-08-08 14:30:15.661676
pay_002546,cust_01655,2556.43,INR,WALLET,SUCCESS,,1,0.896,2026-08-08 15:04:15.661676
pay_007432,cust_01770,579.23,INR,CARD,SUCCESS,,1,0.974,2026-08-08 15:08:15.661676
pay_008758,cust_02836,2287.62,INR,WALLET,SUCCESS,,1,0.844,2026-08-08 15:10:15.661676
pay_002789,cust_01313,1255.27,INR,WALLET,SUCCESS,,1,0.559,2026-08-08 15:17:15.661676
pay_001581,cust_02136,2122.72,INR,NETBANKING,SUCCESS,,1,0.463,2026-08-08 15:33:15.661676
pay_000809,cust_01385,4937.45,INR,UPI,SUCCESS,,1,0.95,2026-08-08 15:47:15.661676
pay_000880,cust_02516,4678.41,INR,CARD,SUCCESS,,1,0.691,2026-08-08 15:54:15.661676
pay_009445,cust_00741,5694.99,INR,UPI,SUCCESS,,1,0.665,2026-08-08 16:05:15.661676
pay_000432,cust_01704,353.76,INR,WALLET,SUCCESS,,1,0.809,2026-08-08 16:13:15.661676
pay_004358,cust_01761,1395.13,INR,WALLET,SUCCESS,,1,0.846,2026-08-08 16:26:15.661676
pay_000935,cust_01981,2570.9,INR,CARD,SUCCESS,,1,0.869,2026-08-08 16:29:15.661676
pay_004591,cust_00856,1106.69,INR,CARD,SUCCESS,,1,0.768,2026-08-08 16:40:15.661676
pay_003314,cust_01321,802.87,INR,CARD,SUCCESS,,1,0.794,2026-08-08 16:40:15.661676
pay_006676,cust_02089,3366.23,INR,NETBANKING,SUCCESS,,1,0.814,2026-08-08 16:41:15.661676
pay_002343,cust_01785,2680.12,INR,NETBANKING,SUCCESS,,1,0.523,2026-08-08 16:54:15.661676
pay_005138,cust_01324,3239.43,INR,CARD,SUCCESS,,1,0.849,2026-08-08 16:54:15.661676
pay_001095,cust_02750,3249.03,INR,CARD,SUCCESS,,1,0.546,2026-08-08 17:09:15.661676
pay_008703,cust_02934,569.89,INR,CARD,SUCCESS,,1,0.787,2026-08-08 17:24:15.661676
pay_005832,cust_02700,1643.04,INR,UPI,SUCCESS,,1,0.855,2026-08-08 17:35:15.661676
pay_004542,cust_02871,8571.14,INR,CARD,SUCCESS,,1,0.742,2026-08-08 17:53:15.661676
pay_005923,cust_02787,3026.91,INR,UPI,SUCCESS,,1,0.456,2026-08-08 18:06:15.661676
pay_004493,cust_01199,1128.38,INR,WALLET,SUCCESS,,1,0.985,2026-08-08 18:28:15.661676
pay_007667,cust_01980,793.33,INR,WALLET,SUCCESS,,1,0.52,2026-08-08 18:28:15.661676
pay_001125,cust_01553,6679.14,INR,UPI,SUCCESS,,1,0.747,2026-08-08 18:36:15.661676
pay_008396,cust_00904,3702.03,INR,UPI,SUCCESS,,1,0.718,2026-08-08 18:36:15.661676
pay_002712,cust_00690,6160.38,INR,WALLET,SUCCESS,,1,0.732,2026-08-08 18:38:15.661676
pay_006999,cust_02296,1800.67,INR,NETBANKING,SUCCESS,,1,0.984,2026-08-08 19:00:15.661676
pay_009693,cust_01009,13688.29,INR,WALLET,SUCCESS,,1,0.77,2026-08-08 19:23:15.661676
pay_000316,cust_01936,1838.68,INR,CARD,SUCCESS,,1,0.692,2026-08-08 19:28:15.661676
pay_007297,cust_00148,934.78,INR,WALLET,FAILED,INSUFFICIENT_FUNDS,4,0.696,2026-08-08 19:29:15.661676
pay_008226,cust_01049,1231.79,INR,CARD,FAILED,NETWORK_ERROR,4,0.7,2026-08-08 19:32:15.661676
pay_000628,cust_01373,1634.95,INR,UPI,SUCCESS,,1,0.908,2026-08-08 19:40:15.661676
pay_009704,cust_01375,1817.54,INR,CARD,SUCCESS,,1,0.624,2026-08-08 19:40:15.661676
pay_006133,cust_00688,8061.72,INR,WALLET,SUCCESS,,1,0.639,2026-08-08 19:59:15.661676
pay_009267,cust_00298,1483.95,INR,WALLET,SUCCESS,,1,0.668,2026-08-08 20:19:15.661676
pay_008009,cust_00187,1407.73,INR,NETBANKING,SUCCESS,,1,0.848,2026-08-08 20:21:15.661676
pay_009102,cust_01490,4095.2,INR,CARD,SUCCESS,,1,0.878,2026-08-08 20:50:15.661676
pay_005619,cust_01140,2470.79,INR,NETBANKING,FAILED,LIMIT_EXCEEDED,4,0.671,2026-08-08 20:51:15.661676
pay_007266,cust_00785,1069.24,INR,CARD,SUCCESS,,1,0.757,2026-08-08 20:53:15.661676
pay_000721,cust_01668,2312.86,INR,WALLET,SUCCESS,,1,0.652,2026-08-08 20:54:15.661676
pay_007754,cust_02295,1012.43,INR,NETBANKING,SUCCESS,,1,0.758,2026-08-08 21:09:15.661676
pay_003551,cust_01010,1181.85,INR,WALLET,SUCCESS,,1,0.719,2026-08-08 21:27:15.661676
pay_002679,cust_01893,1951.35,INR,NETBANKING,FAILED,NETWORK_ERROR,3,0.807,2026-08-08 21:46:15.661676
pay_000174,cust_02562,2375.4,INR,WALLET,SUCCESS,,1,0.594,2026-08-08 21:59:15.661676
pay_000560,cust_01503,1291.05,INR,UPI,SUCCESS,,1,0.745,2026-08-08 22:01:15.661676
pay_006650,cust_00820,2122.94,INR,WALLET,SUCCESS,,1,0.771,2026-08-08 22:08:15.661676
pay_007114,cust_01683,846.41,INR,UPI,SUCCESS,,1,0.953,2026-08-08 22:12:15.661676
pay_005948,cust_01819,4595.04,INR,WALLET,FAILED,TIMEOUT,3,0.63,2026-08-08 22:18:15.661676
pay_000278,cust_02468,1118.59,INR,CARD,SUCCESS,,1,0.491,2026-08-08 22:28:15.661676
pay_007080,cust_00769,1595.3,INR,CARD,SUCCESS,,1,0.575,2026-08-08 22:32:15.661676
pay_001796,cust_02070,990.71,INR,WALLET,SUCCESS,,1,0.965,2026-08-08 22:43:15.661676
pay_001293,cust_01714,1799.28,INR,CARD,SUCCESS,,1,0.929,2026-08-08 22:45:15.661676
pay_006525,cust_00621,4428.21,INR,CARD,SUCCESS,,1,0.916,2026-08-08 22:49:15.661676
pay_001250,cust_00330,520.76,INR,WALLET,SUCCESS,,1,0.8,2026-08-08 23:00:15.661676
pay_002162,cust_02419,2202.18,INR,NETBANKING,FAILED,LIMIT_EXCEEDED,2,0.908,2026-08-08 23:04:15.661676
pay_003713,cust_00246,2263.82,INR,UPI,FAILED,INSUFFICIENT_FUNDS,1,0.706,2026-08-08 23:05:15.661676
pay_002525,cust_01938,3779.86,INR,CARD,FAILED,NETWORK_ERROR,2,0.6,2026-08-08 23:34:15.661676
pay_009016,cust_01217,827.53,INR,WALLET,SUCCESS,,1,0.513,2026-08-08 23:39:15.661676
pay_005904,cust_01038,4222.21,INR,CARD,SUCCESS,,1,0.75,2026-08-08 23:41:15.661676
pay_000819,cust_02910,1931.07,INR,UPI,SUCCESS,,1,0.709,2026-08-08 23:42:15.661676
pay_003556,cust_00183,1761.95,INR,NETBANKING,SUCCESS,,1,0.778,2026-08-09 00:11:15.661676
pay_003786,cust_02267,1163.93,INR,UPI,FAILED,USER_CANCELLED,3,0.955,2026-08-09 00:18:15.661676
pay_000117,cust_01339,1758.52,INR,NETBANKING,FAILED,NETWORK_ERROR,4,0.586,2026-08-09 00:41:15.661676
pay_000882,cust_00166,1182.4,INR,CARD,SUCCESS,,1,0.484,2026-08-09 01:13:15.661676
pay_009429,cust_00326,371.22,INR,NETBANKING,SUCCESS,,1,0.688,2026-08-09 02:04:15.661676
pay_007828,cust_00751,1515.13,INR,CARD,SUCCESS,,1,0.754,2026-08-09 02:12:15.661676
pay_001797,cust_01975,1400.74,INR,UPI,SUCCESS,,1,0.911,2026-08-09 02:13:15.661676
pay_006229,cust_02860,3510.31,INR,WALLET,FAILED,CARD_EXPIRED,3,0.486,2026-08-09 02:27:15.661676
pay_001056,cust_02859,1056.48,INR,CARD,SUCCESS,,1,0.752,2026-08-09 02:27:15.661676
pay_004782,cust_00085,2283.01,INR,UPI,SUCCESS,,1,0.683,2026-08-09 02:34:15.661676
pay_004817,cust_01161,5199.57,INR,NETBANKING,SUCCESS,,1,0.979,2026-08-09 02:34:15.661676
pay_008553,cust_00825,2756.14,INR,UPI,SUCCESS,,1,0.968,2026-08-09 02:40:15.661676
pay_005332,cust_01726,1474.45,INR,UPI,SUCCESS,,1,0.716,2026-08-09 02:57:15.661676
pay_008722,cust_02288,2108.23,INR,WALLET,SUCCESS,,1,0.768,2026-08-09 03:01:15.661676
pay_004491,cust_02620,2480.8,INR,UPI,SUCCESS,,1,0.773,2026-08-09 03:18:15.661676
pay_001090,cust_00757,1545.22,INR,UPI,FAILED,CARD_EXPIRED,2,0.772,2026-08-09 03:21:15.661676
pay_009900,cust_00832,3855.65,INR,UPI,SUCCESS,,1,0.591,2026-08-09 03:24:15.661676
pay_000029,cust_00627,1118.22,INR,NETBANKING,SUCCESS,,1,0.965,2026-08-09 03:29:15.661676
pay_000255,cust_01506,536.2,INR,UPI,SUCCESS,,1,0.572,2026-08-09 03:42:15.661676
pay_002403,cust_01613,1167.54,INR,NETBANKING,SUCCESS,,1,0.508,2026-08-09 03:54:15.661676
pay_000600,cust_02238,2445.1,INR,CARD,SUCCESS,,1,0.983,2026-08-09 03:58:15.661676
pay_008288,cust_01212,797.11,INR,WALLET,SUCCESS,,1,0.955,2026-08-09 04:06:15.661676
pay_007719,cust_02534,1422.81,INR,WALLET,SUCCESS,,1,0.776,2026-08-09 04:15:15.661676
pay_005198,cust_00252,1380.89,INR,CARD,SUCCESS,,1,0.805,2026-08-09 04:19:15.661676
pay_005996,cust_02513,2073.88,INR,UPI,SUCCESS,,1,0.596,2026-08-09 04:20:15.661676
pay_001627,cust_00416,1264.13,INR,CARD,SUCCESS,,1,0.874,2026-08-09 04:31:15.661676
pay_000310,cust_01168,1538.01,INR,UPI,SUCCESS,,1,0.693,2026-08-09 04:49:15.661676
pay_002055,cust_01939,616.03,INR,NETBANKING,FAILED,LIMIT_EXCEEDED,2,0.958,2026-08-09 04:53:15.661676
pay_007926,cust_00560,2923.65,INR,CARD,SUCCESS,,1,0.573,2026-08-09 05:05:15.661676
pay_008127,cust_01102,3652.66,INR,WALLET,SUCCESS,,1,0.6,2026-08-09 05:12:15.661676
pay_006158,cust_02327,867.47,INR,NETBANKING,SUCCESS,,1,0.943,2026-08-09 05:19:15.661676
pay_002251,cust_00299,1632.65,INR,WALLET,SUCCESS,,1,0.791,2026-08-09 05:20:15.661676
pay_000477,cust_01383,2867.64,INR,NETBANKING,SUCCESS,,1,0.972,2026-08-09 05:21:15.661676
pay_003606,cust_01633,960.33,INR,NETBANKING,FAILED,INSUFFICIENT_FUNDS,4,0.729,2026-08-09 05:32:15.661676
pay_006213,cust_02372,1234.92,INR,NETBANKING,SUCCESS,,1,0.755,2026-08-09 05:57:15.661676
pay_004481,cust_01951,695.33,INR,NETBANKING,SUCCESS,,1,0.747,2026-08-09 05:59:15.661676
pay_004175,cust_02187,1571.36,INR,WALLET,SUCCESS,,1,0.92,2026-08-09 06:08:15.661676
pay_005906,cust_00473,1325.61,INR,WALLET,SUCCESS,,1,0.697,2026-08-09 06:40:15.661676
pay_001411,cust_01594,5232.03,INR,WALLET,SUCCESS,,1,0.815,2026-08-09 06:46:15.661676
pay_000481,cust_02738,1632.17,INR,UPI,SUCCESS,,1,0.524,2026-08-09 07:29:15.661676
pay_007801,cust_02000,928.08,INR,NETBANKING,SUCCESS,,1,0.932,2026-08-09 07:50:15.661676
pay_001094,cust_00133,1884.76,INR,WALLET,FAILED,TIMEOUT,4,0.57,2026-08-09 07:55:15.661676
pay_000165,cust_02357,3907.69,INR,UPI,SUCCESS,,1,0.596,2026-08-09 08:24:15.661676
pay_009228,cust_01676,1094.84,INR,WALLET,SUCCESS,,1,0.885,2026-08-09 08:28:15.661676
pay_001398,cust_02045,831.07,INR,NETBANKING,SUCCESS,,1,0.764,2026-08-09 08:32:15.661676
pay_009651,cust_00701,4441.48,INR,CARD,SUCCESS,,1,0.591,2026-08-09 08:46:15.661676
pay_006306,cust_00919,3955.12,INR,UPI,FAILED,BANK_ERROR,4,0.62,2026-08-09 08:53:15.661676
pay_003844,cust_02017,603.42,INR,UPI,SUCCESS,,1,0.553,2026-08-09 08:54:15.661676
pay_006501,cust_02584,4826.22,INR,WALLET,SUCCESS,,1,0.592,2026-08-09 09:00:15.661676
pay_004489,cust_02426,3658.9,INR,NETBANKING,SUCCESS,,1,0.724,2026-08-09 09:06:15.661676
pay_003205,cust_01481,844.0,INR,UPI,FAILED,NETWORK_ERROR,1,0.491,2026-08-09 09:08:15.661676
pay_009626,cust_01580,1049.51,INR,CARD,SUCCESS,,1,0.472,2026-08-09 09:15:15.661676
pay_007774,cust_01705,2579.41,INR,NETBANKING,FAILED,NETWORK_ERROR,3,0.638,2026-08-09 09:28:15.661676
pay_004305,cust_01140,635.3,INR,WALLET,SUCCESS,,1,0.623,2026-08-09 09:30:15.661676
pay_000856,cust_00355,1145.28,INR,NETBANKING,FAILED,NETWORK_ERROR,1,0.706,2026-08-09 09:32:15.661676
pay_006054,cust_00323,3581.44,INR,NETBANKING,SUCCESS,,1,0.846,2026-08-09 09:34:15.661676
pay_001087,cust_02979,4122.55,INR,UPI,SUCCESS,,1,0.975,2026-08-09 09:53:15.661676
pay_002336,cust_01715,2864.54,INR,NETBANKING,SUCCESS,,1,0.952,2026-08-09 10:02:15.661676
pay_008604,cust_01645,2528.14,INR,CARD,FAILED,BANK_ERROR,1,0.838,2026-08-09 10:08:15.661676
pay_009172,cust_00460,1873.67,INR,WALLET,SUCCESS,,1,0.696,2026-08-09 10:19:15.661676
pay_007030,cust_01537,2340.23,INR,NETBANKING,FAILED,NETWORK_ERROR,4,0.811,2026-08-09 10:24:15.661676
pay_004292,cust_00649,1281.46,INR,WALLET,SUCCESS,,1,0.671,2026-08-09 10:29:15.661676
pay_008766,cust_00563,1256.22,INR,NETBANKING,SUCCESS,,1,0.668,2026-08-09 10:34:15.661676
pay_009088,cust_01851,8898.83,INR,UPI,SUCCESS,,1,0.856,2026-08-09 11:27:15.661676
pay_004432,cust_02633,303.57,INR,UPI,SUCCESS,,1,0.812,2026-08-09 12:01:15.661676
pay_007375,cust_01109,2634.34,INR,UPI,SUCCESS,,1,0.978,2026-08-09 12:05:15.661676
pay_001414,cust_02527,10218.98,INR,NETBANKING,FAILED,NETWORK_ERROR,1,0.769,2026-08-09 12:08:15.661676
pay_003409,cust_02753,1513.26,INR,CARD,SUCCESS,,1,0.735,2026-08-09 12:11:15.661676
pay_007020,cust_02656,1889.67,INR,CARD,SUCCESS,,1,0.54,2026-08-09 12:12:15.661676
pay_003390,cust_02449,2020.8,INR,WALLET,SUCCESS,,1,0.886,2026-08-09 12:29:15.661676
pay_004674,cust_02382,777.37,INR,CARD,SUCCESS,,1,0.903,2026-08-09 12:43:15.661676
pay_006198,cust_01018,1234.91,INR,WALLET,SUCCESS,,1,0.743,2026-08-09 12:44:15.661676
pay_002386,cust_01366,985.55,INR,NETBANKING,SUCCESS,,1,0.484,2026-08-09 12:57:15.661676
pay_000661,cust_01933,1142.61,INR,NETBANKING,SUCCESS,,1,0.576,2026-08-09 12:57:15.661676
pay_007290,cust_01253,1785.67,INR,CARD,SUCCESS,,1,0.549,2026-08-09 13:45:15.661676
pay_008963,cust_02268,2220.36,INR,CARD,SUCCESS,,1,0.975,2026-08-09 13:46:15.661676
pay_007288,cust_00790,4178.97,INR,UPI,FAILED,LIMIT_EXCEEDED,2,0.807,2026-08-09 13:48:15.661676
pay_009466,cust_00250,665.37,INR,NETBANKING,SUCCESS,,1,0.701,2026-08-09 14:10:15.661676
pay_008652,cust_02797,2833.25,INR,NETBANKING,SUCCESS,,1,0.835,2026-08-09 14:13:15.661676
pay_008030,cust_02989,1932.04,INR,UPI,SUCCESS,,1,0.926,2026-08-09 14:22:15.661676
pay_005768,cust_01304,1696.08,INR,UPI,SUCCESS,,1,0.796,2026-08-09 14:24:15.661676
pay_005808,cust_02385,1354.51,INR,NETBANKING,SUCCESS,,1,0.935,2026-08-09 14:47:15.661676
pay_008615,cust_01316,1790.77,INR,UPI,SUCCESS,,1,0.627,2026-08-09 14:59:15.661676
pay_006517,cust_00527,7001.48,INR,UPI,SUCCESS,,1,0.464,2026-08-09 15:29:15.661676
pay_006707,cust_00958,1298.88,INR,WALLET,SUCCESS,,1,0.481,2026-08-09 15:44:15.661676
pay_009470,cust_01312,1676.7,INR,NETBANKING,SUCCESS,,1,0.776,2026-08-09 15:57:15.661676
pay_001501,cust_00315,3370.07,INR,CARD,SUCCESS,,1,0.501,2026-08-09 16:02:15.661676
pay_001124,cust_00147,724.58,INR,UPI,SUCCESS,,1,0.649,2026-08-09 16:36:15.661676
pay_001333,cust_01658,1524.23,INR,WALLET,SUCCESS,,1,0.697,2026-08-09 16:37:15.661676
pay_006628,cust_00548,5792.66,INR,UPI,SUCCESS,,1,0.898,2026-08-09 16:39:15.661676
pay_002818,cust_02063,2428.4,INR,CARD,SUCCESS,,1,0.622,2026-08-09 16:41:15.661676
pay_004633,cust_01095,2462.93,INR,UPI,SUCCESS,,1,0.568,2026-08-09 16:45:15.661676
pay_002729,cust_02864,998.26,INR,NETBANKING,SUCCESS,,1,0.563,2026-08-09 16:49:15.661676
pay_002047,cust_02792,1808.34,INR,CARD,SUCCESS,,1,0.986,2026-08-09 17:17:15.661676
pay_003198,cust_02622,400.81,INR,NETBANKING,SUCCESS,,1,0.478,2026-08-09 17:27:15.661676
pay_000443,cust_01675,345.86,INR,CARD,SUCCESS,,1,0.796,2026-08-09 17:36:15.661676
pay_003427,cust_02465,2212.89,INR,UPI,SUCCESS,,1,0.462,2026-08-09 17:55:15.661676
pay_000876,cust_00128,7598.05,INR,WALLET,SUCCESS,,1,0.939,2026-08-09 18:06:15.661676
pay_003969,cust_00929,9065.4,INR,UPI,FAILED,FRAUD_SUSPECTED,1,0.717,2026-08-09 18:11:15.661676
pay_007948,cust_00567,3444.24,INR,NETBANKING,SUCCESS,,1,0.479,2026-08-09 18:20:15.661676
pay_001556,cust_01394,2425.74,INR,NETBANKING,SUCCESS,,1,0.924,2026-08-09 18:29:15.661676
pay_000306,cust_01805,1985.97,INR,WALLET,SUCCESS,,1,0.656,2026-08-09 18:37:15.661676
pay_006211,cust_02006,3972.23,INR,WALLET,SUCCESS,,1,0.696,2026-08-09 18:54:15.661676
pay_006533,cust_02127,6200.3,INR,WALLET,SUCCESS,,1,0.481,2026-08-09 19:44:15.661676
pay_001726,cust_00770,4310.4,INR,WALLET,FAILED,INSUFFICIENT_FUNDS,4,0.693,2026-08-09 20:08:15.661676
pay_001278,cust_00899,2476.63,INR,WALLET,SUCCESS,,1,0.562,2026-08-09 20:34:15.661676
pay_006538,cust_00225,3155.01,INR,NETBANKING,FAILED,FRAUD_SUSPECTED,1,0.965,2026-08-09 21:02:15.661676
pay_004502,cust_01362,612.77,INR,NETBANKING,SUCCESS,,1,0.82,2026-08-09 21:07:15.661676
pay_005007,cust_00989,4183.01,INR,CARD,FAILED,USER_CANCELLED,4,0.969,2026-08-09 21:16:15.661676
pay_006203,cust_02844,11310.98,INR,UPI,SUCCESS,,1,0.66,2026-08-09 21:52:15.661676
pay_000068,cust_00015,4035.26,INR,NETBANKING,SUCCESS,,1,0.979,2026-08-09 22:18:15.661676
pay_006102,cust_01999,2174.36,INR,NETBANKING,SUCCESS,,1,0.793,2026-08-09 22:44:15.661676
pay_008489,cust_01363,2855.25,INR,WALLET,SUCCESS,,1,0.887,2026-08-09 22:48:15.661676
pay_000612,cust_01101,1729.4,INR,UPI,FAILED,NETWORK_ERROR,4,0.597,2026-08-09 22:58:15.661676
pay_009655,cust_01906,2530.61,INR,NETBANKING,SUCCESS,,1,0.505,2026-08-09 23:03:15.661676
pay_005895,cust_01546,2593.52,INR,CARD,SUCCESS,,1,0.636,2026-08-09 23:06:15.661676
pay_000327,cust_02692,4566.44,INR,UPI,SUCCESS,,1,0.859,2026-08-09 23:08:15.661676
pay_004400,cust_02539,3843.85,INR,UPI,SUCCESS,,1,0.525,2026-08-09 23:19:15.661676
pay_005116,cust_02369,2739.38,INR,UPI,SUCCESS,,1,0.908,2026-08-09 23:28:15.661676
pay_004589,cust_00031,1251.72,INR,NETBANKING,SUCCESS,,1,0.716,2026-08-09 23:29:15.661676
pay_008602,cust_00137,982.69,INR,WALLET,SUCCESS,,1,0.672,2026-08-09 23:48:15.661676
pay_001305,cust_01864,2777.23,INR,WALLET,SUCCESS,,1,0.83,2026-08-09 23:51:15.661676
pay_005323,cust_01780,4304.25,INR,NETBANKING,SUCCESS,,1,0.866,2026-08-09 23:57:15.661676
pay_009837,cust_01505,4104.42,INR,CARD,SUCCESS,,1,0.959,2026-08-10 00:16:15.661676
pay_003347,cust_02173,1440.14,INR,UPI,SUCCESS,,1,0.509,2026-08-10 00:18:15.661676
pay_002627,cust_00090,5556.35,INR,CARD,SUCCESS,,1,0.92,2026-08-10 00:26:15.661676
pay_000810,cust_02754,883.87,INR,UPI,FAILED,INSUFFICIENT_FUNDS,2,0.97,2026-08-10 00:32:15.661676
pay_002649,cust_00955,1830.78,INR,CARD,SUCCESS,,1,0.524,2026-08-10 00:58:15.661676
pay_002470,cust_01490,1529.27,INR,NETBANKING,SUCCESS,,1,0.693,2026-08-10 01:02:15.661676
pay_003021,cust_02679,4723.05,INR,CARD,SUCCESS,,1,0.613,2026-08-10 01:14:15.661676
pay_005065,cust_01638,3277.78,INR,NETBANKING,SUCCESS,,1,0.779,2026-08-10 01:21:15.661676
pay_009791,cust_00403,3491.71,INR,NETBANKING,SUCCESS,,1,0.888,2026-08-10 01:31:15.661676
pay_005129,cust_01985,2037.91,INR,UPI,FAILED,BANK_ERROR,4,0.707,2026-08-10 01:33:15.661676
pay_002157,cust_01150,1339.22,INR,NETBANKING,SUCCESS,,1,0.572,2026-08-10 01:37:15.661676
pay_006904,cust_01146,1245.2,INR,UPI,FAILED,INSUFFICIENT_FUNDS,3,0.574,2026-08-10 02:05:15.661676
pay_007953,cust_02152,1456.37,INR,WALLET,SUCCESS,,1,0.952,2026-08-10 02:11:15.661676
pay_003048,cust_00348,1381.6,INR,CARD,SUCCESS,,1,0.65,2026-08-10 02:13:15.661676
pay_000011,cust_02709,1247.96,INR,CARD,SUCCESS,,1,0.493,2026-08-10 02:33:15.661676
pay_004494,cust_01148,1252.74,INR,WALLET,SUCCESS,,1,0.526,2026-08-10 02:46:15.661676
pay_008052,cust_00129,704.91,INR,CARD,SUCCESS,,1,0.461,2026-08-10 03:05:15.661676
pay_000615,cust_00645,12792.34,INR,NETBANKING,SUCCESS,,1,0.76,2026-08-10 03:07:15.661676
pay_007743,cust_01710,1091.17,INR,NETBANKING,SUCCESS,,1,0.698,2026-08-10 03:22:15.661676
pay_007363,cust_02809,4220.26,INR,WALLET,SUCCESS,,1,0.521,2026-08-10 04:16:15.661676
pay_009700,cust_00948,549.26,INR,CARD,SUCCESS,,1,0.458,2026-08-10 04:35:15.661676
pay_004433,cust_02509,2167.54,INR,WALLET,SUCCESS,,1,0.747,2026-08-10 04:50:15.661676
pay_002257,cust_00022,3675.74,INR,NETBANKING,SUCCESS,,1,0.745,2026-08-10 05:26:15.661676
pay_007104,cust_01488,1424.77,INR,UPI,SUCCESS,,1,0.865,2026-08-10 05:34:15.661676
pay_001375,cust_00319,5866.05,INR,UPI,SUCCESS,,1,0.683,2026-08-10 06:06:15.661676
pay_008320,cust_01012,1218.85,INR,UPI,FAILED,INSUFFICIENT_FUNDS,2,0.559,2026-08-10 06:17:15.661676
pay_008854,cust_01272,364.53,INR,CARD,SUCCESS,,1,0.945,2026-08-10 06:18:15.661676
pay_007494,cust_02458,1810.62,INR,UPI,SUCCESS,,1,0.847,2026-08-10 06:35:15.661676
pay_004266,cust_02197,2683.42,INR,UPI,SUCCESS,,1,0.583,2026-08-10 07:34:15.661676
pay_001578,cust_02658,4590.72,INR,WALLET,SUCCESS,,1,0.613,2026-08-10 07:39:15.661676
pay_000470,cust_00981,1140.64,INR,NETBANKING,SUCCESS,,1,0.702,2026-08-10 07:54:15.661676
pay_001153,cust_02145,1084.45,INR,NETBANKING,SUCCESS,,1,0.866,2026-08-10 07:56:15.661676
pay_007146,cust_02451,2645.46,INR,NETBANKING,SUCCESS,,1,0.715,2026-08-10 07:59:15.661676
pay_007438,cust_00744,1726.12,INR,NETBANKING,SUCCESS,,1,0.461,2026-08-10 08:04:15.661676
pay_000152,cust_02484,2385.49,INR,CARD,SUCCESS,,1,0.693,2026-08-10 08:17:15.661676
pay_001665,cust_00970,5103.06,INR,UPI,SUCCESS,,1,0.687,2026-08-10 08:25:15.661676
pay_009125,cust_02290,2934.85,INR,CARD,FAILED,LIMIT_EXCEEDED,1,0.819,2026-08-10 08:28:15.661676
pay_004661,cust_01948,5916.9,INR,NETBANKING,SUCCESS,,1,0.459,2026-08-10 09:11:15.661676
pay_005477,cust_00025,1561.43,INR,CARD,SUCCESS,,1,0.851,2026-08-10 09:12:15.661676
pay_000831,cust_01507,616.74,INR,CARD,SUCCESS,,1,0.554,2026-08-10 09:17:15.661676
pay_006810,cust_01850,636.6,INR,NETBANKING,FAILED,NETWORK_ERROR,2,0.675,2026-08-10 09:37:15.661676
pay_004499,cust_00935,318.7,INR,UPI,SUCCESS,,1,0.689,2026-08-10 09:39:15.661676
pay_002332,cust_00514,1707.39,INR,CARD,FAILED,LIMIT_EXCEEDED,2,0.777,2026-08-10 09:56:15.661676
pay_004554,cust_00319,834.7,INR,NETBANKING,SUCCESS,,1,0.612,2026-08-10 10:20:15.661676
pay_005822,cust_01076,2241.44,INR,UPI,SUCCESS,,1,0.541,2026-08-10 10:28:15.661676
pay_009309,cust_02147,2156.31,INR,WALLET,SUCCESS,,1,0.782,2026-08-10 10:29:15.661676
pay_007228,cust_02747,1736.04,INR,CARD,SUCCESS,,1,0.747,2026-08-10 11:17:15.661676
pay_001242,cust_02981,1536.31,INR,NETBANKING,SUCCESS,,1,0.934,2026-08-10 11:40:15.661676
pay_009947,cust_00288,277.43,INR,CARD,SUCCESS,,1,0.586,2026-08-10 11:50:15.661676
pay_001270,cust_02509,4860.39,INR,WALLET,SUCCESS,,1,0.925,2026-08-10 12:35:15.661676
pay_001876,cust_01538,5522.29,INR,UPI,SUCCESS,,1,0.892,2026-08-10 12:44:15.661676
pay_009378,cust_01854,4805.15,INR,UPI,SUCCESS,,1,0.663,2026-08-10 12:44:15.661676
pay_000123,cust_00688,5553.79,INR,UPI,SUCCESS,,1,0.971,2026-08-10 12:52:15.661676
pay_000772,cust_00814,1152.89,INR,CARD,SUCCESS,,1,0.732,2026-08-10 13:14:15.661676
pay_005472,cust_01887,2453.79,INR,WALLET,SUCCESS,,1,0.867,2026-08-10 13:21:15.661676
pay_005152,cust_02869,914.36,INR,WALLET,SUCCESS,,1,0.924,2026-08-10 13:23:15.661676
pay_003477,cust_02220,3953.09,INR,CARD,SUCCESS,,1,0.91,2026-08-10 14:09:15.661676
pay_007004,cust_01572,1499.7,INR,UPI,FAILED,LIMIT_EXCEEDED,2,0.92,2026-08-10 14:17:15.661676
pay_008555,cust_02271,3844.32,INR,CARD,SUCCESS,,1,0.537,2026-08-10 14:26:15.661676
pay_006388,cust_00463,579.53,INR,NETBANKING,SUCCESS,,1,0.688,2026-08-10 14:33:15.661676
pay_009074,cust_02466,5955.74,INR,NETBANKING,SUCCESS,,1,0.971,2026-08-10 14:48:15.661676
pay_009885,cust_00855,2794.95,INR,CARD,SUCCESS,,1,0.731,2026-08-10 14:56:15.661676
pay_001367,cust_01153,1768.98,INR,NETBANKING,SUCCESS,,1,0.634,2026-08-10 15:05:15.661676
pay_002879,cust_02343,2284.16,INR,CARD,SUCCESS,,1,0.491,2026-08-10 15:14:15.661676
pay_004717,cust_01801,12218.39,INR,NETBANKING,FAILED,LIMIT_EXCEEDED,2,0.922,2026-08-10 15:15:15.661676
pay_000752,cust_02932,613.18,INR,CARD,SUCCESS,,1,0.63,2026-08-10 15:23:15.661676
pay_003565,cust_00384,3892.12,INR,UPI,SUCCESS,,1,0.762,2026-08-10 15:23:15.661676
pay_009212,cust_00501,863.15,INR,UPI,SUCCESS,,1,0.736,2026-08-10 15:24:15.661676
pay_000595,cust_02458,4146.55,INR,NETBANKING,FAILED,BANK_ERROR,3,0.561,2026-08-10 15:27:15.661676
pay_001286,cust_01335,623.29,INR,CARD,SUCCESS,,1,0.573,2026-08-10 15:27:15.661676
pay_003103,cust_00733,6765.45,INR,UPI,SUCCESS,,1,0.861,2026-08-10 15:38:15.661676
pay_007640,cust_02138,418.75,INR,NETBANKING,SUCCESS,,1,0.809,2026-08-10 16:11:15.661676
pay_006677,cust_01415,1852.67,INR,NETBANKING,SUCCESS,,1,0.82,2026-08-10 16:20:15.661676
pay_006343,cust_00745,1611.74,INR,WALLET,SUCCESS,,1,0.604,2026-08-10 16:24:15.661676
pay_007054,cust_02007,2344.26,INR,UPI,SUCCESS,,1,0.562,2026-08-10 16:25:15.661676
pay_002646,cust_02466,965.06,INR,UPI,SUCCESS,,1,0.638,2026-08-10 16:31:15.661676
pay_005912,cust_01394,1686.89,INR,UPI,SUCCESS,,1,0.743,2026-08-10 16:34:15.661676
pay_009909,cust_01117,4227.87,INR,UPI,SUCCESS,,1,0.8,2026-08-10 16:43:15.661676
pay_002383,cust_00683,2380.42,INR,CARD,SUCCESS,,1,0.962,2026-08-10 16:43:15.661676
pay_009123,cust_01999,3119.12,INR,CARD,SUCCESS,,1,0.557,2026-08-10 16:45:15.661676
pay_009420,cust_00251,1480.43,INR,CARD,FAILED,FRAUD_SUSPECTED,1,0.76,2026-08-10 16:53:15.661676
pay_007636,cust_01813,1294.36,INR,CARD,SUCCESS,,1,0.542,2026-08-10 17:04:15.661676
pay_004760,cust_02495,3221.24,INR,UPI,SUCCESS,,1,0.683,2026-08-10 17:06:15.661676
pay_005363,cust_02344,1899.81,INR,NETBANKING,SUCCESS,,1,0.827,2026-08-10 17:17:15.661676
pay_005966,cust_01309,1999.64,INR,UPI,SUCCESS,,1,0.542,2026-08-10 17:31:15.661676
pay_000637,cust_00831,3493.07,INR,CARD,SUCCESS,,1,0.509,2026-08-10 17:33:15.661676
pay_002164,cust_02104,4501.29,INR,CARD,SUCCESS,,1,0.487,2026-08-10 17:44:15.661676
pay_004511,cust_02843,699.53,INR,NETBANKING,SUCCESS,,1,0.577,2026-08-10 18:04:15.661676
pay_003384,cust_00021,4111.69,INR,WALLET,SUCCESS,,1,0.611,2026-08-10 18:14:15.661676
pay_008206,cust_02533,1264.82,INR,NETBANKING,SUCCESS,,1,0.978,2026-08-10 18:17:15.661676
pay_005328,cust_01494,2152.19,INR,CARD,SUCCESS,,1,0.558,2026-08-10 18:25:15.661676
pay_003396,cust_00914,596.58,INR,NETBANKING,SUCCESS,,1,0.973,2026-08-10 18:51:15.661676
pay_008028,cust_01962,1896.8,INR,NETBANKING,SUCCESS,,1,0.654,2026-08-10 19:18:15.661676
pay_004634,cust_01415,3534.09,INR,WALLET,SUCCESS,,1,0.556,2026-08-10 19:40:15.661676
pay_005888,cust_02985,927.65,INR,CARD,FAILED,TIMEOUT,4,0.88,2026-08-10 19:47:15.661676
pay_007154,cust_02969,3066.73,INR,WALLET,SUCCESS,,1,0.493,2026-08-10 19:49:15.661676
pay_000971,cust_01112,2003.16,INR,WALLET,SUCCESS,,1,0.646,2026-08-10 19:49:15.661676
pay_002508,cust_02057,4893.89,INR,NETBANKING,SUCCESS,,1,0.631,2026-08-10 19:53:15.661676
pay_008653,cust_02910,2836.38,INR,CARD,SUCCESS,,1,0.854,2026-08-10 20:11:15.661676
pay_009659,cust_01558,5135.17,INR,UPI,SUCCESS,,1,0.712,2026-08-10 20:16:15.661676
pay_002619,cust_01925,2606.66,INR,UPI,SUCCESS,,1,0.821,2026-08-10 20:23:15.661676
pay_003702,cust_00905,5779.62,INR,CARD,SUCCESS,,1,0.779,2026-08-10 20:27:15.661676
pay_004067,cust_02840,2103.72,INR,WALLET,SUCCESS,,1,0.899,2026-08-10 20:49:15.661676
pay_004866,cust_01780,469.78,INR,WALLET,SUCCESS,,1,0.723,2026-08-10 20:58:15.661676
pay_003781,cust_02625,1603.18,INR,WALLET,SUCCESS,,1,0.647,2026-08-10 21:10:15.661676
pay_009340,cust_01643,1839.0,INR,WALLET,SUCCESS,,1,0.858,2026-08-10 21:17:15.661676
pay_006286,cust_02982,1104.43,INR,NETBANKING,SUCCESS,,1,0.7,2026-08-10 21:42:15.661676
pay_003978,cust_02832,5755.12,INR,CARD,SUCCESS,,1,0.52,2026-08-10 21:45:15.661676
pay_009932,cust_00793,918.89,INR,WALLET,FAILED,BANK_ERROR,4,0.516,2026-08-10 22:10:15.661676
pay_009790,cust_02386,1117.99,INR,CARD,SUCCESS,,1,0.921,2026-08-10 22:22:15.661676
pay_001444,cust_00173,640.68,INR,WALLET,SUCCESS,,1,0.914,2026-08-10 22:34:15.661676
pay_008377,cust_01432,606.94,INR,UPI,SUCCESS,,1,0.61,2026-08-10 22:49:15.661676
pay_005222,cust_01819,1827.6,INR,UPI,SUCCESS,,1,0.782,2026-08-10 22:52:15.661676
pay_005398,cust_00172,3250.11,INR,UPI,FAILED,LIMIT_EXCEEDED,1,0.958,2026-08-10 23:04:15.661676
pay_005133,cust_01553,2475.28,INR,UPI,SUCCESS,,1,0.605,2026-08-10 23:04:15.661676
pay_000514,cust_01228,874.76,INR,WALLET,SUCCESS,,1,0.586,2026-08-10 23:31:15.661676
pay_005096,cust_00805,1370.96,INR,NETBANKING,SUCCESS,,1,0.664,2026-08-11 00:15:15.661676
pay_002561,cust_01579,803.42,INR,UPI,SUCCESS,,1,0.59,2026-08-11 00:20:15.661676
pay_003763,cust_01132,943.49,INR,WALLET,SUCCESS,,1,0.912,2026-08-11 00:20:15.661676
pay_005709,cust_01244,973.83,INR,UPI,SUCCESS,,1,0.976,2026-08-11 00:26:15.661676
pay_003704,cust_01657,925.62,INR,WALLET,SUCCESS,,1,0.792,2026-08-11 00:51:15.661676
pay_007477,cust_00698,299.92,INR,WALLET,SUCCESS,,1,0.798,2026-08-11 01:38:15.661676
pay_003316,cust_00403,2522.88,INR,WALLET,FAILED,LIMIT_EXCEEDED,1,0.875,2026-08-11 01:40:15.661676
pay_001600,cust_00586,1009.89,INR,CARD,SUCCESS,,1,0.476,2026-08-11 01:59:15.661676
pay_009968,cust_00795,1793.34,INR,CARD,SUCCESS,,1,0.692,2026-08-11 02:24:15.661676
pay_003973,cust_02586,2387.61,INR,WALLET,SUCCESS,,1,0.519,2026-08-11 02:38:15.661676
pay_008361,cust_01196,3053.94,INR,NETBANKING,SUCCESS,,1,0.53,2026-08-11 02:50:15.661676
pay_009316,cust_02030,528.89,INR,UPI,SUCCESS,,1,0.482,2026-08-11 02:54:15.661676
pay_005178,cust_01411,410.59,INR,WALLET,SUCCESS,,1,0.759,2026-08-11 02:58:15.661676
pay_001178,cust_02421,1671.25,INR,WALLET,FAILED,CARD_EXPIRED,3,0.744,2026-08-11 03:07:15.661676
pay_004464,cust_02961,4583.74,INR,NETBANKING,SUCCESS,,1,0.918,2026-08-11 03:16:15.661676
pay_008835,cust_02868,3181.81,INR,CARD,SUCCESS,,1,0.753,2026-08-11 03:44:15.661676
pay_002398,cust_02481,809.84,INR,NETBANKING,SUCCESS,,1,0.727,2026-08-11 04:07:15.661676
pay_000565,cust_00680,4726.65,INR,CARD,SUCCESS,,1,0.562,2026-08-11 04:17:15.661676
pay_007122,cust_02011,922.27,INR,WALLET,SUCCESS,,1,0.6,2026-08-11 04:23:15.661676
pay_000960,cust_02584,2586.77,INR,NETBANKING,SUCCESS,,1,0.586,2026-08-11 05:21:15.661676
pay_008581,cust_02285,2077.99,INR,WALLET,SUCCESS,,1,0.856,2026-08-11 05:23:15.661676
pay_006732,cust_00686,891.5,INR,NETBANKING,SUCCESS,,1,0.554,2026-08-11 05:30:15.661676
pay_004367,cust_00524,1187.37,INR,CARD,SUCCESS,,1,0.574,2026-08-11 05:32:15.661676
pay_005943,cust_00199,1809.65,INR,UPI,SUCCESS,,1,0.958,2026-08-11 05:39:15.661676
pay_003698,cust_01537,2359.22,INR,NETBANKING,FAILED,USER_CANCELLED,4,0.683,2026-08-11 05:45:15.661676
pay_003259,cust_00057,4672.21,INR,WALLET,SUCCESS,,1,0.485,2026-08-11 06:08:15.661676
pay_001716,cust_01207,1681.72,INR,UPI,SUCCESS,,1,0.573,2026-08-11 06:31:15.661676
pay_008984,cust_00084,3502.17,INR,UPI,SUCCESS,,1,0.719,2026-08-11 06:34:15.661676
pay_009746,cust_02642,3043.53,INR,UPI,SUCCESS,,1,0.758,2026-08-11 06:42:15.661676
pay_002882,cust_01888,331.44,INR,NETBANKING,SUCCESS,,1,0.781,2026-08-11 07:05:15.661676
pay_007096,cust_00601,458.14,INR,UPI,SUCCESS,,1,0.897,2026-08-11 07:26:15.661676
pay_004402,cust_00285,4262.21,INR,CARD,SUCCESS,,1,0.627,2026-08-11 07:28:15.661676
pay_002331,cust_00944,1429.14,INR,WALLET,SUCCESS,,1,0.757,2026-08-11 07:28:15.661676
pay_003806,cust_00270,2726.82,INR,UPI,SUCCESS,,1,0.754,2026-08-11 07:28:15.661676
pay_004763,cust_00313,3095.04,INR,UPI,SUCCESS,,1,0.468,2026-08-11 07:44:15.661676
pay_009134,cust_00465,2251.0,INR,WALLET,SUCCESS,,1,0.617,2026-08-11 08:00:15.661676
pay_002665,cust_01496,2619.05,INR,UPI,SUCCESS,,1,0.719,2026-08-11 08:01:15.661676
pay_002217,cust_00576,1274.9,INR,NETBANKING,SUCCESS,,1,0.727,2026-08-11 08:11:15.661676
pay_004932,cust_02484,313.25,INR,NETBANKING,SUCCESS,,1,0.922,2026-08-11 08:21:15.661676
pay_000231,cust_00088,1007.98,INR,UPI,SUCCESS,,1,0.984,2026-08-11 08:32:15.661676
pay_002917,cust_01281,1571.13,INR,WALLET,SUCCESS,,1,0.634,2026-08-11 08:34:15.661676
pay_005471,cust_01627,6077.54,INR,UPI,SUCCESS,,1,0.568,2026-08-11 08:39:15.661676
pay_003139,cust_02979,2640.64,INR,WALLET,SUCCESS,,1,0.703,2026-08-11 09:01:15.661676
pay_007843,cust_02969,3061.05,INR,CARD,SUCCESS,,1,0.673,2026-08-11 09:05:15.661676
pay_001567,cust_02170,1907.58,INR,WALLET,SUCCESS,,1,0.883,2026-08-11 09:27:15.661676
pay_005648,cust_01828,6339.44,INR,WALLET,SUCCESS,,1,0.896,2026-08-11 09:27:15.661676
pay_007939,cust_01952,5981.14,INR,CARD,SUCCESS,,1,0.917,2026-08-11 09:45:15.661676
pay_008427,cust_02501,3513.61,INR,CARD,SUCCESS,,1,0.675,2026-08-11 09:47:15.661676
pay_007800,cust_02023,416.98,INR,UPI,SUCCESS,,1,0.767,2026-08-11 10:00:15.661676
pay_009476,cust_00714,1854.36,INR,UPI,SUCCESS,,1,0.467,2026-08-11 10:08:15.661676
pay_005074,cust_00646,520.97,INR,NETBANKING,SUCCESS,,1,0.795,2026-08-11 10:09:15.661676
pay_006426,cust_02163,2718.27,INR,NETBANKING,SUCCESS,,1,0.776,2026-08-11 10:21:15.661676
pay_007115,cust_02587,4225.97,INR,WALLET,SUCCESS,,1,0.968,2026-08-11 10:23:15.661676
pay_001308,cust_01106,1794.9,INR,CARD,SUCCESS,,1,0.785,2026-08-11 10:30:15.661676
pay_009729,cust_02638,1248.84,INR,NETBANKING,SUCCESS,,1,0.845,2026-08-11 10:39:15.661676
pay_001257,cust_00230,6891.6,INR,NETBANKING,SUCCESS,,1,0.669,2026-08-11 10:41:15.661676
pay_008688,cust_01736,5454.04,INR,UPI,SUCCESS,,1,0.87,2026-08-11 11:05:15.661676
pay_004512,cust_00025,4214.35,INR,NETBANKING,SUCCESS,,1,0.733,2026-08-11 11:37:15.661676
pay_008725,cust_01054,1618.62,INR,WALLET,SUCCESS,,1,0.946,2026-08-11 12:10:15.661676
pay_000211,cust_00162,2854.67,INR,NETBANKING,SUCCESS,,1,0.763,2026-08-11 12:30:15.661676
pay_005654,cust_02410,4458.61,INR,UPI,SUCCESS,,1,0.838,2026-08-11 12:51:15.661676
pay_001171,cust_02725,3318.08,INR,NETBANKING,SUCCESS,,1,0.625,2026-08-11 12:52:15.661676
pay_004309,cust_02265,1544.51,INR,UPI,SUCCESS,,1,0.657,2026-08-11 13:00:15.661676
pay_001326,cust_01256,372.27,INR,CARD,SUCCESS,,1,0.711,2026-08-11 13:56:15.661676
pay_001461,cust_02640,1618.47,INR,WALLET,SUCCESS,,1,0.918,2026-08-11 14:03:15.661676
pay_009641,cust_00775,463.63,INR,UPI,SUCCESS,,1,0.793,2026-08-11 14:16:15.661676
pay_006500,cust_00838,1357.69,INR,UPI,SUCCESS,,1,0.523,2026-08-11 14:26:15.661676
pay_003480,cust_00546,5481.2,INR,NETBANKING,SUCCESS,,1,0.918,2026-08-11 14:31:15.661676
pay_001294,cust_02473,3536.15,INR,CARD,SUCCESS,,1,0.964,2026-08-11 14:33:15.661676
pay_005856,cust_02399,428.99,INR,WALLET,SUCCESS,,1,0.757,2026-08-11 14:55:15.661676
pay_007279,cust_00314,1692.44,INR,CARD,SUCCESS,,1,0.74,2026-08-11 15:11:15.661676
pay_005766,cust_00493,1400.97,INR,UPI,SUCCESS,,1,0.716,2026-08-11 15:20:15.661676
pay_002594,cust_00210,1893.95,INR,NETBANKING,SUCCESS,,1,0.556,2026-08-11 15:34:15.661676
pay_004627,cust_02837,1060.24,INR,CARD,SUCCESS,,1,0.608,2026-08-11 15:38:15.661676
pay_002634,cust_02066,2319.36,INR,NETBANKING,SUCCESS,,1,0.603,2026-08-11 15:50:15.661676
pay_006995,cust_01378,1091.52,INR,CARD,SUCCESS,,1,0.642,2026-08-11 16:12:15.661676
pay_008717,cust_01838,3027.37,INR,WALLET,SUCCESS,,1,0.878,2026-08-11 16:17:15.661676
pay_006825,cust_00337,3292.58,INR,NETBANKING,FAILED,BANK_ERROR,1,0.458,2026-08-11 16:19:15.661676
pay_000355,cust_00569,1780.74,INR,CARD,SUCCESS,,1,0.645,2026-08-11 16:21:15.661676
pay_005124,cust_00406,1710.08,INR,UPI,SUCCESS,,1,0.56,2026-08-11 17:06:15.661676
pay_002133,cust_01322,3097.31,INR,WALLET,SUCCESS,,1,0.582,2026-08-11 17:30:15.661676
pay_004864,cust_00154,613.73,INR,WALLET,SUCCESS,,1,0.843,2026-08-11 17:55:15.661676
pay_006026,cust_02417,1984.78,INR,CARD,FAILED,NETWORK_ERROR,4,0.751,2026-08-11 18:08:15.661676
pay_009793,cust_01851,2088.59,INR,UPI,SUCCESS,,1,0.807,2026-08-11 18:27:15.661676
pay_000315,cust_02928,5137.81,INR,NETBANKING,SUCCESS,,1,0.471,2026-08-11 18:33:15.661676
pay_002904,cust_00058,2353.38,INR,WALLET,SUCCESS,,1,0.939,2026-08-11 18:33:15.661676
pay_009216,cust_01945,4730.56,INR,WALLET,SUCCESS,,1,0.527,2026-08-11 19:21:15.661676
pay_006942,cust_02073,3912.05,INR,CARD,SUCCESS,,1,0.661,2026-08-11 19:36:15.661676
pay_002980,cust_02290,2121.44,INR,WALLET,SUCCESS,,1,0.908,2026-08-11 19:50:15.661676
pay_003506,cust_02391,603.07,INR,WALLET,SUCCESS,,1,0.741,2026-08-11 20:33:15.661676
pay_001994,cust_00585,3186.39,INR,UPI,FAILED,TIMEOUT,1,0.743,2026-08-11 20:47:15.661676
pay_001175,cust_01335,989.13,INR,UPI,SUCCESS,,1,0.699,2026-08-11 20:51:15.661676
pay_008252,cust_00595,776.74,INR,UPI,FAILED,NETWORK_ERROR,1,0.66,2026-08-11 21:06:15.661676
pay_001405,cust_00314,4011.17,INR,WALLET,SUCCESS,,1,0.609,2026-08-11 21:30:15.661676
pay_000245,cust_01763,692.12,INR,UPI,SUCCESS,,1,0.911,2026-08-11 22:18:15.661676
pay_003554,cust_00404,13483.81,INR,CARD,SUCCESS,,1,0.844,2026-08-11 22:36:15.661676
pay_004328,cust_02032,3716.09,INR,NETBANKING,SUCCESS,,1,0.606,2026-08-11 23:05:15.661676
pay_008476,cust_02582,1139.35,INR,UPI,SUCCESS,,1,0.646,2026-08-11 23:24:15.661676
pay_009877,cust_00563,8241.18,INR,WALLET,SUCCESS,,1,0.572,2026-08-11 23:32:15.661676
pay_000092,cust_02094,3924.19,INR,WALLET,FAILED,USER_CANCELLED,2,0.806,2026-08-11 23:42:15.661676
pay_002787,cust_02011,976.53,INR,CARD,SUCCESS,,1,0.643,2026-08-12 00:24:15.661676
pay_001029,cust_01704,2953.7,INR,NETBANKING,SUCCESS,,1,0.895,2026-08-12 00:49:15.661676
pay_009206,cust_01253,462.28,INR,CARD,FAILED,TIMEOUT,2,0.642,2026-08-12 00:55:15.661676
pay_009312,cust_00682,843.51,INR,WALLET,SUCCESS,,1,0.607,2026-08-12 01:01:15.661676
pay_007405,cust_02257,974.81,INR,UPI,SUCCESS,,1,0.452,2026-08-12 01:05:15.661676
pay_007382,cust_02009,2480.71,INR,WALLET,SUCCESS,,1,0.561,2026-08-12 01:34:15.661676
pay_007633,cust_01774,3913.79,INR,WALLET,SUCCESS,,1,0.74,2026-08-12 01:44:15.661676
pay_003318,cust_01553,823.99,INR,UPI,FAILED,LIMIT_EXCEEDED,3,0.591,2026-08-12 01:47:15.661676
pay_002965,cust_01967,4810.07,INR,NETBANKING,FAILED,USER_CANCELLED,2,0.492,2026-08-12 02:28:15.661676
pay_009891,cust_01306,4922.43,INR,WALLET,FAILED,LIMIT_EXCEEDED,4,0.835,2026-08-12 03:24:15.661676
pay_004144,cust_02179,2320.0,INR,CARD,FAILED,NETWORK_ERROR,4,0.956,2026-08-12 04:18:15.661676
pay_009880,cust_00428,7116.48,INR,UPI,SUCCESS,,1,0.735,2026-08-12 04:29:15.661676
pay_001549,cust_02758,3337.12,INR,NETBANKING,SUCCESS,,1,0.974,2026-08-12 04:35:15.661676
pay_009743,cust_01083,562.14,INR,UPI,SUCCESS,,1,0.811,2026-08-12 04:36:15.661676
pay_009503,cust_00254,2080.7,INR,WALLET,SUCCESS,,1,0.491,2026-08-12 04:42:15.661676
pay_007680,cust_02961,897.26,INR,WALLET,SUCCESS,,1,0.521,2026-08-12 04:47:15.661676
pay_008084,cust_02925,3368.01,INR,UPI,SUCCESS,,1,0.886,2026-08-12 04:51:15.661676
pay_003155,cust_00337,787.74,INR,UPI,SUCCESS,,1,0.531,2026-08-12 05:04:15.661676
pay_009008,cust_02812,3960.02,INR,WALLET,SUCCESS,,1,0.5,2026-08-12 05:05:15.661676
pay_004560,cust_01162,3054.35,INR,NETBANKING,SUCCESS,,1,0.935,2026-08-12 05:07:15.661676
pay_000127,cust_02803,818.58,INR,UPI,FAILED,USER_CANCELLED,3,0.738,2026-08-12 05:09:15.661676
pay_000281,cust_01812,1979.92,INR,NETBANKING,SUCCESS,,1,0.48,2026-08-12 05:22:15.661676
pay_008269,cust_02960,991.7,INR,NETBANKING,SUCCESS,,1,0.496,2026-08-12 05:44:15.661676
pay_007958,cust_00776,10171.01,INR,UPI,SUCCESS,,1,0.547,2026-08-12 05:48:15.661676
pay_008779,cust_00155,4563.27,INR,UPI,SUCCESS,,1,0.458,2026-08-12 05:49:15.661676
pay_007170,cust_00861,1864.68,INR,NETBANKING,SUCCESS,,1,0.792,2026-08-12 05:54:15.661676
pay_002372,cust_01987,1166.04,INR,WALLET,SUCCESS,,1,0.773,2026-08-12 06:17:15.661676
pay_008410,cust_01107,1749.82,INR,UPI,SUCCESS,,1,0.825,2026-08-12 06:18:15.661676
pay_003760,cust_01527,1776.1,INR,WALLET,SUCCESS,,1,0.483,2026-08-12 06:31:15.661676
pay_007701,cust_02667,3690.4,INR,UPI,SUCCESS,,1,0.913,2026-08-12 06:42:15.661676
pay_008541,cust_02877,1398.8,INR,WALLET,SUCCESS,,1,0.476,2026-08-12 06:52:15.661676
pay_007129,cust_02988,2110.67,INR,WALLET,SUCCESS,,1,0.737,2026-08-12 07:00:15.661676
pay_003604,cust_00244,1809.03,INR,UPI,SUCCESS,,1,0.516,2026-08-12 07:24:15.661676
pay_008274,cust_02492,1324.97,INR,CARD,SUCCESS,,1,0.963,2026-08-12 07:39:15.661676
pay_006842,cust_01279,1150.5,INR,CARD,SUCCESS,,1,0.7,2026-08-12 08:03:15.661676
pay_008793,cust_01402,1901.86,INR,WALLET,SUCCESS,,1,0.737,2026-08-12 08:08:15.661676
pay_009080,cust_00838,470.13,INR,NETBANKING,SUCCESS,,1,0.877,2026-08-12 08:19:15.661676
pay_000524,cust_00859,2854.01,INR,WALLET,SUCCESS,,1,0.824,2026-08-12 08:20:15.661676
pay_006142,cust_00220,1742.82,INR,WALLET,SUCCESS,,1,0.857,2026-08-12 08:52:15.661676
pay_000504,cust_00352,2836.64,INR,NETBANKING,SUCCESS,,1,0.49,2026-08-12 09:08:15.661676
pay_009100,cust_02390,1212.09,INR,UPI,SUCCESS,,1,0.531,2026-08-12 09:13:15.661676
pay_002632,cust_01624,2619.0,INR,WALLET,SUCCESS,,1,0.735,2026-08-12 09:14:15.661676
pay_004463,cust_00029,3549.22,INR,CARD,SUCCESS,,1,0.458,2026-08-12 09:36:15.661676
pay_008785,cust_02975,690.12,INR,CARD,SUCCESS,,1,0.749,2026-08-12 09:51:15.661676
pay_003461,cust_00155,7020.42,INR,NETBANKING,SUCCESS,,1,0.777,2026-08-12 09:51:15.661676
pay_004466,cust_01201,716.85,INR,CARD,SUCCESS,,1,0.565,2026-08-12 09:54:15.661676
pay_000235,cust_00533,10048.27,INR,NETBANKING,SUCCESS,,1,0.807,2026-08-12 10:08:15.661676
pay_003498,cust_00399,1739.81,INR,CARD,SUCCESS,,1,0.91,2026-08-12 10:46:15.661676
pay_008753,cust_01664,2966.88,INR,CARD,FAILED,USER_CANCELLED,4,0.988,2026-08-12 10:51:15.661676
pay_003305,cust_00737,4361.87,INR,CARD,SUCCESS,,1,0.94,2026-08-12 11:05:15.661676
pay_006315,cust_01477,4363.65,INR,NETBANKING,SUCCESS,,1,0.661,2026-08-12 11:54:15.661676
pay_006222,cust_00915,1761.95,INR,CARD,SUCCESS,,1,0.93,2026-08-12 12:01:15.661676
pay_003542,cust_00413,5772.16,INR,WALLET,SUCCESS,,1,0.911,2026-08-12 12:05:15.661676
pay_000544,cust_00257,5728.76,INR,UPI,FAILED,BANK_ERROR,3,0.556,2026-08-12 12:18:15.661676
pay_004024,cust_02307,3384.2,INR,WALLET,FAILED,INSUFFICIENT_FUNDS,1,0.451,2026-08-12 12:23:15.661676
pay_001336,cust_02350,1380.68,INR,CARD,SUCCESS,,1,0.94,2026-08-12 12:28:15.661676
pay_002301,cust_00063,4194.62,INR,NETBANKING,SUCCESS,,1,0.598,2026-08-12 12:29:15.661676
pay_007045,cust_00791,3423.37,INR,NETBANKING,SUCCESS,,1,0.473,2026-08-12 12:35:15.661676
pay_006103,cust_00138,730.16,INR,WALLET,SUCCESS,,1,0.495,2026-08-12 12:38:15.661676
pay_004852,cust_02491,13893.94,INR,UPI,SUCCESS,,1,0.629,2026-08-12 12:43:15.661676
pay_004702,cust_00452,568.97,INR,CARD,SUCCESS,,1,0.662,2026-08-12 12:58:15.661676
pay_006578,cust_00904,807.31,INR,WALLET,SUCCESS,,1,0.94,2026-08-12 13:05:15.661676
pay_005171,cust_02277,2316.74,INR,WALLET,SUCCESS,,1,0.846,2026-08-12 13:06:15.661676
pay_009106,cust_01051,1373.95,INR,NETBANKING,FAILED,CARD_EXPIRED,4,0.516,2026-08-12 13:21:15.661676
pay_007451,cust_01958,1253.36,INR,WALLET,SUCCESS,,1,0.453,2026-08-12 13:22:15.661676
pay_000938,cust_00903,3186.52,INR,CARD,SUCCESS,,1,0.966,2026-08-12 13:44:15.661676
pay_003826,cust_00725,4616.42,INR,NETBANKING,SUCCESS,,1,0.947,2026-08-12 13:50:15.661676
pay_006875,cust_01613,615.35,INR,UPI,FAILED,FRAUD_SUSPECTED,3,0.896,2026-08-12 13:53:15.661676
pay_002695,cust_00622,2361.58,INR,UPI,SUCCESS,,1,0.741,2026-08-12 13:57:15.661676
pay_004969,cust_01828,1428.58,INR,UPI,SUCCESS,,1,0.578,2026-08-12 14:11:15.661676
pay_007838,cust_02491,1698.91,INR,NETBANKING,SUCCESS,,1,0.882,2026-08-12 14:14:15.661676
pay_001887,cust_02273,946.07,INR,WALLET,SUCCESS,,1,0.471,2026-08-12 14:30:15.661676
pay_009796,cust_01053,4895.31,INR,CARD,SUCCESS,,1,0.793,2026-08-12 14:32:15.661676
pay_007149,cust_00946,5394.37,INR,CARD,SUCCESS,,1,0.763,2026-08-12 14:47:15.661676
pay_007483,cust_00445,1156.28,INR,UPI,SUCCESS,,1,0.592,2026-08-12 15:30:15.661676
pay_009126,cust_02066,1903.65,INR,UPI,SUCCESS,,1,0.727,2026-08-12 15:38:15.661676
pay_009101,cust_00914,1376.26,INR,WALLET,SUCCESS,,1,0.695,2026-08-12 15:41:15.661676
pay_000337,cust_01505,934.12,INR,NETBANKING,SUCCESS,,1,0.679,2026-08-12 15:54:15.661676
pay_007444,cust_00114,3396.71,INR,WALLET,SUCCESS,,1,0.474,2026-08-12 16:09:15.661676
pay_003017,cust_02856,536.21,INR,WALLET,FAILED,LIMIT_EXCEEDED,1,0.587,2026-08-12 16:14:15.661676
pay_000272,cust_01331,573.24,INR,CARD,FAILED,INSUFFICIENT_FUNDS,3,0.498,2026-08-12 16:16:15.661676
pay_009200,cust_02225,1253.16,INR,CARD,SUCCESS,,1,0.802,2026-08-12 16:20:15.661676
pay_001787,cust_02724,1411.82,INR,CARD,SUCCESS,,1,0.839,2026-08-12 16:33:15.661676
pay_003912,cust_00618,2153.45,INR,UPI,SUCCESS,,1,0.957,2026-08-12 16:34:15.661676
pay_007497,cust_00803,1196.44,INR,WALLET,FAILED,TIMEOUT,3,0.524,2026-08-12 17:07:15.661676
pay_002280,cust_01692,2617.76,INR,UPI,SUCCESS,,1,0.839,2026-08-12 17:15:15.661676
pay_007808,cust_02407,7175.73,INR,CARD,SUCCESS,,1,0.497,2026-08-12 17:31:15.661676
pay_008691,cust_01975,2720.11,INR,WALLET,SUCCESS,,1,0.642,2026-08-12 17:41:15.661676
pay_005984,cust_01759,2475.83,INR,CARD,SUCCESS,,1,0.69,2026-08-12 17:55:15.661676
pay_008834,cust_00872,3846.34,INR,CARD,SUCCESS,,1,0.705,2026-08-12 18:14:15.661676
pay_003057,cust_00772,1159.29,INR,CARD,SUCCESS,,1,0.609,2026-08-12 18:17:15.661676
pay_002385,cust_02959,1856.11,INR,UPI,SUCCESS,,1,0.871,2026-08-12 18:39:15.661676
pay_008124,cust_00708,1787.94,INR,WALLET,SUCCESS,,1,0.863,2026-08-12 19:06:15.661676
pay_008660,cust_01956,2000.3,INR,WALLET,SUCCESS,,1,0.759,2026-08-12 19:31:15.661676
pay_008696,cust_02813,3731.53,INR,WALLET,SUCCESS,,1,0.778,2026-08-12 19:32:15.661676
pay_009742,cust_02775,711.83,INR,NETBANKING,SUCCESS,,1,0.811,2026-08-12 19:36:15.661676
pay_005788,cust_02797,8550.94,INR,CARD,SUCCESS,,1,0.848,2026-08-12 19:59:15.661676
pay_006953,cust_02633,560.05,INR,UPI,SUCCESS,,1,0.885,2026-08-12 20:29:15.661676
pay_003388,cust_02313,1924.68,INR,UPI,SUCCESS,,1,0.76,2026-08-12 20:34:15.661676
pay_002504,cust_00416,1107.89,INR,WALLET,SUCCESS,,1,0.537,2026-08-12 21:08:15.661676
pay_002558,cust_02049,1812.93,INR,UPI,SUCCESS,,1,0.629,2026-08-12 21:26:15.661676
pay_001346,cust_01820,551.19,INR,WALLET,SUCCESS,,1,0.538,2026-08-12 21:26:15.661676
pay_003746,cust_02208,1563.68,INR,WALLET,SUCCESS,,1,0.763,2026-08-12 21:55:15.661676
pay_000957,cust_00410,2378.39,INR,NETBANKING,SUCCESS,,1,0.683,2026-08-12 22:19:15.661676
pay_007951,cust_02621,582.65,INR,CARD,SUCCESS,,1,0.595,2026-08-12 22:20:15.661676
pay_000215,cust_01209,1404.99,INR,NETBANKING,SUCCESS,,1,0.97,2026-08-12 22:38:15.661676
pay_004982,cust_00951,3676.31,INR,NETBANKING,SUCCESS,,1,0.594,2026-08-12 22:46:15.661676
pay_009392,cust_02338,6071.89,INR,CARD,SUCCESS,,1,0.579,2026-08-12 22:50:15.661676
pay_000621,cust_00735,960.66,INR,CARD,SUCCESS,,1,0.475,2026-08-12 22:52:15.661676
pay_008918,cust_01222,1204.51,INR,CARD,SUCCESS,,1,0.942,2026-08-12 22:59:15.661676
pay_007766,cust_01971,1764.79,INR,UPI,FAILED,NETWORK_ERROR,2,0.559,2026-08-12 23:06:15.661676
pay_005849,cust_02953,865.09,INR,CARD,SUCCESS,,1,0.79,2026-08-12 23:25:15.661676
pay_001427,cust_02350,9367.16,INR,WALLET,SUCCESS,,1,0.851,2026-08-12 23:26:15.661676
pay_001531,cust_01478,2023.75,INR,WALLET,SUCCESS,,1,0.518,2026-08-12 23:31:15.661676
pay_000466,cust_00299,1515.08,INR,CARD,SUCCESS,,1,0.841,2026-08-12 23:33:15.661676
pay_002051,cust_02038,3498.46,INR,UPI,SUCCESS,,1,0.864,2026-08-12 23:43:15.661676
pay_007287,cust_01425,4273.45,INR,WALLET,SUCCESS,,1,0.629,2026-08-13 00:00:15.661676
pay_002769,cust_02872,1196.14,INR,WALLET,SUCCESS,,1,0.826,2026-08-13 00:07:15.661676
pay_007226,cust_00900,737.59,INR,UPI,SUCCESS,,1,0.879,2026-08-13 00:10:15.661676
pay_006193,cust_02602,1054.65,INR,WALLET,SUCCESS,,1,0.505,2026-08-13 00:24:15.661676
pay_005855,cust_01321,598.68,INR,CARD,SUCCESS,,1,0.949,2026-08-13 00:32:15.661676
pay_003586,cust_00271,642.39,INR,UPI,FAILED,LIMIT_EXCEEDED,3,0.519,2026-08-13 01:06:15.661676
pay_001586,cust_01389,3147.88,INR,CARD,SUCCESS,,1,0.764,2026-08-13 01:09:15.661676
pay_003524,cust_00286,6656.39,INR,CARD,SUCCESS,,1,0.832,2026-08-13 01:09:15.661676
pay_002834,cust_00086,1452.16,INR,WALLET,SUCCESS,,1,0.473,2026-08-13 01:18:15.661676
pay_001013,cust_02288,9511.04,INR,NETBANKING,FAILED,FRAUD_SUSPECTED,1,0.822,2026-08-13 01:27:15.661676
pay_002225,cust_01274,1075.46,INR,UPI,SUCCESS,,1,0.821,2026-08-13 01:39:15.661676
pay_008731,cust_00033,1260.2,INR,WALLET,SUCCESS,,1,0.487,2026-08-13 01:47:15.661676
pay_007776,cust_00454,2927.72,INR,NETBANKING,SUCCESS,,1,0.585,2026-08-13 02:19:15.661676
pay_002090,cust_00407,5778.93,INR,UPI,SUCCESS,,1,0.498,2026-08-13 02:22:15.661676
pay_008598,cust_01319,4181.78,INR,UPI,FAILED,LIMIT_EXCEEDED,3,0.716,2026-08-13 02:26:15.661676
pay_003605,cust_00849,3380.25,INR,UPI,FAILED,USER_CANCELLED,2,0.504,2026-08-13 02:42:15.661676
pay_005434,cust_01558,1371.8,INR,CARD,SUCCESS,,1,0.51,2026-08-13 02:46:15.661676
pay_009388,cust_01295,7311.42,INR,CARD,SUCCESS,,1,0.963,2026-08-13 02:49:15.661676
pay_003143,cust_02736,1670.24,INR,NETBANKING,SUCCESS,,1,0.934,2026-08-13 02:54:15.661676
pay_004533,cust_00080,2699.08,INR,CARD,FAILED,INSUFFICIENT_FUNDS,2,0.691,2026-08-13 02:59:15.661676
pay_008303,cust_01434,1015.1,INR,WALLET,SUCCESS,,1,0.854,2026-08-13 03:01:15.661676
pay_004425,cust_01691,879.65,INR,UPI,SUCCESS,,1,0.72,2026-08-13 03:06:15.661676
pay_009463,cust_01881,1674.1,INR,CARD,SUCCESS,,1,0.722,2026-08-13 03:11:15.661676
pay_005091,cust_00095,421.32,INR,WALLET,SUCCESS,,1,0.521,2026-08-13 03:22:15.661676
pay_009103,cust_01594,3250.43,INR,NETBANKING,SUCCESS,,1,0.511,2026-08-13 03:27:15.661676
pay_000669,cust_02516,216.85,INR,CARD,SUCCESS,,1,0.837,2026-08-13 03:28:15.661676
pay_007162,cust_01887,1727.07,INR,UPI,SUCCESS,,1,0.62,2026-08-13 03:46:15.661676
pay_003353,cust_01617,2546.95,INR,CARD,SUCCESS,,1,0.505,2026-08-13 04:02:15.661676
pay_001554,cust_00716,933.08,INR,UPI,SUCCESS,,1,0.683,2026-08-13 04:16:15.661676
pay_006238,cust_01872,1885.64,INR,NETBANKING,SUCCESS,,1,0.512,2026-08-13 04:25:15.661676
pay_008100,cust_01159,2065.63,INR,WALLET,SUCCESS,,1,0.931,2026-08-13 04:27:15.661676
pay_003696,cust_02434,1405.19,INR,NETBANKING,SUCCESS,,1,0.736,2026-08-13 04:40:15.661676
pay_003637,cust_02501,1378.43,INR,WALLET,SUCCESS,,1,0.834,2026-08-13 04:42:15.661676
pay_000008,cust_01409,3340.74,INR,NETBANKING,SUCCESS,,1,0.698,2026-08-13 04:57:15.661676
pay_002914,cust_02969,3315.41,INR,NETBANKING,SUCCESS,,1,0.519,2026-08-13 04:57:15.661676
pay_002298,cust_01752,5548.48,INR,UPI,SUCCESS,,1,0.66,2026-08-13 05:33:15.661676
pay_004023,cust_01430,410.97,INR,WALLET,SUCCESS,,1,0.986,2026-08-13 05:53:15.661676
pay_006959,cust_01575,15268.15,INR,CARD,FAILED,NETWORK_ERROR,1,0.872,2026-08-13 06:19:15.661676
pay_003629,cust_02501,526.24,INR,UPI,SUCCESS,,1,0.799,2026-08-13 06:30:15.661676
pay_000047,cust_00309,1250.74,INR,WALLET,SUCCESS,,1,0.747,2026-08-13 06:55:15.661676
pay_008791,cust_02429,333.03,INR,NETBANKING,SUCCESS,,1,0.701,2026-08-13 07:09:15.661676
pay_000821,cust_01172,1195.32,INR,WALLET,SUCCESS,,1,0.507,2026-08-13 07:32:15.661676
pay_004901,cust_02135,1321.47,INR,WALLET,SUCCESS,,1,0.522,2026-08-13 07:38:15.661676
pay_003023,cust_00937,1300.96,INR,WALLET,SUCCESS,,1,0.942,2026-08-13 07:47:15.661676
pay_006433,cust_01803,552.66,INR,CARD,FAILED,LIMIT_EXCEEDED,4,0.486,2026-08-13 07:48:15.661676
pay_006895,cust_01437,1026.55,INR,WALLET,FAILED,NETWORK_ERROR,3,0.73,2026-08-13 07:54:15.661676
pay_000438,cust_02091,599.39,INR,WALLET,SUCCESS,,1,0.521,2026-08-13 08:22:15.661676
pay_006144,cust_01270,3123.34,INR,CARD,SUCCESS,,1,0.985,2026-08-13 08:56:15.661676
pay_006496,cust_01504,2453.18,INR,CARD,FAILED,TIMEOUT,2,0.868,2026-08-13 09:03:15.661676
pay_009377,cust_01625,346.58,INR,NETBANKING,SUCCESS,,1,0.756,2026-08-13 09:24:15.661676
pay_006124,cust_00429,2139.43,INR,NETBANKING,SUCCESS,,1,0.862,2026-08-13 09:45:15.661676
pay_008134,cust_01238,7832.59,INR,UPI,SUCCESS,,1,0.667,2026-08-13 10:08:15.661676
pay_007700,cust_01904,3570.91,INR,NETBANKING,SUCCESS,,1,0.649,2026-08-13 10:11:15.661676
pay_005356,cust_02979,3699.41,INR,UPI,FAILED,USER_CANCELLED,1,0.544,2026-08-13 10:14:15.661676
pay_004558,cust_00167,2411.81,INR,CARD,SUCCESS,,1,0.802,2026-08-13 10:20:15.661676
pay_009588,cust_02218,2877.85,INR,UPI,SUCCESS,,1,0.964,2026-08-13 10:21:15.661676
pay_008444,cust_01681,633.18,INR,CARD,SUCCESS,,1,0.916,2026-08-13 10:40:15.661676
pay_005857,cust_00602,305.25,INR,NETBANKING,SUCCESS,,1,0.615,2026-08-13 11:15:15.661676
pay_008213,cust_01961,963.31,INR,CARD,SUCCESS,,1,0.523,2026-08-13 11:26:15.661676
pay_009153,cust_01488,4009.14,INR,UPI,SUCCESS,,1,0.632,2026-08-13 11:32:15.661676
pay_007079,cust_02453,2827.02,INR,CARD,SUCCESS,,1,0.58,2026-08-13 11:39:15.661676
pay_002296,cust_01378,2746.3,INR,NETBANKING,SUCCESS,,1,0.567,2026-08-13 11:46:15.661676
pay_008141,cust_02123,1092.21,INR,WALLET,SUCCESS,,1,0.769,2026-08-13 12:01:15.661676
pay_008850,cust_01152,3087.97,INR,CARD,SUCCESS,,1,0.58,2026-08-13 12:13:15.661676
pay_008610,cust_01697,977.49,INR,UPI,SUCCESS,,1,0.524,2026-08-13 12:52:15.661676
pay_004786,cust_02789,1415.89,INR,CARD,SUCCESS,,1,0.504,2026-08-13 12:53:15.661676
pay_005570,cust_02957,813.57,INR,CARD,SUCCESS,,1,0.672,2026-08-13 12:53:15.661676
pay_006910,cust_00895,886.73,INR,CARD,FAILED,NETWORK_ERROR,1,0.62,2026-08-13 12:58:15.661676
pay_008742,cust_02440,6100.18,INR,WALLET,SUCCESS,,1,0.474,2026-08-13 14:02:15.661676
pay_005012,cust_01139,3251.39,INR,CARD,FAILED,BANK_ERROR,2,0.522,2026-08-13 14:05:15.661676
pay_003231,cust_02254,1294.23,INR,UPI,SUCCESS,,1,0.955,2026-08-13 14:41:15.661676
pay_008244,cust_00918,5275.74,INR,NETBANKING,SUCCESS,,1,0.658,2026-08-13 14:56:15.661676
pay_002208,cust_01453,2403.04,INR,CARD,SUCCESS,,1,0.659,2026-08-13 14:58:15.661676
pay_004686,cust_01139,3078.8,INR,CARD,SUCCESS,,1,0.529,2026-08-13 15:00:15.661676
pay_001078,cust_02054,1283.71,INR,NETBANKING,SUCCESS,,1,0.589,2026-08-13 15:22:15.661676
pay_005025,cust_01539,11177.62,INR,NETBANKING,SUCCESS,,1,0.778,2026-08-13 15:22:15.661676
pay_003065,cust_00273,538.3,INR,CARD,FAILED,TIMEOUT,4,0.955,2026-08-13 15:35:15.661676
pay_008020,cust_02111,3953.19,INR,NETBANKING,SUCCESS,,1,0.976,2026-08-13 15:54:15.661676
pay_005342,cust_02781,2545.93,INR,CARD,SUCCESS,,1,0.923,2026-08-13 16:17:15.661676
pay_009478,cust_01423,6455.17,INR,CARD,SUCCESS,,1,0.783,2026-08-13 16:34:15.661676
pay_003177,cust_01596,559.24,INR,CARD,SUCCESS,,1,0.805,2026-08-13 16:44:15.661676
pay_007703,cust_01392,1068.89,INR,WALLET,FAILED,BANK_ERROR,3,0.85,2026-08-13 17:16:15.661676
pay_009328,cust_02150,4271.09,INR,CARD,SUCCESS,,1,0.778,2026-08-13 17:30:15.661676
pay_000233,cust_02402,1875.18,INR,CARD,SUCCESS,,1,0.627,2026-08-13 17:54:15.661676
pay_003064,cust_00510,1183.86,INR,WALLET,SUCCESS,,1,0.662,2026-08-13 18:02:15.661676
pay_007501,cust_02683,7190.78,INR,WALLET,SUCCESS,,1,0.86,2026-08-13 18:12:15.661676
pay_000170,cust_02714,989.31,INR,WALLET,SUCCESS,,1,0.47,2026-08-13 19:01:15.661676
pay_007607,cust_00799,881.72,INR,CARD,SUCCESS,,1,0.794,2026-08-13 19:17:15.661676
pay_005645,cust_02516,3322.27,INR,WALLET,SUCCESS,,1,0.873,2026-08-13 19:21:15.661676
pay_005876,cust_02053,825.47,INR,WALLET,SUCCESS,,1,0.474,2026-08-13 19:48:15.661676
pay_008718,cust_01860,2032.82,INR,CARD,SUCCESS,,1,0.536,2026-08-13 20:01:15.661676
pay_004479,cust_01742,592.53,INR,UPI,SUCCESS,,1,0.913,2026-08-13 20:04:15.661676
pay_005251,cust_00675,834.95,INR,NETBANKING,SUCCESS,,1,0.606,2026-08-13 20:17:15.661676
pay_005137,cust_01666,2653.42,INR,NETBANKING,SUCCESS,,1,0.54,2026-08-13 20:18:15.661676
pay_009278,cust_02591,2485.2,INR,NETBANKING,SUCCESS,,1,0.504,2026-08-13 20:27:15.661676
pay_002985,cust_01198,481.11,INR,CARD,SUCCESS,,1,0.93,2026-08-13 20:28:15.661676
pay_005177,cust_00057,638.25,INR,NETBANKING,SUCCESS,,1,0.625,2026-08-13 20:40:15.661676
pay_003247,cust_00526,2573.56,INR,CARD,SUCCESS,,1,0.515,2026-08-13 20:57:15.661676
pay_009370,cust_01248,2429.43,INR,WALLET,SUCCESS,,1,0.862,2026-08-13 21:00:15.661676
pay_006113,cust_00509,2655.72,INR,UPI,SUCCESS,,1,0.882,2026-08-13 21:14:15.661676
pay_003562,cust_01589,986.92,INR,UPI,SUCCESS,,1,0.879,2026-08-13 21:26:15.661676
pay_000488,cust_02157,761.1,INR,NETBANKING,SUCCESS,,1,0.879,2026-08-13 22:37:15.661676
pay_006377,cust_01921,2406.98,INR,UPI,SUCCESS,,1,0.75,2026-08-13 22:41:15.661676
pay_009957,cust_02968,2473.79,INR,CARD,SUCCESS,,1,0.468,2026-08-13 22:55:15.661676
pay_004960,cust_00403,2703.96,INR,CARD,SUCCESS,,1,0.8,2026-08-13 23:12:15.661676
pay_008105,cust_02753,716.28,INR,UPI,SUCCESS,,1,0.683,2026-08-13 23:20:15.661676
pay_007320,cust_01464,425.21,INR,WALLET,SUCCESS,,1,0.725,2026-08-13 23:27:15.661676
pay_009514,cust_00820,1480.71,INR,NETBANKING,SUCCESS,,1,0.67,2026-08-13 23:38:15.661676
pay_006463,cust_00698,1580.28,INR,NETBANKING,FAILED,INSUFFICIENT_FUNDS,1,0.619,2026-08-13 23:56:15.661676
pay_004652,cust_02128,2984.81,INR,NETBANKING,SUCCESS,,1,0.779,2026-08-14 01:23:15.661676
pay_002033,cust_02479,2646.75,INR,UPI,SUCCESS,,1,0.708,2026-08-14 01:33:15.661676
pay_003950,cust_00645,649.87,INR,WALLET,SUCCESS,,1,0.869,2026-08-14 01:36:15.661676
pay_008687,cust_00646,737.37,INR,WALLET,SUCCESS,,1,0.577,2026-08-14 02:19:15.661676
pay_000796,cust_01551,4198.67,INR,WALLET,SUCCESS,,1,0.698,2026-08-14 02:45:15.661676
pay_009379,cust_01102,1313.15,INR,CARD,SUCCESS,,1,0.754,2026-08-14 02:48:15.661676
pay_006888,cust_01695,7665.3,INR,UPI,FAILED,INSUFFICIENT_FUNDS,3,0.669,2026-08-14 02:52:15.661676
pay_008289,cust_00959,1089.12,INR,NETBANKING,SUCCESS,,1,0.599,2026-08-14 03:03:15.661676
pay_005004,cust_02420,1388.43,INR,NETBANKING,SUCCESS,,1,0.825,2026-08-14 03:10:15.661676
pay_003380,cust_01458,1009.67,INR,UPI,SUCCESS,,1,0.747,2026-08-14 03:23:15.661676
pay_005917,cust_02391,3423.03,INR,NETBANKING,SUCCESS,,1,0.93,2026-08-14 03:54:15.661676
pay_007083,cust_01356,969.23,INR,WALLET,SUCCESS,,1,0.689,2026-08-14 04:03:15.661676
pay_002638,cust_00300,3839.31,INR,WALLET,SUCCESS,,1,0.694,2026-08-14 04:10:15.661676
pay_006917,cust_00220,756.93,INR,NETBANKING,SUCCESS,,1,0.479,2026-08-14 05:04:15.661676
pay_005311,cust_02230,1454.0,INR,WALLET,SUCCESS,,1,0.944,2026-08-14 05:07:15.661676
pay_009471,cust_00341,2514.64,INR,UPI,SUCCESS,,1,0.784,2026-08-14 05:27:15.661676
pay_002727,cust_01039,4060.94,INR,NETBANKING,SUCCESS,,1,0.64,2026-08-14 05:31:15.661676
pay_000406,cust_01556,2975.83,INR,WALLET,SUCCESS,,1,0.867,2026-08-14 05:32:15.661676
pay_005255,cust_00450,939.98,INR,CARD,SUCCESS,,1,0.918,2026-08-14 05:38:15.661676
pay_009910,cust_00670,5603.93,INR,WALLET,SUCCESS,,1,0.889,2026-08-14 05:41:15.661676
pay_002614,cust_01124,1798.63,INR,UPI,SUCCESS,,1,0.563,2026-08-14 05:52:15.661676
pay_004950,cust_02431,2559.59,INR,UPI,FAILED,INSUFFICIENT_FUNDS,1,0.905,2026-08-14 05:54:15.661676
pay_004628,cust_02555,1005.89,INR,UPI,SUCCESS,,1,0.681,2026-08-14 06:26:15.661676
pay_007938,cust_00427,12519.24,INR,UPI,SUCCESS,,1,0.847,2026-08-14 06:45:15.661676
pay_009425,cust_02969,3622.93,INR,WALLET,SUCCESS,,1,0.723,2026-08-14 06:48:15.661676
pay_005695,cust_02183,7106.91,INR,UPI,SUCCESS,,1,0.658,2026-08-14 07:10:15.661676
pay_008806,cust_02291,360.95,INR,WALLET,SUCCESS,,1,0.968,2026-08-14 07:43:15.661676
pay_002495,cust_01340,661.69,INR,NETBANKING,SUCCESS,,1,0.921,2026-08-14 08:37:15.661676
pay_004260,cust_02714,888.72,INR,UPI,SUCCESS,,1,0.736,2026-08-14 09:05:15.661676
pay_005841,cust_00945,2408.3,INR,NETBANKING,SUCCESS,,1,0.555,2026-08-14 09:40:15.661676
pay_007902,cust_01647,734.99,INR,CARD,SUCCESS,,1,0.973,2026-08-14 09:41:15.661676
pay_004378,cust_02572,9261.82,INR,CARD,SUCCESS,,1,0.82,2026-08-14 09:57:15.661676
pay_003626,cust_02228,846.99,INR,UPI,SUCCESS,,1,0.859,2026-08-14 10:16:15.661676
pay_008005,cust_00642,5025.53,INR,UPI,SUCCESS,,1,0.724,2026-08-14 10:35:15.661676
pay_003672,cust_02457,3633.14,INR,CARD,FAILED,LIMIT_EXCEEDED,1,0.576,2026-08-14 10:43:15.661676
pay_009797,cust_01221,1735.05,INR,NETBANKING,SUCCESS,,1,0.669,2026-08-14 10:53:15.661676
pay_007662,cust_00409,2025.63,INR,NETBANKING,FAILED,LIMIT_EXCEEDED,4,0.88,2026-08-14 11:09:15.661676
pay_008018,cust_01683,1000.06,INR,NETBANKING,SUCCESS,,1,0.751,2026-08-14 11:33:15.661676
pay_002264,cust_00093,767.51,INR,CARD,FAILED,TIMEOUT,3,0.661,2026-08-14 11:59:15.661676
pay_008919,cust_01290,458.45,INR,CARD,SUCCESS,,1,0.634,2026-08-14 12:01:15.661676
pay_001454,cust_01947,14491.92,INR,NETBANKING,SUCCESS,,1,0.799,2026-08-14 12:04:15.661676
pay_005227,cust_00656,1282.96,INR,UPI,SUCCESS,,1,0.623,2026-08-14 12:04:15.661676
pay_003161,cust_00162,1112.98,INR,UPI,FAILED,USER_CANCELLED,4,0.895,2026-08-14 12:12:15.661676
pay_004992,cust_01247,3123.09,INR,CARD,SUCCESS,,1,0.545,2026-08-14 12:40:15.661676
pay_000652,cust_02351,4452.64,INR,WALLET,SUCCESS,,1,0.718,2026-08-14 12:45:15.661676
pay_002230,cust_02240,4048.13,INR,NETBANKING,SUCCESS,,1,0.687,2026-08-14 12:46:15.661676
pay_000017,cust_00230,804.11,INR,CARD,SUCCESS,,1,0.62,2026-08-14 13:01:15.661676
pay_000806,cust_02017,1411.86,INR,CARD,SUCCESS,,1,0.84,2026-08-14 13:06:15.661676
pay_008911,cust_00317,894.52,INR,CARD,SUCCESS,,1,0.915,2026-08-14 13:17:15.661676
pay_009670,cust_02595,2241.77,INR,CARD,SUCCESS,,1,0.583,2026-08-14 13:20:15.661676
pay_001181,cust_02274,2087.9,INR,UPI,SUCCESS,,1,0.616,2026-08-14 13:30:15.661676
pay_000149,cust_01957,2745.05,INR,UPI,SUCCESS,,1,0.716,2026-08-14 13:42:15.661676
pay_000219,cust_01074,1226.24,INR,WALLET,SUCCESS,,1,0.651,2026-08-14 14:21:15.661676
pay_000707,cust_01784,649.15,INR,CARD,SUCCESS,,1,0.9,2026-08-14 14:41:15.661676
pay_006410,cust_02240,2091.41,INR,CARD,SUCCESS,,1,0.92,2026-08-14 14:50:15.661676
pay_004156,cust_01771,1519.74,INR,CARD,SUCCESS,,1,0.686,2026-08-14 14:50:15.661676
pay_001352,cust_02010,427.7,INR,UPI,SUCCESS,,1,0.901,2026-08-14 15:11:15.661676
pay_009834,cust_02934,1362.28,INR,CARD,SUCCESS,,1,0.469,2026-08-14 16:10:15.661676
pay_002663,cust_02530,2915.46,INR,WALLET,SUCCESS,,1,0.543,2026-08-14 16:11:15.661676
pay_003795,cust_00541,1819.48,INR,UPI,SUCCESS,,1,0.818,2026-08-14 16:18:15.661676
pay_001366,cust_00393,1592.68,INR,NETBANKING,SUCCESS,,1,0.524,2026-08-14 16:19:15.661676
pay_004940,cust_00601,589.89,INR,WALLET,SUCCESS,,1,0.634,2026-08-14 16:21:15.661676
pay_001978,cust_00212,3858.45,INR,CARD,SUCCESS,,1,0.513,2026-08-14 16:32:15.661676
pay_004473,cust_01666,5094.87,INR,NETBANKING,SUCCESS,,1,0.489,2026-08-14 16:37:15.661676
pay_003587,cust_02845,1036.33,INR,WALLET,SUCCESS,,1,0.502,2026-08-14 16:42:15.661676
pay_002806,cust_00042,436.59,INR,WALLET,SUCCESS,,1,0.6,2026-08-14 16:50:15.661676
pay_003416,cust_02507,1607.41,INR,NETBANKING,FAILED,USER_CANCELLED,1,0.96,2026-08-14 16:51:15.661676
pay_004914,cust_01775,2051.61,INR,UPI,SUCCESS,,1,0.772,2026-08-14 17:06:15.661676
pay_002797,cust_02203,2859.79,INR,UPI,SUCCESS,,1,0.922,2026-08-14 17:16:15.661676
pay_004443,cust_01737,2811.6,INR,UPI,FAILED,INSUFFICIENT_FUNDS,1,0.835,2026-08-14 17:22:15.661676
pay_005350,cust_01147,1857.94,INR,CARD,SUCCESS,,1,0.924,2026-08-14 17:36:15.661676
pay_005175,cust_00399,2806.65,INR,CARD,SUCCESS,,1,0.842,2026-08-14 17:37:15.661676
pay_004946,cust_01755,4154.92,INR,NETBANKING,SUCCESS,,1,0.882,2026-08-14 17:39:15.661676
pay_006812,cust_00801,574.22,INR,WALLET,SUCCESS,,1,0.62,2026-08-14 17:44:15.661676
pay_001480,cust_00847,1274.15,INR,CARD,SUCCESS,,1,0.816,2026-08-14 18:00:15.661676
pay_005429,cust_02801,975.59,INR,CARD,SUCCESS,,1,0.715,2026-08-14 18:37:15.661676
pay_008622,cust_01830,3147.15,INR,UPI,SUCCESS,,1,0.592,2026-08-14 18:38:15.661676
pay_005662,cust_01261,864.43,INR,NETBANKING,SUCCESS,,1,0.492,2026-08-14 18:51:15.661676
pay_006658,cust_02939,6179.08,INR,WALLET,SUCCESS,,1,0.827,2026-08-14 19:01:15.661676
pay_009443,cust_01221,830.7,INR,NETBANKING,FAILED,NETWORK_ERROR,4,0.577,2026-08-14 19:20:15.661676
pay_007023,cust_01944,1158.15,INR,WALLET,SUCCESS,,1,0.597,2026-08-14 19:32:15.661676
pay_005557,cust_01058,1920.73,INR,UPI,SUCCESS,,1,0.867,2026-08-14 19:36:15.661676
pay_003489,cust_02786,862.94,INR,NETBANKING,SUCCESS,,1,0.454,2026-08-14 19:42:15.661676
pay_007386,cust_00767,2324.6,INR,UPI,FAILED,BANK_ERROR,1,0.524,2026-08-14 19:43:15.661676
pay_002458,cust_00267,2189.71,INR,CARD,SUCCESS,,1,0.53,2026-08-14 20:06:15.661676
pay_000366,cust_02309,1311.63,INR,UPI,SUCCESS,,1,0.494,2026-08-14 20:31:15.661676
pay_000384,cust_01845,1187.25,INR,NETBANKING,FAILED,LIMIT_EXCEEDED,1,0.519,2026-08-14 20:41:15.661676
pay_004203,cust_02316,821.86,INR,CARD,SUCCESS,,1,0.742,2026-08-14 21:01:15.661676
pay_003665,cust_02376,4694.69,INR,CARD,SUCCESS,,1,0.599,2026-08-14 21:08:15.661676
pay_001046,cust_00709,3666.26,INR,WALLET,FAILED,LIMIT_EXCEEDED,1,0.771,2026-08-14 21:32:15.661676
pay_009888,cust_00820,1382.42,INR,NETBANKING,SUCCESS,,1,0.801,2026-08-14 22:20:15.661676
pay_004278,cust_00242,834.41,INR,NETBANKING,SUCCESS,,1,0.505,2026-08-14 22:57:15.661676
pay_009399,cust_01671,1180.4,INR,NETBANKING,SUCCESS,,1,0.588,2026-08-14 23:01:15.661676
pay_000641,cust_02811,1382.12,INR,NETBANKING,SUCCESS,,1,0.776,2026-08-14 23:02:15.661676
pay_009091,cust_02206,3158.3,INR,CARD,SUCCESS,,1,0.676,2026-08-14 23:06:15.661676
pay_007652,cust_00646,1329.3,INR,UPI,SUCCESS,,1,0.465,2026-08-14 23:06:15.661676
pay_000902,cust_02142,1319.92,INR,WALLET,SUCCESS,,1,0.502,2026-08-14 23:18:15.661676
pay_000160,cust_00611,3057.16,INR,NETBANKING,SUCCESS,,1,0.482,2026-08-14 23:34:15.661676
pay_009950,cust_00272,5117.9,INR,UPI,SUCCESS,,1,0.495,2026-08-14 23:37:15.661676
pay_006404,cust_00995,2706.51,INR,NETBANKING,SUCCESS,,1,0.514,2026-08-14 23:50:15.661676
pay_008180,cust_00977,1477.19,INR,UPI,SUCCESS,,1,0.903,2026-08-15 00:20:15.661676
pay_000424,cust_02503,3933.39,INR,WALLET,SUCCESS,,1,0.627,2026-08-15 00:21:15.661676
pay_008712,cust_02351,1258.72,INR,NETBANKING,SUCCESS,,1,0.815,2026-08-15 00:34:15.661676
pay_002292,cust_01574,3956.39,INR,NETBANKING,FAILED,BANK_ERROR,4,0.717,2026-08-15 00:45:15.661676
pay_003974,cust_01530,1937.9,INR,NETBANKING,FAILED,LIMIT_EXCEEDED,2,0.941,2026-08-15 00:54:15.661676
pay_002034,cust_02674,2709.11,INR,WALLET,SUCCESS,,1,0.48,2026-08-15 00:55:15.661676
pay_005317,cust_00300,540.21,INR,UPI,SUCCESS,,1,0.913,2026-08-15 00:59:15.661676
pay_009029,cust_02523,2289.71,INR,WALLET,SUCCESS,,1,0.53,2026-08-15 01:14:15.661676
pay_006790,cust_00621,3133.61,INR,NETBANKING,SUCCESS,,1,0.899,2026-08-15 02:07:15.661676
pay_001861,cust_01365,1623.85,INR,CARD,SUCCESS,,1,0.908,2026-08-15 02:18:15.661676
pay_008346,cust_01843,2358.78,INR,UPI,FAILED,INSUFFICIENT_FUNDS,3,0.571,2026-08-15 02:26:15.661676
pay_009556,cust_01649,9016.2,INR,NETBANKING,SUCCESS,,1,0.784,2026-08-15 02:48:15.661676
pay_007284,cust_02643,1752.3,INR,WALLET,SUCCESS,,1,0.601,2026-08-15 03:12:15.661676
pay_002564,cust_01200,2217.88,INR,WALLET,SUCCESS,,1,0.865,2026-08-15 03:13:15.661676
pay_009547,cust_00326,3093.37,INR,CARD,SUCCESS,,1,0.892,2026-08-15 03:14:15.661676
pay_007968,cust_00411,1334.04,INR,WALLET,SUCCESS,,1,0.765,2026-08-15 03:15:15.661676
pay_000989,cust_02646,1515.09,INR,WALLET,SUCCESS,,1,0.592,2026-08-15 03:29:15.661676
pay_006187,cust_02580,2523.6,INR,CARD,SUCCESS,,1,0.552,2026-08-15 03:35:15.661676
pay_000570,cust_02914,1364.84,INR,NETBANKING,SUCCESS,,1,0.906,2026-08-15 03:36:15.661676
pay_006770,cust_02786,1092.94,INR,NETBANKING,FAILED,INSUFFICIENT_FUNDS,4,0.897,2026-08-15 03:56:15.661676
pay_004531,cust_01101,2068.16,INR,WALLET,SUCCESS,,1,0.678,2026-08-15 04:21:15.661676
pay_007200,cust_00024,553.71,INR,UPI,SUCCESS,,1,0.834,2026-08-15 04:24:15.661676
pay_005536,cust_01671,13369.35,INR,CARD,SUCCESS,,1,0.772,2026-08-15 04:56:15.661676
pay_002316,cust_01335,2533.28,INR,NETBANKING,SUCCESS,,1,0.675,2026-08-15 05:02:15.661676
pay_005204,cust_00643,3349.61,INR,CARD,SUCCESS,,1,0.613,2026-08-15 05:13:15.661676
pay_009095,cust_01232,4784.6,INR,UPI,FAILED,NETWORK_ERROR,4,0.707,2026-08-15 05:41:15.661676
pay_008019,cust_02685,9865.46,INR,CARD,SUCCESS,,1,0.8,2026-08-15 05:48:15.661676
pay_003982,cust_02072,6717.64,INR,CARD,SUCCESS,,1,0.656,2026-08-15 06:24:15.661676
pay_002907,cust_00649,1296.01,INR,NETBANKING,FAILED,INSUFFICIENT_FUNDS,2,0.553,2026-08-15 06:26:15.661676
pay_003251,cust_00861,2929.53,INR,UPI,SUCCESS,,1,0.673,2026-08-15 06:51:15.661676
pay_007463,cust_00292,702.91,INR,NETBANKING,SUCCESS,,1,0.594,2026-08-15 07:02:15.661676
pay_005795,cust_00092,1439.61,INR,WALLET,SUCCESS,,1,0.81,2026-08-15 07:13:15.661676
pay_007793,cust_02415,862.58,INR,NETBANKING,SUCCESS,,1,0.964,2026-08-15 07:15:15.661676
pay_003391,cust_02691,512.04,INR,NETBANKING,SUCCESS,,1,0.777,2026-08-15 07:32:15.661676
pay_004868,cust_00010,1756.25,INR,WALLET,SUCCESS,,1,0.905,2026-08-15 07:49:15.661676
pay_003348,cust_00989,6454.07,INR,CARD,FAILED,NETWORK_ERROR,2,0.701,2026-08-15 07:50:15.661676
pay_003798,cust_01504,2142.38,INR,WALLET,SUCCESS,,1,0.76,2026-08-15 08:01:15.661676
pay_007530,cust_00851,350.87,INR,NETBANKING,SUCCESS,,1,0.794,2026-08-15 08:02:15.661676
pay_002073,cust_01063,1940.94,INR,CARD,SUCCESS,,1,0.933,2026-08-15 08:07:15.661676
pay_000102,cust_02947,1291.4,INR,WALLET,FAILED,INSUFFICIENT_FUNDS,2,0.852,2026-08-15 08:10:15.661676
pay_001504,cust_00333,1803.17,INR,WALLET,SUCCESS,,1,0.709,2026-08-15 08:27:15.661676
pay_000133,cust_01321,772.91,INR,CARD,FAILED,NETWORK_ERROR,4,0.582,2026-08-15 08:31:15.661676
pay_007646,cust_02703,1162.05,INR,NETBANKING,SUCCESS,,1,0.954,2026-08-15 08:37:15.661676
pay_004616,cust_02807,1411.32,INR,WALLET,SUCCESS,,1,0.706,2026-08-15 09:00:15.661676
pay_000311,cust_02103,1519.07,INR,CARD,SUCCESS,,1,0.961,2026-08-15 09:12:15.661676
pay_008413,cust_01763,775.67,INR,CARD,SUCCESS,,1,0.738,2026-08-15 09:22:15.661676
pay_004519,cust_00114,2389.1,INR,CARD,SUCCESS,,1,0.59,2026-08-15 09:29:15.661676
pay_000535,cust_00352,1073.34,INR,UPI,FAILED,BANK_ERROR,3,0.635,2026-08-15 09:48:15.661676
pay_007534,cust_02315,1271.28,INR,UPI,SUCCESS,,1,0.917,2026-08-15 09:52:15.661676
pay_007914,cust_02592,2789.9,INR,WALLET,SUCCESS,,1,0.843,2026-08-15 09:58:15.661676
pay_005622,cust_00296,435.49,INR,WALLET,SUCCESS,,1,0.767,2026-08-15 10:04:15.661676
pay_005028,cust_02985,1271.3,INR,CARD,FAILED,TIMEOUT,3,0.95,2026-08-15 10:44:15.661676
pay_003163,cust_02155,1252.29,INR,UPI,SUCCESS,,1,0.525,2026-08-15 10:51:15.661676
pay_005918,cust_01956,403.93,INR,WALLET,SUCCESS,,1,0.508,2026-08-15 11:12:15.661676
pay_007897,cust_01582,5241.41,INR,UPI,SUCCESS,,1,0.875,2026-08-15 11:15:15.661676
pay_001139,cust_02331,2915.86,INR,UPI,SUCCESS,,1,0.628,2026-08-15 11:23:15.661676
pay_003765,cust_02412,2165.94,INR,NETBANKING,SUCCESS,,1,0.503,2026-08-15 11:25:15.661676
pay_006179,cust_01241,6458.29,INR,WALLET,SUCCESS,,1,0.478,2026-08-15 11:45:15.661676
pay_001449,cust_01284,4868.92,INR,NETBANKING,SUCCESS,,1,0.661,2026-08-15 12:01:15.661676
pay_001664,cust_00977,1111.81,INR,NETBANKING,SUCCESS,,1,0.63,2026-08-15 12:25:15.661676
pay_007334,cust_00492,5521.18,INR,UPI,SUCCESS,,1,0.97,2026-08-15 12:25:15.661676
pay_009144,cust_02294,1322.23,INR,UPI,SUCCESS,,1,0.453,2026-08-15 12:26:15.661676
pay_009434,cust_02996,1086.26,INR,UPI,SUCCESS,,1,0.608,2026-08-15 12:33:15.661676
pay_005530,cust_01836,1655.73,INR,NETBANKING,SUCCESS,,1,0.933,2026-08-15 12:40:15.661676
pay_002028,cust_00045,4871.5,INR,WALLET,SUCCESS,,1,0.962,2026-08-15 12:47:15.661676
pay_004741,cust_01781,2738.31,INR,NETBANKING,SUCCESS,,1,0.61,2026-08-15 13:05:15.661676
pay_000208,cust_00201,2727.19,INR,WALLET,FAILED,NETWORK_ERROR,2,0.778,2026-08-15 13:07:15.661676
pay_007052,cust_00769,2487.9,INR,CARD,SUCCESS,,1,0.754,2026-08-15 13:23:15.661676
pay_009552,cust_00798,1915.69,INR,UPI,SUCCESS,,1,0.818,2026-08-15 13:37:15.661676
pay_007180,cust_00255,1012.88,INR,NETBANKING,FAILED,INSUFFICIENT_FUNDS,1,0.839,2026-08-15 13:55:15.661676
pay_006739,cust_02430,18926.63,INR,CARD,FAILED,INSUFFICIENT_FUNDS,4,0.494,2026-08-15 14:10:15.661676
pay_004268,cust_00093,366.34,INR,CARD,SUCCESS,,1,0.703,2026-08-15 14:20:15.661676
pay_003796,cust_01528,1393.41,INR,WALLET,SUCCESS,,1,0.622,2026-08-15 14:26:15.661676
pay_005663,cust_02824,1818.72,INR,WALLET,SUCCESS,,1,0.493,2026-08-15 14:40:15.661676
pay_007211,cust_01610,12015.24,INR,WALLET,SUCCESS,,1,0.581,2026-08-15 14:51:15.661676
pay_005552,cust_01116,2503.13,INR,UPI,SUCCESS,,1,0.849,2026-08-15 14:51:15.661676
pay_005285,cust_00311,6601.35,INR,CARD,SUCCESS,,1,0.732,2026-08-15 14:52:15.661676
pay_000226,cust_01700,4320.65,INR,UPI,SUCCESS,,1,0.67,2026-08-15 14:59:15.661676
pay_007611,cust_00768,2182.8,INR,UPI,SUCCESS,,1,0.786,2026-08-15 15:06:15.661676
pay_003442,cust_00308,1106.22,INR,UPI,SUCCESS,,1,0.5,2026-08-15 15:34:15.661676
pay_006011,cust_02357,1725.07,INR,CARD,SUCCESS,,1,0.861,2026-08-15 15:48:15.661676
pay_002650,cust_01801,3721.28,INR,UPI,FAILED,BANK_ERROR,2,0.655,2026-08-15 16:00:15.661676
pay_008039,cust_00613,1690.83,INR,NETBANKING,SUCCESS,,1,0.486,2026-08-15 16:09:15.661676
pay_004345,cust_00281,1071.57,INR,WALLET,SUCCESS,,1,0.589,2026-08-15 16:10:15.661676
pay_008398,cust_00338,2069.21,INR,NETBANKING,FAILED,NETWORK_ERROR,1,0.934,2026-08-15 16:16:15.661676
pay_009427,cust_01813,826.87,INR,CARD,FAILED,NETWORK_ERROR,2,0.775,2026-08-15 16:19:15.661676
pay_002409,cust_01276,3460.32,INR,NETBANKING,SUCCESS,,1,0.624,2026-08-15 16:22:15.661676
pay_005938,cust_01644,510.56,INR,UPI,SUCCESS,,1,0.962,2026-08-15 16:48:15.661676
pay_005752,cust_02568,674.19,INR,WALLET,SUCCESS,,1,0.655,2026-08-15 17:13:15.661676
pay_005588,cust_01025,202.08,INR,UPI,SUCCESS,,1,0.894,2026-08-15 17:20:15.661676
pay_001564,cust_00027,3667.39,INR,CARD,SUCCESS,,1,0.634,2026-08-15 17:26:15.661676
pay_005071,cust_01460,704.06,INR,WALLET,SUCCESS,,1,0.631,2026-08-15 17:30:15.661676
pay_008728,cust_01285,3734.73,INR,CARD,SUCCESS,,1,0.504,2026-08-15 17:31:15.661676
pay_000944,cust_00939,1670.13,INR,CARD,SUCCESS,,1,0.784,2026-08-15 17:43:15.661676
pay_004643,cust_02417,1509.41,INR,UPI,SUCCESS,,1,0.764,2026-08-15 18:21:15.661676
pay_009039,cust_00360,3358.39,INR,UPI,SUCCESS,,1,0.691,2026-08-15 18:29:15.661676
pay_002186,cust_02786,6165.64,INR,NETBANKING,SUCCESS,,1,0.722,2026-08-15 18:38:15.661676
pay_006161,cust_02709,2027.87,INR,CARD,SUCCESS,,1,0.918,2026-08-15 19:08:15.661676
pay_005589,cust_00786,4670.01,INR,UPI,SUCCESS,,1,0.574,2026-08-15 19:32:15.661676
pay_008972,cust_02541,5905.18,INR,WALLET,SUCCESS,,1,0.66,2026-08-15 19:36:15.661676
pay_004523,cust_00436,2689.53,INR,UPI,SUCCESS,,1,0.65,2026-08-15 19:51:15.661676
pay_003402,cust_00568,2852.09,INR,UPI,SUCCESS,,1,0.604,2026-08-15 19:58:15.661676
pay_008540,cust_01476,3031.78,INR,CARD,FAILED,USER_CANCELLED,1,0.81,2026-08-15 20:15:15.661676
pay_006241,cust_01747,1520.48,INR,WALLET,SUCCESS,,1,0.843,2026-08-15 20:21:15.661676
pay_008519,cust_02707,1088.53,INR,UPI,SUCCESS,,1,0.924,2026-08-15 20:30:15.661676
pay_008081,cust_02084,1034.95,INR,WALLET,SUCCESS,,1,0.978,2026-08-15 20:43:15.661676
pay_002291,cust_00088,7267.15,INR,WALLET,SUCCESS,,1,0.6,2026-08-15 20:44:15.661676
pay_003050,cust_01399,4711.67,INR,NETBANKING,SUCCESS,,1,0.627,2026-08-15 20:44:15.661676
pay_009019,cust_01896,1547.52,INR,CARD,SUCCESS,,1,0.457,2026-08-15 20:49:15.661676
pay_007152,cust_01800,3271.03,INR,NETBANKING,SUCCESS,,1,0.8,2026-08-15 21:07:15.661676
pay_001763,cust_02854,1920.51,INR,UPI,SUCCESS,,1,0.732,2026-08-15 21:07:15.661676
pay_007498,cust_02152,9893.62,INR,NETBANKING,SUCCESS,,1,0.972,2026-08-15 21:09:15.661676
pay_007178,cust_00017,835.62,INR,WALLET,SUCCESS,,1,0.855,2026-08-15 21:12:15.661676
pay_002523,cust_01053,2425.97,INR,UPI,FAILED,TIMEOUT,2,0.758,2026-08-15 21:54:15.661676
pay_001296,cust_00887,1670.52,INR,WALLET,SUCCESS,,1,0.458,2026-08-15 22:11:15.661676
pay_002104,cust_02570,4448.61,INR,NETBANKING,SUCCESS,,1,0.962,2026-08-15 22:57:15.661676
pay_006392,cust_01544,1802.55,INR,UPI,SUCCESS,,1,0.635,2026-08-15 23:16:15.661676
pay_006835,cust_02075,2462.12,INR,UPI,FAILED,INSUFFICIENT_FUNDS,1,0.962,2026-08-16 00:07:15.661676
pay_002746,cust_02508,1426.12,INR,WALLET,SUCCESS,,1,0.75,2026-08-16 00:15:15.661676
pay_009368,cust_02359,5263.0,INR,CARD,SUCCESS,,1,0.789,2026-08-16 00:29:15.661676
pay_009692,cust_02309,1420.21,INR,WALLET,SUCCESS,,1,0.849,2026-08-16 00:41:15.661676
pay_005641,cust_01838,3391.83,INR,CARD,SUCCESS,,1,0.691,2026-08-16 00:50:15.661676
pay_005097,cust_01325,3682.41,INR,NETBANKING,SUCCESS,,1,0.762,2026-08-16 01:07:15.661676
pay_003619,cust_01801,4702.32,INR,NETBANKING,SUCCESS,,1,0.663,2026-08-16 01:07:15.661676
pay_009571,cust_01825,1338.38,INR,UPI,SUCCESS,,1,0.933,2026-08-16 01:15:15.661676
pay_002438,cust_01455,3501.12,INR,NETBANKING,SUCCESS,,1,0.737,2026-08-16 01:49:15.661676
pay_003868,cust_00164,6787.88,INR,WALLET,SUCCESS,,1,0.642,2026-08-16 02:26:15.661676
pay_000792,cust_01577,2134.85,INR,CARD,SUCCESS,,1,0.932,2026-08-16 02:39:15.661676
pay_007894,cust_00722,804.23,INR,WALLET,FAILED,BANK_ERROR,3,0.982,2026-08-16 02:51:15.661676
pay_007568,cust_01966,678.58,INR,NETBANKING,SUCCESS,,1,0.695,2026-08-16 02:58:15.661676
pay_003261,cust_02820,1494.45,INR,NETBANKING,SUCCESS,,1,0.661,2026-08-16 03:36:15.661676
pay_008865,cust_02562,2636.25,INR,WALLET,SUCCESS,,1,0.699,2026-08-16 03:40:15.661676
pay_006080,cust_00444,5267.58,INR,CARD,SUCCESS,,1,0.65,2026-08-16 04:00:15.661676
pay_007868,cust_01585,3457.18,INR,UPI,SUCCESS,,1,0.627,2026-08-16 04:04:15.661676
pay_003684,cust_00429,4833.72,INR,CARD,SUCCESS,,1,0.55,2026-08-16 04:11:15.661676
pay_006447,cust_02744,979.62,INR,CARD,SUCCESS,,1,0.89,2026-08-16 04:11:15.661676
pay_003749,cust_00429,5670.8,INR,NETBANKING,SUCCESS,,1,0.524,2026-08-16 04:13:15.661676
pay_009799,cust_01776,1648.88,INR,WALLET,SUCCESS,,1,0.6,2026-08-16 04:26:15.661676
pay_004970,cust_00416,5780.26,INR,CARD,SUCCESS,,1,0.935,2026-08-16 04:28:15.661676
pay_004193,cust_00251,5050.67,INR,UPI,SUCCESS,,1,0.596,2026-08-16 04:29:15.661676
pay_002440,cust_01138,500.07,INR,CARD,SUCCESS,,1,0.688,2026-08-16 04:30:15.661676
pay_002585,cust_02616,4346.71,INR,UPI,SUCCESS,,1,0.892,2026-08-16 04:43:15.661676
pay_004322,cust_01521,1659.36,INR,CARD,SUCCESS,,1,0.491,2026-08-16 05:11:15.661676
pay_004821,cust_00421,1592.97,INR,WALLET,SUCCESS,,1,0.743,2026-08-16 05:33:15.661676
pay_008165,cust_02595,439.44,INR,NETBANKING,SUCCESS,,1,0.795,2026-08-16 05:38:15.661676
pay_004718,cust_02875,4662.96,INR,NETBANKING,FAILED,INSUFFICIENT_FUNDS,2,0.514,2026-08-16 05:38:15.661676
pay_000113,cust_02967,1897.29,INR,CARD,SUCCESS,,1,0.519,2026-08-16 05:52:15.661676
pay_001663,cust_02428,331.13,INR,NETBANKING,SUCCESS,,1,0.508,2026-08-16 05:53:15.661676
pay_008000,cust_01418,9530.21,INR,UPI,SUCCESS,,1,0.69,2026-08-16 05:56:15.661676
pay_002371,cust_00738,1596.04,INR,NETBANKING,SUCCESS,,1,0.608,2026-08-16 06:17:15.661676
pay_006550,cust_03000,2879.65,INR,UPI,SUCCESS,,1,0.551,2026-08-16 06:22:15.661676
pay_008888,cust_00685,1631.54,INR,UPI,SUCCESS,,1,0.633,2026-08-16 06:22:15.661676
pay_006824,cust_00142,2823.44,INR,WALLET,SUCCESS,,1,0.935,2026-08-16 07:49:15.661676
pay_001455,cust_02482,2842.41,INR,UPI,SUCCESS,,1,0.881,2026-08-16 07:59:15.661676
pay_004072,cust_01238,1028.87,INR,CARD,SUCCESS,,1,0.534,2026-08-16 07:59:15.661676
pay_009591,cust_01055,3645.63,INR,UPI,SUCCESS,,1,0.919,2026-08-16 08:25:15.661676
pay_000028,cust_00436,2441.97,INR,NETBANKING,SUCCESS,,1,0.779,2026-08-16 08:25:15.661676
pay_005468,cust_02086,2207.32,INR,UPI,SUCCESS,,1,0.82,2026-08-16 08:49:15.661676
pay_003115,cust_02457,2468.05,INR,NETBANKING,SUCCESS,,1,0.776,2026-08-16 09:01:15.661676
pay_000553,cust_00767,4601.91,INR,NETBANKING,SUCCESS,,1,0.479,2026-08-16 09:06:15.661676
pay_004637,cust_00924,2747.86,INR,WALLET,SUCCESS,,1,0.676,2026-08-16 09:17:15.661676
pay_001534,cust_00991,1606.67,INR,WALLET,SUCCESS,,1,0.877,2026-08-16 09:20:15.661676
pay_009943,cust_00420,9115.57,INR,WALLET,SUCCESS,,1,0.794,2026-08-16 09:22:15.661676
pay_003650,cust_00384,1280.62,INR,CARD,SUCCESS,,1,0.754,2026-08-16 09:24:15.661676
pay_007925,cust_01840,1401.75,INR,WALLET,SUCCESS,,1,0.489,2026-08-16 09:36:15.661676
pay_008825,cust_00299,3666.11,INR,NETBANKING,SUCCESS,,1,0.48,2026-08-16 09:36:15.661676
pay_008234,cust_00145,1137.76,INR,WALLET,SUCCESS,,1,0.663,2026-08-16 09:56:15.661676
pay_009749,cust_00699,1047.69,INR,NETBANKING,SUCCESS,,1,0.86,2026-08-16 09:59:15.661676
pay_007360,cust_00912,8559.72,INR,CARD,SUCCESS,,1,0.587,2026-08-16 10:02:15.661676
pay_004697,cust_01213,2719.29,INR,NETBANKING,SUCCESS,,1,0.856,2026-08-16 10:07:15.661676
pay_008896,cust_02094,9288.42,INR,NETBANKING,SUCCESS,,1,0.791,2026-08-16 10:14:15.661676
pay_006591,cust_02854,1521.38,INR,WALLET,SUCCESS,,1,0.973,2026-08-16 10:23:15.661676
pay_006318,cust_03000,1184.22,INR,UPI,SUCCESS,,1,0.466,2026-08-16 10:45:15.661676
pay_005909,cust_02738,6884.85,INR,CARD,SUCCESS,,1,0.862,2026-08-16 10:48:15.661676
pay_008016,cust_01090,5302.23,INR,CARD,SUCCESS,,1,0.859,2026-08-16 11:16:15.661676
pay_002148,cust_02021,931.88,INR,UPI,SUCCESS,,1,0.784,2026-08-16 11:29:15.661676
pay_000815,cust_02468,4127.7,INR,NETBANKING,SUCCESS,,1,0.915,2026-08-16 11:29:15.661676
pay_002697,cust_02601,4295.89,INR,CARD,FAILED,LIMIT_EXCEEDED,4,0.913,2026-08-16 11:50:15.661676
pay_007250,cust_02876,557.3,INR,WALLET,SUCCESS,,1,0.887,2026-08-16 11:56:15.661676
pay_004429,cust_02610,1962.53,INR,WALLET,SUCCESS,,1,0.849,2026-08-16 12:22:15.661676
pay_005914,cust_01798,2502.0,INR,CARD,SUCCESS,,1,0.5,2026-08-16 12:51:15.661676
pay_007621,cust_00764,951.64,INR,UPI,SUCCESS,,1,0.475,2026-08-16 13:00:15.661676
pay_009001,cust_01830,3335.31,INR,UPI,SUCCESS,,1,0.911,2026-08-16 13:04:15.661676
pay_003808,cust_00005,374.35,INR,CARD,SUCCESS,,1,0.886,2026-08-16 13:09:15.661676
pay_008307,cust_01783,578.63,INR,CARD,SUCCESS,,1,0.548,2026-08-16 14:04:15.661676
pay_005336,cust_02742,1213.94,INR,NETBANKING,SUCCESS,,1,0.632,2026-08-16 15:01:15.661676
pay_006969,cust_02542,1725.47,INR,NETBANKING,SUCCESS,,1,0.851,2026-08-16 15:37:15.661676
pay_009694,cust_02752,1506.71,INR,UPI,SUCCESS,,1,0.838,2026-08-16 15:59:15.661676
pay_006031,cust_01271,489.24,INR,UPI,SUCCESS,,1,0.608,2026-08-16 15:59:15.661676
pay_009579,cust_01428,760.81,INR,WALLET,FAILED,USER_CANCELLED,2,0.592,2026-08-16 16:12:15.661676
pay_001916,cust_01666,1171.29,INR,NETBANKING,SUCCESS,,1,0.493,2026-08-16 16:14:15.661676
pay_001360,cust_02100,2093.7,INR,UPI,SUCCESS,,1,0.764,2026-08-16 16:18:15.661676
pay_004452,cust_02655,1214.32,INR,NETBANKING,FAILED,INSUFFICIENT_FUNDS,3,0.918,2026-08-16 16:34:15.661676
pay_003727,cust_00597,2690.54,INR,CARD,FAILED,BANK_ERROR,2,0.533,2026-08-16 16:48:15.661676
pay_006195,cust_02559,206.42,INR,NETBANKING,SUCCESS,,1,0.956,2026-08-16 17:08:15.661676
pay_006160,cust_00804,517.13,INR,NETBANKING,SUCCESS,,1,0.913,2026-08-16 17:26:15.661676
pay_005236,cust_00341,9457.67,INR,NETBANKING,SUCCESS,,1,0.618,2026-08-16 17:27:15.661676
pay_006760,cust_02069,2051.81,INR,UPI,SUCCESS,,1,0.765,2026-08-16 17:29:15.661676
pay_005443,cust_00392,915.54,INR,CARD,SUCCESS,,1,0.621,2026-08-16 17:34:15.661676
pay_008674,cust_01456,4697.99,INR,WALLET,SUCCESS,,1,0.96,2026-08-16 17:35:15.661676
pay_003094,cust_02399,2529.27,INR,CARD,SUCCESS,,1,0.656,2026-08-16 17:40:15.661676
pay_000363,cust_01418,1657.38,INR,NETBANKING,SUCCESS,,1,0.556,2026-08-16 17:44:15.661676
pay_001438,cust_02597,6541.2,INR,CARD,SUCCESS,,1,0.895,2026-08-16 17:48:15.661676
pay_008442,cust_00051,5538.81,INR,WALLET,SUCCESS,,1,0.836,2026-08-16 17:57:15.661676
pay_006175,cust_01701,2368.44,INR,UPI,SUCCESS,,1,0.554,2026-08-16 18:04:15.661676
pay_003590,cust_00534,1316.87,INR,CARD,SUCCESS,,1,0.958,2026-08-16 18:37:15.661676
pay_000671,cust_00581,4899.4,INR,UPI,SUCCESS,,1,0.647,2026-08-16 18:55:15.661676
pay_008746,cust_01371,1037.9,INR,NETBANKING,SUCCESS,,1,0.68,2026-08-16 18:55:15.661676
pay_008089,cust_01676,2571.6,INR,WALLET,SUCCESS,,1,0.64,2026-08-16 19:27:15.661676
pay_005364,cust_01051,860.88,INR,WALLET,SUCCESS,,1,0.638,2026-08-16 19:38:15.661676
pay_007029,cust_02390,716.55,INR,UPI,SUCCESS,,1,0.755,2026-08-16 19:49:15.661676
pay_009325,cust_01877,568.83,INR,NETBANKING,SUCCESS,,1,0.592,2026-08-16 19:58:15.661676
pay_001469,cust_02660,694.57,INR,CARD,SUCCESS,,1,0.672,2026-08-16 19:58:15.661676
pay_006114,cust_00513,899.29,INR,NETBANKING,FAILED,TIMEOUT,2,0.93,2026-08-16 20:03:15.661676
pay_009843,cust_00023,1167.06,INR,CARD,SUCCESS,,1,0.94,2026-08-16 20:13:15.661676
pay_008619,cust_02710,3149.39,INR,UPI,SUCCESS,,1,0.825,2026-08-16 20:17:15.661676
pay_009632,cust_02736,1672.63,INR,WALLET,FAILED,INSUFFICIENT_FUNDS,1,0.494,2026-08-16 20:23:15.661676
pay_003069,cust_00224,2165.08,INR,UPI,SUCCESS,,1,0.508,2026-08-16 20:26:15.661676
pay_000254,cust_01976,4129.75,INR,CARD,SUCCESS,,1,0.907,2026-08-16 20:40:15.661676
pay_007292,cust_02116,1082.06,INR,NETBANKING,SUCCESS,,1,0.696,2026-08-16 21:01:15.661676
pay_009870,cust_00531,1409.27,INR,NETBANKING,SUCCESS,,1,0.748,2026-08-16 21:13:15.661676
pay_002788,cust_01968,641.05,INR,UPI,SUCCESS,,1,0.808,2026-08-16 21:45:15.661676
pay_005529,cust_01641,1566.5,INR,UPI,SUCCESS,,1,0.631,2026-08-16 22:12:15.661676
pay_000946,cust_02218,768.11,INR,UPI,SUCCESS,,1,0.785,2026-08-16 22:16:15.661676
pay_004667,cust_01290,1082.11,INR,NETBANKING,SUCCESS,,1,0.812,2026-08-16 22:36:15.661676
pay_008399,cust_01364,3105.98,INR,UPI,SUCCESS,,1,0.864,2026-08-16 22:36:15.661676
pay_004053,cust_02322,2612.9,INR,WALLET,SUCCESS,,1,0.952,2026-08-16 22:48:15.661676
pay_001563,cust_00565,259.98,INR,UPI,SUCCESS,,1,0.974,2026-08-16 23:33:15.661676
pay_009573,cust_02845,1222.27,INR,NETBANKING,SUCCESS,,1,0.534,2026-08-17 00:10:15.661676
pay_000969,cust_02586,1750.88,INR,WALLET,FAILED,BANK_ERROR,3,0.573,2026-08-17 00:13:15.661676
pay_006149,cust_01461,554.41,INR,NETBANKING,SUCCESS,,1,0.692,2026-08-17 00:53:15.661676
pay_008155,cust_02555,3793.35,INR,NETBANKING,SUCCESS,,1,0.577,2026-08-17 01:13:15.661676
pay_007078,cust_02141,9394.47,INR,UPI,SUCCESS,,1,0.92,2026-08-17 01:17:15.661676
pay_006239,cust_01781,987.56,INR,CARD,FAILED,BANK_ERROR,1,0.92,2026-08-17 01:21:15.661676
pay_007712,cust_01740,622.34,INR,UPI,SUCCESS,,1,0.686,2026-08-17 01:32:15.661676
pay_004750,cust_02670,1955.21,INR,NETBANKING,SUCCESS,,1,0.617,2026-08-17 01:41:15.661676
pay_006101,cust_00178,1129.71,INR,UPI,SUCCESS,,1,0.763,2026-08-17 02:11:15.661676
pay_009856,cust_01025,2902.52,INR,CARD,SUCCESS,,1,0.766,2026-08-17 02:12:15.661676
pay_009338,cust_00809,1525.69,INR,NETBANKING,SUCCESS,,1,0.628,2026-08-17 02:19:15.661676
pay_007470,cust_02750,2972.26,INR,NETBANKING,SUCCESS,,1,0.767,2026-08-17 02:19:15.661676
pay_007394,cust_01914,1371.85,INR,WALLET,SUCCESS,,1,0.573,2026-08-17 02:36:15.661676
pay_009213,cust_00841,4772.11,INR,UPI,SUCCESS,,1,0.555,2026-08-17 03:03:15.661676
pay_009996,cust_00241,5119.86,INR,UPI,SUCCESS,,1,0.468,2026-08-17 03:10:15.661676
pay_008764,cust_02247,2873.05,INR,WALLET,FAILED,USER_CANCELLED,3,0.596,2026-08-17 03:13:15.661676
pay_009836,cust_01759,4203.6,INR,WALLET,SUCCESS,,1,0.664,2026-08-17 03:19:15.661676
pay_009069,cust_01341,5963.06,INR,NETBANKING,SUCCESS,,1,0.678,2026-08-17 03:20:15.661676
pay_006850,cust_00844,816.58,INR,CARD,SUCCESS,,1,0.612,2026-08-17 03:41:15.661676
pay_004518,cust_00651,2380.92,INR,WALLET,SUCCESS,,1,0.83,2026-08-17 03:47:15.661676
pay_003141,cust_01404,3559.65,INR,NETBANKING,SUCCESS,,1,0.967,2026-08-17 03:55:15.661676
pay_008838,cust_01515,614.18,INR,CARD,SUCCESS,,1,0.476,2026-08-17 04:18:15.661676
pay_004978,cust_02655,1983.58,INR,NETBANKING,SUCCESS,,1,0.666,2026-08-17 04:26:15.661676
pay_000635,cust_01195,804.58,INR,NETBANKING,SUCCESS,,1,0.882,2026-08-17 04:36:15.661676
pay_005128,cust_02186,1787.52,INR,WALLET,SUCCESS,,1,0.621,2026-08-17 04:59:15.661676
pay_009096,cust_01383,2047.57,INR,WALLET,SUCCESS,,1,0.725,2026-08-17 05:12:15.661676
pay_000780,cust_00475,2970.65,INR,UPI,SUCCESS,,1,0.475,2026-08-17 05:20:15.661676
pay_009853,cust_00738,3131.98,INR,NETBANKING,SUCCESS,,1,0.642,2026-08-17 05:44:15.661676
pay_002093,cust_00134,2974.31,INR,NETBANKING,SUCCESS,,1,0.57,2026-08-17 06:20:15.661676
pay_007748,cust_00696,2286.28,INR,CARD,SUCCESS,,1,0.856,2026-08-17 06:48:15.661676
pay_002247,cust_00185,880.93,INR,UPI,SUCCESS,,1,0.575,2026-08-17 07:03:15.661676
pay_000640,cust_01898,641.58,INR,NETBANKING,SUCCESS,,1,0.535,2026-08-17 08:02:15.661676
pay_007110,cust_02720,2399.5,INR,WALLET,FAILED,NETWORK_ERROR,3,0.454,2026-08-17 08:03:15.661676
pay_002851,cust_00217,1166.06,INR,NETBANKING,SUCCESS,,1,0.953,2026-08-17 08:18:15.661676
pay_007435,cust_00297,1260.43,INR,CARD,SUCCESS,,1,0.465,2026-08-17 08:22:15.661676
pay_002966,cust_00440,1469.85,INR,UPI,SUCCESS,,1,0.477,2026-08-17 08:28:15.661676
pay_008759,cust_02016,2060.43,INR,NETBANKING,SUCCESS,,1,0.507,2026-08-17 08:35:15.661676
pay_008137,cust_00049,874.1,INR,NETBANKING,SUCCESS,,1,0.984,2026-08-17 08:39:15.661676
pay_004737,cust_02709,960.35,INR,CARD,SUCCESS,,1,0.603,2026-08-17 08:58:15.661676
pay_003350,cust_02814,1620.36,INR,UPI,SUCCESS,,1,0.561,2026-08-17 09:05:15.661676
pay_003206,cust_00638,1051.95,INR,UPI,FAILED,TIMEOUT,1,0.87,2026-08-17 09:14:15.661676
pay_006097,cust_01918,724.39,INR,WALLET,SUCCESS,,1,0.965,2026-08-17 09:25:15.661676
pay_000205,cust_00816,600.56,INR,WALLET,SUCCESS,,1,0.578,2026-08-17 09:54:15.661676
pay_001557,cust_01096,3755.09,INR,CARD,SUCCESS,,1,0.728,2026-08-17 10:03:15.661676
pay_004559,cust_01358,1176.01,INR,NETBANKING,FAILED,BANK_ERROR,2,0.984,2026-08-17 10:16:15.661676
pay_006025,cust_01136,1402.19,INR,NETBANKING,SUCCESS,,1,0.87,2026-08-17 10:38:15.661676
pay_002061,cust_00649,3571.42,INR,WALLET,SUCCESS,,1,0.66,2026-08-17 10:59:15.661676
pay_001120,cust_00151,4190.28,INR,CARD,SUCCESS,,1,0.762,2026-08-17 10:59:15.661676
pay_001656,cust_01750,1427.5,INR,UPI,FAILED,INSUFFICIENT_FUNDS,4,0.598,2026-08-17 11:03:15.661676
pay_008595,cust_02080,1674.38,INR,CARD,SUCCESS,,1,0.592,2026-08-17 11:28:15.661676
pay_007946,cust_02819,851.4,INR,CARD,SUCCESS,,1,0.742,2026-08-17 11:35:15.661676
pay_000955,cust_01525,1693.04,INR,NETBANKING,SUCCESS,,1,0.693,2026-08-17 12:04:15.661676
pay_001701,cust_02524,2393.48,INR,CARD,SUCCESS,,1,0.876,2026-08-17 12:18:15.661676
pay_004993,cust_00371,1649.39,INR,WALLET,FAILED,NETWORK_ERROR,3,0.788,2026-08-17 12:31:15.661676
pay_007734,cust_02936,1810.64,INR,UPI,SUCCESS,,1,0.564,2026-08-17 12:39:15.661676
pay_007199,cust_00496,7483.03,INR,NETBANKING,SUCCESS,,1,0.624,2026-08-17 12:55:15.661676
pay_007517,cust_02112,7527.55,INR,UPI,SUCCESS,,1,0.958,2026-08-17 13:28:15.661676
pay_004576,cust_00525,1514.39,INR,WALLET,FAILED,INSUFFICIENT_FUNDS,2,0.811,2026-08-17 13:28:15.661676
pay_006923,cust_01938,2555.19,INR,CARD,SUCCESS,,1,0.961,2026-08-17 13:34:15.661676
pay_006892,cust_02855,30431.82,INR,CARD,SUCCESS,,1,0.597,2026-08-17 14:24:15.661676
pay_003105,cust_00036,1008.6,INR,NETBANKING,SUCCESS,,1,0.597,2026-08-17 14:25:15.661676
pay_004486,cust_02010,504.82,INR,WALLET,FAILED,NETWORK_ERROR,2,0.748,2026-08-17 14:41:15.661676
pay_002642,cust_00617,1518.63,INR,NETBANKING,SUCCESS,,1,0.814,2026-08-17 14:47:15.661676
pay_004306,cust_01437,503.56,INR,UPI,SUCCESS,,1,0.899,2026-08-17 15:01:15.661676
pay_007656,cust_02922,1384.69,INR,NETBANKING,FAILED,USER_CANCELLED,1,0.699,2026-08-17 15:25:15.661676
pay_008802,cust_00790,718.41,INR,WALLET,FAILED,BANK_ERROR,3,0.581,2026-08-17 15:28:15.661676
pay_004080,cust_00044,1415.88,INR,WALLET,SUCCESS,,1,0.869,2026-08-17 15:30:15.661676
pay_007502,cust_02784,1993.16,INR,NETBANKING,SUCCESS,,1,0.815,2026-08-17 15:51:15.661676
pay_006734,cust_01206,1049.01,INR,NETBANKING,SUCCESS,,1,0.97,2026-08-17 16:03:15.661676
pay_008048,cust_02680,1027.24,INR,WALLET,SUCCESS,,1,0.599,2026-08-17 16:11:15.661676
pay_004168,cust_02141,1484.59,INR,UPI,SUCCESS,,1,0.594,2026-08-17 16:23:15.661676
pay_007540,cust_02893,1409.87,INR,WALLET,SUCCESS,,1,0.813,2026-08-17 16:32:15.661676
pay_002617,cust_00881,1004.92,INR,WALLET,SUCCESS,,1,0.49,2026-08-17 16:36:15.661676
pay_006601,cust_00981,644.46,INR,UPI,SUCCESS,,1,0.989,2026-08-17 16:40:15.661676
pay_001233,cust_00492,1684.75,INR,UPI,SUCCESS,,1,0.653,2026-08-17 16:41:15.661676
pay_002731,cust_00705,4840.14,INR,WALLET,SUCCESS,,1,0.64,2026-08-17 17:08:15.661676
pay_009083,cust_01722,1614.32,INR,NETBANKING,SUCCESS,,1,0.867,2026-08-17 17:13:15.661676
pay_000109,cust_02393,2221.73,INR,UPI,FAILED,CARD_EXPIRED,4,0.453,2026-08-17 17:19:15.661676
pay_008181,cust_01749,135.2,INR,WALLET,SUCCESS,,1,0.477,2026-08-17 17:21:15.661676
pay_001392,cust_01753,1051.35,INR,CARD,SUCCESS,,1,0.904,2026-08-17 17:25:15.661676
pay_005744,cust_00497,559.73,INR,NETBANKING,FAILED,CARD_EXPIRED,3,0.844,2026-08-17 17:33:15.661676
pay_008958,cust_01843,1358.41,INR,NETBANKING,SUCCESS,,1,0.461,2026-08-17 17:39:15.661676
pay_002828,cust_01588,1720.55,INR,UPI,SUCCESS,,1,0.789,2026-08-17 17:55:15.661676
pay_008512,cust_00874,2886.21,INR,CARD,SUCCESS,,1,0.964,2026-08-17 18:05:15.661676
pay_000729,cust_02344,1174.02,INR,CARD,SUCCESS,,1,0.572,2026-08-17 18:09:15.661676
pay_004620,cust_01744,1661.28,INR,CARD,SUCCESS,,1,0.51,2026-08-17 18:45:15.661676
pay_000461,cust_00924,8706.11,INR,NETBANKING,SUCCESS,,1,0.885,2026-08-17 19:05:15.661676
pay_005907,cust_02733,1570.41,INR,WALLET,SUCCESS,,1,0.659,2026-08-17 19:27:15.661676
pay_002489,cust_00757,1845.14,INR,CARD,SUCCESS,,1,0.499,2026-08-17 19:34:15.661676
pay_003418,cust_02580,2135.04,INR,UPI,SUCCESS,,1,0.479,2026-08-17 19:44:15.661676
pay_003738,cust_00049,1591.62,INR,UPI,FAILED,LIMIT_EXCEEDED,1,0.728,2026-08-17 19:44:15.661676
pay_001304,cust_02881,987.72,INR,WALLET,SUCCESS,,1,0.765,2026-08-17 19:55:15.661676
pay_000718,cust_01149,2039.05,INR,WALLET,SUCCESS,,1,0.503,2026-08-17 20:36:15.661676
pay_006527,cust_00349,1378.22,INR,UPI,SUCCESS,,1,0.823,2026-08-17 20:39:15.661676
pay_007418,cust_02478,871.93,INR,CARD,SUCCESS,,1,0.605,2026-08-17 20:46:15.661676
pay_004056,cust_01891,2132.58,INR,NETBANKING,SUCCESS,,1,0.642,2026-08-17 21:07:15.661676
pay_002299,cust_02955,3042.27,INR,NETBANKING,FAILED,INSUFFICIENT_FUNDS,4,0.759,2026-08-17 21:13:15.661676
pay_000077,cust_01567,1938.44,INR,UPI,SUCCESS,,1,0.558,2026-08-17 21:23:15.661676
pay_003223,cust_01202,5412.3,INR,UPI,SUCCESS,,1,0.957,2026-08-17 21:31:15.661676
pay_002576,cust_00601,742.8,INR,NETBANKING,SUCCESS,,1,0.794,2026-08-17 22:36:15.661676
pay_002777,cust_02327,1473.0,INR,NETBANKING,SUCCESS,,1,0.543,2026-08-17 23:03:15.661676
pay_007943,cust_00859,569.56,INR,UPI,SUCCESS,,1,0.59,2026-08-17 23:19:15.661676
pay_009643,cust_00149,2234.08,INR,UPI,SUCCESS,,1,0.808,2026-08-17 23:27:15.661676
pay_006539,cust_02349,1195.96,INR,WALLET,SUCCESS,,1,0.483,2026-08-17 23:50:15.661676
pay_002388,cust_02195,863.17,INR,WALLET,SUCCESS,,1,0.607,2026-08-17 23:51:15.661676
pay_002751,cust_00551,7364.16,INR,NETBANKING,SUCCESS,,1,0.829,2026-08-18 00:20:15.661676
pay_000216,cust_00577,3318.19,INR,CARD,SUCCESS,,1,0.814,2026-08-18 00:46:15.661676
pay_000153,cust_01814,1049.41,INR,NETBANKING,SUCCESS,,1,0.682,2026-08-18 00:49:15.661676
pay_004112,cust_00681,970.78,INR,UPI,SUCCESS,,1,0.819,2026-08-18 00:51:15.661676
pay_009167,cust_01190,663.0,INR,WALLET,SUCCESS,,1,0.797,2026-08-18 01:13:15.661676
pay_000979,cust_00144,509.22,INR,NETBANKING,FAILED,USER_CANCELLED,4,0.976,2026-08-18 01:16:15.661676
pay_008723,cust_00986,2257.5,INR,NETBANKING,SUCCESS,,1,0.883,2026-08-18 01:48:15.661676
pay_006925,cust_00119,355.71,INR,WALLET,SUCCESS,,1,0.63,2026-08-18 02:01:15.661676
pay_007495,cust_00529,774.82,INR,NETBANKING,SUCCESS,,1,0.775,2026-08-18 02:01:15.661676
pay_000599,cust_00541,1267.2,INR,WALLET,SUCCESS,,1,0.677,2026-08-18 02:14:15.661676
pay_006976,cust_00862,1843.73,INR,NETBANKING,SUCCESS,,1,0.726,2026-08-18 02:31:15.661676
pay_000564,cust_02409,1392.95,INR,NETBANKING,SUCCESS,,1,0.792,2026-08-18 02:45:15.661676
pay_007622,cust_00973,1207.48,INR,UPI,SUCCESS,,1,0.954,2026-08-18 02:45:15.661676
pay_002597,cust_02383,1112.81,INR,WALLET,FAILED,LIMIT_EXCEEDED,4,0.87,2026-08-18 02:57:15.661676
pay_005151,cust_01549,11166.35,INR,WALLET,SUCCESS,,1,0.472,2026-08-18 02:58:15.661676
pay_003008,cust_02870,524.35,INR,WALLET,SUCCESS,,1,0.857,2026-08-18 03:01:15.661676
pay_004955,cust_02151,2348.39,INR,UPI,SUCCESS,,1,0.459,2026-08-18 03:11:15.661676
pay_000737,cust_02624,2219.03,INR,NETBANKING,SUCCESS,,1,0.804,2026-08-18 03:43:15.661676
pay_006807,cust_01569,872.83,INR,CARD,SUCCESS,,1,0.976,2026-08-18 03:46:15.661676
pay_009526,cust_00915,938.69,INR,UPI,FAILED,NETWORK_ERROR,1,0.521,2026-08-18 03:51:15.661676
pay_005660,cust_02586,1056.58,INR,UPI,FAILED,NETWORK_ERROR,1,0.912,2026-08-18 04:10:15.661676
pay_002007,cust_00313,1809.79,INR,UPI,FAILED,BANK_ERROR,2,0.623,2026-08-18 04:12:15.661676
pay_007267,cust_02351,3638.01,INR,WALLET,FAILED,BANK_ERROR,2,0.97,2026-08-18 04:34:15.661676
pay_003860,cust_01257,1546.4,INR,NETBANKING,SUCCESS,,1,0.452,2026-08-18 04:35:15.661676
pay_008150,cust_01593,1156.28,INR,UPI,SUCCESS,,1,0.45,2026-08-18 04:47:15.661676
pay_001886,cust_00481,2262.28,INR,CARD,SUCCESS,,1,0.547,2026-08-18 04:50:15.661676
pay_003219,cust_00031,1004.01,INR,NETBANKING,SUCCESS,,1,0.522,2026-08-18 04:50:15.661676
pay_003507,cust_01145,2341.11,INR,NETBANKING,SUCCESS,,1,0.716,2026-08-18 06:07:15.661676
pay_001277,cust_00392,11561.82,INR,NETBANKING,SUCCESS,,1,0.741,2026-08-18 06:25:15.661676
pay_003533,cust_01553,1664.46,INR,CARD,SUCCESS,,1,0.468,2026-08-18 06:26:15.661676
pay_002763,cust_02404,3700.73,INR,NETBANKING,SUCCESS,,1,0.779,2026-08-18 06:26:15.661676
pay_003313,cust_02724,9593.47,INR,UPI,SUCCESS,,1,0.466,2026-08-18 06:46:15.661676
pay_003419,cust_01671,642.84,INR,CARD,SUCCESS,,1,0.556,2026-08-18 06:47:15.661676
pay_006921,cust_00805,2221.41,INR,CARD,SUCCESS,,1,0.681,2026-08-18 07:06:15.661676
pay_004811,cust_00177,3311.61,INR,CARD,FAILED,NETWORK_ERROR,4,0.955,2026-08-18 07:06:15.661676
pay_003346,cust_01685,6652.68,INR,NETBANKING,SUCCESS,,1,0.761,2026-08-18 07:12:15.661676
pay_006755,cust_02990,382.51,INR,CARD,SUCCESS,,1,0.798,2026-08-18 08:03:15.661676
pay_003935,cust_01094,1897.08,INR,NETBANKING,SUCCESS,,1,0.843,2026-08-18 08:15:15.661676
pay_007949,cust_00316,3946.79,INR,NETBANKING,FAILED,NETWORK_ERROR,4,0.911,2026-08-18 08:16:15.661676
pay_001006,cust_01477,2476.96,INR,UPI,SUCCESS,,1,0.976,2026-08-18 08:27:15.661676
pay_000510,cust_02446,930.05,INR,NETBANKING,SUCCESS,,1,0.608,2026-08-18 08:35:15.661676
pay_005046,cust_00010,4259.32,INR,CARD,SUCCESS,,1,0.762,2026-08-18 08:36:15.661676
pay_006914,cust_02834,4585.71,INR,WALLET,SUCCESS,,1,0.47,2026-08-18 08:41:15.661676
pay_000043,cust_01684,1648.27,INR,WALLET,SUCCESS,,1,0.814,2026-08-18 08:50:15.661676
pay_009065,cust_02416,2604.73,INR,NETBANKING,SUCCESS,,1,0.564,2026-08-18 08:51:15.661676
pay_004765,cust_02693,816.03,INR,CARD,SUCCESS,,1,0.637,2026-08-18 08:56:15.661676
pay_008651,cust_00361,756.76,INR,CARD,SUCCESS,,1,0.519,2026-08-18 09:05:15.661676
pay_000181,cust_00781,2982.55,INR,CARD,SUCCESS,,1,0.867,2026-08-18 09:15:15.661676
pay_010000,cust_02297,3027.56,INR,UPI,SUCCESS,,1,0.987,2026-08-18 09:32:15.661676
pay_000280,cust_01839,1328.42,INR,NETBANKING,FAILED,NETWORK_ERROR,4,0.487,2026-08-18 09:44:15.661676
pay_005016,cust_00385,1200.61,INR,WALLET,SUCCESS,,1,0.489,2026-08-18 09:44:15.661676
pay_001072,cust_02704,2648.19,INR,NETBANKING,SUCCESS,,1,0.608,2026-08-18 09:49:15.661676
pay_008297,cust_00109,8771.5,INR,WALLET,FAILED,CARD_EXPIRED,2,0.771,2026-08-18 09:51:15.661676
pay_001951,cust_00818,437.72,INR,UPI,SUCCESS,,1,0.67,2026-08-18 09:58:15.661676
pay_003993,cust_00993,372.27,INR,WALLET,SUCCESS,,1,0.486,2026-08-18 10:16:15.661676
pay_005751,cust_00033,1743.76,INR,NETBANKING,SUCCESS,,1,0.729,2026-08-18 10:21:15.661676
pay_006018,cust_01666,2112.16,INR,UPI,SUCCESS,,1,0.618,2026-08-18 10:39:15.661676
pay_005297,cust_00171,1926.88,INR,NETBANKING,SUCCESS,,1,0.974,2026-08-18 11:01:15.661676
pay_002542,cust_01186,660.63,INR,CARD,SUCCESS,,1,0.87,2026-08-18 11:09:15.661676
pay_000847,cust_00864,2278.64,INR,CARD,SUCCESS,,1,0.901,2026-08-18 11:16:15.661676
pay_004729,cust_02265,6464.86,INR,WALLET,FAILED,CARD_EXPIRED,4,0.833,2026-08-18 11:44:15.661676
pay_006848,cust_00871,2646.5,INR,WALLET,FAILED,BANK_ERROR,3,0.862,2026-08-18 11:51:15.661676
pay_003332,cust_00193,525.01,INR,UPI,SUCCESS,,1,0.901,2026-08-18 11:56:15.661676
pay_000184,cust_02704,2659.72,INR,WALLET,SUCCESS,,1,0.741,2026-08-18 11:57:15.661676
pay_000563,cust_00357,3629.68,INR,WALLET,FAILED,FRAUD_SUSPECTED,2,0.563,2026-08-18 12:01:15.661676
pay_009688,cust_01626,534.39,INR,WALLET,SUCCESS,,1,0.834,2026-08-18 12:08:15.661676
pay_002581,cust_01534,2434.96,INR,WALLET,FAILED,LIMIT_EXCEEDED,4,0.545,2026-08-18 12:16:15.661676
pay_007047,cust_02931,1825.73,INR,UPI,SUCCESS,,1,0.477,2026-08-18 12:23:15.661676
pay_006847,cust_00634,1946.22,INR,UPI,FAILED,USER_CANCELLED,2,0.515,2026-08-18 12:23:15.661676
pay_008778,cust_01031,4508.71,INR,UPI,SUCCESS,,1,0.495,2026-08-18 12:34:15.661676
pay_003022,cust_00916,1248.22,INR,NETBANKING,SUCCESS,,1,0.907,2026-08-18 12:37:15.661676
pay_004785,cust_02961,16385.86,INR,NETBANKING,SUCCESS,,1,0.5,2026-08-18 12:48:15.661676
pay_007443,cust_02526,1944.84,INR,WALLET,SUCCESS,,1,0.688,2026-08-18 13:00:15.661676
pay_009878,cust_02816,608.7,INR,CARD,SUCCESS,,1,0.808,2026-08-18 13:06:15.661676
pay_000334,cust_01463,1051.81,INR,UPI,SUCCESS,,1,0.598,2026-08-18 13:07:15.661676
pay_009335,cust_01844,2717.89,INR,UPI,SUCCESS,,1,0.804,2026-08-18 13:27:15.661676
pay_001609,cust_01137,2341.3,INR,UPI,SUCCESS,,1,0.463,2026-08-18 13:28:15.661676
pay_004761,cust_01819,654.58,INR,WALLET,SUCCESS,,1,0.572,2026-08-18 13:34:15.661676
pay_009635,cust_01082,1712.03,INR,UPI,SUCCESS,,1,0.629,2026-08-18 13:43:15.661676
pay_008727,cust_00678,22611.57,INR,WALLET,SUCCESS,,1,0.879,2026-08-18 14:00:15.661676
pay_003890,cust_01359,3567.75,INR,NETBANKING,SUCCESS,,1,0.502,2026-08-18 14:04:15.661676
pay_007989,cust_00247,2344.45,INR,CARD,SUCCESS,,1,0.453,2026-08-18 14:14:15.661676
pay_002662,cust_02443,883.55,INR,CARD,SUCCESS,,1,0.608,2026-08-18 14:19:15.661676
pay_003721,cust_02989,4009.67,INR,WALLET,SUCCESS,,1,0.476,2026-08-18 14:26:15.661676
pay_004876,cust_01285,803.05,INR,UPI,SUCCESS,,1,0.829,2026-08-18 15:15:15.661676
pay_009324,cust_02829,496.81,INR,WALLET,SUCCESS,,1,0.694,2026-08-18 15:20:15.661676
pay_002560,cust_00133,3787.33,INR,WALLET,SUCCESS,,1,0.704,2026-08-18 15:53:15.661676
pay_009937,cust_01742,2320.76,INR,WALLET,SUCCESS,,1,0.515,2026-08-18 16:02:15.661676
pay_009691,cust_00263,2664.54,INR,UPI,SUCCESS,,1,0.682,2026-08-18 16:38:15.661676
pay_005386,cust_02418,1841.91,INR,NETBANKING,SUCCESS,,1,0.883,2026-08-18 16:38:15.661676
pay_008232,cust_02579,412.15,INR,CARD,SUCCESS,,1,0.966,2026-08-18 16:44:15.661676
pay_002757,cust_01424,2113.33,INR,WALLET,SUCCESS,,1,0.484,2026-08-18 17:01:15.661676
pay_008327,cust_00900,1590.72,INR,CARD,SUCCESS,,1,0.658,2026-08-18 17:09:15.661676
pay_005554,cust_01041,3013.75,INR,WALLET,SUCCESS,,1,0.547,2026-08-18 17:10:15.661676
pay_006721,cust_00859,2848.7,INR,NETBANKING,SUCCESS,,1,0.786,2026-08-18 17:27:15.661676
pay_006429,cust_00542,5336.05,INR,CARD,FAILED,TIMEOUT,4,0.465,2026-08-18 17:31:15.661676
pay_000252,cust_02726,3767.96,INR,WALLET,FAILED,BANK_ERROR,3,0.774,2026-08-18 18:08:15.661676
pay_006384,cust_01368,1634.0,INR,CARD,SUCCESS,,1,0.623,2026-08-18 18:16:15.661676
pay_003484,cust_02414,1717.55,INR,CARD,SUCCESS,,1,0.635,2026-08-18 18:40:15.661676
pay_006390,cust_02510,3307.56,INR,CARD,SUCCESS,,1,0.679,2026-08-18 18:48:15.661676
pay_005965,cust_00280,5401.67,INR,UPI,FAILED,INSUFFICIENT_FUNDS,2,0.922,2026-08-18 18:54:15.661676
pay_003515,cust_00475,2560.14,INR,NETBANKING,SUCCESS,,1,0.563,2026-08-18 19:00:15.661676
pay_009135,cust_02881,534.57,INR,CARD,SUCCESS,,1,0.912,2026-08-18 19:23:15.661676
pay_002901,cust_01652,1743.4,INR,WALLET,FAILED,INSUFFICIENT_FUNDS,2,0.848,2026-08-18 19:25:15.661676
pay_007599,cust_00934,4005.56,INR,CARD,SUCCESS,,1,0.584,2026-08-18 19:44:15.661676
pay_008446,cust_02254,915.12,INR,CARD,FAILED,INSUFFICIENT_FUNDS,1,0.959,2026-08-18 19:44:15.661676
pay_009089,cust_02581,1628.01,INR,NETBANKING,SUCCESS,,1,0.7,2026-08-18 19:58:15.661676
pay_005432,cust_00120,1103.49,INR,NETBANKING,SUCCESS,,1,0.643,2026-08-18 19:59:15.661676
pay_002286,cust_02259,2616.65,INR,NETBANKING,SUCCESS,,1,0.734,2026-08-18 20:03:15.661676
pay_002309,cust_01132,2772.78,INR,NETBANKING,SUCCESS,,1,0.573,2026-08-18 20:14:15.661676
pay_007811,cust_02731,2868.82,INR,CARD,SUCCESS,,1,0.753,2026-08-18 20:34:15.661676
pay_000794,cust_01923,651.06,INR,WALLET,SUCCESS,,1,0.856,2026-08-18 21:02:15.661676
pay_006469,cust_01170,2764.31,INR,WALLET,SUCCESS,,1,0.576,2026-08-18 21:05:15.661676
pay_002337,cust_00414,2698.72,INR,CARD,SUCCESS,,1,0.683,2026-08-18 21:07:15.661676
pay_006287,cust_02632,786.7,INR,NETBANKING,SUCCESS,,1,0.6,2026-08-18 21:19:15.661676
pay_008272,cust_02737,4214.31,INR,UPI,FAILED,INSUFFICIENT_FUNDS,1,0.873,2026-08-18 21:29:15.661676
pay_000190,cust_02418,538.14,INR,NETBANKING,SUCCESS,,1,0.906,2026-08-18 21:39:15.661676
pay_001839,cust_02917,1760.61,INR,CARD,SUCCESS,,1,0.759,2026-08-18 22:00:15.661676
pay_001789,cust_00025,2334.0,INR,UPI,SUCCESS,,1,0.965,2026-08-18 22:01:15.661676
pay_001287,cust_00972,416.15,INR,WALLET,SUCCESS,,1,0.931,2026-08-18 22:03:15.661676
pay_001650,cust_01623,14352.09,INR,UPI,SUCCESS,,1,0.72,2026-08-18 22:07:15.661676
pay_001984,cust_02679,3604.42,INR,NETBANKING,SUCCESS,,1,0.776,2026-08-18 22:22:15.661676
pay_004343,cust_01040,8592.75,INR,NETBANKING,FAILED,FRAUD_SUSPECTED,4,0.878,2026-08-18 22:36:15.661676
pay_009981,cust_02855,1265.68,INR,NETBANKING,SUCCESS,,1,0.459,2026-08-18 22:41:15.661676
pay_005156,cust_00499,1792.39,INR,NETBANKING,SUCCESS,,1,0.537,2026-08-18 22:42:15.661676
pay_002903,cust_01298,1146.12,INR,WALLET,SUCCESS,,1,0.666,2026-08-18 22:51:15.661676
pay_002510,cust_02178,627.68,INR,WALLET,SUCCESS,,1,0.531,2026-08-18 22:59:15.661676
pay_002647,cust_00284,1344.25,INR,NETBANKING,SUCCESS,,1,0.574,2026-08-18 23:31:15.661676
pay_008692,cust_01959,2124.71,INR,WALLET,SUCCESS,,1,0.818,2026-08-18 23:46:15.661676
pay_009242,cust_01430,1715.86,INR,WALLET,SUCCESS,,1,0.937,2026-08-19 00:06:15.661676
pay_000750,cust_01693,586.79,INR,UPI,SUCCESS,,1,0.524,2026-08-19 00:09:15.661676
pay_009055,cust_02617,447.81,INR,WALLET,SUCCESS,,1,0.502,2026-08-19 00:41:15.661676
pay_008254,cust_02918,796.18,INR,UPI,SUCCESS,,1,0.941,2026-08-19 00:42:15.661676
pay_007330,cust_00136,1237.79,INR,NETBANKING,SUCCESS,,1,0.491,2026-08-19 00:48:15.661676
pay_002310,cust_00715,3678.0,INR,CARD,SUCCESS,,1,0.477,2026-08-19 01:01:15.661676
pay_002072,cust_02918,4860.54,INR,WALLET,SUCCESS,,1,0.566,2026-08-19 01:07:15.661676
pay_008437,cust_00239,2051.05,INR,UPI,SUCCESS,,1,0.72,2026-08-19 01:09:15.661676
pay_005486,cust_00294,3281.71,INR,UPI,SUCCESS,,1,0.504,2026-08-19 01:15:15.661676
pay_002410,cust_02316,721.54,INR,WALLET,SUCCESS,,1,0.823,2026-08-19 01:25:15.661676
pay_001527,cust_00321,8165.47,INR,NETBANKING,SUCCESS,,1,0.684,2026-08-19 01:50:15.661676
pay_001491,cust_00524,1162.72,INR,WALLET,FAILED,NETWORK_ERROR,3,0.95,2026-08-19 01:58:15.661676
pay_007446,cust_00982,6016.06,INR,CARD,SUCCESS,,1,0.986,2026-08-19 02:24:15.661676
pay_003840,cust_02318,1410.58,INR,NETBANKING,FAILED,BANK_ERROR,4,0.86,2026-08-19 02:30:15.661676
pay_001847,cust_00371,4976.92,INR,NETBANKING,SUCCESS,,1,0.761,2026-08-19 02:32:15.661676
pay_003564,cust_00668,4701.67,INR,CARD,SUCCESS,,1,0.935,2026-08-19 02:41:15.661676
pay_001593,cust_01650,2563.81,INR,WALLET,SUCCESS,,1,0.719,2026-08-19 02:42:15.661676
pay_006199,cust_02078,1423.6,INR,UPI,FAILED,BANK_ERROR,3,0.873,2026-08-19 02:54:15.661676
pay_002365,cust_00561,1092.9,INR,WALLET,FAILED,LIMIT_EXCEEDED,3,0.704,2026-08-19 02:55:15.661676
pay_005610,cust_02632,1863.4,INR,UPI,SUCCESS,,1,0.912,2026-08-19 03:04:15.661676
pay_004212,cust_02447,1175.63,INR,WALLET,SUCCESS,,1,0.62,2026-08-19 03:12:15.661676
pay_002265,cust_01466,3115.59,INR,UPI,FAILED,TIMEOUT,1,0.739,2026-08-19 03:38:15.661676
pay_000147,cust_02011,672.12,INR,UPI,SUCCESS,,1,0.604,2026-08-19 04:15:15.661676
pay_006747,cust_00874,842.44,INR,WALLET,SUCCESS,,1,0.955,2026-08-19 04:23:15.661676
pay_000398,cust_02505,5340.62,INR,WALLET,SUCCESS,,1,0.843,2026-08-19 04:27:15.661676
pay_009926,cust_01273,1191.88,INR,NETBANKING,SUCCESS,,1,0.884,2026-08-19 04:32:15.661676
pay_009136,cust_02155,1181.89,INR,UPI,SUCCESS,,1,0.621,2026-08-19 04:37:15.661676
pay_000308,cust_02477,1126.36,INR,CARD,SUCCESS,,1,0.796,2026-08-19 04:52:15.661676
pay_007798,cust_00696,1399.88,INR,NETBANKING,SUCCESS,,1,0.923,2026-08-19 04:54:15.661676
pay_004962,cust_02442,793.26,INR,UPI,SUCCESS,,1,0.696,2026-08-19 05:01:15.661676
pay_008205,cust_01697,1314.54,INR,UPI,SUCCESS,,1,0.76,2026-08-19 05:06:15.661676
pay_009598,cust_02857,1754.52,INR,NETBANKING,SUCCESS,,1,0.72,2026-08-19 05:23:15.661676
pay_006112,cust_01861,657.07,INR,UPI,SUCCESS,,1,0.9,2026-08-19 05:38:15.661676
pay_003341,cust_00337,3180.72,INR,WALLET,SUCCESS,,1,0.661,2026-08-19 05:50:15.661676
pay_001024,cust_00532,10034.82,INR,CARD,SUCCESS,,1,0.508,2026-08-19 05:56:15.661676
pay_002979,cust_02664,2792.75,INR,UPI,SUCCESS,,1,0.913,2026-08-19 06:00:15.661676
pay_005238,cust_01007,4731.8,INR,CARD,SUCCESS,,1,0.827,2026-08-19 06:23:15.661676
pay_004237,cust_01726,5699.14,INR,UPI,SUCCESS,,1,0.822,2026-08-19 06:42:15.661676
pay_004636,cust_00678,175.67,INR,NETBANKING,SUCCESS,,1,0.739,2026-08-19 07:22:15.661676
pay_005050,cust_02058,1557.22,INR,WALLET,SUCCESS,,1,0.799,2026-08-19 07:39:15.661676
pay_008432,cust_02922,1697.6,INR,CARD,SUCCESS,,1,0.693,2026-08-19 07:41:15.661676
pay_000581,cust_01237,2370.36,INR,CARD,FAILED,NETWORK_ERROR,3,0.585,2026-08-19 07:58:15.661676
pay_007732,cust_01777,2196.85,INR,UPI,SUCCESS,,1,0.642,2026-08-19 08:17:15.661676
pay_007389,cust_01407,2569.12,INR,CARD,SUCCESS,,1,0.645,2026-08-19 08:19:15.661676
pay_008988,cust_02670,1106.2,INR,UPI,SUCCESS,,1,0.678,2026-08-19 08:19:15.661676
pay_002434,cust_00676,1572.65,INR,WALLET,SUCCESS,,1,0.492,2026-08-19 08:23:15.661676
pay_003715,cust_00524,4064.76,INR,CARD,SUCCESS,,1,0.762,2026-08-19 08:24:15.661676
pay_007635,cust_02078,7955.61,INR,WALLET,SUCCESS,,1,0.541,2026-08-19 08:31:15.661676
pay_003302,cust_01905,853.77,INR,UPI,SUCCESS,,1,0.88,2026-08-19 08:37:15.661676
pay_009964,cust_00791,1498.76,INR,WALLET,SUCCESS,,1,0.726,2026-08-19 08:46:15.661676
pay_004195,cust_02279,267.86,INR,CARD,SUCCESS,,1,0.472,2026-08-19 09:05:15.661676
pay_007450,cust_01789,1475.01,INR,CARD,SUCCESS,,1,0.643,2026-08-19 09:12:15.661676
pay_008796,cust_00287,423.05,INR,WALLET,SUCCESS,,1,0.838,2026-08-19 09:13:15.661676
pay_002744,cust_00897,2825.7,INR,CARD,SUCCESS,,1,0.8,2026-08-19 09:31:15.661676
pay_004563,cust_01006,882.65,INR,CARD,SUCCESS,,1,0.909,2026-08-19 09:33:15.661676
pay_002710,cust_02950,6315.3,INR,NETBANKING,SUCCESS,,1,0.983,2026-08-19 09:44:15.661676
pay_008868,cust_01635,917.84,INR,UPI,FAILED,INSUFFICIENT_FUNDS,1,0.618,2026-08-19 09:45:15.661676
pay_002005,cust_01176,397.47,INR,NETBANKING,SUCCESS,,1,0.945,2026-08-19 10:06:15.661676
pay_007439,cust_02378,538.58,INR,UPI,FAILED,TIMEOUT,2,0.67,2026-08-19 10:14:15.661676
pay_007744,cust_00916,2920.65,INR,WALLET,SUCCESS,,1,0.752,2026-08-19 10:17:15.661676
pay_005816,cust_02188,3125.44,INR,NETBANKING,SUCCESS,,1,0.703,2026-08-19 10:24:15.661676
pay_009614,cust_01295,404.0,INR,WALLET,SUCCESS,,1,0.585,2026-08-19 10:36:15.661676
pay_005256,cust_00518,729.92,INR,WALLET,SUCCESS,,1,0.716,2026-08-19 11:00:15.661676
pay_004190,cust_00683,1719.01,INR,WALLET,SUCCESS,,1,0.971,2026-08-19 11:03:15.661676
pay_002317,cust_02630,3537.42,INR,WALLET,SUCCESS,,1,0.463,2026-08-19 11:05:15.661676
pay_007343,cust_02575,3573.4,INR,NETBANKING,SUCCESS,,1,0.724,2026-08-19 11:11:15.661676
pay_006802,cust_00807,875.22,INR,WALLET,SUCCESS,,1,0.77,2026-08-19 11:18:15.661676
pay_001813,cust_00330,6566.76,INR,CARD,SUCCESS,,1,0.898,2026-08-19 11:25:15.661676
pay_001686,cust_00430,4675.74,INR,WALLET,SUCCESS,,1,0.473,2026-08-19 11:38:15.661676
pay_006588,cust_01355,1468.46,INR,NETBANKING,SUCCESS,,1,0.615,2026-08-19 12:00:15.661676
pay_009455,cust_00285,3368.55,INR,WALLET,SUCCESS,,1,0.826,2026-08-19 12:01:15.661676
pay_002335,cust_00812,3686.03,INR,CARD,SUCCESS,,1,0.54,2026-08-19 12:18:15.661676
pay_006766,cust_01668,2517.18,INR,UPI,SUCCESS,,1,0.491,2026-08-19 12:23:15.661676
pay_009387,cust_02463,956.64,INR,CARD,SUCCESS,,1,0.498,2026-08-19 12:37:15.661676
pay_008222,cust_02626,3918.9,INR,NETBANKING,FAILED,LIMIT_EXCEEDED,4,0.679,2026-08-19 12:39:15.661676
pay_003446,cust_00949,725.74,INR,CARD,SUCCESS,,1,0.728,2026-08-19 12:49:15.661676
pay_001463,cust_02939,1529.63,INR,WALLET,FAILED,BANK_ERROR,2,0.827,2026-08-19 13:04:15.661676
pay_000622,cust_01643,2636.41,INR,UPI,SUCCESS,,1,0.602,2026-08-19 13:34:15.661676
pay_006237,cust_01113,1091.03,INR,CARD,SUCCESS,,1,0.598,2026-08-19 13:56:15.661676
pay_008829,cust_02833,2732.9,INR,UPI,SUCCESS,,1,0.594,2026-08-19 14:07:15.661676
pay_003813,cust_01051,911.24,INR,UPI,SUCCESS,,1,0.874,2026-08-19 14:09:15.661676
pay_005565,cust_00264,1854.17,INR,UPI,SUCCESS,,1,0.97,2026-08-19 14:21:15.661676
pay_007750,cust_01754,5505.69,INR,NETBANKING,SUCCESS,,1,0.875,2026-08-19 14:24:15.661676
pay_006568,cust_00128,1548.83,INR,CARD,SUCCESS,,1,0.498,2026-08-19 14:35:15.661676
pay_006407,cust_02179,1692.9,INR,UPI,SUCCESS,,1,0.928,2026-08-19 14:52:15.661676
pay_008520,cust_01938,4460.78,INR,NETBANKING,SUCCESS,,1,0.664,2026-08-19 15:01:15.661676
pay_003490,cust_01256,503.67,INR,UPI,SUCCESS,,1,0.727,2026-08-19 15:14:15.661676
pay_000903,cust_01950,1850.1,INR,UPI,SUCCESS,,1,0.722,2026-08-19 15:14:15.661676
pay_008770,cust_02089,3374.03,INR,NETBANKING,SUCCESS,,1,0.987,2026-08-19 15:16:15.661676
pay_001489,cust_02019,533.51,INR,NETBANKING,SUCCESS,,1,0.498,2026-08-19 15:33:15.661676
pay_000713,cust_02194,1169.19,INR,NETBANKING,SUCCESS,,1,0.657,2026-08-19 15:33:15.661676
pay_008644,cust_02957,2096.21,INR,WALLET,SUCCESS,,1,0.866,2026-08-19 15:59:15.661676
pay_008941,cust_02044,5609.2,INR,NETBANKING,SUCCESS,,1,0.609,2026-08-19 16:07:15.661676
pay_001635,cust_00573,1383.23,INR,NETBANKING,SUCCESS,,1,0.78,2026-08-19 16:23:15.661676
pay_001698,cust_02553,1051.32,INR,WALLET,SUCCESS,,1,0.514,2026-08-19 16:38:15.661676
pay_008422,cust_00999,3846.71,INR,CARD,SUCCESS,,1,0.692,2026-08-19 16:39:15.661676
pay_004649,cust_02670,496.03,INR,NETBANKING,SUCCESS,,1,0.934,2026-08-19 16:48:15.661676
pay_000782,cust_02547,621.24,INR,NETBANKING,SUCCESS,,1,0.651,2026-08-19 16:49:15.661676
pay_006902,cust_01632,1889.38,INR,NETBANKING,SUCCESS,,1,0.787,2026-08-19 16:52:15.661676
pay_006792,cust_01266,1257.51,INR,WALLET,SUCCESS,,1,0.547,2026-08-19 17:01:15.661676
pay_003526,cust_02485,706.9,INR,CARD,SUCCESS,,1,0.454,2026-08-19 17:14:15.661676
pay_007583,cust_01674,1767.68,INR,CARD,SUCCESS,,1,0.642,2026-08-19 17:31:15.661676
pay_002771,cust_02897,1533.51,INR,WALLET,SUCCESS,,1,0.499,2026-08-19 18:06:15.661676
pay_005373,cust_02985,752.22,INR,WALLET,SUCCESS,,1,0.796,2026-08-19 18:11:15.661676
pay_009336,cust_02488,1556.41,INR,CARD,SUCCESS,,1,0.799,2026-08-19 18:21:15.661676
pay_002774,cust_01056,523.8,INR,UPI,SUCCESS,,1,0.98,2026-08-19 18:37:15.661676
pay_006980,cust_01516,379.45,INR,NETBANKING,SUCCESS,,1,0.518,2026-08-19 18:48:15.661676
pay_001453,cust_01010,2192.07,INR,NETBANKING,SUCCESS,,1,0.528,2026-08-19 18:55:15.661676
pay_005789,cust_00700,446.85,INR,UPI,FAILED,NETWORK_ERROR,3,0.84,2026-08-19 19:01:15.661676
pay_009847,cust_00076,2241.12,INR,WALLET,SUCCESS,,1,0.619,2026-08-19 20:15:15.661676
pay_003668,cust_00934,2899.63,INR,UPI,SUCCESS,,1,0.982,2026-08-19 20:53:15.661676
pay_007471,cust_01274,3860.35,INR,NETBANKING,SUCCESS,,1,0.55,2026-08-19 21:10:15.661676
pay_009485,cust_02832,548.02,INR,WALLET,SUCCESS,,1,0.508,2026-08-19 21:20:15.661676
pay_005782,cust_01117,1045.66,INR,WALLET,SUCCESS,,1,0.582,2026-08-19 21:47:15.661676
pay_000061,cust_00543,1232.33,INR,NETBANKING,SUCCESS,,1,0.582,2026-08-19 22:02:15.661676
pay_001553,cust_00075,895.71,INR,NETBANKING,SUCCESS,,1,0.816,2026-08-19 22:08:15.661676
pay_007710,cust_02487,895.97,INR,UPI,SUCCESS,,1,0.881,2026-08-19 22:14:15.661676
pay_005020,cust_01477,2486.22,INR,WALLET,SUCCESS,,1,0.919,2026-08-19 23:49:15.661676
pay_009502,cust_02771,5209.1,INR,UPI,SUCCESS,,1,0.835,2026-08-20 00:11:15.661676
pay_005561,cust_01253,783.35,INR,NETBANKING,SUCCESS,,1,0.741,2026-08-20 00:22:15.661676
pay_003357,cust_00925,1925.35,INR,UPI,SUCCESS,,1,0.469,2026-08-20 01:21:15.661676
pay_007455,cust_02073,776.82,INR,NETBANKING,SUCCESS,,1,0.484,2026-08-20 01:21:15.661676
pay_003121,cust_01906,1228.01,INR,NETBANKING,SUCCESS,,1,0.52,2026-08-20 01:21:15.661676
pay_000381,cust_01766,923.55,INR,CARD,SUCCESS,,1,0.648,2026-08-20 01:31:15.661676
pay_006281,cust_02127,1979.83,INR,NETBANKING,SUCCESS,,1,0.727,2026-08-20 01:38:15.661676
pay_007208,cust_02120,5953.17,INR,NETBANKING,SUCCESS,,1,0.505,2026-08-20 01:59:15.661676
pay_005748,cust_00981,2125.63,INR,NETBANKING,SUCCESS,,1,0.847,2026-08-20 02:03:15.661676
pay_004032,cust_00324,582.32,INR,UPI,SUCCESS,,1,0.801,2026-08-20 02:07:15.661676
pay_000655,cust_02044,14167.24,INR,WALLET,SUCCESS,,1,0.483,2026-08-20 02:13:15.661676
pay_006518,cust_00678,2029.33,INR,UPI,SUCCESS,,1,0.56,2026-08-20 02:23:15.661676
pay_002128,cust_01999,4409.24,INR,WALLET,SUCCESS,,1,0.772,2026-08-20 02:23:15.661676
pay_005462,cust_01019,3064.75,INR,WALLET,SUCCESS,,1,0.572,2026-08-20 02:33:15.661676
pay_001019,cust_01553,1399.29,INR,CARD,SUCCESS,,1,0.913,2026-08-20 02:33:15.661676
pay_002488,cust_00605,1743.54,INR,CARD,SUCCESS,,1,0.616,2026-08-20 02:36:15.661676
pay_004870,cust_01462,1190.7,INR,WALLET,FAILED,NETWORK_ERROR,4,0.844,2026-08-20 02:47:15.661676
pay_006798,cust_00028,6360.86,INR,UPI,SUCCESS,,1,0.924,2026-08-20 03:07:15.661676
pay_002939,cust_02329,487.07,INR,UPI,SUCCESS,,1,0.84,2026-08-20 03:16:15.661676
pay_004351,cust_01828,354.61,INR,WALLET,SUCCESS,,1,0.783,2026-08-20 03:22:15.661676
pay_000261,cust_02325,861.31,INR,UPI,SUCCESS,,1,0.535,2026-08-20 03:27:15.661676
pay_008211,cust_02390,2976.06,INR,WALLET,SUCCESS,,1,0.608,2026-08-20 03:27:15.661676
pay_000839,cust_01432,3973.72,INR,CARD,SUCCESS,,1,0.629,2026-08-20 03:34:15.661676
pay_003638,cust_01082,2430.98,INR,CARD,SUCCESS,,1,0.984,2026-08-20 03:38:15.661676
pay_007251,cust_00162,2366.16,INR,CARD,FAILED,LIMIT_EXCEEDED,2,0.792,2026-08-20 03:50:15.661676
pay_003130,cust_00209,1300.89,INR,UPI,SUCCESS,,1,0.713,2026-08-20 03:52:15.661676
pay_006610,cust_02296,2127.47,INR,CARD,SUCCESS,,1,0.982,2026-08-20 03:52:15.661676
pay_002468,cust_00772,1863.76,INR,NETBANKING,SUCCESS,,1,0.979,2026-08-20 03:57:15.661676
pay_004893,cust_01585,1146.47,INR,CARD,SUCCESS,,1,0.58,2026-08-20 04:00:15.661676
pay_008496,cust_00792,3271.67,INR,NETBANKING,SUCCESS,,1,0.69,2026-08-20 04:03:15.661676
pay_004422,cust_00314,758.36,INR,WALLET,FAILED,USER_CANCELLED,4,0.726,2026-08-20 04:37:15.661676
pay_004450,cust_02582,5987.14,INR,WALLET,FAILED,FRAUD_SUSPECTED,3,0.819,2026-08-20 05:07:15.661676
pay_007514,cust_00252,1246.61,INR,CARD,SUCCESS,,1,0.611,2026-08-20 05:12:15.661676
pay_003182,cust_00607,2745.49,INR,UPI,SUCCESS,,1,0.727,2026-08-20 05:22:15.661676
pay_000312,cust_00910,4354.75,INR,WALLET,SUCCESS,,1,0.464,2026-08-20 06:16:15.661676
pay_000019,cust_02045,874.44,INR,WALLET,FAILED,INSUFFICIENT_FUNDS,3,0.525,2026-08-20 06:23:15.661676
pay_007552,cust_01950,8381.71,INR,WALLET,SUCCESS,,1,0.667,2026-08-20 06:26:15.661676
pay_005740,cust_02424,1956.96,INR,UPI,SUCCESS,,1,0.503,2026-08-20 06:28:15.661676
pay_003747,cust_02402,316.82,INR,CARD,FAILED,LIMIT_EXCEEDED,1,0.615,2026-08-20 06:38:15.661676
pay_004027,cust_01844,967.85,INR,NETBANKING,FAILED,INSUFFICIENT_FUNDS,2,0.658,2026-08-20 06:40:15.661676
pay_008874,cust_00018,1421.49,INR,NETBANKING,SUCCESS,,1,0.589,2026-08-20 07:08:15.661676
pay_008916,cust_00394,2557.66,INR,WALLET,SUCCESS,,1,0.595,2026-08-20 07:15:15.661676
pay_001253,cust_01993,366.87,INR,UPI,SUCCESS,,1,0.847,2026-08-20 07:32:15.661676
pay_001693,cust_00714,3630.18,INR,CARD,SUCCESS,,1,0.544,2026-08-20 07:54:15.661676
pay_009175,cust_01644,4376.47,INR,UPI,SUCCESS,,1,0.536,2026-08-20 07:56:15.661676
pay_003423,cust_00239,2541.92,INR,WALLET,SUCCESS,,1,0.668,2026-08-20 08:01:15.661676
pay_001749,cust_00179,2104.15,INR,CARD,FAILED,NETWORK_ERROR,3,0.81,2026-08-20 08:15:15.661676
pay_003323,cust_02712,523.65,INR,NETBANKING,SUCCESS,,1,0.636,2026-08-20 08:48:15.661676
pay_009240,cust_01890,685.31,INR,WALLET,SUCCESS,,1,0.574,2026-08-20 08:52:15.661676
pay_006311,cust_02509,1559.19,INR,NETBANKING,SUCCESS,,1,0.581,2026-08-20 09:45:15.661676
pay_003298,cust_02131,848.61,INR,NETBANKING,SUCCESS,,1,0.898,2026-08-20 10:06:15.661676
pay_009082,cust_02011,6532.48,INR,CARD,SUCCESS,,1,0.46,2026-08-20 10:18:15.661676
pay_009846,cust_01449,1493.86,INR,UPI,SUCCESS,,1,0.496,2026-08-20 10:37:15.661676
pay_009550,cust_00301,349.75,INR,CARD,SUCCESS,,1,0.715,2026-08-20 10:40:15.661676
pay_002960,cust_01224,746.18,INR,CARD,SUCCESS,,1,0.614,2026-08-20 10:41:15.661676
pay_009440,cust_02398,1663.69,INR,UPI,SUCCESS,,1,0.605,2026-08-20 10:43:15.661676
pay_002677,cust_01655,2391.61,INR,NETBANKING,SUCCESS,,1,0.585,2026-08-20 11:16:15.661676
pay_001961,cust_01574,1730.36,INR,UPI,SUCCESS,,1,0.79,2026-08-20 11:52:15.661676
pay_007209,cust_01650,654.39,INR,CARD,FAILED,NETWORK_ERROR,3,0.954,2026-08-20 11:54:15.661676
pay_001184,cust_00892,514.71,INR,CARD,SUCCESS,,1,0.858,2026-08-20 12:01:15.661676
pay_003061,cust_01382,2330.79,INR,CARD,SUCCESS,,1,0.718,2026-08-20 12:02:15.661676
pay_003802,cust_02503,502.59,INR,NETBANKING,SUCCESS,,1,0.875,2026-08-20 12:22:15.661676
pay_003284,cust_00887,3645.19,INR,WALLET,SUCCESS,,1,0.498,2026-08-20 12:28:15.661676
pay_008386,cust_02053,563.08,INR,UPI,SUCCESS,,1,0.669,2026-08-20 12:37:15.661676
pay_008813,cust_02576,1935.06,INR,WALLET,SUCCESS,,1,0.599,2026-08-20 12:43:15.661676
pay_005952,cust_00502,1845.14,INR,CARD,SUCCESS,,1,0.709,2026-08-20 13:00:15.661676
pay_009398,cust_02665,1236.33,INR,WALLET,SUCCESS,,1,0.548,2026-08-20 13:04:15.661676
pay_008590,cust_01140,1529.2,INR,WALLET,SUCCESS,,1,0.575,2026-08-20 13:24:15.661676
pay_003229,cust_01368,3372.73,INR,NETBANKING,SUCCESS,,1,0.761,2026-08-20 14:31:15.661676
pay_004207,cust_01752,2684.5,INR,NETBANKING,SUCCESS,,1,0.476,2026-08-20 14:50:15.661676
pay_007717,cust_00247,1021.21,INR,WALLET,SUCCESS,,1,0.854,2026-08-20 14:51:15.661676
pay_008929,cust_01166,809.59,INR,WALLET,SUCCESS,,1,0.909,2026-08-20 15:18:15.661676
pay_002359,cust_00492,436.6,INR,WALLET,SUCCESS,,1,0.592,2026-08-20 15:33:15.661676
pay_007756,cust_01311,1999.07,INR,WALLET,SUCCESS,,1,0.902,2026-08-20 15:41:15.661676
pay_006799,cust_01110,1442.74,INR,NETBANKING,SUCCESS,,1,0.842,2026-08-20 16:02:15.661676
pay_009295,cust_01973,8625.24,INR,WALLET,SUCCESS,,1,0.754,2026-08-20 16:14:15.661676
pay_007869,cust_01102,717.4,INR,UPI,SUCCESS,,1,0.521,2026-08-20 16:37:15.661676
pay_002640,cust_01860,2485.78,INR,WALLET,SUCCESS,,1,0.76,2026-08-20 16:41:15.661676
pay_000335,cust_01508,3944.57,INR,WALLET,SUCCESS,,1,0.687,2026-08-20 16:52:15.661676
pay_007595,cust_02475,5753.45,INR,NETBANKING,SUCCESS,,1,0.583,2026-08-20 16:53:15.661676
pay_006548,cust_01664,939.82,INR,NETBANKING,SUCCESS,,1,0.715,2026-08-20 17:01:15.661676
pay_008144,cust_01713,1246.31,INR,UPI,SUCCESS,,1,0.794,2026-08-20 17:21:15.661676
pay_002116,cust_01720,1199.22,INR,WALLET,SUCCESS,,1,0.94,2026-08-20 17:22:15.661676
pay_001371,cust_00570,1574.42,INR,WALLET,FAILED,INSUFFICIENT_FUNDS,3,0.543,2026-08-20 17:24:15.661676
pay_002988,cust_02787,1948.27,INR,CARD,SUCCESS,,1,0.723,2026-08-20 17:26:15.661676
pay_008463,cust_02183,2608.97,INR,UPI,SUCCESS,,1,0.544,2026-08-20 17:28:15.661676
pay_006330,cust_00583,1976.15,INR,WALLET,FAILED,BANK_ERROR,2,0.531,2026-08-20 17:32:15.661676
pay_000800,cust_02475,1851.6,INR,NETBANKING,SUCCESS,,1,0.562,2026-08-20 18:14:15.661676
pay_005643,cust_02766,187.46,INR,WALLET,SUCCESS,,1,0.582,2026-08-20 18:25:15.661676
pay_006562,cust_01364,5307.52,INR,NETBANKING,SUCCESS,,1,0.689,2026-08-20 18:34:15.661676
pay_004578,cust_00582,7757.65,INR,UPI,SUCCESS,,1,0.515,2026-08-20 18:46:15.661676
pay_003395,cust_00797,8760.72,INR,CARD,SUCCESS,,1,0.55,2026-08-20 19:10:15.661676
pay_007631,cust_00882,4265.62,INR,CARD,SUCCESS,,1,0.817,2026-08-20 19:10:15.661676
pay_006682,cust_02967,2240.47,INR,UPI,SUCCESS,,1,0.575,2026-08-20 19:15:15.661676
pay_006345,cust_01823,1854.57,INR,CARD,SUCCESS,,1,0.528,2026-08-20 19:27:15.661676
pay_000895,cust_02100,5462.86,INR,UPI,SUCCESS,,1,0.48,2026-08-20 19:44:15.661676
pay_007434,cust_01492,863.09,INR,WALLET,SUCCESS,,1,0.55,2026-08-20 20:14:15.661676
pay_006491,cust_01507,1971.23,INR,UPI,SUCCESS,,1,0.934,2026-08-20 20:15:15.661676
pay_006483,cust_00219,889.95,INR,NETBANKING,FAILED,FRAUD_SUSPECTED,1,0.471,2026-08-20 20:23:15.661676
pay_007256,cust_01001,7752.86,INR,WALLET,SUCCESS,,1,0.488,2026-08-20 20:30:15.661676
pay_006475,cust_02701,418.32,INR,WALLET,SUCCESS,,1,0.816,2026-08-20 20:33:15.661676
pay_007992,cust_00434,1773.25,INR,WALLET,SUCCESS,,1,0.937,2026-08-20 20:38:15.661676
pay_003235,cust_00017,649.13,INR,UPI,SUCCESS,,1,0.703,2026-08-20 21:03:15.661676
pay_005634,cust_01945,2295.63,INR,UPI,SUCCESS,,1,0.627,2026-08-20 21:21:15.661676
pay_005572,cust_00060,1180.3,INR,UPI,SUCCESS,,1,0.8,2026-08-20 21:24:15.661676
pay_001966,cust_02915,1942.37,INR,NETBANKING,FAILED,USER_CANCELLED,3,0.933,2026-08-20 21:28:15.661676
pay_006069,cust_01687,3618.27,INR,WALLET,SUCCESS,,1,0.659,2026-08-20 21:42:15.661676
pay_006049,cust_02743,616.46,INR,NETBANKING,FAILED,INSUFFICIENT_FUNDS,3,0.521,2026-08-20 21:53:15.661676
pay_006028,cust_02093,541.73,INR,UPI,SUCCESS,,1,0.461,2026-08-20 22:13:15.661676
pay_008808,cust_00820,1765.61,INR,NETBANKING,SUCCESS,,1,0.48,2026-08-20 22:26:15.661676
pay_000875,cust_02980,1760.76,INR,UPI,SUCCESS,,1,0.724,2026-08-20 22:36:15.661676
pay_002363,cust_00304,534.92,INR,NETBANKING,FAILED,INSUFFICIENT_FUNDS,3,0.553,2026-08-20 22:57:15.661676
pay_007207,cust_02293,2264.22,INR,UPI,SUCCESS,,1,0.553,2026-08-20 23:18:15.661676
pay_009054,cust_02141,1382.8,INR,UPI,FAILED,NETWORK_ERROR,1,0.682,2026-08-20 23:32:15.661676
pay_008161,cust_01693,1614.26,INR,UPI,SUCCESS,,1,0.918,2026-08-20 23:40:15.661676
pay_009404,cust_02090,1531.72,INR,UPI,SUCCESS,,1,0.563,2026-08-20 23:42:15.661676
pay_002705,cust_01132,2207.13,INR,CARD,SUCCESS,,1,0.842,2026-08-20 23:45:15.661676
pay_001762,cust_02927,3273.78,INR,UPI,SUCCESS,,1,0.567,2026-08-20 23:52:15.661676
pay_004475,cust_02658,3556.89,INR,NETBANKING,SUCCESS,,1,0.602,2026-08-21 00:05:15.661676
pay_008461,cust_01170,991.95,INR,NETBANKING,SUCCESS,,1,0.787,2026-08-21 00:08:15.661676
pay_003984,cust_01451,735.98,INR,CARD,FAILED,LIMIT_EXCEEDED,2,0.831,2026-08-21 00:26:15.661676
pay_005261,cust_00803,4924.77,INR,NETBANKING,SUCCESS,,1,0.747,2026-08-21 00:30:15.661676
pay_002209,cust_01635,1407.48,INR,UPI,SUCCESS,,1,0.613,2026-08-21 00:37:15.661676
pay_004508,cust_00514,2236.11,INR,CARD,SUCCESS,,1,0.84,2026-08-21 00:48:15.661676
pay_002004,cust_01742,1413.23,INR,CARD,SUCCESS,,1,0.613,2026-08-21 00:48:15.661676
pay_009833,cust_02724,1256.05,INR,CARD,SUCCESS,,1,0.624,2026-08-21 00:50:15.661676
pay_004879,cust_02419,1048.27,INR,NETBANKING,SUCCESS,,1,0.521,2026-08-21 00:57:15.661676
pay_009447,cust_01035,953.2,INR,CARD,SUCCESS,,1,0.979,2026-08-21 01:00:15.661676
pay_006072,cust_01383,540.86,INR,WALLET,SUCCESS,,1,0.679,2026-08-21 01:01:15.661676
pay_002644,cust_02353,1073.12,INR,NETBANKING,FAILED,USER_CANCELLED,2,0.552,2026-08-21 01:05:15.661676
pay_009084,cust_02951,2302.75,INR,UPI,SUCCESS,,1,0.73,2026-08-21 01:06:15.661676
pay_005902,cust_01851,240.37,INR,UPI,SUCCESS,,1,0.49,2026-08-21 01:06:15.661676
pay_004334,cust_00969,2120.78,INR,WALLET,SUCCESS,,1,0.84,2026-08-21 01:07:15.661676
pay_004295,cust_00314,4747.09,INR,UPI,SUCCESS,,1,0.99,2026-08-21 01:12:15.661676
pay_008906,cust_02307,979.96,INR,WALLET,SUCCESS,,1,0.497,2026-08-21 01:30:15.661676
pay_004503,cust_01650,509.35,INR,CARD,SUCCESS,,1,0.75,2026-08-21 01:39:15.661676
pay_008843,cust_00285,1709.27,INR,CARD,SUCCESS,,1,0.762,2026-08-21 01:50:15.661676
pay_005023,cust_01462,1558.16,INR,WALLET,SUCCESS,,1,0.631,2026-08-21 01:55:15.661676
pay_005117,cust_02688,6895.96,INR,CARD,FAILED,BANK_ERROR,4,0.911,2026-08-21 01:56:15.661676
pay_005184,cust_01521,2426.02,INR,WALLET,SUCCESS,,1,0.665,2026-08-21 02:02:15.661676
pay_005705,cust_02752,1373.94,INR,UPI,SUCCESS,,1,0.99,2026-08-21 02:05:15.661676
pay_008397,cust_01738,3790.39,INR,UPI,SUCCESS,,1,0.657,2026-08-21 02:18:15.661676
pay_004412,cust_01252,1721.82,INR,CARD,SUCCESS,,1,0.687,2026-08-21 02:22:15.661676
pay_000578,cust_01988,3349.92,INR,NETBANKING,SUCCESS,,1,0.476,2026-08-21 03:04:15.661676
pay_003646,cust_00290,741.57,INR,WALLET,SUCCESS,,1,0.739,2026-08-21 03:05:15.661676
pay_004318,cust_00698,4457.43,INR,CARD,SUCCESS,,1,0.469,2026-08-21 03:41:15.661676
pay_003673,cust_01947,724.57,INR,WALLET,SUCCESS,,1,0.551,2026-08-21 03:42:15.661676
pay_008522,cust_00256,2125.15,INR,WALLET,FAILED,NETWORK_ERROR,1,0.88,2026-08-21 03:57:15.661676
pay_004543,cust_00357,421.21,INR,CARD,SUCCESS,,1,0.894,2026-08-21 04:30:15.661676
pay_009995,cust_00802,4700.25,INR,NETBANKING,SUCCESS,,1,0.562,2026-08-21 04:37:15.661676
pay_002174,cust_00472,2041.43,INR,UPI,SUCCESS,,1,0.594,2026-08-21 05:03:15.661676
pay_001284,cust_00476,3886.88,INR,UPI,SUCCESS,,1,0.69,2026-08-21 05:05:15.661676
pay_001496,cust_01788,8999.05,INR,UPI,FAILED,BANK_ERROR,3,0.984,2026-08-21 05:18:15.661676
pay_004769,cust_00391,4119.68,INR,NETBANKING,SUCCESS,,1,0.591,2026-08-21 05:21:15.661676
pay_001335,cust_01211,2036.39,INR,WALLET,SUCCESS,,1,0.96,2026-08-21 07:03:15.661676
pay_001234,cust_02654,14239.39,INR,CARD,SUCCESS,,1,0.55,2026-08-21 07:06:15.661676
pay_008078,cust_02455,4487.06,INR,CARD,SUCCESS,,1,0.512,2026-08-21 07:23:15.661676
pay_007915,cust_02365,1379.81,INR,NETBANKING,FAILED,BANK_ERROR,2,0.872,2026-08-21 07:42:15.661676
pay_005407,cust_01560,531.01,INR,WALLET,SUCCESS,,1,0.74,2026-08-21 07:48:15.661676
pay_006985,cust_01705,662.93,INR,WALLET,SUCCESS,,1,0.839,2026-08-21 07:57:15.661676
pay_001252,cust_02851,3522.14,INR,WALLET,SUCCESS,,1,0.822,2026-08-21 08:06:15.661676
pay_002043,cust_01358,1188.84,INR,WALLET,SUCCESS,,1,0.505,2026-08-21 08:13:15.661676
pay_000936,cust_02792,1209.98,INR,WALLET,SUCCESS,,1,0.465,2026-08-21 08:15:15.661676
pay_003156,cust_01756,490.28,INR,WALLET,SUCCESS,,1,0.974,2026-08-21 08:22:15.661676
pay_009382,cust_02176,769.74,INR,CARD,SUCCESS,,1,0.724,2026-08-21 08:42:15.661676
pay_003783,cust_02333,785.2,INR,WALLET,SUCCESS,,1,0.824,2026-08-21 08:50:15.661676
pay_000905,cust_02209,2106.7,INR,UPI,FAILED,LIMIT_EXCEEDED,4,0.732,2026-08-21 09:13:15.661676
pay_008656,cust_02230,706.72,INR,NETBANKING,SUCCESS,,1,0.926,2026-08-21 09:22:15.661676
pay_007065,cust_02439,2184.14,INR,CARD,FAILED,BANK_ERROR,4,0.747,2026-08-21 09:33:15.661676
pay_001080,cust_00622,3569.49,INR,NETBANKING,SUCCESS,,1,0.524,2026-08-21 09:40:15.661676
pay_009606,cust_01938,6122.41,INR,WALLET,SUCCESS,,1,0.605,2026-08-21 10:28:15.661676
pay_005000,cust_00054,917.4,INR,CARD,SUCCESS,,1,0.727,2026-08-21 10:30:15.661676
pay_008430,cust_02659,1180.39,INR,WALLET,SUCCESS,,1,0.721,2026-08-21 10:31:15.661676
pay_007612,cust_02476,100.0,INR,UPI,SUCCESS,,1,0.582,2026-08-21 10:31:15.661676
pay_002285,cust_02028,1246.98,INR,NETBANKING,FAILED,NETWORK_ERROR,3,0.958,2026-08-21 10:41:15.661676
pay_006341,cust_00173,862.03,INR,UPI,SUCCESS,,1,0.928,2026-08-21 10:51:15.661676
pay_003761,cust_02968,2339.44,INR,CARD,SUCCESS,,1,0.951,2026-08-21 10:54:15.661676
pay_007576,cust_01252,590.29,INR,WALLET,SUCCESS,,1,0.591,2026-08-21 10:58:15.661676
pay_001568,cust_01694,2731.9,INR,WALLET,SUCCESS,,1,0.91,2026-08-21 11:37:15.661676
pay_009815,cust_01956,1625.19,INR,WALLET,SUCCESS,,1,0.859,2026-08-21 11:52:15.661676
pay_000845,cust_00180,2065.57,INR,NETBANKING,SUCCESS,,1,0.623,2026-08-21 12:05:15.661676
pay_004529,cust_00767,1732.84,INR,UPI,SUCCESS,,1,0.673,2026-08-21 12:32:15.661676
pay_002970,cust_01219,2244.07,INR,UPI,SUCCESS,,1,0.527,2026-08-21 12:37:15.661676
pay_006559,cust_01693,3128.26,INR,WALLET,SUCCESS,,1,0.729,2026-08-21 12:45:15.661676
pay_009925,cust_02823,1876.77,INR,WALLET,SUCCESS,,1,0.747,2026-08-21 12:45:15.661676
pay_004261,cust_00769,4016.26,INR,WALLET,SUCCESS,,1,0.458,2026-08-21 13:02:15.661676
pay_002136,cust_01907,1142.67,INR,NETBANKING,SUCCESS,,1,0.486,2026-08-21 13:06:15.661676
pay_003267,cust_00439,895.46,INR,CARD,SUCCESS,,1,0.887,2026-08-21 13:10:15.661676
pay_003864,cust_01045,1521.59,INR,CARD,SUCCESS,,1,0.604,2026-08-21 13:19:15.661676
pay_006949,cust_02659,1347.18,INR,UPI,SUCCESS,,1,0.962,2026-08-21 13:30:15.661676
pay_008407,cust_00675,9336.24,INR,NETBANKING,SUCCESS,,1,0.707,2026-08-21 13:33:15.661676
pay_006814,cust_00479,335.12,INR,UPI,SUCCESS,,1,0.734,2026-08-21 13:44:15.661676
pay_003889,cust_00634,2027.26,INR,WALLET,SUCCESS,,1,0.725,2026-08-21 14:07:15.661676
pay_000242,cust_01817,1649.47,INR,UPI,SUCCESS,,1,0.778,2026-08-21 14:14:15.661676
pay_009707,cust_01171,6287.53,INR,UPI,SUCCESS,,1,0.857,2026-08-21 14:59:15.661676
pay_009567,cust_00252,821.27,INR,UPI,SUCCESS,,1,0.758,2026-08-21 15:02:15.661676
pay_003535,cust_01858,9668.95,INR,WALLET,SUCCESS,,1,0.58,2026-08-21 15:05:15.661676
pay_002249,cust_00970,1554.18,INR,UPI,FAILED,LIMIT_EXCEEDED,4,0.858,2026-08-21 15:23:15.661676
pay_005206,cust_00987,3504.45,INR,CARD,SUCCESS,,1,0.776,2026-08-21 15:30:15.661676
pay_003531,cust_00725,5990.59,INR,CARD,SUCCESS,,1,0.701,2026-08-21 15:31:15.661676
pay_002181,cust_00768,1553.04,INR,NETBANKING,SUCCESS,,1,0.97,2026-08-21 15:33:15.661676
pay_004624,cust_01430,3352.42,INR,NETBANKING,SUCCESS,,1,0.513,2026-08-21 15:41:15.661676
pay_007158,cust_02407,972.59,INR,CARD,FAILED,BANK_ERROR,3,0.728,2026-08-21 15:41:15.661676
pay_004708,cust_02788,1227.46,INR,WALLET,SUCCESS,,1,0.546,2026-08-21 15:49:15.661676
pay_000867,cust_01168,2272.63,INR,UPI,SUCCESS,,1,0.712,2026-08-21 16:06:15.661676
pay_007058,cust_01432,1768.86,INR,WALLET,SUCCESS,,1,0.87,2026-08-21 16:14:15.661676
pay_001575,cust_00033,2625.81,INR,NETBANKING,SUCCESS,,1,0.947,2026-08-21 16:18:15.661676
pay_002783,cust_00739,690.52,INR,CARD,SUCCESS,,1,0.554,2026-08-21 16:21:15.661676
pay_003451,cust_02034,1233.84,INR,CARD,SUCCESS,,1,0.871,2026-08-21 16:31:15.661676
pay_002840,cust_02701,1592.03,INR,NETBANKING,SUCCESS,,1,0.916,2026-08-21 16:37:15.661676
pay_004215,cust_01259,1875.05,INR,WALLET,SUCCESS,,1,0.742,2026-08-21 17:31:15.661676
pay_003643,cust_02520,818.96,INR,WALLET,SUCCESS,,1,0.51,2026-08-21 17:39:15.661676
pay_001938,cust_01725,2628.46,INR,NETBANKING,SUCCESS,,1,0.81,2026-08-21 18:01:15.661676
pay_005260,cust_02691,9118.61,INR,NETBANKING,SUCCESS,,1,0.53,2026-08-21 18:06:15.661676
pay_001189,cust_00256,2807.48,INR,NETBANKING,SUCCESS,,1,0.479,2026-08-21 18:11:15.661676
pay_005621,cust_02917,1399.25,INR,NETBANKING,SUCCESS,,1,0.753,2026-08-21 18:33:15.661676
pay_004691,cust_02380,1692.27,INR,CARD,SUCCESS,,1,0.726,2026-08-21 18:34:15.661676
pay_007198,cust_02841,1663.22,INR,WALLET,SUCCESS,,1,0.552,2026-08-21 18:38:15.661676
pay_005403,cust_02718,2772.46,INR,NETBANKING,SUCCESS,,1,0.87,2026-08-21 18:40:15.661676
pay_006348,cust_01727,5004.9,INR,UPI,SUCCESS,,1,0.675,2026-08-21 19:12:15.661676
pay_001383,cust_01155,10156.27,INR,CARD,SUCCESS,,1,0.452,2026-08-21 19:28:15.661676
pay_004573,cust_00381,3453.47,INR,CARD,SUCCESS,,1,0.786,2026-08-21 19:31:15.661676
pay_004823,cust_00632,919.16,INR,WALLET,FAILED,BANK_ERROR,2,0.641,2026-08-21 19:46:15.661676
pay_002918,cust_01357,3086.9,INR,CARD,SUCCESS,,1,0.624,2026-08-21 19:54:15.661676
pay_009373,cust_00287,1127.85,INR,WALLET,SUCCESS,,1,0.572,2026-08-21 20:17:15.661676
pay_005971,cust_02022,3946.45,INR,CARD,SUCCESS,,1,0.75,2026-08-21 20:24:15.661676
pay_009351,cust_02818,2344.49,INR,NETBANKING,SUCCESS,,1,0.752,2026-08-21 20:33:15.661676
pay_008765,cust_01187,1717.34,INR,UPI,SUCCESS,,1,0.981,2026-08-21 20:53:15.661676
pay_007881,cust_00573,628.88,INR,UPI,SUCCESS,,1,0.571,2026-08-21 21:02:15.661676
pay_006277,cust_01151,3744.98,INR,WALLET,SUCCESS,,1,0.513,2026-08-21 21:18:15.661676
pay_001572,cust_02628,662.86,INR,CARD,SUCCESS,,1,0.978,2026-08-21 21:19:15.661676
pay_001844,cust_00657,1947.45,INR,NETBANKING,SUCCESS,,1,0.601,2026-08-21 21:37:15.661676
pay_009048,cust_00108,1722.14,INR,NETBANKING,SUCCESS,,1,0.476,2026-08-21 21:45:15.661676
pay_009854,cust_01357,1081.97,INR,CARD,SUCCESS,,1,0.736,2026-08-21 22:02:15.661676
pay_008130,cust_02766,2264.18,INR,NETBANKING,FAILED,INSUFFICIENT_FUNDS,1,0.979,2026-08-21 22:17:15.661676
pay_001457,cust_02870,3303.29,INR,NETBANKING,SUCCESS,,1,0.516,2026-08-21 22:44:15.661676
pay_008304,cust_02798,2020.47,INR,NETBANKING,SUCCESS,,1,0.646,2026-08-21 22:44:15.661676
pay_007355,cust_02304,5161.23,INR,NETBANKING,SUCCESS,,1,0.607,2026-08-21 22:51:15.661676
pay_006915,cust_00895,4251.53,INR,CARD,SUCCESS,,1,0.894,2026-08-21 23:20:15.661676
pay_001207,cust_01280,1031.13,INR,UPI,SUCCESS,,1,0.87,2026-08-21 23:40:15.661676
pay_007803,cust_00587,956.45,INR,NETBANKING,SUCCESS,,1,0.519,2026-08-21 23:55:15.661676
pay_009860,cust_00920,9351.33,INR,WALLET,SUCCESS,,1,0.866,2026-08-22 00:34:15.661676
pay_007705,cust_01657,982.98,INR,NETBANKING,FAILED,FRAUD_SUSPECTED,4,0.957,2026-08-22 00:46:15.661676
pay_008624,cust_02605,4686.21,INR,NETBANKING,SUCCESS,,1,0.933,2026-08-22 00:59:15.661676
pay_006511,cust_02685,6254.12,INR,CARD,SUCCESS,,1,0.613,2026-08-22 01:06:15.661676
pay_006382,cust_01928,572.08,INR,NETBANKING,SUCCESS,,1,0.776,2026-08-22 01:36:15.661676
pay_001244,cust_00621,802.87,INR,NETBANKING,SUCCESS,,1,0.452,2026-08-22 01:56:15.661676
pay_009921,cust_02213,793.39,INR,NETBANKING,SUCCESS,,1,0.918,2026-08-22 02:06:15.661676
pay_005399,cust_01072,397.74,INR,CARD,SUCCESS,,1,0.834,2026-08-22 02:06:15.661676
pay_002715,cust_01148,2426.29,INR,NETBANKING,SUCCESS,,1,0.724,2026-08-22 02:10:15.661676
pay_009362,cust_01947,5602.77,INR,NETBANKING,SUCCESS,,1,0.622,2026-08-22 02:23:15.661676
pay_003960,cust_00605,2098.82,INR,CARD,SUCCESS,,1,0.695,2026-08-22 02:37:15.661676
pay_009725,cust_00904,991.78,INR,CARD,FAILED,LIMIT_EXCEEDED,1,0.601,2026-08-22 02:53:15.661676
pay_000650,cust_00528,3155.7,INR,UPI,SUCCESS,,1,0.887,2026-08-22 02:56:15.661676
pay_009709,cust_01540,616.5,INR,UPI,SUCCESS,,1,0.748,2026-08-22 02:59:15.661676
pay_009642,cust_00666,2438.77,INR,UPI,SUCCESS,,1,0.902,2026-08-22 03:10:15.661676
pay_009273,cust_02655,811.75,INR,NETBANKING,SUCCESS,,1,0.571,2026-08-22 04:18:15.661676
pay_008145,cust_00659,4305.29,INR,NETBANKING,SUCCESS,,1,0.692,2026-08-22 04:20:15.661676
pay_002456,cust_01297,5941.98,INR,CARD,FAILED,LIMIT_EXCEEDED,3,0.729,2026-08-22 04:21:15.661676
pay_003204,cust_01703,5029.58,INR,CARD,SUCCESS,,1,0.844,2026-08-22 04:51:15.661676
pay_006319,cust_01660,3888.75,INR,UPI,SUCCESS,,1,0.919,2026-08-22 05:13:15.661676
pay_006438,cust_02000,1443.85,INR,UPI,SUCCESS,,1,0.492,2026-08-22 05:19:15.661676
pay_003232,cust_02829,357.58,INR,NETBANKING,SUCCESS,,1,0.611,2026-08-22 05:39:15.661676
pay_003676,cust_00679,1916.58,INR,NETBANKING,FAILED,FRAUD_SUSPECTED,4,0.528,2026-08-22 05:53:15.661676
pay_003842,cust_02947,1024.71,INR,CARD,FAILED,TIMEOUT,3,0.688,2026-08-22 06:03:15.661676
pay_000743,cust_02615,1096.79,INR,WALLET,FAILED,NETWORK_ERROR,3,0.907,2026-08-22 06:06:15.661676
pay_005757,cust_01731,2853.6,INR,WALLET,SUCCESS,,1,0.717,2026-08-22 06:22:15.661676
pay_000114,cust_02549,12972.59,INR,UPI,SUCCESS,,1,0.755,2026-08-22 06:58:15.661676
pay_005421,cust_00931,1857.75,INR,WALLET,SUCCESS,,1,0.975,2026-08-22 07:06:15.661676
pay_006196,cust_01283,1604.29,INR,CARD,SUCCESS,,1,0.861,2026-08-22 07:07:15.661676
pay_006767,cust_02504,9981.31,INR,WALLET,SUCCESS,,1,0.471,2026-08-22 07:13:15.661676
pay_007735,cust_01259,1986.57,INR,WALLET,FAILED,BANK_ERROR,4,0.626,2026-08-22 07:34:15.661676
pay_003183,cust_02029,747.75,INR,NETBANKING,SUCCESS,,1,0.547,2026-08-22 07:48:15.661676
pay_003414,cust_02460,929.23,INR,WALLET,FAILED,BANK_ERROR,1,0.513,2026-08-22 07:52:15.661676
pay_009682,cust_00855,597.28,INR,CARD,SUCCESS,,1,0.699,2026-08-22 08:05:15.661676
pay_006685,cust_01641,1831.52,INR,CARD,SUCCESS,,1,0.609,2026-08-22 08:19:15.661676
pay_008705,cust_02617,7298.68,INR,NETBANKING,SUCCESS,,1,0.514,2026-08-22 08:30:15.661676
pay_006776,cust_02665,3489.99,INR,WALLET,SUCCESS,,1,0.621,2026-08-22 08:40:15.661676
pay_009051,cust_02525,2534.77,INR,NETBANKING,SUCCESS,,1,0.752,2026-08-22 08:51:15.661676
pay_009334,cust_01599,3631.36,INR,UPI,SUCCESS,,1,0.58,2026-08-22 08:56:15.661676
pay_007227,cust_02095,1726.9,INR,CARD,SUCCESS,,1,0.554,2026-08-22 08:57:15.661676
pay_003633,cust_00419,1497.01,INR,WALLET,SUCCESS,,1,0.504,2026-08-22 09:29:15.661676
pay_001343,cust_01302,2564.58,INR,UPI,SUCCESS,,1,0.665,2026-08-22 10:17:15.661676
pay_008053,cust_01926,1288.26,INR,CARD,FAILED,INSUFFICIENT_FUNDS,1,0.948,2026-08-22 10:28:15.661676
pay_001750,cust_00274,4027.24,INR,CARD,SUCCESS,,1,0.986,2026-08-22 10:55:15.661676
pay_001766,cust_01023,920.95,INR,NETBANKING,SUCCESS,,1,0.499,2026-08-22 10:58:15.661676
pay_002737,cust_00778,1382.83,INR,NETBANKING,SUCCESS,,1,0.797,2026-08-22 11:08:15.661676
pay_005428,cust_00266,1779.2,INR,CARD,SUCCESS,,1,0.593,2026-08-22 11:11:15.661676
pay_007206,cust_02843,2049.72,INR,UPI,FAILED,BANK_ERROR,2,0.838,2026-08-22 11:11:15.661676
pay_004887,cust_02156,975.14,INR,CARD,FAILED,BANK_ERROR,4,0.481,2026-08-22 11:29:15.661676
pay_001085,cust_00554,2454.18,INR,WALLET,FAILED,BANK_ERROR,2,0.621,2026-08-22 11:30:15.661676
pay_000285,cust_00169,9960.94,INR,WALLET,SUCCESS,,1,0.802,2026-08-22 11:36:15.661676
pay_004930,cust_01743,1612.26,INR,NETBANKING,SUCCESS,,1,0.84,2026-08-22 11:37:15.661676
pay_002858,cust_00465,1503.54,INR,CARD,SUCCESS,,1,0.858,2026-08-22 11:54:15.661676
pay_000222,cust_02603,405.93,INR,WALLET,SUCCESS,,1,0.801,2026-08-22 12:21:15.661676
pay_004883,cust_00670,914.24,INR,CARD,SUCCESS,,1,0.769,2026-08-22 12:51:15.661676
pay_005467,cust_01392,2286.62,INR,UPI,SUCCESS,,1,0.913,2026-08-22 13:02:15.661676
pay_008429,cust_01068,435.48,INR,UPI,SUCCESS,,1,0.574,2026-08-22 13:18:15.661676
pay_006243,cust_01532,5250.3,INR,NETBANKING,SUCCESS,,1,0.959,2026-08-22 13:26:15.661676
pay_007216,cust_01748,2838.5,INR,WALLET,SUCCESS,,1,0.478,2026-08-22 13:35:15.661676
pay_006960,cust_00134,1954.18,INR,CARD,FAILED,TIMEOUT,3,0.611,2026-08-22 13:47:15.661676
pay_004083,cust_00321,6925.32,INR,CARD,SUCCESS,,1,0.764,2026-08-22 14:12:15.661676
pay_006951,cust_02460,622.69,INR,CARD,SUCCESS,,1,0.909,2026-08-22 14:14:15.661676
pay_000774,cust_02246,3936.49,INR,WALLET,SUCCESS,,1,0.954,2026-08-22 14:28:15.661676
pay_002342,cust_01454,2532.03,INR,WALLET,SUCCESS,,1,0.693,2026-08-22 15:09:15.661676
pay_000708,cust_01057,7360.15,INR,NETBANKING,SUCCESS,,1,0.886,2026-08-22 15:26:15.661676
pay_001967,cust_01837,1544.0,INR,UPI,SUCCESS,,1,0.711,2026-08-22 15:32:15.661676
pay_005897,cust_00363,514.44,INR,CARD,SUCCESS,,1,0.552,2026-08-22 15:37:15.661676
pay_000851,cust_00289,1098.27,INR,CARD,SUCCESS,,1,0.66,2026-08-22 15:50:15.661676
pay_008807,cust_02661,903.7,INR,WALLET,SUCCESS,,1,0.904,2026-08-22 16:40:15.661676
pay_002017,cust_00452,1463.21,INR,UPI,SUCCESS,,1,0.908,2026-08-22 16:40:15.661676
pay_007962,cust_03000,6698.68,INR,UPI,SUCCESS,,1,0.598,2026-08-22 16:49:15.661676
pay_006007,cust_01623,1398.38,INR,NETBANKING,SUCCESS,,1,0.715,2026-08-22 16:50:15.661676
pay_000830,cust_01815,1443.13,INR,CARD,SUCCESS,,1,0.833,2026-08-22 16:56:15.661676
pay_006272,cust_02337,3272.99,INR,WALLET,FAILED,USER_CANCELLED,1,0.924,2026-08-22 17:06:15.661676
pay_008789,cust_01732,3113.29,INR,WALLET,FAILED,USER_CANCELLED,1,0.933,2026-08-22 17:10:15.661676
pay_003093,cust_01103,1676.45,INR,NETBANKING,FAILED,INSUFFICIENT_FUNDS,2,0.568,2026-08-22 17:11:15.661676
pay_003568,cust_00233,4270.36,INR,CARD,SUCCESS,,1,0.674,2026-08-22 17:18:15.661676
pay_008064,cust_02556,4010.03,INR,NETBANKING,SUCCESS,,1,0.589,2026-08-22 17:36:15.661676
pay_007239,cust_00048,857.07,INR,NETBANKING,SUCCESS,,1,0.489,2026-08-22 17:57:15.661676
pay_009882,cust_02112,1489.11,INR,CARD,FAILED,TIMEOUT,3,0.887,2026-08-22 18:07:15.661676
pay_007658,cust_01802,327.46,INR,WALLET,SUCCESS,,1,0.669,2026-08-22 18:50:15.661676
pay_001170,cust_02527,3578.62,INR,NETBANKING,SUCCESS,,1,0.549,2026-08-22 19:56:15.661676
pay_006053,cust_01731,1352.21,INR,UPI,FAILED,BANK_ERROR,1,0.509,2026-08-22 20:02:15.661676
pay_002568,cust_01392,3043.94,INR,CARD,SUCCESS,,1,0.711,2026-08-22 20:11:15.661676
pay_007562,cust_02320,732.99,INR,NETBANKING,SUCCESS,,1,0.627,2026-08-22 20:30:15.661676
pay_009303,cust_02275,2772.43,INR,UPI,SUCCESS,,1,0.509,2026-08-22 20:32:15.661676
pay_007205,cust_01340,448.12,INR,UPI,SUCCESS,,1,0.967,2026-08-22 20:33:15.661676
pay_002479,cust_00411,619.63,INR,CARD,SUCCESS,,1,0.538,2026-08-22 20:34:15.661676
pay_006551,cust_02149,1784.73,INR,NETBANKING,SUCCESS,,1,0.824,2026-08-22 20:58:15.661676
pay_009269,cust_00655,7553.69,INR,WALLET,SUCCESS,,1,0.585,2026-08-22 21:01:15.661676
pay_008458,cust_00636,1842.19,INR,UPI,SUCCESS,,1,0.907,2026-08-22 21:08:15.661676
pay_008943,cust_01612,1609.57,INR,NETBANKING,SUCCESS,,1,0.531,2026-08-22 21:21:15.661676
pay_004858,cust_01772,3862.42,INR,CARD,SUCCESS,,1,0.693,2026-08-22 21:34:15.661676
pay_006674,cust_01872,1997.05,INR,WALLET,FAILED,LIMIT_EXCEEDED,2,0.816,2026-08-22 21:47:15.661676
pay_001298,cust_02424,1433.37,INR,CARD,SUCCESS,,1,0.453,2026-08-22 21:53:15.661676
pay_005539,cust_00893,674.56,INR,WALLET,SUCCESS,,1,0.488,2026-08-22 22:06:15.661676
pay_003483,cust_01980,1354.18,INR,CARD,FAILED,NETWORK_ERROR,2,0.668,2026-08-22 22:19:15.661676
pay_000665,cust_02858,1022.21,INR,NETBANKING,SUCCESS,,1,0.83,2026-08-22 22:23:15.661676
pay_006541,cust_01151,2262.07,INR,WALLET,SUCCESS,,1,0.902,2026-08-22 22:25:15.661676
pay_000214,cust_00674,3044.56,INR,NETBANKING,SUCCESS,,1,0.71,2026-08-22 22:32:15.661676
pay_006706,cust_01230,713.06,INR,NETBANKING,SUCCESS,,1,0.565,2026-08-22 22:47:15.661676
pay_005983,cust_01408,8893.68,INR,NETBANKING,SUCCESS,,1,0.517,2026-08-22 23:29:15.661676
pay_002330,cust_02072,3566.29,INR,UPI,SUCCESS,,1,0.711,2026-08-22 23:49:15.661676
pay_005562,cust_00556,1770.45,INR,NETBANKING,SUCCESS,,1,0.754,2026-08-22 23:53:15.661676
pay_004095,cust_02919,4855.18,INR,NETBANKING,SUCCESS,,1,0.849,2026-08-23 00:18:15.661676
pay_007738,cust_02685,2740.5,INR,NETBANKING,SUCCESS,,1,0.463,2026-08-23 00:20:15.661676
pay_004984,cust_01202,1607.18,INR,UPI,SUCCESS,,1,0.575,2026-08-23 00:34:15.661676
pay_006884,cust_01492,1554.31,INR,NETBANKING,SUCCESS,,1,0.784,2026-08-23 00:37:15.661676
pay_007504,cust_00651,1958.36,INR,UPI,SUCCESS,,1,0.869,2026-08-23 00:50:15.661676
pay_004199,cust_01832,163.02,INR,NETBANKING,SUCCESS,,1,0.45,2026-08-23 01:02:15.661676
pay_002954,cust_00624,6104.64,INR,UPI,SUCCESS,,1,0.786,2026-08-23 01:03:15.661676
pay_000221,cust_02300,11518.7,INR,NETBANKING,SUCCESS,,1,0.8,2026-08-23 01:10:15.661676
pay_006703,cust_01700,306.18,INR,NETBANKING,FAILED,LIMIT_EXCEEDED,3,0.795,2026-08-23 01:15:15.661676
pay_008027,cust_01616,725.2,INR,NETBANKING,FAILED,NETWORK_ERROR,4,0.857,2026-08-23 01:23:15.661676
pay_004961,cust_02001,1401.08,INR,UPI,SUCCESS,,1,0.836,2026-08-23 01:30:15.661676
pay_008820,cust_00485,2239.44,INR,NETBANKING,SUCCESS,,1,0.611,2026-08-23 01:49:15.661676
pay_009108,cust_01541,2587.54,INR,UPI,SUCCESS,,1,0.758,2026-08-23 02:25:15.661676
pay_000619,cust_01017,2656.61,INR,WALLET,SUCCESS,,1,0.596,2026-08-23 02:28:15.661676
pay_006034,cust_00184,886.61,INR,NETBANKING,SUCCESS,,1,0.476,2026-08-23 02:28:15.661676
pay_004538,cust_01775,1418.45,INR,CARD,SUCCESS,,1,0.742,2026-08-23 02:32:15.661676
pay_004262,cust_01345,1437.36,INR,NETBANKING,FAILED,TIMEOUT,1,0.877,2026-08-23 02:35:15.661676
pay_005118,cust_00488,1128.27,INR,WALLET,SUCCESS,,1,0.468,2026-08-23 02:45:15.661676
pay_003771,cust_02652,4029.75,INR,WALLET,SUCCESS,,1,0.918,2026-08-23 03:06:15.661676
pay_002243,cust_01614,8788.09,INR,UPI,SUCCESS,,1,0.711,2026-08-23 03:08:15.661676
pay_004037,cust_01287,2734.1,INR,NETBANKING,SUCCESS,,1,0.909,2026-08-23 03:09:15.661676
pay_001140,cust_01385,3168.26,INR,WALLET,SUCCESS,,1,0.469,2026-08-23 03:09:15.661676
pay_004088,cust_01800,1927.23,INR,WALLET,SUCCESS,,1,0.807,2026-08-23 03:26:15.661676
pay_004910,cust_01097,935.59,INR,CARD,SUCCESS,,1,0.797,2026-08-23 03:28:15.661676
pay_006932,cust_00037,3577.9,INR,NETBANKING,SUCCESS,,1,0.87,2026-08-23 04:15:15.661676
pay_004536,cust_00752,1085.65,INR,NETBANKING,SUCCESS,,1,0.762,2026-08-23 04:35:15.661676
pay_009383,cust_02182,660.34,INR,UPI,SUCCESS,,1,0.814,2026-08-23 05:15:15.661676
pay_000710,cust_01132,7024.54,INR,WALLET,FAILED,USER_CANCELLED,4,0.511,2026-08-23 05:20:15.661676
pay_005099,cust_01661,978.98,INR,CARD,SUCCESS,,1,0.773,2026-08-23 05:20:15.661676
pay_007702,cust_01967,742.01,INR,CARD,SUCCESS,,1,0.577,2026-08-23 05:51:15.661676
pay_009767,cust_00293,3814.07,INR,NETBANKING,SUCCESS,,1,0.99,2026-08-23 06:06:15.661676
pay_002803,cust_00936,2391.89,INR,NETBANKING,SUCCESS,,1,0.474,2026-08-23 06:15:15.661676
pay_005110,cust_00883,1929.21,INR,WALLET,SUCCESS,,1,0.9,2026-08-23 06:23:15.661676
pay_005451,cust_02522,1269.68,INR,CARD,SUCCESS,,1,0.944,2026-08-23 06:28:15.661676
pay_008877,cust_01304,1449.95,INR,WALLET,SUCCESS,,1,0.945,2026-08-23 07:01:15.661676
pay_009310,cust_02432,4129.5,INR,WALLET,FAILED,USER_CANCELLED,2,0.787,2026-08-23 07:02:15.661676
pay_002358,cust_01859,2027.81,INR,NETBANKING,SUCCESS,,1,0.831,2026-08-23 07:09:15.661676
pay_006474,cust_02190,269.19,INR,WALLET,SUCCESS,,1,0.466,2026-08-23 07:12:15.661676
pay_003358,cust_00315,329.31,INR,UPI,SUCCESS,,1,0.861,2026-08-23 07:27:15.661676
pay_008314,cust_00166,915.27,INR,UPI,SUCCESS,,1,0.768,2026-08-23 07:29:15.661676
pay_004170,cust_00479,1022.92,INR,WALLET,SUCCESS,,1,0.51,2026-08-23 07:39:15.661676
pay_003674,cust_01019,3484.66,INR,UPI,SUCCESS,,1,0.75,2026-08-23 07:56:15.661676
pay_001911,cust_01096,7230.13,INR,UPI,SUCCESS,,1,0.976,2026-08-23 08:07:15.661676
pay_005383,cust_00121,873.92,INR,UPI,SUCCESS,,1,0.955,2026-08-23 08:09:15.661676
pay_001187,cust_01228,823.87,INR,NETBANKING,FAILED,INSUFFICIENT_FUNDS,3,0.985,2026-08-23 08:15:15.661676
pay_004793,cust_00233,1649.6,INR,CARD,SUCCESS,,1,0.556,2026-08-23 08:20:15.661676
pay_000548,cust_02760,1536.96,INR,NETBANKING,SUCCESS,,1,0.496,2026-08-23 08:39:15.661676
pay_002876,cust_00342,873.28,INR,WALLET,SUCCESS,,1,0.885,2026-08-23 08:51:15.661676
pay_006631,cust_00249,515.68,INR,WALLET,SUCCESS,,1,0.862,2026-08-23 09:27:15.661676
pay_001042,cust_02826,1252.49,INR,NETBANKING,SUCCESS,,1,0.75,2026-08-23 09:35:15.661676
pay_009173,cust_01408,2995.84,INR,UPI,FAILED,CARD_EXPIRED,2,0.661,2026-08-23 09:39:15.661676
pay_002029,cust_01861,2138.22,INR,NETBANKING,SUCCESS,,1,0.615,2026-08-23 09:40:15.661676
pay_003523,cust_02883,835.03,INR,CARD,SUCCESS,,1,0.563,2026-08-23 09:52:15.661676
pay_008744,cust_00315,3669.73,INR,CARD,SUCCESS,,1,0.963,2026-08-23 10:05:15.661676
pay_005243,cust_01397,3296.77,INR,CARD,SUCCESS,,1,0.472,2026-08-23 10:07:15.661676
pay_009721,cust_02380,1394.52,INR,NETBANKING,FAILED,USER_CANCELLED,1,0.989,2026-08-23 10:09:15.661676
pay_003924,cust_01684,498.07,INR,CARD,SUCCESS,,1,0.636,2026-08-23 10:44:15.661676
pay_005955,cust_01983,2764.78,INR,CARD,FAILED,INSUFFICIENT_FUNDS,1,0.586,2026-08-23 10:51:15.661676
pay_009339,cust_01801,1856.07,INR,UPI,SUCCESS,,1,0.55,2026-08-23 10:52:15.661676
pay_007036,cust_01695,4813.35,INR,WALLET,SUCCESS,,1,0.927,2026-08-23 11:21:15.661676
pay_006110,cust_02586,1010.91,INR,UPI,SUCCESS,,1,0.516,2026-08-23 11:43:15.661676
pay_001378,cust_00396,4154.4,INR,UPI,SUCCESS,,1,0.767,2026-08-23 11:45:15.661676
pay_008373,cust_02851,2207.66,INR,UPI,SUCCESS,,1,0.876,2026-08-23 12:13:15.661676
pay_007244,cust_01452,1080.8,INR,UPI,SUCCESS,,1,0.949,2026-08-23 13:06:15.661676
pay_003037,cust_00562,1374.66,INR,NETBANKING,SUCCESS,,1,0.709,2026-08-23 13:08:15.661676
pay_003966,cust_00149,2417.51,INR,UPI,SUCCESS,,1,0.912,2026-08-23 13:13:15.661676
pay_008783,cust_02561,4660.32,INR,WALLET,SUCCESS,,1,0.882,2026-08-23 13:40:15.661676
pay_008819,cust_00196,2664.24,INR,NETBANKING,SUCCESS,,1,0.477,2026-08-23 14:00:15.661676
pay_000817,cust_02813,2238.68,INR,NETBANKING,SUCCESS,,1,0.98,2026-08-23 14:08:15.661676
pay_008486,cust_01297,3313.44,INR,WALLET,SUCCESS,,1,0.475,2026-08-23 14:14:15.661676
pay_002741,cust_01626,2519.69,INR,CARD,SUCCESS,,1,0.906,2026-08-23 14:17:15.661676
pay_008480,cust_02532,615.13,INR,CARD,FAILED,NETWORK_ERROR,1,0.909,2026-08-23 14:20:15.661676
pay_000257,cust_01120,4981.71,INR,NETBANKING,SUCCESS,,1,0.453,2026-08-23 14:53:15.661676
pay_008893,cust_01266,855.2,INR,UPI,FAILED,INSUFFICIENT_FUNDS,4,0.587,2026-08-23 15:00:15.661676
pay_001597,cust_00643,2967.05,INR,NETBANKING,FAILED,CARD_EXPIRED,4,0.51,2026-08-23 15:14:15.661676
pay_001547,cust_00900,813.46,INR,NETBANKING,SUCCESS,,1,0.905,2026-08-23 15:19:15.661676
pay_003582,cust_01618,5245.21,INR,CARD,SUCCESS,,1,0.455,2026-08-23 15:45:15.661676
pay_006296,cust_02079,3111.88,INR,CARD,SUCCESS,,1,0.628,2026-08-23 15:45:15.661676
pay_005926,cust_02418,908.16,INR,CARD,SUCCESS,,1,0.801,2026-08-23 16:16:15.661676
pay_000900,cust_02967,940.54,INR,NETBANKING,SUCCESS,,1,0.769,2026-08-23 16:40:15.661676
pay_006928,cust_02945,731.54,INR,WALLET,SUCCESS,,1,0.568,2026-08-23 16:52:15.661676
pay_009350,cust_01082,1386.46,INR,UPI,SUCCESS,,1,0.831,2026-08-23 17:10:15.661676
pay_008751,cust_01294,3658.65,INR,CARD,SUCCESS,,1,0.511,2026-08-23 17:29:15.661676
pay_001846,cust_00505,794.62,INR,CARD,SUCCESS,,1,0.842,2026-08-23 17:30:15.661676
pay_006325,cust_02208,1220.18,INR,NETBANKING,SUCCESS,,1,0.575,2026-08-23 17:56:15.661676
pay_004353,cust_00387,1481.4,INR,CARD,SUCCESS,,1,0.671,2026-08-23 17:58:15.661676
pay_008933,cust_02298,1840.66,INR,WALLET,SUCCESS,,1,0.953,2026-08-23 18:10:15.661676
pay_003985,cust_02020,2195.81,INR,WALLET,SUCCESS,,1,0.592,2026-08-23 18:11:15.661676
pay_002701,cust_01277,2463.77,INR,CARD,SUCCESS,,1,0.771,2026-08-23 18:12:15.661676
pay_003192,cust_01899,3196.65,INR,CARD,SUCCESS,,1,0.769,2026-08-23 18:17:15.661676
pay_001473,cust_00085,1624.23,INR,UPI,SUCCESS,,1,0.78,2026-08-23 18:20:15.661676
pay_009727,cust_00463,1811.2,INR,NETBANKING,SUCCESS,,1,0.635,2026-08-23 18:24:15.661676
pay_001862,cust_00922,3458.69,INR,UPI,SUCCESS,,1,0.547,2026-08-23 18:26:15.661676
pay_008449,cust_02384,963.66,INR,WALLET,SUCCESS,,1,0.663,2026-08-23 18:35:15.661676
pay_008280,cust_00421,4485.01,INR,UPI,FAILED,TIMEOUT,3,0.842,2026-08-23 18:44:15.661676
pay_002002,cust_00485,1610.64,INR,NETBANKING,FAILED,BANK_ERROR,1,0.776,2026-08-23 18:47:15.661676
pay_007932,cust_00263,5306.82,INR,CARD,SUCCESS,,1,0.761,2026-08-23 19:01:15.661676
pay_002900,cust_01891,2275.29,INR,NETBANKING,SUCCESS,,1,0.96,2026-08-23 19:03:15.661676
pay_005359,cust_00943,425.97,INR,UPI,SUCCESS,,1,0.569,2026-08-23 19:06:15.661676
pay_008456,cust_01858,3247.76,INR,UPI,SUCCESS,,1,0.557,2026-08-23 19:14:15.661676
pay_005164,cust_02635,1831.37,INR,CARD,SUCCESS,,1,0.877,2026-08-23 19:15:15.661676
pay_003281,cust_00383,907.45,INR,NETBANKING,SUCCESS,,1,0.514,2026-08-23 19:19:15.661676
pay_006996,cust_01378,1424.69,INR,NETBANKING,SUCCESS,,1,0.551,2026-08-23 19:28:15.661676
pay_004317,cust_00684,733.63,INR,UPI,SUCCESS,,1,0.804,2026-08-23 19:54:15.661676
pay_002547,cust_01841,600.59,INR,CARD,FAILED,INSUFFICIENT_FUNDS,1,0.738,2026-08-23 20:04:15.661676
pay_006699,cust_01268,732.25,INR,NETBANKING,SUCCESS,,1,0.868,2026-08-23 20:13:15.661676
pay_001384,cust_02972,1113.68,INR,UPI,SUCCESS,,1,0.722,2026-08-23 20:46:15.661676
pay_003560,cust_02611,639.46,INR,WALLET,SUCCESS,,1,0.902,2026-08-23 20:56:15.661676
pay_005047,cust_00811,343.92,INR,CARD,SUCCESS,,1,0.489,2026-08-23 21:21:15.661676
pay_003285,cust_02388,518.43,INR,CARD,SUCCESS,,1,0.45,2026-08-23 22:02:15.661676
pay_001259,cust_00611,1028.64,INR,CARD,SUCCESS,,1,0.847,2026-08-23 22:03:15.661676
pay_004154,cust_02266,994.72,INR,CARD,SUCCESS,,1,0.888,2026-08-23 22:15:15.661676
pay_003963,cust_02645,1880.79,INR,UPI,SUCCESS,,1,0.828,2026-08-23 22:27:15.661676
pay_006163,cust_02873,664.5,INR,UPI,FAILED,NETWORK_ERROR,2,0.877,2026-08-23 23:18:15.661676
pay_008588,cust_00950,325.99,INR,UPI,SUCCESS,,1,0.743,2026-08-23 23:21:15.661676
pay_007300,cust_02782,4434.63,INR,UPI,SUCCESS,,1,0.865,2026-08-23 23:41:15.661676
pay_003200,cust_00475,2565.35,INR,CARD,FAILED,CARD_EXPIRED,3,0.546,2026-08-23 23:50:15.661676
pay_004091,cust_02549,750.77,INR,CARD,SUCCESS,,1,0.659,2026-08-23 23:54:15.661676
pay_003283,cust_00685,323.14,INR,UPI,SUCCESS,,1,0.891,2026-08-24 01:08:15.661676
pay_003491,cust_02364,1391.85,INR,UPI,SUCCESS,,1,0.943,2026-08-24 01:20:15.661676
pay_009646,cust_02178,1430.52,INR,NETBANKING,SUCCESS,,1,0.648,2026-08-24 01:36:15.661676
pay_005267,cust_00640,4331.57,INR,UPI,SUCCESS,,1,0.83,2026-08-24 01:39:15.661676
pay_004302,cust_01299,606.38,INR,CARD,SUCCESS,,1,0.672,2026-08-24 01:52:15.661676
pay_005167,cust_00120,1208.51,INR,CARD,SUCCESS,,1,0.91,2026-08-24 02:01:15.661676
pay_009104,cust_02566,5445.33,INR,NETBANKING,SUCCESS,,1,0.957,2026-08-24 02:18:15.661676
pay_008371,cust_02338,1327.67,INR,UPI,SUCCESS,,1,0.617,2026-08-24 02:30:15.661676
pay_005519,cust_01588,670.72,INR,WALLET,SUCCESS,,1,0.654,2026-08-24 02:46:15.661676
pay_003828,cust_01825,2670.57,INR,WALLET,SUCCESS,,1,0.477,2026-08-24 02:51:15.661676
pay_009999,cust_01770,2688.16,INR,CARD,SUCCESS,,1,0.984,2026-08-24 02:58:15.661676
pay_002420,cust_00863,625.67,INR,NETBANKING,SUCCESS,,1,0.988,2026-08-24 03:00:15.661676
pay_001131,cust_02153,2338.08,INR,NETBANKING,SUCCESS,,1,0.754,2026-08-24 03:03:15.661676
pay_009904,cust_00829,1749.01,INR,NETBANKING,SUCCESS,,1,0.947,2026-08-24 03:18:15.661676
pay_005026,cust_00108,673.43,INR,CARD,SUCCESS,,1,0.878,2026-08-24 03:28:15.661676
pay_005408,cust_01716,4537.87,INR,NETBANKING,FAILED,BANK_ERROR,3,0.724,2026-08-24 03:52:15.661676
pay_008311,cust_00298,878.2,INR,UPI,SUCCESS,,1,0.754,2026-08-24 04:31:15.661676
pay_003645,cust_02408,945.01,INR,NETBANKING,SUCCESS,,1,0.466,2026-08-24 04:35:15.661676
pay_003074,cust_02473,6670.74,INR,NETBANKING,SUCCESS,,1,0.904,2026-08-24 04:41:15.661676
pay_008393,cust_02393,6369.76,INR,NETBANKING,SUCCESS,,1,0.853,2026-08-24 04:45:15.661676
pay_001289,cust_00594,747.93,INR,CARD,SUCCESS,,1,0.546,2026-08-24 04:46:15.661676
pay_005820,cust_01999,1462.36,INR,NETBANKING,SUCCESS,,1,0.803,2026-08-24 04:56:15.661676
pay_007108,cust_02885,1604.41,INR,NETBANKING,FAILED,NETWORK_ERROR,2,0.979,2026-08-24 05:10:15.661676
pay_009319,cust_00118,1247.52,INR,WALLET,SUCCESS,,1,0.513,2026-08-24 05:14:15.661676
pay_001028,cust_00855,1990.27,INR,WALLET,FAILED,BANK_ERROR,1,0.645,2026-08-24 05:53:15.661676
pay_008684,cust_00658,3515.61,INR,WALLET,SUCCESS,,1,0.521,2026-08-24 06:11:15.661676
pay_000497,cust_02920,788.56,INR,WALLET,SUCCESS,,1,0.538,2026-08-24 06:55:15.661676
pay_000124,cust_00443,589.05,INR,UPI,SUCCESS,,1,0.816,2026-08-24 06:57:15.661676
pay_007095,cust_00956,3102.95,INR,WALLET,SUCCESS,,1,0.795,2026-08-24 07:21:15.661676
pay_001950,cust_01122,1735.21,INR,CARD,SUCCESS,,1,0.46,2026-08-24 07:24:15.661676
pay_003630,cust_02450,1089.85,INR,WALLET,FAILED,USER_CANCELLED,4,0.795,2026-08-24 07:46:15.661676
pay_007283,cust_02054,8721.39,INR,WALLET,SUCCESS,,1,0.898,2026-08-24 08:03:15.661676
pay_002433,cust_00887,1774.29,INR,UPI,SUCCESS,,1,0.529,2026-08-24 08:23:15.661676
pay_000931,cust_00797,1159.61,INR,WALLET,SUCCESS,,1,0.453,2026-08-24 08:45:15.661676
pay_007772,cust_00129,1535.35,INR,CARD,SUCCESS,,1,0.841,2026-08-24 08:56:15.661676
pay_005170,cust_00518,733.3,INR,UPI,SUCCESS,,1,0.605,2026-08-24 09:01:15.661676
pay_007649,cust_01814,814.21,INR,CARD,SUCCESS,,1,0.746,2026-08-24 09:02:15.661676
pay_000539,cust_02774,4044.18,INR,CARD,FAILED,NETWORK_ERROR,2,0.748,2026-08-24 09:12:15.661676
pay_004735,cust_02861,2281.89,INR,WALLET,SUCCESS,,1,0.904,2026-08-24 09:15:15.661676
pay_005681,cust_00423,844.76,INR,UPI,FAILED,USER_CANCELLED,2,0.945,2026-08-24 09:25:15.661676
pay_002967,cust_00046,2397.07,INR,NETBANKING,SUCCESS,,1,0.69,2026-08-24 09:43:15.661676
pay_006804,cust_00471,6893.23,INR,WALLET,SUCCESS,,1,0.573,2026-08-24 10:36:15.661676
pay_001517,cust_02811,6067.85,INR,CARD,SUCCESS,,1,0.79,2026-08-24 10:50:15.661676
pay_003716,cust_01468,1593.16,INR,WALLET,SUCCESS,,1,0.457,2026-08-24 10:58:15.661676
pay_009615,cust_01773,1261.06,INR,CARD,SUCCESS,,1,0.709,2026-08-24 11:02:15.661676
pay_002860,cust_00082,2111.78,INR,NETBANKING,SUCCESS,,1,0.759,2026-08-24 11:26:15.661676
pay_000618,cust_00615,3231.21,INR,CARD,FAILED,BANK_ERROR,4,0.571,2026-08-24 11:55:15.661676
pay_003940,cust_01610,974.52,INR,WALLET,SUCCESS,,1,0.87,2026-08-24 11:59:15.661676
pay_002274,cust_00933,1858.12,INR,UPI,SUCCESS,,1,0.868,2026-08-24 12:06:15.661676
pay_009776,cust_01089,6437.66,INR,CARD,SUCCESS,,1,0.478,2026-08-24 12:17:15.661676
pay_008530,cust_01949,1265.72,INR,UPI,SUCCESS,,1,0.814,2026-08-24 12:19:15.661676
pay_007109,cust_01369,272.06,INR,CARD,SUCCESS,,1,0.702,2026-08-24 12:25:15.661676
pay_002030,cust_00932,1220.1,INR,WALLET,SUCCESS,,1,0.975,2026-08-24 12:33:15.661676
pay_009292,cust_01701,2366.58,INR,WALLET,SUCCESS,,1,0.815,2026-08-24 12:38:15.661676
pay_008967,cust_01658,1352.01,INR,CARD,SUCCESS,,1,0.805,2026-08-24 13:02:15.661676
pay_003955,cust_00685,1136.24,INR,CARD,SUCCESS,,1,0.649,2026-08-24 13:34:15.661676
pay_008403,cust_00470,2981.72,INR,CARD,SUCCESS,,1,0.7,2026-08-24 13:48:15.661676
pay_009491,cust_01368,2137.69,INR,CARD,SUCCESS,,1,0.559,2026-08-24 13:59:15.661676
pay_001827,cust_01539,755.73,INR,NETBANKING,SUCCESS,,1,0.859,2026-08-24 14:01:15.661676
pay_007025,cust_00362,4491.33,INR,NETBANKING,FAILED,NETWORK_ERROR,2,0.981,2026-08-24 14:19:15.661676
pay_003964,cust_00625,3344.5,INR,WALLET,SUCCESS,,1,0.463,2026-08-24 14:41:15.661676
pay_006059,cust_02161,14967.1,INR,NETBANKING,SUCCESS,,1,0.772,2026-08-24 15:03:15.661676
pay_004281,cust_00286,9648.51,INR,NETBANKING,SUCCESS,,1,0.875,2026-08-24 15:12:15.661676
pay_008452,cust_01621,2599.63,INR,WALLET,SUCCESS,,1,0.98,2026-08-24 15:27:15.661676
pay_004063,cust_01669,844.94,INR,CARD,SUCCESS,,1,0.523,2026-08-24 15:28:15.661676
pay_002006,cust_02711,2144.44,INR,NETBANKING,SUCCESS,,1,0.94,2026-08-24 15:40:15.661676
pay_001243,cust_00610,1135.3,INR,UPI,SUCCESS,,1,0.661,2026-08-24 15:42:15.661676
pay_000409,cust_00828,1990.69,INR,NETBANKING,SUCCESS,,1,0.597,2026-08-24 15:59:15.661676
pay_007922,cust_00502,4614.14,INR,NETBANKING,SUCCESS,,1,0.493,2026-08-24 16:49:15.661676
pay_001036,cust_00648,6368.95,INR,WALLET,SUCCESS,,1,0.62,2026-08-24 17:04:15.661676
pay_001653,cust_00522,2112.25,INR,NETBANKING,SUCCESS,,1,0.573,2026-08-24 17:10:15.661676
pay_002151,cust_01511,1570.76,INR,UPI,SUCCESS,,1,0.478,2026-08-24 18:21:15.661676
pay_005140,cust_02952,1067.17,INR,UPI,SUCCESS,,1,0.765,2026-08-24 18:38:15.661676
pay_000182,cust_01700,910.76,INR,NETBANKING,SUCCESS,,1,0.594,2026-08-24 18:39:15.661676
pay_004333,cust_00696,3306.97,INR,UPI,FAILED,FRAUD_SUSPECTED,1,0.771,2026-08-24 18:40:15.661676
pay_005566,cust_01928,3140.25,INR,CARD,SUCCESS,,1,0.466,2026-08-24 18:47:15.661676
pay_006167,cust_02857,4486.19,INR,CARD,FAILED,FRAUD_SUSPECTED,4,0.613,2026-08-24 19:07:15.661676
pay_005606,cust_01866,2156.99,INR,CARD,SUCCESS,,1,0.604,2026-08-24 19:20:15.661676
pay_000442,cust_02217,1761.36,INR,UPI,FAILED,TIMEOUT,4,0.467,2026-08-24 19:23:15.661676
pay_008281,cust_00202,1403.4,INR,UPI,SUCCESS,,1,0.621,2026-08-24 19:29:15.661676
pay_003286,cust_02853,6019.36,INR,NETBANKING,SUCCESS,,1,0.694,2026-08-24 19:33:15.661676
pay_005321,cust_02916,2161.64,INR,WALLET,SUCCESS,,1,0.763,2026-08-24 19:35:15.661676
pay_000057,cust_02316,923.92,INR,NETBANKING,SUCCESS,,1,0.812,2026-08-24 19:39:15.661676
pay_005502,cust_01482,2769.9,INR,NETBANKING,SUCCESS,,1,0.777,2026-08-24 19:44:15.661676
pay_005712,cust_02804,789.25,INR,UPI,SUCCESS,,1,0.846,2026-08-24 20:09:15.661676
pay_002864,cust_00613,3118.44,INR,UPI,SUCCESS,,1,0.811,2026-08-24 20:22:15.661676
pay_002782,cust_00493,1075.12,INR,NETBANKING,SUCCESS,,1,0.638,2026-08-24 20:22:15.661676
pay_002781,cust_00125,3639.54,INR,UPI,SUCCESS,,1,0.967,2026-08-24 20:56:15.661676
pay_005770,cust_01749,493.39,INR,CARD,SUCCESS,,1,0.943,2026-08-24 21:06:15.661676
pay_001928,cust_01249,1438.27,INR,UPI,SUCCESS,,1,0.784,2026-08-24 21:12:15.661676
pay_006414,cust_00715,2357.07,INR,CARD,SUCCESS,,1,0.506,2026-08-24 21:20:15.661676
pay_001710,cust_02341,829.13,INR,CARD,SUCCESS,,1,0.587,2026-08-24 21:23:15.661676
pay_003374,cust_00974,7675.26,INR,WALLET,SUCCESS,,1,0.685,2026-08-24 21:35:15.661676
pay_005162,cust_02886,343.88,INR,UPI,SUCCESS,,1,0.81,2026-08-24 22:31:15.661676
pay_007880,cust_02191,2488.0,INR,UPI,SUCCESS,,1,0.45,2026-08-24 22:36:15.661676
pay_002068,cust_01558,1623.88,INR,UPI,SUCCESS,,1,0.876,2026-08-24 23:29:15.661676
pay_008554,cust_00483,1819.01,INR,WALLET,SUCCESS,,1,0.775,2026-08-24 23:41:15.661676
pay_006322,cust_01018,1796.95,INR,UPI,SUCCESS,,1,0.65,2026-08-25 00:15:15.661676
pay_002267,cust_00455,435.78,INR,WALLET,FAILED,NETWORK_ERROR,1,0.467,2026-08-25 00:30:15.661676
pay_003899,cust_00208,2549.04,INR,NETBANKING,SUCCESS,,1,0.531,2026-08-25 00:54:15.661676
pay_002844,cust_00642,710.36,INR,WALLET,SUCCESS,,1,0.547,2026-08-25 00:56:15.661676
pay_001434,cust_01915,1134.04,INR,NETBANKING,SUCCESS,,1,0.887,2026-08-25 01:01:15.661676
pay_002295,cust_02219,930.43,INR,NETBANKING,SUCCESS,,1,0.779,2026-08-25 01:09:15.661676
pay_003174,cust_02752,3363.79,INR,NETBANKING,SUCCESS,,1,0.934,2026-08-25 01:37:15.661676
pay_003042,cust_01694,2049.97,INR,NETBANKING,SUCCESS,,1,0.592,2026-08-25 02:00:15.661676
pay_004986,cust_01770,6691.8,INR,CARD,SUCCESS,,1,0.622,2026-08-25 02:03:15.661676
pay_009182,cust_02385,1325.06,INR,WALLET,SUCCESS,,1,0.568,2026-08-25 02:07:15.661676
pay_002784,cust_00636,785.53,INR,NETBANKING,SUCCESS,,1,0.806,2026-08-25 02:27:15.661676
pay_001790,cust_00214,5283.59,INR,CARD,SUCCESS,,1,0.5,2026-08-25 03:27:15.661676
pay_007557,cust_01693,5172.06,INR,NETBANKING,SUCCESS,,1,0.485,2026-08-25 03:27:15.661676
pay_009341,cust_01988,856.05,INR,CARD,SUCCESS,,1,0.656,2026-08-25 04:01:15.661676
pay_007445,cust_02043,435.07,INR,NETBANKING,SUCCESS,,1,0.899,2026-08-25 04:15:15.661676
pay_009393,cust_01347,1518.68,INR,WALLET,SUCCESS,,1,0.618,2026-08-25 04:16:15.661676
pay_004623,cust_01228,889.03,INR,CARD,SUCCESS,,1,0.504,2026-08-25 04:22:15.661676
pay_009035,cust_02058,1766.08,INR,CARD,SUCCESS,,1,0.457,2026-08-25 04:38:15.661676
pay_000064,cust_02718,694.39,INR,UPI,FAILED,NETWORK_ERROR,1,0.851,2026-08-25 04:53:15.661676
pay_007406,cust_02479,6853.28,INR,NETBANKING,SUCCESS,,1,0.632,2026-08-25 04:57:15.661676
pay_007616,cust_00871,762.04,INR,CARD,SUCCESS,,1,0.617,2026-08-25 05:04:15.661676
pay_004884,cust_02176,2644.65,INR,NETBANKING,SUCCESS,,1,0.543,2026-08-25 05:08:15.661676
pay_005594,cust_01520,2455.59,INR,UPI,FAILED,INSUFFICIENT_FUNDS,4,0.937,2026-08-25 05:11:15.661676
pay_005865,cust_01145,1148.99,INR,WALLET,SUCCESS,,1,0.656,2026-08-25 05:15:15.661676
pay_000081,cust_02197,1516.65,INR,NETBANKING,SUCCESS,,1,0.924,2026-08-25 05:33:15.661676
pay_005726,cust_00784,684.13,INR,WALLET,SUCCESS,,1,0.779,2026-08-25 05:38:15.661676
pay_002321,cust_02093,2569.85,INR,NETBANKING,SUCCESS,,1,0.899,2026-08-25 07:05:15.661676
pay_001258,cust_00868,2528.08,INR,WALLET,SUCCESS,,1,0.922,2026-08-25 07:25:15.661676
pay_003954,cust_00500,2853.8,INR,WALLET,SUCCESS,,1,0.642,2026-08-25 07:32:15.661676
pay_007073,cust_01725,603.25,INR,WALLET,SUCCESS,,1,0.479,2026-08-25 07:36:15.661676
pay_008233,cust_01692,352.23,INR,UPI,SUCCESS,,1,0.761,2026-08-25 08:02:15.661676
pay_005534,cust_00389,2139.65,INR,UPI,FAILED,BANK_ERROR,1,0.716,2026-08-25 08:17:15.661676
pay_002653,cust_00859,2720.67,INR,UPI,SUCCESS,,1,0.777,2026-08-25 08:44:15.661676
pay_004018,cust_02611,3155.6,INR,CARD,SUCCESS,,1,0.759,2026-08-25 08:46:15.661676
pay_009634,cust_01888,1039.35,INR,NETBANKING,SUCCESS,,1,0.655,2026-08-25 09:03:15.661676
pay_001829,cust_01292,1670.92,INR,CARD,SUCCESS,,1,0.665,2026-08-25 09:23:15.661676
pay_001697,cust_01526,812.19,INR,CARD,SUCCESS,,1,0.881,2026-08-25 09:45:15.661676
pay_006927,cust_02866,1838.81,INR,UPI,SUCCESS,,1,0.548,2026-08-25 10:22:15.661676
pay_000125,cust_01538,2891.37,INR,WALLET,SUCCESS,,1,0.491,2026-08-25 10:26:15.661676
pay_005659,cust_00821,5446.75,INR,CARD,SUCCESS,,1,0.981,2026-08-25 10:28:15.661676
pay_007028,cust_01144,733.77,INR,UPI,SUCCESS,,1,0.655,2026-08-25 10:36:15.661676
pay_001622,cust_01057,572.14,INR,WALLET,SUCCESS,,1,0.515,2026-08-25 10:40:15.661676
pay_000458,cust_00193,789.82,INR,NETBANKING,SUCCESS,,1,0.656,2026-08-25 10:41:15.661676
pay_002836,cust_01446,1422.44,INR,CARD,SUCCESS,,1,0.927,2026-08-25 11:20:15.661676
pay_006992,cust_00809,3904.47,INR,UPI,SUCCESS,,1,0.649,2026-08-25 11:24:15.661676
pay_001977,cust_02620,4443.91,INR,CARD,FAILED,TIMEOUT,3,0.922,2026-08-25 11:41:15.661676
pay_004315,cust_02551,1303.17,INR,UPI,FAILED,BANK_ERROR,4,0.973,2026-08-25 11:46:15.661676
pay_000651,cust_00502,7936.0,INR,UPI,SUCCESS,,1,0.541,2026-08-25 12:12:15.661676
pay_008987,cust_02608,1050.83,INR,CARD,SUCCESS,,1,0.727,2026-08-25 12:14:15.661676
pay_006581,cust_01506,1436.08,INR,UPI,SUCCESS,,1,0.902,2026-08-25 12:15:15.661676
pay_005693,cust_00882,2357.41,INR,CARD,SUCCESS,,1,0.767,2026-08-25 12:36:15.661676
pay_007304,cust_01145,2371.3,INR,UPI,FAILED,TIMEOUT,3,0.748,2026-08-25 12:55:15.661676
pay_007594,cust_02130,1666.38,INR,WALLET,FAILED,TIMEOUT,3,0.975,2026-08-25 13:00:15.661676
pay_000162,cust_02867,3393.67,INR,WALLET,SUCCESS,,1,0.742,2026-08-25 13:04:15.661676
pay_008558,cust_00878,10083.32,INR,NETBANKING,SUCCESS,,1,0.682,2026-08-25 13:30:15.661676
pay_003856,cust_01630,1601.92,INR,WALLET,FAILED,USER_CANCELLED,1,0.49,2026-08-25 13:34:15.661676
pay_001954,cust_01490,1071.68,INR,NETBANKING,SUCCESS,,1,0.676,2026-08-25 13:46:15.661676
pay_001552,cust_00414,1536.19,INR,WALLET,FAILED,NETWORK_ERROR,2,0.751,2026-08-25 13:54:15.661676
pay_005247,cust_01146,1118.95,INR,NETBANKING,SUCCESS,,1,0.97,2026-08-25 13:55:15.661676
pay_004506,cust_00277,2449.22,INR,CARD,SUCCESS,,1,0.842,2026-08-25 13:57:15.661676
pay_009081,cust_01772,1659.21,INR,NETBANKING,SUCCESS,,1,0.748,2026-08-25 14:05:15.661676
pay_006752,cust_01591,979.4,INR,NETBANKING,SUCCESS,,1,0.622,2026-08-25 14:12:15.661676
pay_002040,cust_01289,439.11,INR,UPI,SUCCESS,,1,0.979,2026-08-25 14:53:15.661676
pay_004522,cust_00722,4270.42,INR,CARD,SUCCESS,,1,0.71,2026-08-25 15:17:15.661676
pay_001569,cust_02795,517.99,INR,NETBANKING,SUCCESS,,1,0.529,2026-08-25 15:23:15.661676
pay_009881,cust_02033,1875.76,INR,WALLET,SUCCESS,,1,0.644,2026-08-25 15:33:15.661676
pay_006070,cust_01080,1214.53,INR,UPI,SUCCESS,,1,0.735,2026-08-25 15:34:15.661676
pay_003376,cust_00074,796.94,INR,UPI,SUCCESS,,1,0.985,2026-08-25 15:38:15.661676
pay_007134,cust_01074,1957.55,INR,WALLET,FAILED,INSUFFICIENT_FUNDS,2,0.652,2026-08-25 15:41:15.661676
pay_002785,cust_01593,1224.44,INR,WALLET,SUCCESS,,1,0.749,2026-08-25 15:59:15.661676
pay_001079,cust_01586,6006.56,INR,UPI,SUCCESS,,1,0.601,2026-08-25 16:15:15.661676
pay_001810,cust_02480,3699.79,INR,WALLET,SUCCESS,,1,0.587,2026-08-25 16:32:15.661676
pay_004059,cust_00324,3903.35,INR,CARD,SUCCESS,,1,0.831,2026-08-25 16:48:15.661676
pay_002916,cust_01009,7933.8,INR,CARD,SUCCESS,,1,0.576,2026-08-25 17:13:15.661676
pay_009609,cust_02471,577.48,INR,UPI,SUCCESS,,1,0.914,2026-08-25 17:32:15.661676
pay_001897,cust_01869,1469.92,INR,UPI,SUCCESS,,1,0.68,2026-08-25 17:35:15.661676
pay_001472,cust_01612,1110.06,INR,WALLET,SUCCESS,,1,0.758,2026-08-25 17:37:15.661676
pay_002346,cust_02409,4349.09,INR,NETBANKING,SUCCESS,,1,0.575,2026-08-25 17:38:15.661676
pay_001917,cust_02990,962.73,INR,CARD,SUCCESS,,1,0.761,2026-08-25 17:51:15.661676
pay_008109,cust_00917,4382.7,INR,CARD,FAILED,FRAUD_SUSPECTED,1,0.702,2026-08-25 18:15:15.661676
pay_000070,cust_00459,1079.12,INR,UPI,FAILED,TIMEOUT,1,0.901,2026-08-25 18:15:15.661676
pay_005401,cust_00980,699.1,INR,WALLET,SUCCESS,,1,0.793,2026-08-25 18:34:15.661676
pay_005635,cust_00601,966.73,INR,UPI,SUCCESS,,1,0.678,2026-08-25 18:55:15.661676
pay_004257,cust_02130,926.26,INR,CARD,SUCCESS,,1,0.51,2026-08-25 19:07:15.661676
pay_002551,cust_00330,508.37,INR,WALLET,SUCCESS,,1,0.779,2026-08-25 19:13:15.661676
pay_009423,cust_01113,2284.12,INR,CARD,SUCCESS,,1,0.786,2026-08-25 19:26:15.661676
pay_001721,cust_01420,2725.71,INR,WALLET,SUCCESS,,1,0.763,2026-08-25 19:55:15.661676
pay_007403,cust_02556,1655.91,INR,WALLET,SUCCESS,,1,0.699,2026-08-25 20:30:15.661676
pay_006038,cust_02653,465.92,INR,NETBANKING,SUCCESS,,1,0.615,2026-08-25 20:59:15.661676
pay_004221,cust_02697,266.78,INR,CARD,SUCCESS,,1,0.919,2026-08-25 21:26:15.661676
pay_008527,cust_00957,1395.31,INR,UPI,SUCCESS,,1,0.918,2026-08-25 21:33:15.661676
pay_003202,cust_02650,2541.11,INR,CARD,SUCCESS,,1,0.504,2026-08-25 21:35:15.661676
pay_005809,cust_01995,15715.8,INR,WALLET,FAILED,NETWORK_ERROR,1,0.637,2026-08-25 21:39:15.661676
pay_006484,cust_02760,1385.67,INR,UPI,SUCCESS,,1,0.892,2026-08-25 21:44:15.661676
pay_002794,cust_00171,861.47,INR,CARD,SUCCESS,,1,0.932,2026-08-25 22:02:15.661676
pay_000745,cust_01060,2735.66,INR,CARD,SUCCESS,,1,0.631,2026-08-25 22:21:15.661676
pay_000986,cust_02818,715.73,INR,WALLET,SUCCESS,,1,0.612,2026-08-25 22:25:15.661676
pay_003938,cust_02604,622.52,INR,NETBANKING,SUCCESS,,1,0.972,2026-08-25 22:29:15.661676
pay_005274,cust_01561,3162.56,INR,UPI,SUCCESS,,1,0.54,2026-08-25 22:30:15.661676
pay_008965,cust_00103,3082.98,INR,NETBANKING,SUCCESS,,1,0.461,2026-08-25 22:31:15.661676
pay_000933,cust_01206,567.7,INR,NETBANKING,SUCCESS,,1,0.727,2026-08-25 22:33:15.661676
pay_009783,cust_02044,744.12,INR,CARD,SUCCESS,,1,0.566,2026-08-25 22:37:15.661676
pay_000178,cust_00465,5783.86,INR,WALLET,SUCCESS,,1,0.899,2026-08-25 22:39:15.661676
pay_009666,cust_02778,5011.14,INR,CARD,SUCCESS,,1,0.921,2026-08-25 22:45:15.661676
pay_005963,cust_01219,1859.22,INR,NETBANKING,SUCCESS,,1,0.665,2026-08-25 22:46:15.661676
pay_003685,cust_01616,2929.17,INR,WALLET,SUCCESS,,1,0.678,2026-08-25 22:55:15.661676
pay_004073,cust_02198,528.44,INR,NETBANKING,SUCCESS,,1,0.537,2026-08-25 23:03:15.661676
pay_000897,cust_02982,1581.78,INR,NETBANKING,SUCCESS,,1,0.693,2026-08-25 23:04:15.661676
pay_009041,cust_02191,2150.28,INR,CARD,SUCCESS,,1,0.899,2026-08-25 23:30:15.661676
pay_004428,cust_01550,920.15,INR,CARD,SUCCESS,,1,0.497,2026-08-25 23:33:15.661676
pay_003122,cust_00211,1107.95,INR,CARD,SUCCESS,,1,0.796,2026-08-26 00:06:15.661676
pay_007366,cust_02176,3332.14,INR,NETBANKING,SUCCESS,,1,0.533,2026-08-26 00:07:15.661676
pay_009958,cust_00658,790.23,INR,NETBANKING,SUCCESS,,1,0.668,2026-08-26 00:34:15.661676
pay_007933,cust_01697,1572.28,INR,WALLET,SUCCESS,,1,0.646,2026-08-26 00:45:15.661676
pay_006218,cust_00657,694.14,INR,NETBANKING,SUCCESS,,1,0.844,2026-08-26 00:52:15.661676
pay_006944,cust_02059,3898.1,INR,NETBANKING,SUCCESS,,1,0.594,2026-08-26 01:03:15.661676
pay_009479,cust_01191,1991.23,INR,UPI,SUCCESS,,1,0.736,2026-08-26 01:44:15.661676
pay_003149,cust_00666,1654.85,INR,WALLET,FAILED,BANK_ERROR,3,0.95,2026-08-26 01:46:15.661676
pay_005851,cust_01404,2196.25,INR,CARD,FAILED,INSUFFICIENT_FUNDS,4,0.887,2026-08-26 01:58:15.661676
pay_002819,cust_02330,2477.58,INR,UPI,SUCCESS,,1,0.914,2026-08-26 01:59:15.661676
pay_000602,cust_00164,864.6,INR,UPI,SUCCESS,,1,0.724,2026-08-26 02:11:15.661676
pay_000677,cust_02986,743.63,INR,UPI,SUCCESS,,1,0.759,2026-08-26 02:25:15.661676
pay_002364,cust_02287,4403.48,INR,UPI,SUCCESS,,1,0.454,2026-08-26 03:17:15.661676
pay_006062,cust_00050,3222.64,INR,WALLET,SUCCESS,,1,0.714,2026-08-26 03:25:15.661676
pay_001624,cust_02084,1059.43,INR,WALLET,SUCCESS,,1,0.483,2026-08-26 03:40:15.661676
pay_008643,cust_01125,4512.87,INR,WALLET,SUCCESS,,1,0.913,2026-08-26 03:46:15.661676
pay_008298,cust_01105,2445.02,INR,NETBANKING,SUCCESS,,1,0.693,2026-08-26 03:55:15.661676
pay_000120,cust_00165,3299.57,INR,UPI,SUCCESS,,1,0.903,2026-08-26 04:13:15.661676
pay_002902,cust_01580,1287.7,INR,WALLET,SUCCESS,,1,0.525,2026-08-26 04:16:15.661676
pay_004613,cust_00384,5730.49,INR,UPI,SUCCESS,,1,0.656,2026-08-26 04:16:15.661676
pay_006143,cust_01821,1784.24,INR,WALLET,FAILED,USER_CANCELLED,4,0.619,2026-08-26 04:23:15.661676
pay_004131,cust_00622,1488.54,INR,UPI,SUCCESS,,1,0.872,2026-08-26 04:32:15.661676
pay_005449,cust_02534,2335.48,INR,NETBANKING,SUCCESS,,1,0.852,2026-08-26 04:40:15.661676
pay_001302,cust_00051,3998.34,INR,WALLET,SUCCESS,,1,0.644,2026-08-26 04:55:15.661676
pay_000101,cust_02290,582.72,INR,NETBANKING,SUCCESS,,1,0.689,2026-08-26 05:09:15.661676
pay_000757,cust_02993,2682.9,INR,NETBANKING,SUCCESS,,1,0.624,2026-08-26 05:13:15.661676
pay_005313,cust_00917,949.49,INR,CARD,SUCCESS,,1,0.707,2026-08-26 05:21:15.661676
pay_005248,cust_01020,519.55,INR,WALLET,SUCCESS,,1,0.813,2026-08-26 05:28:15.661676
pay_000574,cust_01512,1517.35,INR,WALLET,SUCCESS,,1,0.764,2026-08-26 05:37:15.661676
pay_000801,cust_02751,3830.03,INR,WALLET,SUCCESS,,1,0.896,2026-08-26 05:50:15.661676
pay_001871,cust_00605,746.53,INR,WALLET,FAILED,LIMIT_EXCEEDED,2,0.95,2026-08-26 05:56:15.661676
pay_001232,cust_02690,604.35,INR,CARD,SUCCESS,,1,0.516,2026-08-26 06:08:15.661676
pay_005846,cust_01809,1168.94,INR,UPI,SUCCESS,,1,0.731,2026-08-26 06:35:15.661676
pay_005745,cust_02295,439.11,INR,CARD,SUCCESS,,1,0.607,2026-08-26 06:41:15.661676
pay_005807,cust_02309,286.18,INR,CARD,SUCCESS,,1,0.451,2026-08-26 06:42:15.661676
pay_009018,cust_00401,1004.46,INR,WALLET,SUCCESS,,1,0.569,2026-08-26 06:45:15.661676
pay_002367,cust_02601,1177.75,INR,UPI,SUCCESS,,1,0.841,2026-08-26 06:53:15.661676
pay_001832,cust_00504,2178.89,INR,NETBANKING,SUCCESS,,1,0.89,2026-08-26 07:23:15.661676
pay_004897,cust_01842,468.34,INR,WALLET,SUCCESS,,1,0.72,2026-08-26 07:26:15.661676
pay_007615,cust_02688,6027.27,INR,UPI,SUCCESS,,1,0.919,2026-08-26 07:43:15.661676
pay_009007,cust_01697,1537.5,INR,WALLET,FAILED,CARD_EXPIRED,4,0.843,2026-08-26 07:50:15.661676
pay_004569,cust_02506,5777.31,INR,CARD,SUCCESS,,1,0.527,2026-08-26 08:05:15.661676
pay_004699,cust_02374,2000.3,INR,NETBANKING,SUCCESS,,1,0.796,2026-08-26 08:09:15.661676
pay_002600,cust_02107,1219.84,INR,NETBANKING,SUCCESS,,1,0.593,2026-08-26 08:12:15.661676
pay_002485,cust_01232,1164.86,INR,CARD,FAILED,FRAUD_SUSPECTED,2,0.808,2026-08-26 08:20:15.661676
pay_003001,cust_02220,392.98,INR,UPI,SUCCESS,,1,0.463,2026-08-26 08:27:15.661676
pay_003167,cust_01854,1323.53,INR,NETBANKING,SUCCESS,,1,0.609,2026-08-26 08:47:15.661676
pay_008169,cust_01699,989.73,INR,CARD,SUCCESS,,1,0.822,2026-08-26 09:09:15.661676
pay_003195,cust_00167,529.52,INR,CARD,SUCCESS,,1,0.579,2026-08-26 09:27:15.661676
pay_002587,cust_01633,629.3,INR,UPI,SUCCESS,,1,0.486,2026-08-26 09:30:15.661676
pay_000644,cust_00713,543.2,INR,UPI,SUCCESS,,1,0.694,2026-08-26 09:39:15.661676
pay_001619,cust_00632,1285.51,INR,NETBANKING,SUCCESS,,1,0.541,2026-08-26 09:48:15.661676
pay_009201,cust_01450,6845.55,INR,WALLET,SUCCESS,,1,0.889,2026-08-26 09:55:15.661676
pay_005593,cust_02763,989.21,INR,CARD,SUCCESS,,1,0.563,2026-08-26 10:02:15.661676
pay_006067,cust_01640,926.53,INR,WALLET,FAILED,FRAUD_SUSPECTED,3,0.506,2026-08-26 10:05:15.661676
pay_008568,cust_01352,2757.24,INR,CARD,SUCCESS,,1,0.796,2026-08-26 10:08:15.661676
pay_001924,cust_02105,2189.43,INR,NETBANKING,SUCCESS,,1,0.718,2026-08-26 10:29:15.661676
pay_001407,cust_02215,579.72,INR,UPI,SUCCESS,,1,0.985,2026-08-26 10:42:15.661676
pay_007014,cust_01218,3247.58,INR,NETBANKING,FAILED,INSUFFICIENT_FUNDS,4,0.867,2026-08-26 10:44:15.661676
pay_001914,cust_01175,2699.11,INR,NETBANKING,SUCCESS,,1,0.959,2026-08-26 10:47:15.661676
pay_007955,cust_02963,5332.8,INR,CARD,FAILED,BANK_ERROR,4,0.463,2026-08-26 10:54:15.661676
pay_006531,cust_01020,2873.09,INR,NETBANKING,SUCCESS,,1,0.77,2026-08-26 10:56:15.661676
pay_004421,cust_02863,5408.68,INR,WALLET,SUCCESS,,1,0.52,2026-08-26 10:58:15.661676
pay_000343,cust_02783,2199.47,INR,CARD,SUCCESS,,1,0.908,2026-08-26 11:10:15.661676
pay_002046,cust_02564,4432.97,INR,UPI,SUCCESS,,1,0.928,2026-08-26 11:13:15.661676
pay_008208,cust_00709,519.28,INR,CARD,SUCCESS,,1,0.969,2026-08-26 11:18:15.661676
pay_008058,cust_02945,1435.8,INR,WALLET,FAILED,CARD_EXPIRED,4,0.623,2026-08-26 11:22:15.661676
pay_000523,cust_02254,1064.12,INR,UPI,SUCCESS,,1,0.959,2026-08-26 11:38:15.661676
pay_000610,cust_00672,5983.95,INR,WALLET,SUCCESS,,1,0.729,2026-08-26 11:39:15.661676
pay_004384,cust_00397,2118.22,INR,CARD,SUCCESS,,1,0.952,2026-08-26 11:49:15.661676
pay_003460,cust_02240,708.16,INR,UPI,SUCCESS,,1,0.932,2026-08-26 11:49:15.661676
pay_002308,cust_01133,1561.56,INR,NETBANKING,SUCCESS,,1,0.547,2026-08-26 12:16:15.661676
pay_000324,cust_01478,9642.25,INR,UPI,SUCCESS,,1,0.724,2026-08-26 12:30:15.661676
pay_006358,cust_02049,525.34,INR,WALLET,FAILED,INSUFFICIENT_FUNDS,2,0.665,2026-08-26 12:42:15.661676
pay_008111,cust_02128,836.55,INR,UPI,SUCCESS,,1,0.571,2026-08-26 12:52:15.661676
pay_003299,cust_02435,718.61,INR,CARD,SUCCESS,,1,0.543,2026-08-26 12:58:15.661676
pay_002206,cust_02057,2638.39,INR,CARD,SUCCESS,,1,0.596,2026-08-26 13:07:15.661676
pay_007388,cust_00794,2324.99,INR,NETBANKING,FAILED,INSUFFICIENT_FUNDS,4,0.974,2026-08-26 13:17:15.661676
pay_004985,cust_01734,2840.89,INR,WALLET,SUCCESS,,1,0.462,2026-08-26 13:19:15.661676
pay_006458,cust_00711,4010.93,INR,CARD,SUCCESS,,1,0.914,2026-08-26 13:53:15.661676
pay_003915,cust_01611,545.0,INR,WALLET,SUCCESS,,1,0.931,2026-08-26 13:54:15.661676
pay_000194,cust_02763,667.41,INR,WALLET,SUCCESS,,1,0.838,2026-08-26 14:06:15.661676
pay_007254,cust_01312,3918.43,INR,CARD,SUCCESS,,1,0.488,2026-08-26 14:17:15.661676
pay_008737,cust_01815,2133.91,INR,CARD,FAILED,USER_CANCELLED,4,0.481,2026-08-26 14:40:15.661676
pay_009345,cust_01866,1853.54,INR,WALLET,SUCCESS,,1,0.713,2026-08-26 14:40:15.661676
pay_006206,cust_02922,6410.51,INR,NETBANKING,SUCCESS,,1,0.577,2026-08-26 14:58:15.661676
pay_005719,cust_02533,2820.74,INR,WALLET,SUCCESS,,1,0.736,2026-08-26 15:07:15.661676
pay_006255,cust_01111,1327.35,INR,UPI,SUCCESS,,1,0.835,2026-08-26 15:13:15.661676
pay_008578,cust_02363,820.94,INR,NETBANKING,SUCCESS,,1,0.869,2026-08-26 15:17:15.661676
pay_004209,cust_01124,910.98,INR,NETBANKING,SUCCESS,,1,0.937,2026-08-26 15:19:15.661676
pay_009150,cust_00112,2523.74,INR,UPI,SUCCESS,,1,0.551,2026-08-26 15:22:15.661676
pay_002758,cust_01452,985.72,INR,UPI,SUCCESS,,1,0.758,2026-08-26 15:24:15.661676
pay_008082,cust_02733,4494.1,INR,CARD,SUCCESS,,1,0.941,2026-08-26 15:26:15.661676
pay_006293,cust_00858,2709.3,INR,NETBANKING,SUCCESS,,1,0.834,2026-08-26 15:34:15.661676
pay_008438,cust_02840,2113.21,INR,NETBANKING,SUCCESS,,1,0.51,2026-08-26 16:04:15.661676
pay_001739,cust_00282,3867.05,INR,WALLET,FAILED,BANK_ERROR,2,0.617,2026-08-26 16:12:15.661676
pay_001611,cust_00349,1431.6,INR,CARD,SUCCESS,,1,0.762,2026-08-26 16:21:15.661676
pay_005062,cust_00744,4177.76,INR,WALLET,FAILED,USER_CANCELLED,2,0.581,2026-08-26 16:46:15.661676
pay_002439,cust_02480,1274.86,INR,CARD,SUCCESS,,1,0.792,2026-08-26 16:46:15.661676
pay_004410,cust_01332,3644.36,INR,CARD,SUCCESS,,1,0.931,2026-08-26 17:34:15.661676
pay_009353,cust_02341,807.74,INR,NETBANKING,SUCCESS,,1,0.815,2026-08-26 18:05:15.661676
pay_006396,cust_00239,3454.43,INR,CARD,SUCCESS,,1,0.632,2026-08-26 18:11:15.661676
pay_006333,cust_00098,1268.24,INR,UPI,SUCCESS,,1,0.508,2026-08-26 18:35:15.661676
pay_006317,cust_02446,11611.59,INR,UPI,SUCCESS,,1,0.708,2026-08-26 19:23:15.661676
pay_004736,cust_02968,3890.42,INR,UPI,SUCCESS,,1,0.85,2026-08-26 19:27:15.661676
pay_005924,cust_02079,1930.61,INR,NETBANKING,SUCCESS,,1,0.735,2026-08-26 19:34:15.661676
pay_003539,cust_00890,1738.5,INR,CARD,SUCCESS,,1,0.466,2026-08-26 19:41:15.661676
pay_000828,cust_01588,1190.0,INR,WALLET,SUCCESS,,1,0.82,2026-08-26 19:42:15.661676
pay_008750,cust_00127,1410.48,INR,UPI,SUCCESS,,1,0.478,2026-08-26 20:02:15.661676
pay_006231,cust_00080,2282.35,INR,UPI,SUCCESS,,1,0.494,2026-08-26 20:21:15.661676
pay_005111,cust_02691,1230.88,INR,CARD,SUCCESS,,1,0.738,2026-08-26 20:21:15.661676
pay_002628,cust_02865,3159.99,INR,NETBANKING,SUCCESS,,1,0.939,2026-08-26 20:48:15.661676
pay_009053,cust_02051,1708.34,INR,WALLET,SUCCESS,,1,0.796,2026-08-26 20:50:15.661676
pay_006300,cust_01909,1131.58,INR,WALLET,SUCCESS,,1,0.925,2026-08-26 21:01:15.661676
pay_000859,cust_02988,1162.38,INR,NETBANKING,FAILED,CARD_EXPIRED,2,0.517,2026-08-26 21:13:15.661676
pay_004557,cust_00710,808.77,INR,UPI,SUCCESS,,1,0.643,2026-08-26 21:14:15.661676
pay_002928,cust_00820,2146.88,INR,CARD,FAILED,CARD_EXPIRED,3,0.846,2026-08-26 21:57:15.661676
pay_002050,cust_02501,2047.04,INR,UPI,SUCCESS,,1,0.789,2026-08-26 22:35:15.661676
pay_001476,cust_00612,3037.0,INR,UPI,SUCCESS,,1,0.962,2026-08-26 22:37:15.661676
pay_001608,cust_02216,6632.54,INR,UPI,SUCCESS,,1,0.689,2026-08-26 22:43:15.661676
pay_006532,cust_01761,2612.42,INR,UPI,SUCCESS,,1,0.588,2026-08-26 22:52:15.661676
pay_001319,cust_00733,1110.31,INR,NETBANKING,FAILED,BANK_ERROR,3,0.51,2026-08-26 23:06:15.661676
pay_000540,cust_01356,1139.66,INR,WALLET,SUCCESS,,1,0.881,2026-08-26 23:33:15.661676
pay_003514,cust_00951,446.7,INR,UPI,SUCCESS,,1,0.797,2026-08-26 23:33:15.661676
pay_004275,cust_00043,358.73,INR,CARD,SUCCESS,,1,0.518,2026-08-26 23:41:15.661676
pay_005253,cust_01290,1244.63,INR,UPI,SUCCESS,,1,0.52,2026-08-26 23:48:15.661676
pay_000869,cust_01493,3062.04,INR,NETBANKING,SUCCESS,,1,0.453,2026-08-26 23:59:15.661676
pay_007031,cust_02128,607.11,INR,UPI,FAILED,LIMIT_EXCEEDED,2,0.903,2026-08-27 00:09:15.661676
pay_006046,cust_00945,1295.76,INR,CARD,SUCCESS,,1,0.801,2026-08-27 00:16:15.661676
pay_008584,cust_01447,2992.28,INR,WALLET,SUCCESS,,1,0.709,2026-08-27 00:16:15.661676
pay_000842,cust_02631,3102.17,INR,CARD,SUCCESS,,1,0.928,2026-08-27 00:30:15.661676
pay_001638,cust_00863,2537.36,INR,WALLET,SUCCESS,,1,0.459,2026-08-27 00:43:15.661676
pay_002698,cust_01141,632.84,INR,UPI,FAILED,INSUFFICIENT_FUNDS,4,0.937,2026-08-27 00:51:15.661676
pay_007905,cust_00448,4403.29,INR,CARD,SUCCESS,,1,0.609,2026-08-27 00:51:15.661676
pay_004016,cust_00116,1137.63,INR,WALLET,SUCCESS,,1,0.761,2026-08-27 01:02:15.661676
pay_002115,cust_00302,3270.37,INR,WALLET,SUCCESS,,1,0.564,2026-08-27 01:12:15.661676
pay_007876,cust_02312,1361.9,INR,NETBANKING,FAILED,CARD_EXPIRED,2,0.657,2026-08-27 01:19:15.661676
pay_000489,cust_00324,6972.39,INR,NETBANKING,SUCCESS,,1,0.755,2026-08-27 01:23:15.661676
pay_002736,cust_01481,1182.31,INR,CARD,SUCCESS,,1,0.459,2026-08-27 01:24:15.661676
pay_003250,cust_00894,408.99,INR,NETBANKING,SUCCESS,,1,0.452,2026-08-27 01:36:15.661676
pay_006066,cust_02968,1453.39,INR,UPI,SUCCESS,,1,0.477,2026-08-27 01:40:15.661676
pay_005382,cust_02282,1101.23,INR,NETBANKING,SUCCESS,,1,0.463,2026-08-27 02:01:15.661676
pay_006265,cust_01508,1118.44,INR,NETBANKING,SUCCESS,,1,0.609,2026-08-27 02:05:15.661676
pay_006617,cust_02005,4322.67,INR,CARD,SUCCESS,,1,0.866,2026-08-27 02:05:15.661676
pay_006611,cust_02150,3119.4,INR,WALLET,SUCCESS,,1,0.931,2026-08-27 02:27:15.661676
pay_003499,cust_00188,1561.62,INR,UPI,SUCCESS,,1,0.964,2026-08-27 02:28:15.661676
pay_007306,cust_01120,158.27,INR,CARD,SUCCESS,,1,0.866,2026-08-27 02:45:15.661676
pay_006930,cust_02451,765.3,INR,NETBANKING,SUCCESS,,1,0.828,2026-08-27 02:49:15.661676
pay_006347,cust_02842,1279.42,INR,UPI,SUCCESS,,1,0.988,2026-08-27 02:53:15.661676
pay_003403,cust_00013,2114.1,INR,NETBANKING,SUCCESS,,1,0.808,2026-08-27 02:57:15.661676
pay_006806,cust_02676,1633.98,INR,UPI,SUCCESS,,1,0.818,2026-08-27 03:10:15.661676
pay_000858,cust_02236,2636.3,INR,NETBANKING,SUCCESS,,1,0.611,2026-08-27 03:12:15.661676
pay_008810,cust_02111,3340.4,INR,NETBANKING,FAILED,NETWORK_ERROR,2,0.966,2026-08-27 03:14:15.661676
pay_005724,cust_00125,1115.36,INR,UPI,SUCCESS,,1,0.7,2026-08-27 03:16:15.661676
pay_003745,cust_02199,815.57,INR,WALLET,SUCCESS,,1,0.807,2026-08-27 03:40:15.661676
pay_003364,cust_02442,611.33,INR,UPI,SUCCESS,,1,0.674,2026-08-27 03:43:15.661676
pay_009897,cust_02829,1268.08,INR,CARD,SUCCESS,,1,0.802,2026-08-27 04:32:15.661676
pay_005998,cust_02381,682.71,INR,WALLET,SUCCESS,,1,0.467,2026-08-27 05:07:15.661676
pay_004272,cust_02957,1189.17,INR,WALLET,SUCCESS,,1,0.865,2026-08-27 05:30:15.661676
pay_000630,cust_01720,4338.8,INR,WALLET,SUCCESS,,1,0.988,2026-08-27 05:30:15.661676
pay_008954,cust_01552,1167.8,INR,NETBANKING,SUCCESS,,1,0.53,2026-08-27 05:40:15.661676
pay_001630,cust_01005,3576.78,INR,WALLET,FAILED,INSUFFICIENT_FUNDS,1,0.889,2026-08-27 05:52:15.661676
pay_005512,cust_01183,3238.34,INR,WALLET,SUCCESS,,1,0.61,2026-08-27 06:00:15.661676
pay_008142,cust_02600,1004.93,INR,CARD,SUCCESS,,1,0.577,2026-08-27 06:02:15.661676
pay_008599,cust_02424,769.07,INR,CARD,SUCCESS,,1,0.713,2026-08-27 06:15:15.661676
pay_006745,cust_01446,811.55,INR,CARD,SUCCESS,,1,0.754,2026-08-27 06:40:15.661676
pay_004312,cust_01816,447.39,INR,NETBANKING,SUCCESS,,1,0.845,2026-08-27 06:51:15.661676
pay_002126,cust_02815,2800.9,INR,NETBANKING,SUCCESS,,1,0.765,2026-08-27 07:00:15.661676
pay_002020,cust_00565,670.88,INR,UPI,SUCCESS,,1,0.527,2026-08-27 07:24:15.661676
pay_003112,cust_02151,1441.57,INR,WALLET,SUCCESS,,1,0.731,2026-08-27 07:31:15.661676
pay_008935,cust_01324,2985.44,INR,CARD,SUCCESS,,1,0.736,2026-08-27 07:51:15.661676
pay_003734,cust_00276,2030.53,INR,WALLET,SUCCESS,,1,0.473,2026-08-27 07:58:15.661676
pay_001613,cust_00493,3664.65,INR,CARD,SUCCESS,,1,0.875,2026-08-27 08:06:15.661676
pay_003465,cust_02565,2080.22,INR,WALLET,SUCCESS,,1,0.943,2026-08-27 08:13:15.661676
pay_006423,cust_00014,5125.96,INR,NETBANKING,SUCCESS,,1,0.548,2026-08-27 08:30:15.661676
pay_004608,cust_01404,2674.19,INR,UPI,SUCCESS,,1,0.682,2026-08-27 09:11:15.661676
pay_002833,cust_01175,6312.65,INR,CARD,FAILED,TIMEOUT,2,0.649,2026-08-27 09:33:15.661676
pay_003520,cust_00591,306.91,INR,WALLET,SUCCESS,,1,0.985,2026-08-27 09:40:15.661676
pay_000593,cust_01573,2652.3,INR,NETBANKING,SUCCESS,,1,0.877,2026-08-27 10:00:15.661676
pay_000930,cust_01426,1715.4,INR,NETBANKING,SUCCESS,,1,0.572,2026-08-27 10:06:15.661676
pay_005444,cust_01949,1172.85,INR,NETBANKING,SUCCESS,,1,0.84,2026-08-27 10:10:15.661676
pay_002074,cust_01756,2117.21,INR,NETBANKING,SUCCESS,,1,0.539,2026-08-27 10:16:15.661676
pay_005858,cust_01305,1194.57,INR,WALLET,SUCCESS,,1,0.79,2026-08-27 11:08:15.661676
pay_004058,cust_02776,2588.69,INR,WALLET,SUCCESS,,1,0.958,2026-08-27 11:18:15.661676
pay_006554,cust_01724,994.3,INR,UPI,SUCCESS,,1,0.618,2026-08-27 11:20:15.661676
pay_001537,cust_02878,2726.79,INR,WALLET,SUCCESS,,1,0.461,2026-08-27 11:21:15.661676
pay_004415,cust_02946,2122.54,INR,CARD,SUCCESS,,1,0.716,2026-08-27 11:44:15.661676
pay_008465,cust_02782,3987.37,INR,CARD,SUCCESS,,1,0.588,2026-08-27 11:48:15.661676
pay_003189,cust_00162,3693.62,INR,WALLET,SUCCESS,,1,0.745,2026-08-27 11:58:15.661676
pay_007993,cust_01137,6708.75,INR,UPI,SUCCESS,,1,0.66,2026-08-27 12:32:15.661676
pay_009296,cust_02819,815.76,INR,NETBANKING,SUCCESS,,1,0.576,2026-08-27 12:50:15.661676
pay_009653,cust_02115,2109.68,INR,UPI,SUCCESS,,1,0.606,2026-08-27 13:00:15.661676
pay_009778,cust_00471,2064.59,INR,UPI,SUCCESS,,1,0.513,2026-08-27 13:00:15.661676
pay_000639,cust_02196,644.21,INR,NETBANKING,SUCCESS,,1,0.694,2026-08-27 13:02:15.661676
pay_000189,cust_00624,918.34,INR,WALLET,SUCCESS,,1,0.721,2026-08-27 13:27:15.661676
pay_005039,cust_02854,6628.33,INR,WALLET,SUCCESS,,1,0.618,2026-08-27 13:54:15.661676
pay_004161,cust_01778,1826.69,INR,NETBANKING,SUCCESS,,1,0.45,2026-08-27 14:07:15.661676
pay_005881,cust_01025,264.29,INR,UPI,SUCCESS,,1,0.833,2026-08-27 14:24:15.661676
pay_007153,cust_01296,896.63,INR,NETBANKING,SUCCESS,,1,0.806,2026-08-27 14:47:15.661676
pay_002195,cust_01548,2104.36,INR,UPI,SUCCESS,,1,0.789,2026-08-27 14:49:15.661676
pay_009274,cust_00238,4132.14,INR,CARD,FAILED,BANK_ERROR,4,0.799,2026-08-27 15:01:15.661676
pay_007602,cust_00834,1203.18,INR,WALLET,SUCCESS,,1,0.973,2026-08-27 15:03:15.661676
pay_000702,cust_02141,4184.77,INR,WALLET,SUCCESS,,1,0.918,2026-08-27 15:12:15.661676
pay_004676,cust_02878,837.05,INR,NETBANKING,FAILED,BANK_ERROR,2,0.7,2026-08-27 15:32:15.661676
pay_005136,cust_02718,1882.17,INR,WALLET,SUCCESS,,1,0.66,2026-08-27 15:36:15.661676
pay_002306,cust_01911,21762.31,INR,UPI,SUCCESS,,1,0.794,2026-08-27 15:46:15.661676
pay_004756,cust_02717,2289.24,INR,CARD,SUCCESS,,1,0.825,2026-08-27 16:01:15.661676
pay_000307,cust_02161,5024.75,INR,WALLET,SUCCESS,,1,0.558,2026-08-27 16:36:15.661676
pay_001123,cust_02345,3013.88,INR,CARD,SUCCESS,,1,0.763,2026-08-27 16:39:15.661676
pay_005497,cust_00409,1631.35,INR,UPI,SUCCESS,,1,0.455,2026-08-27 17:10:15.661676
pay_007221,cust_02451,4382.47,INR,WALLET,FAILED,NETWORK_ERROR,4,0.884,2026-08-27 17:10:15.661676
pay_009773,cust_01764,578.35,INR,WALLET,SUCCESS,,1,0.8,2026-08-27 17:28:15.661676
pay_000378,cust_02071,2093.67,INR,WALLET,SUCCESS,,1,0.765,2026-08-27 17:31:15.661676
pay_002796,cust_00115,917.14,INR,UPI,SUCCESS,,1,0.552,2026-08-27 17:42:15.661676
pay_000531,cust_02643,3013.55,INR,WALLET,SUCCESS,,1,0.971,2026-08-27 17:47:15.661676
pay_005631,cust_01366,999.85,INR,UPI,SUCCESS,,1,0.8,2026-08-27 17:51:15.661676
pay_005764,cust_01133,587.66,INR,UPI,SUCCESS,,1,0.831,2026-08-27 18:08:15.661676
pay_007340,cust_02507,4762.56,INR,NETBANKING,SUCCESS,,1,0.881,2026-08-27 19:16:15.661676
pay_001251,cust_00724,2355.96,INR,UPI,SUCCESS,,1,0.553,2026-08-27 19:19:15.661676
pay_002095,cust_00510,4151.77,INR,NETBANKING,SUCCESS,,1,0.701,2026-08-27 19:33:15.661676
pay_003511,cust_02517,4801.37,INR,UPI,SUCCESS,,1,0.824,2026-08-27 19:35:15.661676
pay_003585,cust_02870,1914.1,INR,NETBANKING,SUCCESS,,1,0.655,2026-08-27 19:41:15.661676
pay_000294,cust_01433,3567.72,INR,NETBANKING,SUCCESS,,1,0.808,2026-08-27 19:43:15.661676
pay_000462,cust_00237,1859.78,INR,WALLET,SUCCESS,,1,0.736,2026-08-27 19:55:15.661676
pay_007102,cust_02022,1632.84,INR,CARD,SUCCESS,,1,0.754,2026-08-27 20:06:15.661676
pay_006176,cust_01057,1464.62,INR,NETBANKING,SUCCESS,,1,0.787,2026-08-27 20:16:15.661676
pay_003132,cust_02320,1754.51,INR,UPI,SUCCESS,,1,0.895,2026-08-27 20:40:15.661676
pay_000229,cust_01131,1020.2,INR,CARD,SUCCESS,,1,0.908,2026-08-27 20:50:15.661676
pay_007082,cust_02871,4889.16,INR,NETBANKING,SUCCESS,,1,0.92,2026-08-27 21:05:15.661676
pay_009369,cust_01321,3944.83,INR,WALLET,FAILED,USER_CANCELLED,4,0.823,2026-08-27 21:17:15.661676
pay_008152,cust_01514,1169.77,INR,WALLET,SUCCESS,,1,0.718,2026-08-27 21:44:15.661676
pay_004830,cust_02907,780.16,INR,WALLET,SUCCESS,,1,0.852,2026-08-27 21:46:15.661676
pay_003923,cust_00363,1370.4,INR,NETBANKING,SUCCESS,,1,0.567,2026-08-27 21:49:15.661676
pay_004783,cust_00175,467.53,INR,WALLET,SUCCESS,,1,0.541,2026-08-27 22:11:15.661676
pay_009408,cust_01017,1285.29,INR,NETBANKING,SUCCESS,,1,0.879,2026-08-27 22:13:15.661676
pay_003914,cust_02283,919.7,INR,NETBANKING,SUCCESS,,1,0.904,2026-08-27 22:13:15.661676
pay_000501,cust_02515,3793.11,INR,WALLET,SUCCESS,,1,0.466,2026-08-27 22:24:15.661676
pay_000048,cust_00208,4212.02,INR,UPI,SUCCESS,,1,0.857,2026-08-27 22:34:15.661676
pay_006283,cust_01058,3774.02,INR,CARD,SUCCESS,,1,0.664,2026-08-27 22:55:15.661676
pay_005008,cust_02599,2671.03,INR,NETBANKING,FAILED,BANK_ERROR,4,0.832,2026-08-27 23:06:15.661676
pay_008675,cust_00227,1374.93,INR,CARD,SUCCESS,,1,0.964,2026-08-27 23:09:15.661676
pay_008474,cust_02048,1123.72,INR,WALLET,SUCCESS,,1,0.764,2026-08-27 23:14:15.661676
pay_002374,cust_01177,2701.13,INR,WALLET,SUCCESS,,1,0.584,2026-08-27 23:22:15.661676
pay_006261,cust_01132,5614.62,INR,UPI,SUCCESS,,1,0.588,2026-08-27 23:23:15.661676
pay_006183,cust_01691,453.35,INR,NETBANKING,SUCCESS,,1,0.676,2026-08-27 23:30:15.661676
pay_004924,cust_00182,5604.64,INR,CARD,SUCCESS,,1,0.942,2026-08-27 23:33:15.661676
pay_002184,cust_02434,5422.32,INR,NETBANKING,SUCCESS,,1,0.451,2026-08-27 23:45:15.661676
pay_000303,cust_02771,3287.34,INR,CARD,SUCCESS,,1,0.604,2026-08-27 23:51:15.661676
pay_008950,cust_01429,2829.52,INR,WALLET,SUCCESS,,1,0.972,2026-08-27 23:54:15.661676
pay_001145,cust_01449,1574.26,INR,UPI,SUCCESS,,1,0.904,2026-08-27 23:55:15.661676
pay_008623,cust_00760,1440.92,INR,UPI,SUCCESS,,1,0.48,2026-08-28 00:10:15.661676
pay_001925,cust_00699,9502.08,INR,NETBANKING,SUCCESS,,1,0.944,2026-08-28 00:10:15.661676
pay_003351,cust_00886,1193.31,INR,CARD,SUCCESS,,1,0.642,2026-08-28 00:10:15.661676
pay_006618,cust_02115,11995.97,INR,NETBANKING,SUCCESS,,1,0.58,2026-08-28 00:54:15.661676
pay_002861,cust_01833,1182.08,INR,UPI,SUCCESS,,1,0.813,2026-08-28 01:24:15.661676
pay_002588,cust_02267,1537.04,INR,UPI,SUCCESS,,1,0.691,2026-08-28 01:43:15.661676
pay_006619,cust_02956,571.93,INR,WALLET,SUCCESS,,1,0.814,2026-08-28 01:49:15.661676
pay_007942,cust_02180,2276.56,INR,UPI,SUCCESS,,1,0.559,2026-08-28 01:58:15.661676
pay_001357,cust_01136,1167.95,INR,WALLET,SUCCESS,,1,0.853,2026-08-28 02:07:15.661676
pay_002483,cust_01230,8901.83,INR,UPI,FAILED,NETWORK_ERROR,1,0.677,2026-08-28 02:26:15.661676
pay_003822,cust_01216,2242.7,INR,CARD,FAILED,USER_CANCELLED,3,0.686,2026-08-28 02:33:15.661676
pay_007128,cust_01451,2980.73,INR,UPI,SUCCESS,,1,0.667,2026-08-28 02:48:15.661676
pay_008069,cust_02317,1858.39,INR,WALLET,SUCCESS,,1,0.716,2026-08-28 02:49:15.661676
pay_000024,cust_02168,578.36,INR,NETBANKING,SUCCESS,,1,0.959,2026-08-28 03:07:15.661676
pay_005208,cust_01454,1206.2,INR,UPI,SUCCESS,,1,0.903,2026-08-28 03:20:15.661676
pay_008682,cust_01386,1962.62,INR,NETBANKING,SUCCESS,,1,0.833,2026-08-28 04:10:15.661676
pay_006270,cust_01916,2684.32,INR,WALLET,SUCCESS,,1,0.922,2026-08-28 04:11:15.661676
pay_006412,cust_01155,1671.29,INR,WALLET,SUCCESS,,1,0.779,2026-08-28 04:34:15.661676
pay_000027,cust_02948,719.97,INR,NETBANKING,SUCCESS,,1,0.546,2026-08-28 04:53:15.661676
pay_009092,cust_00831,1369.2,INR,UPI,SUCCESS,,1,0.699,2026-08-28 05:02:15.661676
pay_001403,cust_02041,4668.36,INR,UPI,SUCCESS,,1,0.776,2026-08-28 05:17:15.661676
pay_007452,cust_01332,2644.58,INR,NETBANKING,SUCCESS,,1,0.721,2026-08-28 05:38:15.661676
pay_002942,cust_00377,1244.89,INR,NETBANKING,SUCCESS,,1,0.494,2026-08-28 05:49:15.661676
pay_006897,cust_02593,1016.21,INR,NETBANKING,SUCCESS,,1,0.492,2026-08-28 06:06:15.661676
pay_004680,cust_02724,2210.68,INR,CARD,FAILED,LIMIT_EXCEEDED,2,0.967,2026-08-28 06:10:15.661676
pay_007264,cust_02121,5363.85,INR,NETBANKING,SUCCESS,,1,0.679,2026-08-28 06:15:15.661676
pay_008608,cust_02551,7345.43,INR,UPI,SUCCESS,,1,0.868,2026-08-28 06:17:15.661676
pay_009315,cust_00609,1629.88,INR,UPI,SUCCESS,,1,0.94,2026-08-28 06:19:15.661676
pay_004596,cust_02218,2051.8,INR,CARD,SUCCESS,,1,0.828,2026-08-28 06:34:15.661676
pay_003438,cust_02091,651.29,INR,UPI,SUCCESS,,1,0.683,2026-08-28 07:29:15.661676
pay_001516,cust_02103,1640.25,INR,NETBANKING,SUCCESS,,1,0.571,2026-08-28 07:54:15.661676
pay_007683,cust_01020,1522.2,INR,NETBANKING,FAILED,NETWORK_ERROR,2,0.913,2026-08-28 07:59:15.661676
pay_007491,cust_01738,1463.4,INR,WALLET,FAILED,LIMIT_EXCEEDED,2,0.886,2026-08-28 08:08:15.661676
pay_004426,cust_01980,730.53,INR,NETBANKING,SUCCESS,,1,0.577,2026-08-28 08:31:15.661676
pay_009140,cust_00175,3418.89,INR,UPI,FAILED,BANK_ERROR,2,0.859,2026-08-28 08:34:15.661676
pay_005985,cust_01157,6453.14,INR,CARD,SUCCESS,,1,0.875,2026-08-28 08:37:15.661676
pay_001167,cust_00812,5472.1,INR,UPI,FAILED,FRAUD_SUSPECTED,2,0.5,2026-08-28 08:48:15.661676
pay_003722,cust_02270,7062.38,INR,NETBANKING,SUCCESS,,1,0.541,2026-08-28 08:51:15.661676
pay_003243,cust_00558,475.86,INR,WALLET,SUCCESS,,1,0.942,2026-08-28 08:53:15.661676
pay_000336,cust_01584,1607.37,INR,NETBANKING,SUCCESS,,1,0.824,2026-08-28 08:53:15.661676
pay_000073,cust_01449,1756.96,INR,WALLET,SUCCESS,,1,0.533,2026-08-28 09:08:15.661676
pay_002042,cust_02973,1303.19,INR,NETBANKING,SUCCESS,,1,0.814,2026-08-28 09:10:15.661676
pay_005224,cust_00329,860.03,INR,WALLET,SUCCESS,,1,0.973,2026-08-28 09:34:15.661676
pay_008290,cust_02352,393.47,INR,WALLET,SUCCESS,,1,0.964,2026-08-28 09:38:15.661676
pay_005599,cust_01423,1979.73,INR,CARD,SUCCESS,,1,0.752,2026-08-28 09:40:15.661676
pay_009829,cust_02849,2746.32,INR,UPI,SUCCESS,,1,0.708,2026-08-28 09:41:15.661676
pay_001474,cust_00937,1829.41,INR,UPI,SUCCESS,,1,0.591,2026-08-28 09:46:15.661676
pay_009151,cust_00541,3062.25,INR,NETBANKING,SUCCESS,,1,0.619,2026-08-28 09:47:15.661676
pay_001872,cust_00394,1522.43,INR,NETBANKING,SUCCESS,,1,0.96,2026-08-28 09:50:15.661676
pay_003609,cust_02949,614.21,INR,UPI,SUCCESS,,1,0.483,2026-08-28 09:56:15.661676
pay_002549,cust_01571,4093.3,INR,WALLET,SUCCESS,,1,0.552,2026-08-28 10:02:15.661676
pay_001359,cust_02810,553.84,INR,WALLET,SUCCESS,,1,0.515,2026-08-28 10:04:15.661676
pay_004968,cust_02989,4426.64,INR,CARD,SUCCESS,,1,0.641,2026-08-28 10:24:15.661676
pay_001559,cust_01873,5967.9,INR,UPI,SUCCESS,,1,0.78,2026-08-28 10:56:15.661676
pay_009528,cust_00428,2574.49,INR,WALLET,SUCCESS,,1,0.586,2026-08-28 11:05:15.661676
pay_005867,cust_01326,1068.8,INR,NETBANKING,SUCCESS,,1,0.503,2026-08-28 11:12:15.661676
pay_009952,cust_01934,2168.79,INR,WALLET,SUCCESS,,1,0.557,2026-08-28 11:59:15.661676
pay_007731,cust_00942,6211.7,INR,UPI,SUCCESS,,1,0.975,2026-08-28 12:12:15.661676
pay_002313,cust_02927,2173.42,INR,NETBANKING,SUCCESS,,1,0.816,2026-08-28 12:18:15.661676
pay_001692,cust_01475,1236.55,INR,UPI,SUCCESS,,1,0.557,2026-08-28 12:21:15.661676
pay_001830,cust_02502,1835.51,INR,UPI,SUCCESS,,1,0.628,2026-08-28 12:21:15.661676
pay_004297,cust_01088,777.38,INR,UPI,SUCCESS,,1,0.517,2026-08-28 12:22:15.661676
pay_009156,cust_00614,1248.52,INR,NETBANKING,SUCCESS,,1,0.617,2026-08-28 12:42:15.661676
pay_009570,cust_02855,1333.34,INR,UPI,SUCCESS,,1,0.753,2026-08-28 12:51:15.661676
pay_008426,cust_02391,1761.63,INR,CARD,SUCCESS,,1,0.595,2026-08-28 13:03:15.661676
pay_000926,cust_00980,534.56,INR,UPI,SUCCESS,,1,0.988,2026-08-28 13:05:15.661676
pay_001342,cust_02774,1812.45,INR,UPI,SUCCESS,,1,0.555,2026-08-28 13:31:15.661676
pay_008773,cust_00023,962.53,INR,WALLET,SUCCESS,,1,0.741,2026-08-28 13:32:15.661676
pay_000673,cust_01322,1374.51,INR,CARD,SUCCESS,,1,0.962,2026-08-28 13:34:15.661676
pay_004459,cust_02522,522.59,INR,WALLET,SUCCESS,,1,0.52,2026-08-28 13:45:15.661676
pay_008329,cust_01335,1891.66,INR,NETBANKING,SUCCESS,,1,0.925,2026-08-28 14:03:15.661676
pay_003215,cust_02402,3256.79,INR,UPI,FAILED,NETWORK_ERROR,4,0.751,2026-08-28 14:10:15.661676
pay_006698,cust_01812,4455.44,INR,CARD,SUCCESS,,1,0.533,2026-08-28 14:13:15.661676
pay_000074,cust_00970,6321.52,INR,CARD,SUCCESS,,1,0.546,2026-08-28 14:19:15.661676
pay_004656,cust_00084,10136.96,INR,NETBANKING,SUCCESS,,1,0.672,2026-08-28 14:30:15.661676
pay_008050,cust_01494,1933.52,INR,WALLET,SUCCESS,,1,0.76,2026-08-28 15:19:15.661676
pay_006712,cust_02211,5670.36,INR,CARD,SUCCESS,,1,0.583,2026-08-28 15:19:15.661676
pay_004363,cust_02693,2255.85,INR,UPI,SUCCESS,,1,0.759,2026-08-28 15:26:15.661676
pay_005437,cust_01064,1727.39,INR,WALLET,SUCCESS,,1,0.776,2026-08-28 15:37:15.661676
pay_006068,cust_01046,4349.33,INR,NETBANKING,SUCCESS,,1,0.746,2026-08-28 15:55:15.661676
pay_001700,cust_01303,2087.38,INR,WALLET,SUCCESS,,1,0.947,2026-08-28 16:00:15.661676
pay_008301,cust_01221,5785.28,INR,WALLET,SUCCESS,,1,0.66,2026-08-28 16:01:15.661676
pay_000695,cust_02615,2905.85,INR,NETBANKING,SUCCESS,,1,0.906,2026-08-28 16:10:15.661676
pay_006369,cust_00348,937.58,INR,UPI,SUCCESS,,1,0.818,2026-08-28 16:16:15.661676
pay_002623,cust_00304,1933.45,INR,NETBANKING,SUCCESS,,1,0.673,2026-08-28 16:26:15.661676
pay_007852,cust_00789,1413.67,INR,CARD,SUCCESS,,1,0.78,2026-08-28 16:26:15.661676
pay_002990,cust_00654,12448.32,INR,CARD,SUCCESS,,1,0.561,2026-08-28 16:33:15.661676
pay_007246,cust_00440,1093.1,INR,CARD,SUCCESS,,1,0.953,2026-08-28 16:46:15.661676
pay_003818,cust_02558,1637.65,INR,CARD,SUCCESS,,1,0.885,2026-08-28 16:56:15.661676
pay_004227,cust_01664,8063.11,INR,UPI,SUCCESS,,1,0.714,2026-08-28 17:08:15.661676
pay_008832,cust_02589,1113.35,INR,UPI,SUCCESS,,1,0.978,2026-08-28 17:13:15.661676
pay_009812,cust_01734,1031.15,INR,UPI,SUCCESS,,1,0.971,2026-08-28 17:15:15.661676
pay_008351,cust_01069,541.43,INR,CARD,SUCCESS,,1,0.87,2026-08-28 17:45:15.661676
pay_008108,cust_00467,3480.78,INR,WALLET,SUCCESS,,1,0.569,2026-08-28 17:53:15.661676
pay_000790,cust_02777,478.78,INR,CARD,FAILED,USER_CANCELLED,1,0.684,2026-08-28 18:00:15.661676
pay_002031,cust_02137,3448.51,INR,WALLET,FAILED,FRAUD_SUSPECTED,4,0.784,2026-08-28 18:04:15.661676
pay_001778,cust_02817,1755.26,INR,NETBANKING,SUCCESS,,1,0.71,2026-08-28 18:17:15.661676
pay_004749,cust_02343,902.7,INR,NETBANKING,SUCCESS,,1,0.859,2026-08-28 18:36:15.661676
pay_000447,cust_00015,2424.25,INR,UPI,SUCCESS,,1,0.814,2026-08-28 19:18:15.661676
pay_005095,cust_00483,1648.98,INR,CARD,SUCCESS,,1,0.604,2026-08-28 20:53:15.661676
pay_001133,cust_00954,6574.6,INR,NETBANKING,SUCCESS,,1,0.514,2026-08-28 20:59:15.661676
pay_000956,cust_02341,4419.74,INR,CARD,SUCCESS,,1,0.573,2026-08-28 21:01:15.661676
pay_008769,cust_02741,1885.53,INR,WALLET,SUCCESS,,1,0.545,2026-08-28 21:24:15.661676
pay_001540,cust_02921,181.67,INR,WALLET,SUCCESS,,1,0.718,2026-08-28 21:29:15.661676
pay_003919,cust_01768,3864.84,INR,WALLET,SUCCESS,,1,0.615,2026-08-28 21:56:15.661676
pay_002766,cust_00798,3485.18,INR,CARD,SUCCESS,,1,0.86,2026-08-28 22:07:15.661676
pay_000392,cust_02760,2679.9,INR,UPI,SUCCESS,,1,0.616,2026-08-28 22:23:15.661676
pay_001889,cust_00144,1237.6,INR,UPI,SUCCESS,,1,0.611,2026-08-28 22:27:15.661676
pay_009593,cust_02213,4924.0,INR,UPI,FAILED,LIMIT_EXCEEDED,1,0.897,2026-08-28 22:43:15.661676
pay_009875,cust_01040,2333.32,INR,WALLET,FAILED,NETWORK_ERROR,1,0.733,2026-08-28 22:48:15.661676
pay_007816,cust_02385,2040.86,INR,NETBANKING,SUCCESS,,1,0.579,2026-08-28 23:22:15.661676
pay_003410,cust_02341,9297.4,INR,NETBANKING,FAILED,BANK_ERROR,2,0.87,2026-08-28 23:38:15.661676
pay_000144,cust_02968,2095.83,INR,NETBANKING,SUCCESS,,1,0.555,2026-08-28 23:43:15.661676
pay_007190,cust_02122,357.8,INR,NETBANKING,FAILED,USER_CANCELLED,1,0.628,2026-08-28 23:45:15.661676
pay_007581,cust_01636,4681.53,INR,WALLET,SUCCESS,,1,0.778,2026-08-28 23:47:15.661676
pay_008319,cust_01923,934.27,INR,UPI,SUCCESS,,1,0.779,2026-08-29 00:05:15.661676
pay_004944,cust_02373,1009.75,INR,UPI,SUCCESS,,1,0.542,2026-08-29 00:07:15.661676
pay_009584,cust_02742,2242.72,INR,UPI,SUCCESS,,1,0.815,2026-08-29 00:09:15.661676
pay_000186,cust_01319,3200.94,INR,CARD,SUCCESS,,1,0.759,2026-08-29 00:18:15.661676
pay_000329,cust_00718,2978.86,INR,WALLET,SUCCESS,,1,0.791,2026-08-29 00:23:15.661676
pay_006882,cust_02325,1745.12,INR,WALLET,SUCCESS,,1,0.594,2026-08-29 00:36:15.661676
pay_005293,cust_01595,546.25,INR,WALLET,SUCCESS,,1,0.978,2026-08-29 00:41:15.661676
pay_007893,cust_01354,695.51,INR,CARD,SUCCESS,,1,0.973,2026-08-29 00:50:15.661676
pay_007103,cust_00126,1962.78,INR,UPI,SUCCESS,,1,0.637,2026-08-29 00:51:15.661676
pay_009946,cust_00620,434.55,INR,UPI,FAILED,USER_CANCELLED,2,0.608,2026-08-29 00:58:15.661676
pay_006466,cust_02473,3454.01,INR,CARD,SUCCESS,,1,0.693,2026-08-29 01:01:15.661676
pay_009332,cust_00791,1411.25,INR,WALLET,SUCCESS,,1,0.615,2026-08-29 01:04:15.661676
pay_005143,cust_02449,4134.43,INR,CARD,SUCCESS,,1,0.649,2026-08-29 01:08:15.661676
pay_001776,cust_00389,628.91,INR,NETBANKING,SUCCESS,,1,0.66,2026-08-29 01:42:15.661676
pay_009487,cust_00247,1588.19,INR,WALLET,SUCCESS,,1,0.898,2026-08-29 02:02:15.661676
pay_006224,cust_02934,8134.74,INR,WALLET,SUCCESS,,1,0.947,2026-08-29 02:04:15.661676
pay_008974,cust_02781,5233.93,INR,CARD,SUCCESS,,1,0.646,2026-08-29 02:32:15.661676
pay_005072,cust_00728,1516.66,INR,WALLET,FAILED,NETWORK_ERROR,3,0.754,2026-08-29 02:37:15.661676
pay_004975,cust_01275,556.89,INR,NETBANKING,SUCCESS,,1,0.563,2026-08-29 02:39:15.661676
pay_003426,cust_01575,4235.06,INR,UPI,SUCCESS,,1,0.828,2026-08-29 02:56:15.661676
pay_003583,cust_02724,8402.58,INR,NETBANKING,SUCCESS,,1,0.772,2026-08-29 02:56:15.661676
pay_007428,cust_00604,708.58,INR,NETBANKING,SUCCESS,,1,0.956,2026-08-29 03:21:15.661676
pay_000287,cust_00424,1601.3,INR,NETBANKING,SUCCESS,,1,0.722,2026-08-29 03:49:15.661676
pay_004099,cust_00966,1626.63,INR,NETBANKING,SUCCESS,,1,0.675,2026-08-29 04:06:15.661676
pay_002229,cust_01658,406.17,INR,WALLET,SUCCESS,,1,0.577,2026-08-29 04:29:15.661676
pay_006013,cust_01953,2121.1,INR,UPI,SUCCESS,,1,0.916,2026-08-29 05:01:15.661676
pay_001822,cust_00786,1922.69,INR,NETBANKING,FAILED,INSUFFICIENT_FUNDS,1,0.919,2026-08-29 05:02:15.661676
pay_004326,cust_00619,4142.45,INR,WALLET,SUCCESS,,1,0.954,2026-08-29 05:05:15.661676
pay_009966,cust_02592,2699.72,INR,NETBANKING,SUCCESS,,1,0.838,2026-08-29 05:05:15.661676
pay_007539,cust_02759,1003.4,INR,CARD,SUCCESS,,1,0.9,2026-08-29 05:12:15.661676
pay_002716,cust_01719,336.96,INR,NETBANKING,SUCCESS,,1,0.457,2026-08-29 05:21:15.661676
pay_007936,cust_01218,3567.67,INR,CARD,SUCCESS,,1,0.525,2026-08-29 05:22:15.661676
pay_001775,cust_01236,998.27,INR,WALLET,FAILED,LIMIT_EXCEEDED,2,0.586,2026-08-29 05:23:15.661676
pay_003508,cust_01384,1721.92,INR,NETBANKING,SUCCESS,,1,0.811,2026-08-29 05:29:15.661676
pay_003754,cust_00644,1263.22,INR,CARD,SUCCESS,,1,0.918,2026-08-29 06:02:15.661676
pay_000832,cust_01839,867.03,INR,CARD,SUCCESS,,1,0.551,2026-08-29 06:09:15.661676
pay_002846,cust_00706,751.57,INR,NETBANKING,SUCCESS,,1,0.754,2026-08-29 06:32:15.661676
pay_003158,cust_00547,1973.43,INR,NETBANKING,SUCCESS,,1,0.817,2026-08-29 06:41:15.661676
pay_008535,cust_02159,4979.4,INR,CARD,SUCCESS,,1,0.507,2026-08-29 07:11:15.661676
pay_000095,cust_00190,1321.22,INR,CARD,SUCCESS,,1,0.909,2026-08-29 07:12:15.661676
pay_005805,cust_01254,4636.65,INR,CARD,SUCCESS,,1,0.74,2026-08-29 07:19:15.661676
pay_005330,cust_01059,446.97,INR,CARD,SUCCESS,,1,0.457,2026-08-29 07:30:15.661676
pay_001217,cust_00136,1054.91,INR,NETBANKING,SUCCESS,,1,0.528,2026-08-29 07:30:15.661676
pay_008325,cust_02874,1905.75,INR,WALLET,SUCCESS,,1,0.91,2026-08-29 07:51:15.661676
pay_009978,cust_01221,879.42,INR,WALLET,SUCCESS,,1,0.685,2026-08-29 07:54:15.661676
pay_008947,cust_01195,1541.87,INR,NETBANKING,SUCCESS,,1,0.724,2026-08-29 07:59:15.661676
pay_002802,cust_00985,15590.65,INR,NETBANKING,SUCCESS,,1,0.661,2026-08-29 08:13:15.661676
pay_006151,cust_02719,8215.3,INR,WALLET,SUCCESS,,1,0.635,2026-08-29 09:22:15.661676
pay_005341,cust_02070,778.16,INR,WALLET,SUCCESS,,1,0.911,2026-08-29 09:25:15.661676
pay_008460,cust_00030,6448.6,INR,CARD,SUCCESS,,1,0.604,2026-08-29 09:25:15.661676
pay_008500,cust_00669,4235.84,INR,WALLET,SUCCESS,,1,0.735,2026-08-29 09:35:15.661676
pay_001981,cust_01208,831.04,INR,NETBANKING,SUCCESS,,1,0.891,2026-08-29 10:06:15.661676
pay_002927,cust_01311,1647.5,INR,WALLET,SUCCESS,,1,0.927,2026-08-29 10:09:15.661676
pay_007509,cust_00966,953.11,INR,CARD,SUCCESS,,1,0.47,2026-08-29 10:25:15.661676
pay_005320,cust_02834,2785.63,INR,WALLET,SUCCESS,,1,0.859,2026-08-29 10:31:15.661676
pay_008455,cust_00926,749.17,INR,WALLET,SUCCESS,,1,0.734,2026-08-29 10:55:15.661676
pay_009619,cust_01575,4111.93,INR,NETBANKING,FAILED,INSUFFICIENT_FUNDS,2,0.805,2026-08-29 11:11:15.661676
pay_009033,cust_02547,2674.03,INR,WALLET,SUCCESS,,1,0.662,2026-08-29 12:10:15.661676
pay_008481,cust_01781,1397.72,INR,CARD,SUCCESS,,1,0.975,2026-08-29 12:11:15.661676
pay_001913,cust_00750,3012.24,INR,WALLET,SUCCESS,,1,0.703,2026-08-29 12:15:15.661676
pay_006891,cust_01421,4058.92,INR,WALLET,FAILED,USER_CANCELLED,3,0.898,2026-08-29 12:23:15.661676
pay_005327,cust_01154,1194.87,INR,CARD,SUCCESS,,1,0.818,2026-08-29 12:37:15.661676
pay_009356,cust_00951,2659.86,INR,UPI,FAILED,BANK_ERROR,2,0.625,2026-08-29 13:41:15.661676
pay_007885,cust_01025,2024.9,INR,CARD,FAILED,NETWORK_ERROR,4,0.451,2026-08-29 13:44:15.661676
pay_008738,cust_00190,1493.06,INR,UPI,SUCCESS,,1,0.699,2026-08-29 14:07:15.661676
pay_009284,cust_00650,3170.44,INR,UPI,SUCCESS,,1,0.859,2026-08-29 14:22:15.661676
pay_002196,cust_02232,1064.66,INR,WALLET,FAILED,INSUFFICIENT_FUNDS,3,0.942,2026-08-29 14:37:15.661676
pay_004666,cust_02064,1593.68,INR,WALLET,SUCCESS,,1,0.851,2026-08-29 14:47:15.661676
pay_004889,cust_02858,2168.95,INR,UPI,SUCCESS,,1,0.827,2026-08-29 14:52:15.661676
pay_002835,cust_01681,1488.16,INR,CARD,SUCCESS,,1,0.904,2026-08-29 14:58:15.661676
pay_001061,cust_01249,3352.16,INR,CARD,SUCCESS,,1,0.894,2026-08-29 15:19:15.661676
pay_002862,cust_01409,2662.71,INR,NETBANKING,SUCCESS,,1,0.65,2026-08-29 15:40:15.661676
pay_005533,cust_01677,5179.2,INR,NETBANKING,SUCCESS,,1,0.729,2026-08-29 15:44:15.661676
pay_004919,cust_02016,5328.85,INR,NETBANKING,SUCCESS,,1,0.981,2026-08-29 15:46:15.661676
pay_005933,cust_01794,1963.21,INR,CARD,SUCCESS,,1,0.52,2026-08-29 16:51:15.661676
pay_005352,cust_02972,2441.49,INR,CARD,SUCCESS,,1,0.935,2026-08-29 16:51:15.661676
pay_001348,cust_01243,3817.9,INR,WALLET,SUCCESS,,1,0.983,2026-08-29 16:55:15.661676
pay_000188,cust_01562,1705.71,INR,WALLET,SUCCESS,,1,0.893,2026-08-29 16:59:15.661676
pay_004805,cust_02427,1465.28,INR,UPI,SUCCESS,,1,0.885,2026-08-29 17:02:15.661676
