payment_id,customer_id,amount,currency,payment_method,status,failure_reason,attempt_number,customer_success_rate,timestamp,true_recovery_probability,recovery_attempted,recovery_success,predicted_recovery_probability,expected_recovery_value,recommended_action
pay_003717,cust_01120,24208.87,INR,WALLET,FAILED,INSUFFICIENT_FUNDS,3,0.91,2026-06-13 00:28:15.661676,0.436,True,1.0,0.5854174370331444,14172.294628868578,REVIEW
pay_006959,cust_01575,15268.15,INR,CARD,FAILED,NETWORK_ERROR,1,0.872,2026-08-13 06:19:15.661676,0.8232,True,1.0,0.815580426393743,12452.404287243626,RECOVER
pay_005809,cust_01995,15715.8,INR,WALLET,FAILED,NETWORK_ERROR,1,0.637,2026-08-25 21:39:15.661676,0.7022,True,1.0,0.7439452463297203,11691.694702268616,REVIEW
pay_005272,cust_02950,14333.11,INR,NETBANKING,FAILED,BANK_ERROR,3,0.868,2026-07-16 13:24:15.661676,0.6708,True,1.0,0.8100698905293039,11610.820848644471,RECOVER
pay_006023,cust_00251,13276.45,INR,WALLET,FAILED,USER_CANCELLED,3,0.961,2026-07-11 01:14:15.661676,0.6165999999999999,True,1.0,0.7865748954639421,10442.922270882254,RECOVER
pay_003320,cust_01177,11568.4,INR,WALLET,FAILED,BANK_ERROR,2,0.895,2026-07-18 06:34:15.661676,0.807,True,1.0,0.8699244940520581,10063.634516991828,RECOVER
pay_005205,cust_01669,12153.48,INR,WALLET,FAILED,BANK_ERROR,1,0.644,2026-07-20 00:51:15.661676,0.7364,True,1.0,0.8104686295455285,9850.01427980899,RECOVER
pay_006017,cust_00066,10330.44,INR,UPI,FAILED,BANK_ERROR,3,0.905,2026-08-03 17:52:15.661676,0.753,True,1.0,0.8114884279197607,8383.032515319414,RECOVER
pay_006043,cust_02821,10526.08,INR,NETBANKING,FAILED,TIMEOUT,1,0.783,2026-07-26 09:02:15.661676,0.7098,True,1.0,0.793174497470571,8349.018214335028,RECOVER
pay_003193,cust_01841,11218.52,INR,NETBANKING,FAILED,USER_CANCELLED,2,0.811,2026-06-28 01:44:15.661676,0.5666000000000001,True,1.0,0.7406803520251276,8309.337342800934,REVIEW
pay_001414,cust_02527,10218.98,INR,NETBANKING,FAILED,NETWORK_ERROR,1,0.769,2026-08-09 12:08:15.661676,0.7414,True,1.0,0.7840001793487317,8011.682152761102,RECOVER
pay_000375,cust_02521,10122.8,INR,WALLET,FAILED,TIMEOUT,3,0.954,2026-06-23 08:07:15.661676,0.6923999999999999,True,0.0,0.7769236283487904,7864.642505049134,RECOVER
pay_003410,cust_02341,9297.4,INR,NETBANKING,FAILED,BANK_ERROR,2,0.87,2026-08-28 23:38:15.661676,0.752,True,0.0,0.8442353509232225,7849.193751673569,RECOVER
pay_001496,cust_01788,8999.05,INR,UPI,FAILED,BANK_ERROR,3,0.984,2026-08-21 05:18:15.661676,0.8004,True,1.0,0.8435311479401841,7590.978976871113,RECOVER
pay_004717,cust_01801,12218.39,INR,NETBANKING,FAILED,LIMIT_EXCEEDED,2,0.922,2026-08-10 15:15:15.661676,0.4132,True,0.0,0.5813037317170597,7102.595702574406,REVIEW
pay_007167,cust_02395,8252.82,INR,CARD,FAILED,BANK_ERROR,1,0.723,2026-06-11 04:24:15.661676,0.7638,True,0.0,0.7819850569106609,6453.58191737344,RECOVER
pay_008277,cust_01680,12937.66,INR,NETBANKING,FAILED,INSUFFICIENT_FUNDS,3,0.909,2026-07-14 20:00:15.661676,0.3954,True,1.0,0.49726182930251517,6433.404478493978,DO_NOT_ACT
pay_002483,cust_01230,8901.83,INR,UPI,FAILED,NETWORK_ERROR,1,0.677,2026-08-28 02:26:15.661676,0.7462000000000001,True,1.0,0.719840157480899,6407.894709068191,REVIEW
pay_003989,cust_02489,8423.3,INR,NETBANKING,FAILED,NETWORK_ERROR,2,0.837,2026-06-23 20:06:15.661676,0.7022,True,1.0,0.7517732773278788,6332.411846915921,RECOVER
pay_007261,cust_01711,8838.8,INR,NETBANKING,FAILED,LIMIT_EXCEEDED,1,0.946,2026-07-20 13:00:15.661676,0.5075999999999999,True,0.0,0.6639427982790692,5868.457605429036,REVIEW
pay_005612,cust_00337,7429.47,INR,UPI,FAILED,BANK_ERROR,3,0.88,2026-06-03 03:15:15.661676,0.738,True,1.0,0.7867967375281164,5845.482757563015,RECOVER
pay_000417,cust_00153,6253.66,INR,CARD,FAILED,BANK_ERROR,1,0.988,2026-07-08 18:39:15.661676,0.9228,True,1.0,0.8902775531976117,5567.493123329777,RECOVER
pay_002826,cust_02952,7067.66,INR,CARD,FAILED,NETWORK_ERROR,2,0.937,2026-08-05 15:32:15.661676,0.7822000000000001,True,1.0,0.7569934449904523,5350.17229142122,RECOVER
pay_001696,cust_02683,8528.28,INR,UPI,FAILED,NETWORK_ERROR,2,0.65,2026-07-01 12:58:15.661676,0.6500000000000001,True,0.0,0.6195331814418119,5283.552440626576,REVIEW
pay_002725,cust_01634,8691.23,INR,WALLET,FAILED,BANK_ERROR,2,0.463,2026-07-31 15:22:15.661676,0.5478000000000001,True,1.0,0.6026869750620766,5238.091118268771,REVIEW
pay_002152,cust_00177,6830.66,INR,UPI,FAILED,BANK_ERROR,3,0.821,2026-06-05 02:37:15.661676,0.7026,True,1.0,0.7498797639802441,5122.173708629294,REVIEW
pay_003932,cust_00922,6139.05,INR,CARD,FAILED,TIMEOUT,1,0.887,2026-06-24 11:21:15.661676,0.7922,True,1.0,0.787494423287701,4834.467639284361,RECOVER
pay_005812,cust_00937,5730.48,INR,NETBANKING,FAILED,NETWORK_ERROR,1,0.892,2026-07-26 16:17:15.661676,0.8151999999999999,True,1.0,0.8291066875490374,4751.179290866007,RECOVER
pay_007175,cust_01325,5429.97,INR,NETBANKING,FAILED,BANK_ERROR,2,0.969,2026-07-08 15:01:15.661676,0.8114,True,0.0,0.8718366043335648,4734.046606433127,RECOVER
pay_005117,cust_02688,6895.96,INR,CARD,FAILED,BANK_ERROR,4,0.911,2026-08-21 01:56:15.661676,0.6366,True,1.0,0.6861695582853549,4731.797827153476,ESCALATE
pay_007117,cust_00482,7350.74,INR,UPI,FAILED,USER_CANCELLED,4,0.903,2026-07-25 22:23:15.661676,0.5218,True,0.0,0.6282641824607367,4618.206656581436,ESCALATE
pay_009975,cust_02059,6076.93,INR,WALLET,FAILED,BANK_ERROR,1,0.566,2026-06-12 23:20:15.661676,0.6896,True,0.0,0.7401461705720539,4497.816468334432,REVIEW
pay_002207,cust_00806,5927.11,INR,WALLET,FAILED,NETWORK_ERROR,1,0.706,2026-07-24 00:12:15.661676,0.7436,True,1.0,0.7404306233345808,4388.613751872626,REVIEW
pay_005094,cust_01975,7067.64,INR,UPI,FAILED,NETWORK_ERROR,3,0.76,2026-07-21 08:13:15.661676,0.636,True,1.0,0.611149503089793,4319.384674017545,REVIEW
pay_009977,cust_00168,6900.97,INR,UPI,FAILED,USER_CANCELLED,3,0.786,2026-07-04 08:02:15.661676,0.5316000000000001,True,0.0,0.6200408247100638,4278.88313009941,REVIEW
pay_004108,cust_01313,5352.22,INR,NETBANKING,FAILED,NETWORK_ERROR,2,0.941,2026-07-24 13:03:15.661676,0.7646,True,1.0,0.7976201471665108,4269.038504067543,RECOVER
pay_005176,cust_02944,7639.93,INR,WALLET,FAILED,TIMEOUT,4,0.772,2026-06-23 13:10:15.661676,0.5032,True,0.0,0.5578833647197535,4262.189854623387,ESCALATE
pay_006220,cust_00176,5410.42,INR,NETBANKING,FAILED,BANK_ERROR,2,0.762,2026-07-06 23:02:15.661676,0.6872,True,1.0,0.7756088641932607,4196.369711008501,RECOVER
pay_008989,cust_00392,6121.81,INR,UPI,FAILED,USER_CANCELLED,4,0.983,2026-06-30 20:38:15.661676,0.5698000000000001,True,0.0,0.6804036881815053,4165.302102346422,ESCALATE
pay_008036,cust_02903,8851.16,INR,NETBANKING,FAILED,NETWORK_ERROR,4,0.676,2026-07-14 17:13:15.661676,0.4456,True,1.0,0.46890226915162075,4150.3290086240595,ESCALATE
pay_009991,cust_00836,5692.47,INR,WALLET,FAILED,TIMEOUT,1,0.677,2026-06-03 00:30:15.661676,0.6862,True,1.0,0.7209556612126345,4104.018472783086,REVIEW
pay_007851,cust_01009,8972.7,INR,CARD,FAILED,NETWORK_ERROR,3,0.632,2026-07-08 10:28:15.661676,0.5192,True,0.0,0.45718773555045644,4102.208394773581,DO_NOT_ACT
pay_001639,cust_02834,9414.63,INR,CARD,FAILED,CARD_EXPIRED,1,0.937,2026-07-29 13:56:15.661676,0.4422,True,0.0,0.43491490374624614,4094.562900256521,DO_NOT_ACT
pay_005753,cust_02707,5501.51,INR,CARD,FAILED,NETWORK_ERROR,2,0.921,2026-07-24 17:11:15.661676,0.7726000000000001,True,1.0,0.7398043123125035,4070.0408222303613,REVIEW
pay_005384,cust_00512,6957.81,INR,WALLET,FAILED,USER_CANCELLED,3,0.711,2026-06-10 16:40:15.661676,0.4666,True,1.0,0.5817306852716153,4047.571579289698,REVIEW
pay_008178,cust_00875,6140.52,INR,NETBANKING,FAILED,USER_CANCELLED,3,0.826,2026-06-09 10:21:15.661676,0.4955999999999999,True,1.0,0.6487310305502308,3983.5458677143038,REVIEW
pay_008745,cust_02775,9330.07,INR,NETBANKING,FAILED,INSUFFICIENT_FUNDS,2,0.733,2026-06-02 03:44:15.661676,0.3698,True,1.0,0.4212804636159873,3930.5762151696144,DO_NOT_ACT
pay_005838,cust_00811,5741.81,INR,WALLET,FAILED,NETWORK_ERROR,3,0.83,2026-07-15 01:12:15.661676,0.6579999999999999,True,1.0,0.6751937290498115,3876.834105395498,REVIEW
pay_008991,cust_02801,6508.47,INR,CARD,FAILED,TIMEOUT,3,0.815,2026-08-04 06:25:15.661676,0.5889999999999999,True,0.0,0.5906546806091189,3844.258269104032,REVIEW
pay_005354,cust_00823,4581.62,INR,UPI,FAILED,BANK_ERROR,1,0.768,2026-06-08 21:05:15.661676,0.8308000000000001,True,1.0,0.8300258579528168,3802.8630713137845,RECOVER
pay_003348,cust_00989,6454.07,INR,CARD,FAILED,NETWORK_ERROR,2,0.701,2026-08-15 07:50:15.661676,0.6406000000000001,True,1.0,0.5865314293296471,3785.514902093595,REVIEW
pay_007061,cust_02542,6178.61,INR,WALLET,FAILED,USER_CANCELLED,2,0.621,2026-06-09 10:47:15.661676,0.4926,True,1.0,0.5926338497822207,3661.653430602926,REVIEW
pay_007025,cust_00362,4491.33,INR,NETBANKING,FAILED,NETWORK_ERROR,2,0.981,2026-08-24 14:19:15.661676,0.7886,True,1.0,0.814689090659349,3659.037553551054,RECOVER
pay_006009,cust_02137,4501.0,INR,NETBANKING,FAILED,USER_CANCELLED,2,0.979,2026-06-12 04:44:15.661676,0.6674,True,1.0,0.8070922249678089,3632.7221045801075,RECOVER
pay_000884,cust_01480,4168.57,INR,WALLET,FAILED,USER_CANCELLED,1,0.98,2026-07-13 11:47:15.661676,0.788,True,0.0,0.8649089791283717,3605.4336231251564,RECOVER
pay_003708,cust_00624,5333.5,INR,NETBANKING,FAILED,USER_CANCELLED,4,0.971,2026-06-17 05:15:15.661676,0.5025999999999999,True,1.0,0.6701189337128143,3574.079332957295,ESCALATE
pay_004745,cust_02550,6525.49,INR,NETBANKING,FAILED,INSUFFICIENT_FUNDS,1,0.8,2026-07-21 14:15:15.661676,0.49,True,1.0,0.5473907733196385,3571.9930173895677,REVIEW
pay_006365,cust_01645,5498.36,INR,WALLET,FAILED,TIMEOUT,3,0.793,2026-06-28 13:23:15.661676,0.5958,True,1.0,0.6471199224907165,3558.0982970260557,REVIEW
pay_003847,cust_00270,4327.26,INR,UPI,FAILED,NETWORK_ERROR,2,0.974,2026-06-01 15:00:15.661676,0.8444,True,1.0,0.8087407648747993,3499.631562212124,RECOVER
pay_008387,cust_02185,6661.53,INR,UPI,FAILED,NETWORK_ERROR,3,0.655,2026-06-21 00:39:15.661676,0.5730000000000001,True,0.0,0.5246924599651793,3495.2545628318408,REVIEW
pay_005582,cust_02804,4098.78,INR,UPI,FAILED,BANK_ERROR,1,0.81,2026-07-17 00:45:15.661676,0.8560000000000001,True,1.0,0.8469726636377789,3471.554614265255,RECOVER
pay_004626,cust_01591,4960.27,INR,NETBANKING,FAILED,USER_CANCELLED,1,0.678,2026-07-14 02:56:15.661676,0.5668,True,0.0,0.6936925970362758,3440.9025783011284,REVIEW
pay_000765,cust_02913,4534.27,INR,UPI,FAILED,NETWORK_ERROR,1,0.771,2026-07-04 21:23:15.661676,0.8026000000000001,True,0.0,0.758060822971283,3437.2524477739994,RECOVER
pay_002833,cust_01175,6312.65,INR,CARD,FAILED,TIMEOUT,2,0.649,2026-08-27 09:33:15.661676,0.5694,True,0.0,0.5443317784800087,3436.1760014218266,REVIEW
pay_008518,cust_00308,5068.23,INR,UPI,FAILED,BANK_ERROR,2,0.614,2026-07-09 01:46:15.661676,0.6584000000000001,True,0.0,0.6761331739738643,3426.798436329558,REVIEW
pay_001452,cust_02009,7056.98,INR,NETBANKING,FAILED,NETWORK_ERROR,4,0.706,2026-08-03 10:06:15.661676,0.4636,True,1.0,0.4822068190111024,3402.9238776249695,ESCALATE
pay_001121,cust_02472,4378.32,INR,NETBANKING,FAILED,BANK_ERROR,4,0.987,2026-06-30 21:05:15.661676,0.6622,True,1.0,0.7743130165068755,3390.1901664323827,ESCALATE
pay_007956,cust_02804,9696.56,INR,NETBANKING,FAILED,INSUFFICIENT_FUNDS,4,0.856,2026-07-30 00:53:15.661676,0.2836000000000001,True,0.0,0.3489911058681358,3384.013197516731,ESCALATE
pay_001041,cust_01237,6954.49,INR,UPI,FAILED,BANK_ERROR,3,0.462,2026-06-28 01:51:15.661676,0.4872,True,1.0,0.48193631587265173,3351.6212893731977,DO_NOT_ACT
pay_006165,cust_02626,6396.78,INR,UPI,FAILED,USER_CANCELLED,4,0.778,2026-07-14 05:17:15.661676,0.4468,True,0.0,0.5230995288983453,3346.1526044663574,ESCALATE
pay_000632,cust_02129,6146.51,INR,WALLET,FAILED,INSUFFICIENT_FUNDS,1,0.764,2026-08-03 12:47:15.661676,0.5084000000000001,True,0.0,0.5336852936557878,3280.3019943082363,REVIEW
pay_006952,cust_01637,4614.39,INR,NETBANKING,FAILED,TIMEOUT,1,0.688,2026-06-24 20:05:15.661676,0.6527999999999999,True,1.0,0.7081432762146449,3267.6492523320953,REVIEW
pay_009337,cust_01193,5503.65,INR,NETBANKING,FAILED,BANK_ERROR,2,0.496,2026-06-20 08:25:15.661676,0.5276000000000001,True,1.0,0.592230963608058,3259.4319428614886,REVIEW
pay_007661,cust_00329,5419.82,INR,CARD,FAILED,INSUFFICIENT_FUNDS,1,0.944,2026-07-20 02:40:15.661676,0.5964,True,1.0,0.5910587097963096,3203.4318165282343,REVIEW
pay_001332,cust_01528,4793.47,INR,WALLET,FAILED,INSUFFICIENT_FUNDS,1,0.947,2026-07-19 21:07:15.661676,0.6182000000000001,True,0.0,0.6680425634836099,3202.24198678178,REVIEW
pay_007777,cust_01468,4154.91,INR,UPI,FAILED,BANK_ERROR,2,0.76,2026-06-10 13:25:15.661676,0.7460000000000001,True,1.0,0.7668275047567348,3186.099267788805,RECOVER
pay_007267,cust_02351,3638.01,INR,WALLET,FAILED,BANK_ERROR,2,0.97,2026-08-18 04:34:15.661676,0.8520000000000001,True,1.0,0.8752101445966913,3184.023258144209,RECOVER
pay_000544,cust_00257,5728.76,INR,UPI,FAILED,BANK_ERROR,3,0.556,2026-08-12 12:18:15.661676,0.5436000000000001,True,1.0,0.550923055730242,3156.1059647451816,REVIEW
pay_003457,cust_00299,4320.02,INR,CARD,FAILED,BANK_ERROR,4,0.973,2026-06-07 08:41:15.661676,0.6738,True,0.0,0.7151910080563318,3089.639458623515,ESCALATE
pay_005408,cust_01716,4537.87,INR,NETBANKING,FAILED,BANK_ERROR,3,0.724,2026-08-24 03:52:15.661676,0.5843999999999999,True,1.0,0.6760705099135959,3067.920084821609,REVIEW
pay_003758,cust_01555,9261.87,INR,UPI,FAILED,INSUFFICIENT_FUNDS,4,0.836,2026-06-04 20:44:15.661676,0.3316,True,0.0,0.32923855373522093,3049.364683683631,ESCALATE
pay_009177,cust_01417,4944.79,INR,WALLET,FAILED,USER_CANCELLED,4,0.874,2026-07-19 16:53:15.661676,0.4844,True,1.0,0.6115713623274217,3024.0919567230117,ESCALATE
pay_006052,cust_01721,4088.89,INR,WALLET,FAILED,NETWORK_ERROR,2,0.824,2026-07-12 15:55:15.661676,0.7344,True,1.0,0.7368241469498484,3012.7928862217655,REVIEW
pay_004467,cust_01619,3569.08,INR,CARD,FAILED,BANK_ERROR,1,0.876,2026-06-15 12:14:15.661676,0.8556,True,1.0,0.8403233921740371,2999.181412540512,RECOVER
pay_006919,cust_01979,7337.41,INR,UPI,FAILED,NETWORK_ERROR,4,0.611,2026-08-01 19:45:15.661676,0.4665999999999999,True,0.0,0.4045199200864462,2968.1285068414913,ESCALATE
pay_009593,cust_02213,4924.0,INR,UPI,FAILED,LIMIT_EXCEEDED,1,0.897,2026-08-28 22:43:15.661676,0.5382,True,1.0,0.601392596642035,2961.2571458653806,REVIEW
pay_005965,cust_00280,5401.67,INR,UPI,FAILED,INSUFFICIENT_FUNDS,2,0.922,2026-08-18 18:54:15.661676,0.5432000000000001,True,1.0,0.5474490156764009,2957.1389245087444,REVIEW
pay_005995,cust_02913,3607.69,INR,NETBANKING,FAILED,USER_CANCELLED,1,0.901,2026-06-21 00:28:15.661676,0.7006,True,1.0,0.8194440306243174,2956.3000348430437,RECOVER
pay_008280,cust_00421,4485.01,INR,UPI,FAILED,TIMEOUT,3,0.842,2026-08-23 18:44:15.661676,0.6452,True,1.0,0.6586837074796402,2954.2030148832614,REVIEW
pay_001977,cust_02620,4443.91,INR,CARD,FAILED,TIMEOUT,3,0.922,2026-08-25 11:41:15.661676,0.6531999999999999,True,1.0,0.660371196416971,2934.6301634693414,REVIEW
pay_005312,cust_02193,4851.19,INR,WALLET,FAILED,USER_CANCELLED,4,0.863,2026-06-12 02:58:15.661676,0.4778,True,1.0,0.6024390247924802,2922.546172683032,ESCALATE
pay_009310,cust_02432,4129.5,INR,WALLET,FAILED,USER_CANCELLED,2,0.787,2026-08-23 07:02:15.661676,0.5922000000000001,True,1.0,0.7039875411436899,2907.1165511528675,REVIEW
pay_002622,cust_02204,3399.03,INR,NETBANKING,FAILED,BANK_ERROR,2,0.926,2026-07-10 14:51:15.661676,0.7856000000000001,True,1.0,0.8489200084138325,2885.5045761988695,RECOVER
pay_002171,cust_00202,3983.31,INR,WALLET,FAILED,BANK_ERROR,2,0.667,2026-08-06 08:50:15.661676,0.6702000000000001,True,0.0,0.7243458197680792,2885.2939473403876,REVIEW
pay_007994,cust_02014,3738.42,INR,NETBANKING,FAILED,USER_CANCELLED,2,0.908,2026-06-29 19:36:15.661676,0.6248,True,0.0,0.76497876618341,2859.8119190753837,RECOVER
pay_006891,cust_01421,4058.92,INR,WALLET,FAILED,USER_CANCELLED,3,0.898,2026-08-29 12:23:15.661676,0.5788,True,0.0,0.7045043136788659,2859.5266488774223,REVIEW
pay_003671,cust_01229,4119.83,INR,UPI,FAILED,BANK_ERROR,2,0.643,2026-06-20 06:14:15.661676,0.6758000000000001,True,0.0,0.6915148266590705,2848.923528314838,REVIEW
pay_004444,cust_02630,3115.62,INR,WALLET,FAILED,BANK_ERROR,1,0.99,2026-06-05 13:15:15.661676,0.944,True,1.0,0.9136259171418172,2846.5111799653882,RECOVER
pay_005632,cust_00007,3611.43,INR,NETBANKING,FAILED,USER_CANCELLED,2,0.94,2026-07-29 05:46:15.661676,0.644,True,0.0,0.7827213097976017,2826.7432198423526,RECOVER
pay_006661,cust_00810,3521.09,INR,CARD,FAILED,BANK_ERROR,1,0.791,2026-06-21 23:14:15.661676,0.8046000000000001,True,1.0,0.7992526027944776,2814.2403471736075,RECOVER
pay_000092,cust_02094,3924.19,INR,WALLET,FAILED,USER_CANCELLED,2,0.806,2026-08-11 23:42:15.661676,0.6036000000000001,True,0.0,0.7157227188034666,2808.6319359013755,REVIEW
pay_009140,cust_00175,3418.89,INR,UPI,FAILED,BANK_ERROR,2,0.859,2026-08-28 08:34:15.661676,0.8054000000000001,True,1.0,0.8169342796963331,2793.008439510996,RECOVER
pay_009159,cust_01573,5531.84,INR,CARD,FAILED,TIMEOUT,3,0.709,2026-07-30 21:36:15.661676,0.5253999999999999,True,1.0,0.49897329011199254,2760.240405173125,DO_NOT_ACT
pay_006272,cust_02337,3272.99,INR,WALLET,FAILED,USER_CANCELLED,1,0.924,2026-08-22 17:06:15.661676,0.7544000000000001,True,0.0,0.8390712285317545,2746.271740272147,RECOVER
pay_007221,cust_02451,4382.47,INR,WALLET,FAILED,NETWORK_ERROR,4,0.884,2026-08-27 17:10:15.661676,0.6104,True,1.0,0.6261758272484947,2744.196777641711,ESCALATE
pay_004588,cust_01042,3771.14,INR,NETBANKING,FAILED,USER_CANCELLED,2,0.847,2026-08-03 11:50:15.661676,0.5882000000000001,True,1.0,0.7274289953691399,2743.236581596378,REVIEW
pay_007867,cust_01419,3598.05,INR,CARD,FAILED,BANK_ERROR,2,0.83,2026-07-16 23:49:15.661676,0.748,True,1.0,0.7599607863435147,2734.376907303283,RECOVER
pay_002752,cust_02205,6364.02,INR,CARD,FAILED,USER_CANCELLED,4,0.739,2026-06-09 12:50:15.661676,0.3833999999999999,True,0.0,0.42831026080250933,2725.775065952386,ESCALATE
pay_000252,cust_02726,3767.96,INR,WALLET,FAILED,BANK_ERROR,3,0.774,2026-08-18 18:08:15.661676,0.6544,True,1.0,0.7215016480031506,2718.5893496099516,REVIEW
pay_002658,cust_02671,3685.63,INR,NETBANKING,FAILED,BANK_ERROR,4,0.923,2026-06-21 14:48:15.661676,0.6238,True,0.0,0.7323137670027574,2699.037589078373,ESCALATE
pay_008008,cust_01608,5993.37,INR,UPI,FAILED,BANK_ERROR,4,0.54,2026-06-11 16:20:15.661676,0.454,True,0.0,0.45020340056120023,2698.2355548214805,ESCALATE
pay_008810,cust_02111,3340.4,INR,NETBANKING,FAILED,NETWORK_ERROR,2,0.966,2026-08-27 03:14:15.661676,0.7796,True,1.0,0.8026707045490012,2681.241221475484,RECOVER
pay_001739,cust_00282,3867.05,INR,WALLET,FAILED,BANK_ERROR,2,0.617,2026-08-26 16:12:15.661676,0.6402000000000001,True,0.0,0.6899331988837475,2668.006176743396,REVIEW
pay_000468,cust_01242,3314.31,INR,UPI,FAILED,TIMEOUT,1,0.853,2026-06-20 00:28:15.661676,0.8118,True,1.0,0.7992021756791908,2648.803762875299,RECOVER
pay_008297,cust_00109,8771.5,INR,WALLET,FAILED,CARD_EXPIRED,2,0.771,2026-08-18 09:51:15.661676,0.2826,True,0.0,0.3010832439472668,2640.9516742834508,DO_NOT_ACT
pay_008789,cust_01732,3113.29,INR,WALLET,FAILED,USER_CANCELLED,1,0.933,2026-08-22 17:10:15.661676,0.7598,True,1.0,0.842476364205304,2622.873239916731,RECOVER
pay_003428,cust_02147,5473.24,INR,NETBANKING,FAILED,BANK_ERROR,4,0.575,2026-06-06 20:28:15.661676,0.415,True,1.0,0.4783987814265154,2618.391346454861,ESCALATE
pay_005585,cust_00719,4600.9,INR,UPI,FAILED,NETWORK_ERROR,4,0.834,2026-07-28 11:08:15.661676,0.6004,True,0.0,0.568074136004611,2613.6522923436146,ESCALATE
pay_003151,cust_01939,3546.04,INR,UPI,FAILED,BANK_ERROR,2,0.713,2026-07-01 02:55:15.661676,0.7178000000000001,True,1.0,0.7353036617651149,2607.4161967655677,REVIEW
pay_002650,cust_01801,3721.28,INR,UPI,FAILED,BANK_ERROR,2,0.655,2026-08-15 16:00:15.661676,0.6830000000000002,True,1.0,0.6977278375503662,2596.4406473194267,REVIEW
pay_004395,cust_01184,3539.47,INR,UPI,FAILED,NETWORK_ERROR,1,0.737,2026-06-14 07:53:15.661676,0.7822,True,0.0,0.7322694431552642,2591.845725964763,REVIEW
pay_006512,cust_00034,3662.24,INR,UPI,FAILED,BANK_ERROR,1,0.56,2026-07-21 03:19:15.661676,0.7060000000000001,True,1.0,0.7074610038163658,2590.8919866164474,REVIEW
pay_006739,cust_02430,18926.63,INR,CARD,FAILED,INSUFFICIENT_FUNDS,4,0.494,2026-08-15 14:10:15.661676,0.0864,True,0.0,0.13686880134724896,2590.465161642883,ESCALATE
pay_001935,cust_00747,14995.04,INR,NETBANKING,FAILED,LIMIT_EXCEEDED,4,0.537,2026-06-10 15:12:15.661676,0.0222,True,0.0,0.17106336916137815,2565.102063109632,ESCALATE
pay_000299,cust_01992,3464.38,INR,CARD,FAILED,BANK_ERROR,3,0.906,2026-06-21 08:39:15.661676,0.7136,True,1.0,0.7386533452842926,2558.975876335998,REVIEW
pay_009000,cust_02265,3432.16,INR,NETBANKING,FAILED,TIMEOUT,2,0.864,2026-06-01 07:37:15.661676,0.6784,True,0.0,0.745283097332528,2557.930835340809,REVIEW
pay_009076,cust_01510,6212.04,INR,CARD,FAILED,BANK_ERROR,3,0.458,2026-06-15 00:56:15.661676,0.4448,True,1.0,0.41173734009104457,2557.7288261391723,DO_NOT_ACT
pay_000580,cust_01808,4514.29,INR,WALLET,FAILED,INSUFFICIENT_FUNDS,2,0.926,2026-05-31 19:14:15.661676,0.5256000000000002,True,0.0,0.5659153526769153,2554.7060174358717,REVIEW
pay_004139,cust_01589,3688.75,INR,WALLET,FAILED,NETWORK_ERROR,3,0.869,2026-06-26 09:18:15.661676,0.6814,True,1.0,0.6917012610968721,2551.5130268710873,REVIEW
pay_005007,cust_00989,4183.01,INR,CARD,FAILED,USER_CANCELLED,4,0.969,2026-08-09 21:16:15.661676,0.5214,True,0.0,0.6007605728947158,2512.9874840243256,ESCALATE
pay_008447,cust_01003,3078.72,INR,NETBANKING,FAILED,BANK_ERROR,1,0.736,2026-06-04 15:56:15.661676,0.7516,True,1.0,0.8108794355735348,2496.4707358889527,RECOVER
pay_004773,cust_00052,3030.46,INR,NETBANKING,FAILED,BANK_ERROR,3,0.982,2026-06-29 18:29:15.661676,0.7392,True,0.0,0.823675732776826,2496.1163611508605,RECOVER
pay_008920,cust_02764,3500.77,INR,WALLET,FAILED,BANK_ERROR,4,0.868,2026-08-02 05:29:15.661676,0.6308,True,1.0,0.7097031778601657,2484.507593957532,ESCALATE
pay_008272,cust_02737,4214.31,INR,UPI,FAILED,INSUFFICIENT_FUNDS,1,0.873,2026-08-18 21:29:15.661676,0.5938000000000001,True,1.0,0.5888430744245753,2481.5672569782323,REVIEW
pay_007949,cust_00316,3946.79,INR,NETBANKING,FAILED,NETWORK_ERROR,4,0.911,2026-08-18 08:16:15.661676,0.5866,True,0.0,0.6274566895272753,2476.439787659355,ESCALATE
pay_007686,cust_00478,3721.26,INR,NETBANKING,FAILED,BANK_ERROR,4,0.822,2026-08-02 15:37:15.661676,0.5632,True,1.0,0.6631082382760479,2467.5981627671263,ESCALATE
pay_000539,cust_02774,4044.18,INR,CARD,FAILED,NETWORK_ERROR,2,0.748,2026-08-24 09:12:15.661676,0.6688000000000001,True,1.0,0.6090249316820058,2463.006448209734,REVIEW
pay_000021,cust_01636,5840.19,INR,NETBANKING,FAILED,BANK_ERROR,4,0.499,2026-06-20 16:52:15.661676,0.3694,True,1.0,0.41928438063497137,2448.7004469405533,ESCALATE
pay_005291,cust_02692,6367.66,INR,UPI,FAILED,INSUFFICIENT_FUNDS,2,0.711,2026-07-07 14:03:15.661676,0.4165999999999999,True,0.0,0.38338900911869933,2441.290857804777,DO_NOT_ACT
pay_001784,cust_02971,3321.08,INR,WALLET,FAILED,BANK_ERROR,3,0.798,2026-08-07 00:41:15.661676,0.6688000000000001,True,1.0,0.734822435425865,2440.4040938441317,REVIEW
pay_000377,cust_02109,3633.15,INR,WALLET,FAILED,INSUFFICIENT_FUNDS,1,0.96,2026-07-16 03:19:15.661676,0.626,True,1.0,0.6710470397591259,2438.0145525008684,REVIEW
pay_009274,cust_00238,4132.14,INR,CARD,FAILED,BANK_ERROR,4,0.799,2026-08-27 15:01:15.661676,0.5694,True,1.0,0.5859759272597301,2421.3345680670213,ESCALATE
pay_005713,cust_00422,3588.14,INR,UPI,FAILED,TIMEOUT,4,0.98,2026-07-08 21:51:15.661676,0.648,True,1.0,0.6742726266655575,2419.3845826437537,ESCALATE
pay_004213,cust_01743,3423.01,INR,CARD,FAILED,BANK_ERROR,1,0.629,2026-06-17 12:14:15.661676,0.7074,True,1.0,0.7005065313381775,2397.8408618358953,REVIEW
pay_007618,cust_01971,5979.09,INR,UPI,FAILED,NETWORK_ERROR,4,0.614,2026-07-04 15:58:15.661676,0.4684,True,0.0,0.3987432264552017,2384.121637866032,ESCALATE
pay_006961,cust_01180,4417.57,INR,WALLET,FAILED,NETWORK_ERROR,4,0.774,2026-06-20 12:56:15.661676,0.5444,True,1.0,0.539219307803938,2382.0390375754423,ESCALATE
pay_007488,cust_01420,2614.59,INR,WALLET,FAILED,BANK_ERROR,1,0.956,2026-08-04 03:20:15.661676,0.9236,True,1.0,0.9033597905021675,2361.915474649062,RECOVER
pay_000710,cust_01132,7024.54,INR,WALLET,FAILED,USER_CANCELLED,4,0.511,2026-08-23 05:20:15.661676,0.2666,True,1.0,0.33611025651315907,2361.0199412869465,ESCALATE
pay_005948,cust_01819,4595.04,INR,WALLET,FAILED,TIMEOUT,3,0.63,2026-08-08 22:18:15.661676,0.498,True,1.0,0.5127856746792886,2356.2706865783184,REVIEW
pay_007764,cust_01567,2939.02,INR,NETBANKING,FAILED,BANK_ERROR,2,0.823,2026-07-25 15:32:15.661676,0.7238,True,0.0,0.7986781070904817,2347.3309303010674,RECOVER
pay_001987,cust_01778,3229.48,INR,NETBANKING,FAILED,BANK_ERROR,2,0.698,2026-06-14 05:48:15.661676,0.6488,True,1.0,0.7264617301742585,2346.0936283631645,REVIEW
pay_001994,cust_00585,3186.39,INR,UPI,FAILED,TIMEOUT,1,0.743,2026-08-11 20:47:15.661676,0.7458,True,1.0,0.7347014179414596,2341.045251114487,REVIEW
pay_001345,cust_01413,3864.72,INR,NETBANKING,FAILED,USER_CANCELLED,1,0.566,2026-06-28 18:47:15.661676,0.4995999999999999,True,0.0,0.6044609061299329,2336.072153138474,REVIEW
pay_001448,cust_00495,2890.23,INR,NETBANKING,FAILED,NETWORK_ERROR,1,0.868,2026-07-15 22:16:15.661676,0.8008,True,1.0,0.8069174885221478,2332.1771328513673,RECOVER
pay_002179,cust_00387,9126.02,INR,CARD,FAILED,CARD_EXPIRED,3,0.91,2026-07-16 13:06:15.661676,0.266,True,1.0,0.25457481498704604,2323.254853068082,DO_NOT_ACT
pay_000365,cust_00383,3140.43,INR,CARD,FAILED,BANK_ERROR,3,0.905,2026-07-24 14:35:15.661676,0.713,True,1.0,0.7364583840934672,2312.796003158647,REVIEW
pay_002292,cust_01574,3956.39,INR,NETBANKING,FAILED,BANK_ERROR,4,0.717,2026-08-15 00:45:15.661676,0.5002,True,1.0,0.5841556930325885,2311.147742357203,ESCALATE
pay_001648,cust_01242,3978.2,INR,CARD,FAILED,TIMEOUT,1,0.602,2026-06-22 01:30:15.661676,0.6212,True,1.0,0.5804368153035989,2309.0937386407772,REVIEW
pay_009232,cust_02626,3049.65,INR,WALLET,FAILED,USER_CANCELLED,1,0.765,2026-06-03 18:42:15.661676,0.659,True,1.0,0.7551183400475807,2302.8466457261047,RECOVER
pay_005062,cust_00744,4177.76,INR,WALLET,FAILED,USER_CANCELLED,2,0.581,2026-08-26 16:46:15.661676,0.4685999999999999,True,0.0,0.5484174556101862,2291.1565093500117,REVIEW
pay_002100,cust_01762,3478.34,INR,CARD,FAILED,BANK_ERROR,4,0.897,2026-07-21 07:47:15.661676,0.6282000000000001,True,1.0,0.6573179503851858,2286.375319542807,ESCALATE
pay_002462,cust_01910,3275.24,INR,UPI,FAILED,BANK_ERROR,1,0.549,2026-07-22 06:37:15.661676,0.6994000000000001,True,1.0,0.6979364069307972,2285.909237436024,REVIEW
pay_008257,cust_01010,4435.3,INR,WALLET,FAILED,INSUFFICIENT_FUNDS,2,0.863,2026-07-03 22:52:15.661676,0.4878,True,1.0,0.5143285784880642,2281.2015441681115,REVIEW
pay_002265,cust_01466,3115.59,INR,UPI,FAILED,TIMEOUT,1,0.739,2026-08-19 03:38:15.661676,0.7434,True,0.0,0.7317993223000844,2279.98665056492,REVIEW
pay_000595,cust_02458,4146.55,INR,NETBANKING,FAILED,BANK_ERROR,3,0.561,2026-08-10 15:27:15.661676,0.4866,True,1.0,0.5481697604958914,2273.0133203842383,REVIEW
pay_008510,cust_00372,2906.87,INR,WALLET,FAILED,BANK_ERROR,1,0.659,2026-07-07 10:49:15.661676,0.7454000000000001,True,1.0,0.7810343328385551,2270.3652710984106,RECOVER
pay_007659,cust_00800,3320.36,INR,UPI,FAILED,USER_CANCELLED,3,0.898,2026-06-15 14:59:15.661676,0.5988,True,0.0,0.6827778660651236,2267.068315367994,REVIEW
pay_002837,cust_01887,8294.18,INR,WALLET,FAILED,INSUFFICIENT_FUNDS,3,0.626,2026-07-11 03:27:15.661676,0.2656,True,0.0,0.2729558964664905,2263.945337354436,DO_NOT_ACT
pay_007035,cust_02896,6530.8,INR,NETBANKING,FAILED,LIMIT_EXCEEDED,1,0.56,2026-06-05 14:03:15.661676,0.276,True,1.0,0.34565861035863804,2257.4272525301935,DO_NOT_ACT
pay_005282,cust_02174,3063.29,INR,UPI,FAILED,BANK_ERROR,1,0.604,2026-07-19 23:21:15.661676,0.7324,True,1.0,0.7334054433830101,2246.633560660741,REVIEW
pay_006612,cust_02436,3904.96,INR,NETBANKING,FAILED,TIMEOUT,4,0.843,2026-06-07 09:12:15.661676,0.5057999999999999,True,0.0,0.5743589223637396,2242.848617473509,ESCALATE
pay_009010,cust_00007,4529.98,INR,UPI,FAILED,NETWORK_ERROR,3,0.635,2026-05-31 19:58:15.661676,0.561,True,0.0,0.49509400543633914,2242.7659427465073,DO_NOT_ACT
pay_000361,cust_00529,2739.35,INR,WALLET,FAILED,BANK_ERROR,1,0.73,2026-07-16 12:17:15.661676,0.788,True,1.0,0.8175124559026716,2239.4527460769837,RECOVER
pay_006389,cust_00162,3547.55,INR,NETBANKING,FAILED,TIMEOUT,2,0.698,2026-06-09 04:44:15.661676,0.5788,True,1.0,0.6304011127908269,2236.379467681098,REVIEW
pay_001526,cust_01843,4319.95,INR,NETBANKING,FAILED,USER_CANCELLED,2,0.564,2026-07-01 19:25:15.661676,0.4183999999999999,True,0.0,0.5175787358150732,2235.914259784325,REVIEW
pay_000689,cust_02678,3193.17,INR,CARD,FAILED,BANK_ERROR,1,0.629,2026-07-26 00:28:15.661676,0.7074,True,1.0,0.6993037575276196,2232.995779424469,REVIEW
pay_009369,cust_01321,3944.83,INR,WALLET,FAILED,USER_CANCELLED,4,0.823,2026-08-27 21:17:15.661676,0.4538,True,1.0,0.5652069123299301,2229.6451839664783,ESCALATE
pay_009095,cust_01232,4784.6,INR,UPI,FAILED,NETWORK_ERROR,4,0.707,2026-08-15 05:41:15.661676,0.5242,True,1.0,0.46592606319416996,2229.269841958826,ESCALATE
pay_002965,cust_01967,4810.07,INR,NETBANKING,FAILED,USER_CANCELLED,2,0.492,2026-08-12 02:28:15.661676,0.3752,True,1.0,0.4618823768145558,2221.6865642443904,DO_NOT_ACT
pay_000522,cust_01610,2792.49,INR,NETBANKING,FAILED,BANK_ERROR,2,0.818,2026-06-11 02:33:15.661676,0.7208,True,1.0,0.7954442641153147,2221.270153099375,RECOVER
pay_008538,cust_01096,7031.1,INR,CARD,FAILED,USER_CANCELLED,4,0.584,2026-07-04 12:29:15.661676,0.2904,True,0.0,0.31459481780051457,2211.947623437198,ESCALATE
pay_001630,cust_01005,3576.78,INR,WALLET,FAILED,INSUFFICIENT_FUNDS,1,0.889,2026-08-27 05:52:15.661676,0.5834,True,1.0,0.6176218170060767,2209.097362630995,REVIEW
pay_005973,cust_01064,3129.68,INR,NETBANKING,FAILED,BANK_ERROR,2,0.667,2026-07-11 06:49:15.661676,0.6302000000000001,True,1.0,0.7053567654159211,2207.5409615869,REVIEW
pay_003833,cust_00417,4141.74,INR,CARD,FAILED,TIMEOUT,4,0.871,2026-06-09 19:37:15.661676,0.5426,True,1.0,0.5329982035717029,2207.5399796610645,ESCALATE
pay_006717,cust_02621,4182.73,INR,CARD,FAILED,NETWORK_ERROR,2,0.643,2026-06-24 21:08:15.661676,0.6058,True,0.0,0.525849234028951,2199.485366649914,REVIEW
pay_005568,cust_01204,3144.14,INR,UPI,FAILED,NETWORK_ERROR,2,0.799,2026-08-04 00:48:15.661676,0.7394000000000001,True,1.0,0.6985510501859845,2196.3422989317614,REVIEW
pay_006037,cust_02408,3604.85,INR,NETBANKING,FAILED,BANK_ERROR,2,0.532,2026-07-28 10:52:15.661676,0.5492,True,1.0,0.6091041810732429,2195.7292071418797,REVIEW
pay_000945,cust_00639,7921.29,INR,UPI,FAILED,LIMIT_EXCEEDED,4,0.781,2026-06-11 15:38:15.661676,0.2286,True,0.0,0.27511417026544394,2179.2591257819586,ESCALATE
pay_008540,cust_01476,3031.78,INR,CARD,FAILED,USER_CANCELLED,1,0.81,2026-08-15 20:15:15.661676,0.666,True,1.0,0.7182765474428109,2177.6564710061652,REVIEW
pay_007253,cust_02156,4210.68,INR,CARD,FAILED,NETWORK_ERROR,4,0.851,2026-07-02 21:34:15.661676,0.5706,True,0.0,0.5167206850918297,2175.7454543024655,ESCALATE
pay_003145,cust_02085,2555.01,INR,NETBANKING,FAILED,TIMEOUT,1,0.964,2026-07-16 03:34:15.661676,0.8183999999999999,True,1.0,0.850323724385396,2172.585619041931,RECOVER
pay_005356,cust_02979,3699.41,INR,UPI,FAILED,USER_CANCELLED,1,0.544,2026-08-13 10:14:15.661676,0.5464000000000001,True,0.0,0.5832448334442674,2157.661769292057,REVIEW
pay_006888,cust_01695,7665.3,INR,UPI,FAILED,INSUFFICIENT_FUNDS,3,0.669,2026-08-14 02:52:15.661676,0.3114,True,0.0,0.28116755833177237,2155.233684880535,DO_NOT_ACT
pay_004249,cust_01541,2682.19,INR,WALLET,FAILED,NETWORK_ERROR,1,0.822,2026-06-24 14:05:15.661676,0.8132,True,1.0,0.7935553409803616,2128.466200024116,RECOVER
pay_007258,cust_02064,3038.46,INR,WALLET,FAILED,BANK_ERROR,4,0.845,2026-06-15 11:36:15.661676,0.617,True,1.0,0.6915236296420029,2101.16688772204,ESCALATE
pay_004881,cust_02523,4003.91,INR,NETBANKING,FAILED,NETWORK_ERROR,1,0.452,2026-07-21 22:18:15.661676,0.5512,True,1.0,0.5245332494634498,2100.183922859201,REVIEW
pay_006825,cust_00337,3292.58,INR,NETBANKING,FAILED,BANK_ERROR,1,0.458,2026-08-11 16:19:15.661676,0.5848,True,1.0,0.6347056517505056,2089.81913484068,REVIEW
pay_001470,cust_01309,2580.35,INR,WALLET,FAILED,BANK_ERROR,2,0.821,2026-07-14 06:46:15.661676,0.7626000000000001,True,1.0,0.8076007325351028,2083.8925501969525,RECOVER
pay_001013,cust_02288,9511.04,INR,NETBANKING,FAILED,FRAUD_SUSPECTED,1,0.822,2026-08-13 01:27:15.661676,0.1031999999999999,True,0.0,0.21823568693469583,2075.6483478633695,ESCALATE
pay_005398,cust_00172,3250.11,INR,UPI,FAILED,LIMIT_EXCEEDED,1,0.958,2026-08-10 23:04:15.661676,0.5748,True,0.0,0.6385176675107148,2075.252656353249,REVIEW
pay_008207,cust_02400,2950.75,INR,CARD,FAILED,BANK_ERROR,3,0.854,2026-08-03 20:15:15.661676,0.6824,True,1.0,0.7018721854439641,2071.049351198777,REVIEW
pay_008604,cust_01645,2528.14,INR,CARD,FAILED,BANK_ERROR,1,0.838,2026-08-09 10:08:15.661676,0.8328,True,1.0,0.8191357973506799,2070.8899747141477,RECOVER
pay_005911,cust_01722,2709.69,INR,WALLET,FAILED,TIMEOUT,3,0.987,2026-07-01 01:56:15.661676,0.7121999999999999,True,1.0,0.7633232234395195,2068.3693053218317,RECOVER
pay_008629,cust_02571,3033.66,INR,UPI,FAILED,NETWORK_ERROR,1,0.659,2026-06-28 08:09:15.661676,0.7354,True,0.0,0.6766968196553038,2052.868073915509,REVIEW
pay_008739,cust_02324,5898.76,INR,CARD,FAILED,INSUFFICIENT_FUNDS,4,0.964,2026-06-09 03:20:15.661676,0.3684,True,0.0,0.3475099769097413,2049.8779513961053,ESCALATE
pay_003126,cust_01358,3267.31,INR,CARD,FAILED,BANK_ERROR,1,0.529,2026-06-28 23:43:15.661676,0.6474000000000001,True,0.0,0.6269128381329401,2048.3185851601365,REVIEW
pay_006848,cust_00871,2646.5,INR,WALLET,FAILED,BANK_ERROR,3,0.862,2026-08-18 11:51:15.661676,0.7072,True,1.0,0.770581457284169,2039.3438267025533,RECOVER
pay_002652,cust_02418,6096.24,INR,UPI,FAILED,INSUFFICIENT_FUNDS,1,0.538,2026-06-09 04:36:15.661676,0.3928,True,0.0,0.33429367247010733,2037.934457859167,DO_NOT_ACT
pay_001863,cust_01997,3411.1,INR,WALLET,FAILED,LIMIT_EXCEEDED,2,0.985,2026-06-27 23:09:15.661676,0.491,True,0.0,0.5954437114690375,2031.1180441920337,REVIEW
pay_005120,cust_00822,3475.42,INR,NETBANKING,FAILED,TIMEOUT,3,0.749,2026-07-16 10:16:15.661676,0.5293999999999999,True,1.0,0.5842582057802392,2030.542653532759,REVIEW
pay_006781,cust_02125,4729.36,INR,NETBANKING,FAILED,BANK_ERROR,4,0.52,2026-07-23 18:08:15.661676,0.382,True,1.0,0.4292890319101645,2030.2623759546555,ESCALATE
pay_007210,cust_00051,4553.97,INR,CARD,FAILED,USER_CANCELLED,3,0.663,2026-06-14 04:05:15.661676,0.4177999999999999,True,0.0,0.444308812995229,2023.369005115883,DO_NOT_ACT
pay_000516,cust_00555,3308.71,INR,NETBANKING,FAILED,NETWORK_ERROR,4,0.884,2026-06-01 08:33:15.661676,0.5704,True,1.0,0.6028077155789282,1994.5159166131555,ESCALATE
pay_002271,cust_02310,2387.83,INR,UPI,FAILED,TIMEOUT,1,0.929,2026-07-02 05:16:15.661676,0.8574,True,1.0,0.8329426711330226,1988.9254984115653,RECOVER
pay_006306,cust_00919,3955.12,INR,UPI,FAILED,BANK_ERROR,4,0.62,2026-08-09 08:53:15.661676,0.5020000000000001,True,1.0,0.5027092651376555,1988.2754687312438,ESCALATE
pay_002010,cust_00593,3827.84,INR,UPI,FAILED,BANK_ERROR,4,0.64,2026-06-30 03:29:15.661676,0.5140000000000001,True,0.0,0.5182502030930624,1983.7788574077479,ESCALATE
pay_004811,cust_00177,3311.61,INR,CARD,FAILED,NETWORK_ERROR,4,0.955,2026-08-18 07:06:15.661676,0.633,True,1.0,0.5949380280007113,1970.2027229074356,ESCALATE
pay_001904,cust_00041,2430.16,INR,UPI,FAILED,NETWORK_ERROR,1,0.873,2026-07-05 01:40:15.661676,0.8638,True,0.0,0.8058124278981529,1958.253129780975,RECOVER
pay_003041,cust_00279,2945.91,INR,WALLET,FAILED,BANK_ERROR,2,0.583,2026-07-17 11:16:15.661676,0.6198,True,1.0,0.6605469239211061,1945.9117886484257,REVIEW
pay_006526,cust_01634,2267.52,INR,WALLET,FAILED,TIMEOUT,1,0.942,2026-06-05 15:22:15.661676,0.8452,True,1.0,0.8494112254444799,1926.056941919867,RECOVER
pay_009288,cust_00533,2473.68,INR,WALLET,FAILED,BANK_ERROR,4,0.976,2026-07-12 12:53:15.661676,0.6956,True,1.0,0.7722986134445106,1910.4196341054167,ESCALATE
pay_000208,cust_00201,2727.19,INR,WALLET,FAILED,NETWORK_ERROR,2,0.778,2026-08-15 13:07:15.661676,0.7068000000000001,True,1.0,0.6995708890734064,1907.8627329721032,REVIEW
pay_006074,cust_01497,2597.24,INR,WALLET,FAILED,NETWORK_ERROR,1,0.722,2026-06-19 14:27:15.661676,0.7532,True,0.0,0.7344927548985085,1907.6539627326022,REVIEW
pay_002290,cust_01526,5641.45,INR,CARD,FAILED,LIMIT_EXCEEDED,4,0.965,2026-06-04 00:07:15.661676,0.299,True,0.0,0.33689066648223737,1900.551850426218,ESCALATE
pay_005367,cust_02511,5380.75,INR,WALLET,FAILED,CARD_EXPIRED,3,0.979,2026-07-15 23:54:15.661676,0.3274,True,1.0,0.3531196145599156,1900.0483660432658,DO_NOT_ACT
pay_004267,cust_02014,2281.79,INR,UPI,FAILED,NETWORK_ERROR,1,0.929,2026-06-25 18:44:15.661676,0.8974000000000001,True,1.0,0.8323477128517589,1899.242687708015,RECOVER
pay_001500,cust_02717,2904.51,INR,CARD,FAILED,BANK_ERROR,2,0.675,2026-07-23 20:32:15.661676,0.6550000000000001,True,1.0,0.6521693653296186,1894.2324432935304,REVIEW
pay_009705,cust_01560,2790.4,INR,UPI,FAILED,TIMEOUT,2,0.768,2026-07-28 15:36:15.661676,0.6808000000000001,True,1.0,0.6752226239557615,1884.141209886157,REVIEW
pay_001046,cust_00709,3666.26,INR,WALLET,FAILED,LIMIT_EXCEEDED,1,0.771,2026-08-14 21:32:15.661676,0.4426,True,0.0,0.5129951309779209,1880.7735288991125,REVIEW
pay_000496,cust_01149,2782.56,INR,UPI,FAILED,NETWORK_ERROR,2,0.767,2026-06-17 01:34:15.661676,0.7202000000000001,True,0.0,0.6741051169961505,1875.7379343488085,REVIEW
pay_000681,cust_01309,3220.65,INR,CARD,FAILED,BANK_ERROR,3,0.691,2026-07-28 15:32:15.661676,0.5846,True,1.0,0.5818105444717069,1873.8081300528029,REVIEW
pay_009861,cust_02646,2934.59,INR,UPI,FAILED,BANK_ERROR,3,0.687,2026-07-27 05:13:15.661676,0.6222000000000001,True,0.0,0.6371324758257437,1869.7225922334694,REVIEW
pay_008634,cust_00865,4524.17,INR,NETBANKING,FAILED,USER_CANCELLED,3,0.542,2026-08-06 08:24:15.661676,0.3251999999999999,True,1.0,0.4121654496088682,1864.7065621569532,DO_NOT_ACT
pay_002525,cust_01938,3779.86,INR,CARD,FAILED,NETWORK_ERROR,2,0.6,2026-08-08 23:34:15.661676,0.5800000000000001,True,0.0,0.4882301882335613,1845.441759296509,DO_NOT_ACT
pay_001334,cust_01312,5958.54,INR,CARD,FAILED,INSUFFICIENT_FUNDS,3,0.8,2026-06-01 03:08:15.661676,0.35,True,0.0,0.3087486627130332,1839.6912567221168,DO_NOT_ACT
pay_009619,cust_01575,4111.93,INR,NETBANKING,FAILED,INSUFFICIENT_FUNDS,2,0.805,2026-08-29 11:11:15.661676,0.4130000000000001,True,1.0,0.44714644383107044,1838.6348767822935,DO_NOT_ACT
pay_007288,cust_00790,4178.97,INR,UPI,FAILED,LIMIT_EXCEEDED,2,0.807,2026-08-09 13:48:15.661676,0.4042,True,1.0,0.43536544274240474,1819.3791242572272,DO_NOT_ACT
pay_007399,cust_00113,2453.04,INR,WALLET,FAILED,TIMEOUT,1,0.732,2026-06-08 12:18:15.661676,0.7192,True,0.0,0.7404399631397901,1816.3288471804308,REVIEW
pay_008753,cust_01664,2966.88,INR,CARD,FAILED,USER_CANCELLED,4,0.988,2026-08-12 10:51:15.661676,0.5327999999999999,True,0.0,0.6083624843026376,1804.9384874278096,ESCALATE
pay_009801,cust_00701,3816.34,INR,CARD,FAILED,BANK_ERROR,3,0.552,2026-08-03 08:24:15.661676,0.5012,True,1.0,0.4727144763889363,1804.0391648221532,DO_NOT_ACT
pay_002718,cust_01777,3670.87,INR,NETBANKING,FAILED,USER_CANCELLED,4,0.753,2026-06-10 04:52:15.661676,0.3718,True,0.0,0.4887007503514161,1793.9569234425028,ESCALATE
pay_009356,cust_00951,2659.86,INR,UPI,FAILED,BANK_ERROR,2,0.625,2026-08-29 13:41:15.661676,0.6650000000000001,True,1.0,0.6708440618006052,1784.3512862209577,REVIEW
pay_002059,cust_01077,2230.65,INR,UPI,FAILED,BANK_ERROR,2,0.828,2026-07-27 05:31:15.661676,0.7868,True,1.0,0.7965369577718724,1776.7951648538271,RECOVER
pay_005008,cust_02599,2671.03,INR,NETBANKING,FAILED,BANK_ERROR,4,0.832,2026-08-27 23:06:15.661676,0.5692,True,0.0,0.6645625896618301,1775.0666138644383,ESCALATE
pay_004580,cust_02184,3516.75,INR,NETBANKING,FAILED,NETWORK_ERROR,2,0.54,2026-06-29 10:46:15.661676,0.524,True,0.0,0.5037853042730062,1771.6869688020945,REVIEW
pay_009395,cust_01313,2071.4,INR,WALLET,FAILED,BANK_ERROR,2,0.927,2026-07-06 13:54:15.661676,0.8262000000000002,True,1.0,0.8542412906586013,1769.4754094702269,RECOVER
pay_006943,cust_01050,5115.29,INR,CARD,FAILED,INSUFFICIENT_FUNDS,3,0.853,2026-08-07 00:55:15.661676,0.3818,True,1.0,0.34214222704921515,1750.1567126025798,DO_NOT_ACT
pay_001486,cust_01364,3812.62,INR,CARD,FAILED,TIMEOUT,1,0.453,2026-07-13 14:32:15.661676,0.5317999999999999,True,1.0,0.4584597738468756,1747.9329029640746,DO_NOT_ACT
pay_007955,cust_02963,5332.8,INR,CARD,FAILED,BANK_ERROR,4,0.463,2026-08-26 10:54:15.661676,0.3678,True,1.0,0.3271945754579398,1744.8632320021013,ESCALATE
pay_008522,cust_00256,2125.15,INR,WALLET,FAILED,NETWORK_ERROR,1,0.88,2026-08-21 03:57:15.661676,0.848,True,1.0,0.8208588804456173,1744.4482497790036,RECOVER
pay_009400,cust_01754,3016.71,INR,NETBANKING,FAILED,NETWORK_ERROR,4,0.854,2026-08-03 13:25:15.661676,0.5524,True,1.0,0.5773371674817181,1741.658806513774,ESCALATE
pay_005012,cust_01139,3251.39,INR,CARD,FAILED,BANK_ERROR,2,0.522,2026-08-13 14:05:15.661676,0.5632,True,1.0,0.5342392021462828,1737.0199994664024,REVIEW
pay_004251,cust_00934,4273.87,INR,UPI,FAILED,USER_CANCELLED,3,0.538,2026-07-19 02:23:15.661676,0.3828,True,1.0,0.4046114724933702,1729.25683394524,DO_NOT_ACT
pay_008398,cust_00338,2069.21,INR,NETBANKING,FAILED,NETWORK_ERROR,1,0.934,2026-08-15 16:16:15.661676,0.8404,True,1.0,0.8355330245423842,1728.8932897133468,RECOVER
pay_009875,cust_01040,2333.32,INR,WALLET,FAILED,NETWORK_ERROR,1,0.733,2026-08-28 22:48:15.661676,0.7598,True,0.0,0.7401819457261207,1727.0813376016722,REVIEW
pay_000813,cust_02694,5753.61,INR,NETBANKING,FAILED,INSUFFICIENT_FUNDS,2,0.598,2026-07-16 15:00:15.661676,0.2888,True,0.0,0.2998828459110771,1725.4089410624322,DO_NOT_ACT
pay_007715,cust_01042,5111.87,INR,UPI,FAILED,INSUFFICIENT_FUNDS,4,0.876,2026-06-17 18:48:15.661676,0.3556000000000001,True,0.0,0.3353036633779877,1714.0287377120342,ESCALATE
pay_003383,cust_01081,2143.21,INR,NETBANKING,FAILED,BANK_ERROR,3,0.934,2026-08-07 23:25:15.661676,0.7104,True,1.0,0.7961600163882132,1706.3381087233824,RECOVER
pay_004899,cust_02022,3092.48,INR,NETBANKING,FAILED,BANK_ERROR,4,0.683,2026-06-09 19:56:15.661676,0.4798,True,0.0,0.5516174302910302,1705.865870826405,ESCALATE
pay_007745,cust_02977,2461.6,INR,NETBANKING,FAILED,BANK_ERROR,1,0.542,2026-08-05 22:50:15.661676,0.6352,True,1.0,0.6913197631312543,1701.7527289238956,REVIEW
pay_005534,cust_00389,2139.65,INR,UPI,FAILED,BANK_ERROR,1,0.716,2026-08-25 08:17:15.661676,0.7996000000000001,True,1.0,0.794948133793736,1700.9107744717671,RECOVER
pay_002078,cust_00593,4736.75,INR,NETBANKING,FAILED,TIMEOUT,3,0.458,2026-07-31 04:26:15.661676,0.3547999999999999,True,0.0,0.35907316480402995,1700.839813385489,DO_NOT_ACT
pay_006496,cust_01504,2453.18,INR,CARD,FAILED,TIMEOUT,2,0.868,2026-08-13 09:03:15.661676,0.7008,True,1.0,0.6894195185549615,1691.2701745286604,REVIEW
pay_000059,cust_01229,2356.68,INR,WALLET,FAILED,TIMEOUT,1,0.697,2026-06-29 12:27:15.661676,0.6981999999999999,True,1.0,0.7173719989631826,1690.616242516553,REVIEW
pay_000154,cust_02330,2177.22,INR,UPI,FAILED,BANK_ERROR,2,0.788,2026-07-26 05:31:15.661676,0.7628000000000001,True,1.0,0.7742948766692024,1685.8102913817206,RECOVER
pay_003521,cust_00910,2703.21,INR,WALLET,FAILED,USER_CANCELLED,3,0.797,2026-07-11 14:37:15.661676,0.5182,True,0.0,0.6236237604717719,1685.7859855448987,REVIEW
pay_001085,cust_00554,2454.18,INR,WALLET,FAILED,BANK_ERROR,2,0.621,2026-08-22 11:30:15.661676,0.6426000000000001,True,0.0,0.685179627456714,1681.5541381117182,REVIEW
pay_000082,cust_01070,2405.93,INR,CARD,FAILED,NETWORK_ERROR,1,0.772,2026-07-23 14:05:15.661676,0.7632,True,0.0,0.6983362828458772,1680.1482129873814,REVIEW
pay_002670,cust_00913,2982.46,INR,UPI,FAILED,BANK_ERROR,4,0.701,2026-07-08 23:00:15.661676,0.5506000000000001,True,0.0,0.5625064875274113,1677.653098791003,ESCALATE
pay_007238,cust_02067,2257.56,INR,WALLET,FAILED,BANK_ERROR,1,0.578,2026-08-03 20:26:15.661676,0.6968,True,1.0,0.7292437643110541,1646.3115525580633,REVIEW
pay_007206,cust_02843,2049.72,INR,UPI,FAILED,BANK_ERROR,2,0.838,2026-08-22 11:11:15.661676,0.7928000000000001,True,1.0,0.801065153085955,1641.9592655833437,RECOVER
pay_007043,cust_02465,2614.0,INR,NETBANKING,FAILED,TIMEOUT,2,0.702,2026-06-20 07:04:15.661676,0.5811999999999999,True,0.0,0.6280246952947501,1641.6565535004768,REVIEW
pay_003691,cust_01480,2770.23,INR,CARD,FAILED,USER_CANCELLED,1,0.64,2026-08-03 04:21:15.661676,0.5640000000000001,True,0.0,0.5923745518284075,1641.0137547116092,REVIEW
pay_003877,cust_00319,3866.14,INR,NETBANKING,FAILED,USER_CANCELLED,2,0.451,2026-07-12 18:53:15.661676,0.3505999999999999,True,0.0,0.423044482302079,1635.5491948073595,DO_NOT_ACT
pay_004599,cust_00690,2533.67,INR,NETBANKING,FAILED,USER_CANCELLED,3,0.848,2026-06-28 12:21:15.661676,0.5087999999999999,True,0.0,0.6446273106092004,1633.272878071213,REVIEW
pay_008620,cust_02875,6422.71,INR,NETBANKING,FAILED,INSUFFICIENT_FUNDS,4,0.741,2026-06-01 18:10:15.661676,0.2146,True,0.0,0.25333447209609244,1627.093847276294,ESCALATE
pay_003947,cust_00982,2779.72,INR,UPI,FAILED,NETWORK_ERROR,2,0.649,2026-07-11 23:47:15.661676,0.6494000000000001,True,1.0,0.5844512661379414,1624.6108735089583,REVIEW
pay_009484,cust_00217,2252.96,INR,NETBANKING,FAILED,USER_CANCELLED,1,0.739,2026-07-21 02:39:15.661676,0.6033999999999999,True,1.0,0.7209859006056581,1624.3523946285236,REVIEW
pay_004153,cust_00736,1936.99,INR,NETBANKING,FAILED,USER_CANCELLED,1,0.955,2026-06-22 23:23:15.661676,0.733,True,1.0,0.838546305167462,1624.2558076463222,RECOVER
pay_003653,cust_00678,2580.71,INR,WALLET,FAILED,BANK_ERROR,4,0.762,2026-07-21 16:25:15.661676,0.5672,True,1.0,0.6282164745024192,1621.2445379131384,ESCALATE
pay_002523,cust_01053,2425.97,INR,UPI,FAILED,TIMEOUT,2,0.758,2026-08-15 21:54:15.661676,0.6748000000000001,True,0.0,0.665997866297853,1615.6908437026023,REVIEW
pay_003253,cust_00505,3013.71,INR,NETBANKING,FAILED,NETWORK_ERROR,3,0.689,2026-06-30 07:59:15.661676,0.5333999999999999,True,1.0,0.532714616519135,1605.4473669498823,REVIEW
pay_003215,cust_02402,3256.79,INR,UPI,FAILED,NETWORK_ERROR,4,0.751,2026-08-28 14:10:15.661676,0.5506000000000001,True,0.0,0.49230942453615206,1603.3484107350946,ESCALATE
pay_006099,cust_00179,2178.59,INR,NETBANKING,FAILED,USER_CANCELLED,2,0.867,2026-06-10 01:13:15.661676,0.6002000000000001,True,0.0,0.7324926219657046,1595.8011012882646,REVIEW
pay_006835,cust_02075,2462.12,INR,UPI,FAILED,INSUFFICIENT_FUNDS,1,0.962,2026-08-16 00:07:15.661676,0.6472,True,1.0,0.6471221941065037,1593.2924965535049,REVIEW
pay_006401,cust_00478,2354.52,INR,UPI,FAILED,TIMEOUT,3,0.882,2026-08-02 16:18:15.661676,0.6692,True,1.0,0.6759206376633753,1591.4686597911705,REVIEW
pay_006673,cust_01078,2428.95,INR,CARD,FAILED,BANK_ERROR,1,0.569,2026-07-18 15:12:15.661676,0.6714,True,1.0,0.6522268986353787,1584.226525440403,REVIEW
pay_008645,cust_00416,2212.23,INR,UPI,FAILED,NETWORK_ERROR,2,0.828,2026-08-02 14:48:15.661676,0.7568,True,0.0,0.7134034395682795,1578.212491116135,REVIEW
pay_007386,cust_00767,2324.6,INR,UPI,FAILED,BANK_ERROR,1,0.524,2026-08-14 19:43:15.661676,0.6844000000000001,True,0.0,0.6752650845349922,1569.7212155100428,REVIEW
pay_001000,cust_01926,2858.54,INR,CARD,FAILED,NETWORK_ERROR,4,0.897,2026-06-18 05:37:15.661676,0.5982000000000001,True,0.0,0.545762531422037,1560.0840265711497,ESCALATE
pay_003605,cust_00849,3380.25,INR,UPI,FAILED,USER_CANCELLED,2,0.504,2026-08-13 02:42:15.661676,0.4423999999999999,True,1.0,0.4598051608761278,1554.2563950515312,DO_NOT_ACT
pay_009671,cust_01177,2099.99,INR,WALLET,FAILED,NETWORK_ERROR,3,0.951,2026-06-14 17:40:15.661676,0.7305999999999999,True,1.0,0.738175421793043,1550.161004011172,REVIEW
pay_003210,cust_01589,2594.06,INR,CARD,FAILED,LIMIT_EXCEEDED,1,0.986,2026-07-20 09:00:15.661676,0.5516,True,0.0,0.5965654623973309,1547.5266033864202,REVIEW
pay_004950,cust_02431,2559.59,INR,UPI,FAILED,INSUFFICIENT_FUNDS,1,0.905,2026-08-14 05:54:15.661676,0.6130000000000001,True,1.0,0.6040920945262654,1546.2280842284838,REVIEW
pay_004443,cust_01737,2811.6,INR,UPI,FAILED,INSUFFICIENT_FUNDS,1,0.835,2026-08-14 17:22:15.661676,0.5710000000000001,True,0.0,0.5498435052852213,1545.9399994599282,REVIEW
pay_009891,cust_01306,4922.43,INR,WALLET,FAILED,LIMIT_EXCEEDED,4,0.835,2026-08-12 03:24:15.661676,0.241,True,0.0,0.31363464879500946,1543.8446042680184,ESCALATE
pay_008708,cust_00638,2508.18,INR,WALLET,FAILED,NETWORK_ERROR,3,0.769,2026-07-25 07:30:15.661676,0.6214,True,0.0,0.6110753463778985,1532.6869622781173,REVIEW
pay_001028,cust_00855,1990.27,INR,WALLET,FAILED,BANK_ERROR,1,0.645,2026-08-24 05:53:15.661676,0.7370000000000001,True,1.0,0.7690775684413542,1530.672012141774,RECOVER
pay_008815,cust_01166,2322.25,INR,NETBANKING,FAILED,TIMEOUT,3,0.854,2026-07-13 06:59:15.661676,0.5923999999999999,True,0.0,0.6580745700442364,1528.213670285228,REVIEW
pay_006966,cust_00404,2779.38,INR,NETBANKING,FAILED,NETWORK_ERROR,4,0.82,2026-06-17 13:10:15.661676,0.5319999999999999,True,1.0,0.5485501026322981,1524.6291842541568,ESCALATE
pay_004346,cust_01004,1847.98,INR,WALLET,FAILED,BANK_ERROR,2,0.86,2026-06-05 15:16:15.661676,0.786,True,0.0,0.8240040178888899,1522.7429449783108,RECOVER
pay_009036,cust_00147,2480.58,INR,WALLET,FAILED,NETWORK_ERROR,3,0.769,2026-06-06 15:19:15.661676,0.6214,True,0.0,0.6109119044308193,1515.4158518930017,REVIEW
pay_002163,cust_00433,2693.45,INR,CARD,FAILED,NETWORK_ERROR,4,0.919,2026-06-20 15:42:15.661676,0.6114,True,1.0,0.5625098906243756,1515.0922649022243,ESCALATE
pay_007201,cust_00443,2021.76,INR,WALLET,FAILED,BANK_ERROR,3,0.829,2026-06-28 05:25:15.661676,0.6874,True,1.0,0.7480380822395947,1512.353473148723,REVIEW
pay_004833,cust_00328,2893.68,INR,WALLET,FAILED,TIMEOUT,4,0.764,2026-07-10 07:26:15.661676,0.4983999999999999,True,0.0,0.5220298323913395,1510.5872853941712,ESCALATE
pay_007395,cust_00534,1872.91,INR,WALLET,FAILED,NETWORK_ERROR,1,0.851,2026-06-18 06:52:15.661676,0.8306,True,1.0,0.8055124058993777,1508.6522401330035,RECOVER
pay_002101,cust_02367,2443.36,INR,WALLET,FAILED,NETWORK_ERROR,2,0.668,2026-06-12 11:17:15.661676,0.6408,True,1.0,0.6174322724449581,1508.609317201113,REVIEW
pay_002456,cust_01297,5941.98,INR,CARD,FAILED,LIMIT_EXCEEDED,3,0.729,2026-08-22 04:21:15.661676,0.2374,True,0.0,0.25303721529940765,1503.5420725647741,DO_NOT_ACT
pay_004801,cust_01644,2712.47,INR,UPI,FAILED,BANK_ERROR,2,0.472,2026-06-30 20:04:15.661676,0.5732,True,1.0,0.5531129215030429,1500.3022061893587,REVIEW
pay_008445,cust_02026,2101.61,INR,CARD,FAILED,TIMEOUT,1,0.795,2026-06-13 21:39:15.661676,0.737,True,1.0,0.7127147705206576,1497.8484888739192,REVIEW
pay_008130,cust_02766,2264.18,INR,NETBANKING,FAILED,INSUFFICIENT_FUNDS,1,0.979,2026-08-21 22:17:15.661676,0.5974,True,1.0,0.6612792823618595,1497.2553255380749,REVIEW
pay_000511,cust_01589,2244.79,INR,UPI,FAILED,TIMEOUT,2,0.759,2026-08-05 17:12:15.661676,0.6754,True,1.0,0.6657207012559092,1494.4031729722524,REVIEW
pay_003316,cust_00403,2522.88,INR,WALLET,FAILED,LIMIT_EXCEEDED,1,0.875,2026-08-11 01:40:15.661676,0.505,True,1.0,0.5898667919420933,1488.1631320548686,REVIEW
pay_002192,cust_02621,2616.88,INR,UPI,FAILED,USER_CANCELLED,2,0.643,2026-06-14 04:51:15.661676,0.5257999999999999,True,0.0,0.5681129422290897,1486.6833962604603,REVIEW
pay_007257,cust_01253,1691.77,INR,CARD,FAILED,BANK_ERROR,1,0.988,2026-06-22 11:00:15.661676,0.9228,True,1.0,0.87867260968869,1486.511960893035,RECOVER
pay_000054,cust_01953,2949.35,INR,CARD,FAILED,BANK_ERROR,2,0.487,2026-06-05 22:01:15.661676,0.5422000000000001,True,1.0,0.5038132841083296,1485.9217094849018,REVIEW
pay_000175,cust_00537,2256.01,INR,NETBANKING,FAILED,INSUFFICIENT_FUNDS,1,0.975,2026-07-10 14:50:15.661676,0.595,True,1.0,0.6582990403666553,1485.129218057578,REVIEW
pay_009821,cust_02069,2289.65,INR,UPI,FAILED,TIMEOUT,4,0.951,2026-07-02 17:35:15.661676,0.6305999999999999,True,1.0,0.645756811521977,1478.5570835012945,ESCALATE
pay_003969,cust_00929,9065.4,INR,UPI,FAILED,FRAUD_SUSPECTED,1,0.717,2026-08-09 18:11:15.661676,0.1002,True,0.0,0.16216381964768642,1470.0798906341365,ESCALATE
pay_006184,cust_02482,8624.26,INR,CARD,FAILED,FRAUD_SUSPECTED,2,0.925,2026-06-12 05:59:15.661676,0.105,True,0.0,0.17010747059319065,1467.0510543380303,ESCALATE
pay_004934,cust_02649,4437.73,INR,CARD,FAILED,INSUFFICIENT_FUNDS,3,0.84,2026-06-16 01:27:15.661676,0.374,True,1.0,0.328907068625215,1459.6007656501754,DO_NOT_ACT
pay_003647,cust_00659,2223.7,INR,UPI,FAILED,USER_CANCELLED,2,0.758,2026-07-11 19:37:15.661676,0.5948000000000001,True,1.0,0.6548036117699653,1456.0867914928717,REVIEW
pay_003727,cust_00597,2690.54,INR,CARD,FAILED,BANK_ERROR,2,0.533,2026-08-16 16:48:15.661676,0.5698000000000001,True,1.0,0.5397037085408386,1452.0944159774679,REVIEW
pay_000204,cust_02407,4200.85,INR,NETBANKING,FAILED,LIMIT_EXCEEDED,4,0.906,2026-07-28 21:32:15.661676,0.2436,True,0.0,0.3450158234265777,1449.359721841539,ESCALATE
pay_006096,cust_00154,3263.61,INR,CARD,FAILED,NETWORK_ERROR,3,0.656,2026-06-21 04:05:15.661676,0.5336,True,1.0,0.44140282103816925,1440.5666607683795,DO_NOT_ACT
pay_007440,cust_02482,2995.0,INR,UPI,FAILED,BANK_ERROR,3,0.49,2026-08-03 06:05:15.661676,0.504,True,0.0,0.48015474486314946,1438.0634608651326,DO_NOT_ACT
pay_000418,cust_01627,1983.34,INR,WALLET,FAILED,TIMEOUT,3,0.923,2026-06-17 16:46:15.661676,0.6738,True,0.0,0.719849231804927,1427.7057754079838,REVIEW
pay_008747,cust_01651,1669.95,INR,UPI,FAILED,NETWORK_ERROR,1,0.977,2026-06-16 07:28:15.661676,0.9262,True,1.0,0.8511938725001313,1421.4512073815945,RECOVER
pay_000351,cust_00304,2318.62,INR,WALLET,FAILED,INSUFFICIENT_FUNDS,1,0.888,2026-06-16 10:56:15.661676,0.5828000000000001,True,0.0,0.6094142620525582,1413.0000962803024,REVIEW
pay_009757,cust_00320,3357.14,INR,CARD,FAILED,BANK_ERROR,4,0.599,2026-06-15 15:00:15.661676,0.4494,True,0.0,0.41930495344832514,1407.6654314195102,ESCALATE
pay_005288,cust_00173,5381.39,INR,UPI,FAILED,INSUFFICIENT_FUNDS,3,0.656,2026-06-10 03:00:15.661676,0.3036,True,0.0,0.2615225856910005,1407.3550274116933,DO_NOT_ACT
pay_003753,cust_00976,4925.96,INR,UPI,FAILED,TIMEOUT,4,0.466,2026-06-14 11:31:15.661676,0.3395999999999999,True,1.0,0.28515489514172726,1404.6616072723427,ESCALATE
pay_005564,cust_00771,3286.52,INR,NETBANKING,FAILED,TIMEOUT,4,0.666,2026-07-29 23:34:15.661676,0.3995999999999999,True,0.0,0.42696353163881534,1403.2241860015995,ESCALATE
pay_008573,cust_00912,2510.67,INR,UPI,FAILED,USER_CANCELLED,1,0.519,2026-07-09 04:14:15.661676,0.5314,True,1.0,0.5559599687517287,1395.8320147459028,REVIEW
pay_008061,cust_01801,1966.92,INR,WALLET,FAILED,BANK_ERROR,2,0.658,2026-07-11 15:10:15.661676,0.6648000000000001,True,1.0,0.7081607898033694,1392.8956206800433,REVIEW
pay_001223,cust_01076,3001.96,INR,CARD,FAILED,BANK_ERROR,4,0.656,2026-07-19 00:32:15.661676,0.4836,True,0.0,0.4630226706709836,1389.975536447466,ESCALATE
pay_001362,cust_01480,2873.92,INR,WALLET,FAILED,NETWORK_ERROR,3,0.607,2026-07-28 15:40:15.661676,0.5242,True,0.0,0.48287473573677187,1387.7433605286235,DO_NOT_ACT
pay_005290,cust_01075,3745.59,INR,UPI,FAILED,CARD_EXPIRED,2,0.93,2026-06-09 01:01:15.661676,0.398,True,0.0,0.370151411807903,1386.4354265535635,DO_NOT_ACT
pay_006266,cust_02994,2021.76,INR,NETBANKING,FAILED,BANK_ERROR,3,0.754,2026-07-25 00:18:15.661676,0.6023999999999999,True,0.0,0.683766044165742,1382.4108374525306,REVIEW
pay_000201,cust_01567,2407.22,INR,CARD,FAILED,BANK_ERROR,4,0.794,2026-07-16 00:56:15.661676,0.5664,True,1.0,0.5715153369669654,1375.7631494536183,ESCALATE
pay_008803,cust_01539,2690.03,INR,WALLET,FAILED,USER_CANCELLED,2,0.546,2026-06-17 20:28:15.661676,0.4476,True,1.0,0.5107031306337635,1373.806742498743,REVIEW
pay_004144,cust_02179,2320.0,INR,CARD,FAILED,NETWORK_ERROR,4,0.956,2026-08-12 04:18:15.661676,0.6335999999999999,True,1.0,0.5897615106819435,1368.246704782109,ESCALATE
pay_001966,cust_02915,1942.37,INR,NETBANKING,FAILED,USER_CANCELLED,3,0.933,2026-08-20 21:28:15.661676,0.5598,True,0.0,0.7023647129105659,1364.2521474160958,REVIEW
pay_007304,cust_01145,2371.3,INR,UPI,FAILED,TIMEOUT,3,0.748,2026-08-25 12:55:15.661676,0.5888,True,1.0,0.5738421598141074,1360.7519135671928,REVIEW
pay_009125,cust_02290,2934.85,INR,CARD,FAILED,LIMIT_EXCEEDED,1,0.819,2026-08-10 08:28:15.661676,0.4514,True,0.0,0.4635270981916226,1360.3825041276834,DO_NOT_ACT
pay_002823,cust_02954,1738.68,INR,WALLET,FAILED,BANK_ERROR,2,0.775,2026-06-03 01:03:15.661676,0.7350000000000001,True,0.0,0.7795730616457736,1355.4280908222736,RECOVER
pay_004392,cust_00240,3484.01,INR,CARD,FAILED,LIMIT_EXCEEDED,2,0.831,2026-06-25 01:01:15.661676,0.3786,True,0.0,0.38893353221926713,1355.048315587249,DO_NOT_ACT
pay_003416,cust_02507,1607.41,INR,NETBANKING,FAILED,USER_CANCELLED,1,0.96,2026-08-14 16:51:15.661676,0.736,True,0.0,0.8396440137292819,1349.652184108585,RECOVER
pay_009152,cust_02361,2177.11,INR,NETBANKING,FAILED,INSUFFICIENT_FUNDS,1,0.924,2026-07-05 03:13:15.661676,0.5644,True,1.0,0.619416189685235,1348.5371807256222,REVIEW
pay_003149,cust_00666,1654.85,INR,WALLET,FAILED,BANK_ERROR,3,0.95,2026-08-26 01:46:15.661676,0.76,True,1.0,0.8137413659466091,1346.619899436746,RECOVER
pay_007812,cust_01637,1568.04,INR,WALLET,FAILED,NETWORK_ERROR,1,0.968,2026-08-02 07:07:15.661676,0.9008,True,1.0,0.8576506908829431,1344.83058933209,RECOVER
pay_001594,cust_01735,3726.21,INR,WALLET,FAILED,INSUFFICIENT_FUNDS,4,0.895,2026-08-02 10:56:15.661676,0.3470000000000001,True,1.0,0.3605801856760249,1343.5974936678608,ESCALATE
pay_003591,cust_00640,4250.12,INR,UPI,FAILED,TIMEOUT,4,0.516,2026-06-13 13:26:15.661676,0.3696,True,0.0,0.3159485532762308,1342.819265250374,ESCALATE
pay_007813,cust_02786,2046.99,INR,UPI,FAILED,NETWORK_ERROR,1,0.638,2026-07-09 05:36:15.661676,0.7228,True,1.0,0.6559763412168681,1342.7770107075169,REVIEW
pay_006965,cust_02111,2113.42,INR,CARD,FAILED,USER_CANCELLED,3,0.919,2026-07-10 11:30:15.661676,0.5714,True,1.0,0.6346462967143971,1341.2741764021412,REVIEW
pay_004630,cust_02255,2540.86,INR,WALLET,FAILED,USER_CANCELLED,4,0.785,2026-06-02 12:57:15.661676,0.431,True,1.0,0.5257631332418008,1335.8905147287621,ESCALATE
pay_004100,cust_02516,1915.67,INR,UPI,FAILED,TIMEOUT,1,0.695,2026-07-31 16:33:15.661676,0.717,True,1.0,0.6963690562142302,1334.0133099179143,REVIEW
pay_008149,cust_02086,2232.78,INR,NETBANKING,FAILED,LIMIT_EXCEEDED,1,0.908,2026-07-23 23:15:15.661676,0.4848,True,0.0,0.5967948045845987,1332.5115037804003,REVIEW
pay_008764,cust_02247,2873.05,INR,WALLET,FAILED,USER_CANCELLED,3,0.596,2026-08-17 03:13:15.661676,0.3975999999999999,True,0.0,0.46312915831124957,1330.5932282861356,DO_NOT_ACT
pay_000942,cust_02350,3633.55,INR,NETBANKING,FAILED,LIMIT_EXCEEDED,2,0.719,2026-06-17 09:03:15.661676,0.2914,True,0.0,0.3660403913217659,1330.0260638872026,DO_NOT_ACT
pay_002002,cust_00485,1610.64,INR,NETBANKING,FAILED,BANK_ERROR,1,0.776,2026-08-23 18:47:15.661676,0.7756000000000001,True,0.0,0.8248981302223116,1328.613924461264,RECOVER
pay_009719,cust_00339,2909.93,INR,CARD,FAILED,NETWORK_ERROR,2,0.567,2026-07-16 06:15:15.661676,0.5602,True,1.0,0.4559598577685946,1326.8112689165664,DO_NOT_ACT
pay_007714,cust_00010,2360.4,INR,CARD,FAILED,BANK_ERROR,1,0.451,2026-08-05 22:14:15.661676,0.6006,True,0.0,0.560075237610179,1322.0015908550665,REVIEW
pay_005690,cust_02141,1580.34,INR,NETBANKING,FAILED,USER_CANCELLED,1,0.945,2026-08-03 23:47:15.661676,0.727,True,1.0,0.8328388496872425,1316.1685477147369,RECOVER
pay_002502,cust_01969,3922.75,INR,UPI,FAILED,INSUFFICIENT_FUNDS,2,0.665,2026-06-24 11:58:15.661676,0.389,True,1.0,0.3348237296128211,1313.4297853386938,DO_NOT_ACT
pay_009637,cust_01112,1701.06,INR,WALLET,FAILED,BANK_ERROR,3,0.869,2026-06-23 18:13:15.661676,0.7114,True,1.0,0.7704617336462352,1310.6016366362646,RECOVER
pay_005445,cust_00684,3309.43,INR,WALLET,FAILED,BANK_ERROR,4,0.466,2026-06-24 03:54:15.661676,0.3896,True,1.0,0.395391068955544,1308.5190653335458,ESCALATE
pay_002329,cust_00988,3154.01,INR,WALLET,FAILED,INSUFFICIENT_FUNDS,1,0.64,2026-08-06 10:35:15.661676,0.434,True,1.0,0.4146222080323068,1307.722590355976,DO_NOT_ACT
pay_001901,cust_01777,3157.59,INR,WALLET,FAILED,NETWORK_ERROR,3,0.517,2026-06-03 02:22:15.661676,0.4701999999999999,True,0.0,0.4120219600861364,1300.9964209483835,DO_NOT_ACT
pay_001881,cust_00742,3912.3,INR,WALLET,FAILED,LIMIT_EXCEEDED,3,0.759,2026-07-14 19:29:15.661676,0.2754000000000001,True,0.0,0.3322124143805977,1299.7146287812122,DO_NOT_ACT
pay_000885,cust_01328,3119.77,INR,UPI,FAILED,LIMIT_EXCEEDED,3,0.901,2026-08-03 19:06:15.661676,0.3806,True,1.0,0.41636694557998355,1298.9691058120652,DO_NOT_ACT
pay_004092,cust_02621,5633.03,INR,CARD,FAILED,INSUFFICIENT_FUNDS,4,0.79,2026-07-19 14:28:15.661676,0.264,True,1.0,0.2305304512796049,1298.5849479715528,ESCALATE
pay_002610,cust_02976,5013.55,INR,NETBANKING,FAILED,INSUFFICIENT_FUNDS,3,0.65,2026-06-21 13:25:15.661676,0.24,True,0.0,0.2582875270833678,1294.9374314088186,DO_NOT_ACT
pay_009631,cust_02725,8987.04,INR,CARD,FAILED,LIMIT_EXCEEDED,3,0.491,2026-06-23 03:29:15.661676,0.0946,True,0.0,0.14375062357233057,1291.8926040694778,DO_NOT_ACT
pay_008357,cust_02617,1727.74,INR,WALLET,FAILED,BANK_ERROR,1,0.609,2026-07-14 13:22:15.661676,0.7154,True,1.0,0.7462872663334533,1289.3903615349607,REVIEW
pay_001892,cust_02009,1817.36,INR,NETBANKING,FAILED,TIMEOUT,2,0.821,2026-07-18 07:32:15.661676,0.6526,True,1.0,0.70947569597996,1289.37275084614,REVIEW
pay_004355,cust_00099,2498.31,INR,CARD,FAILED,USER_CANCELLED,3,0.766,2026-06-25 08:21:15.661676,0.4796,True,1.0,0.5154280493097111,1287.6990498709442,REVIEW
pay_007108,cust_02885,1604.41,INR,NETBANKING,FAILED,NETWORK_ERROR,2,0.979,2026-08-24 05:10:15.661676,0.7874,True,1.0,0.80254974877544,1287.6188424328038,RECOVER
pay_000618,cust_00615,3231.21,INR,CARD,FAILED,BANK_ERROR,4,0.571,2026-08-24 11:55:15.661676,0.4326,True,1.0,0.3964499888220377,1281.0131683816564,ESCALATE
pay_001631,cust_02543,2664.54,INR,NETBANKING,FAILED,BANK_ERROR,4,0.598,2026-07-30 04:23:15.661676,0.4287999999999999,True,1.0,0.4796948949619264,1278.1662354218513,ESCALATE
pay_008173,cust_01411,2230.55,INR,NETBANKING,FAILED,USER_CANCELLED,1,0.537,2026-07-28 12:27:15.661676,0.4821999999999999,True,0.0,0.5716507745270532,1275.0956351213185,REVIEW
pay_001309,cust_01376,4310.1,INR,UPI,FAILED,LIMIT_EXCEEDED,1,0.51,2026-07-17 14:13:15.661676,0.306,True,0.0,0.2954871788529024,1273.5792895738946,DO_NOT_ACT
pay_000212,cust_03000,4484.81,INR,CARD,FAILED,NETWORK_ERROR,4,0.545,2026-06-08 22:39:15.661676,0.387,True,0.0,0.2836593775908521,1272.1584132132293,ESCALATE
pay_000788,cust_02979,2610.62,INR,CARD,FAILED,BANK_ERROR,4,0.688,2026-07-14 17:04:15.661676,0.5028,True,1.0,0.48666754590021777,1270.5040286780265,ESCALATE
pay_006429,cust_00542,5336.05,INR,CARD,FAILED,TIMEOUT,4,0.465,2026-08-18 17:31:15.661676,0.2989999999999999,True,0.0,0.2377573273034031,1268.684986357324,ESCALATE
pay_003648,cust_01804,2143.49,INR,NETBANKING,FAILED,INSUFFICIENT_FUNDS,1,0.888,2026-07-10 13:51:15.661676,0.5428000000000001,True,0.0,0.5911139396070431,1267.0468184083006,REVIEW
pay_004729,cust_02265,6464.86,INR,WALLET,FAILED,CARD_EXPIRED,4,0.833,2026-08-18 11:44:15.661676,0.1597999999999999,True,0.0,0.1955923063665581,1264.4768777369068,ESCALATE
pay_007030,cust_01537,2340.23,INR,NETBANKING,FAILED,NETWORK_ERROR,4,0.811,2026-08-09 10:24:15.661676,0.5266000000000001,True,1.0,0.5385377946107915,1260.3023030820127,ESCALATE
pay_007774,cust_01705,2579.41,INR,NETBANKING,FAILED,NETWORK_ERROR,3,0.638,2026-08-09 09:28:15.661676,0.5027999999999999,True,1.0,0.4883867255881024,1259.7496038492072,DO_NOT_ACT
pay_002697,cust_02601,4295.89,INR,CARD,FAILED,LIMIT_EXCEEDED,4,0.913,2026-08-16 11:50:15.661676,0.2678,True,0.0,0.29304082463096265,1258.8711481239063,ESCALATE
pay_009566,cust_02569,1963.94,INR,CARD,FAILED,TIMEOUT,1,0.695,2026-06-05 09:25:15.661676,0.6769999999999999,True,0.0,0.6406851968111036,1258.267285425199,REVIEW
pay_001768,cust_02741,1570.72,INR,UPI,FAILED,BANK_ERROR,2,0.841,2026-06-20 19:36:15.661676,0.7946000000000001,True,1.0,0.8007256269858484,1257.7157568192117,RECOVER
pay_003930,cust_00981,2075.18,INR,CARD,FAILED,TIMEOUT,4,0.976,2026-08-05 06:59:15.661676,0.6055999999999999,True,1.0,0.6044100760599798,1254.2597016381487,ESCALATE
pay_003823,cust_02147,1744.26,INR,CARD,FAILED,BANK_ERROR,1,0.669,2026-07-01 10:49:15.661676,0.7314,True,0.0,0.7188207295195101,1253.8102456717008,REVIEW
pay_007594,cust_02130,1666.38,INR,WALLET,FAILED,TIMEOUT,3,0.975,2026-08-25 13:00:15.661676,0.705,True,1.0,0.7513399897869691,1252.0179321812097,RECOVER
pay_006796,cust_00069,5537.96,INR,NETBANKING,FAILED,CARD_EXPIRED,3,0.808,2026-07-26 12:03:15.661676,0.1848,True,0.0,0.22578909041491377,1250.4109511541758,DO_NOT_ACT
pay_007945,cust_01755,2513.05,INR,UPI,FAILED,NETWORK_ERROR,3,0.653,2026-06-23 08:53:15.661676,0.5718,True,0.0,0.4972385551355945,1249.5853509835058,DO_NOT_ACT
pay_002613,cust_00024,1538.87,INR,WALLET,FAILED,NETWORK_ERROR,2,0.976,2026-06-05 18:35:15.661676,0.8256,True,1.0,0.8119581584546618,1249.4980513011253,RECOVER
pay_001969,cust_00529,1547.0,INR,NETBANKING,FAILED,BANK_ERROR,2,0.85,2026-06-04 21:02:15.661676,0.74,True,0.0,0.8071530661891684,1248.6657933946435,RECOVER
pay_000835,cust_01354,1758.56,INR,WALLET,FAILED,BANK_ERROR,3,0.772,2026-08-04 08:06:15.661676,0.6532,True,1.0,0.7099871365242043,1248.5549788060048,REVIEW
pay_008913,cust_02478,1512.59,INR,UPI,FAILED,BANK_ERROR,1,0.773,2026-07-22 07:27:15.661676,0.8338000000000001,True,1.0,0.8213744590586723,1242.4027930275572,RECOVER
pay_001073,cust_02660,1922.65,INR,WALLET,FAILED,INSUFFICIENT_FUNDS,1,0.938,2026-06-21 18:45:15.661676,0.6128,True,1.0,0.645290933435825,1240.6686131703889,REVIEW
pay_008594,cust_00063,2015.63,INR,UPI,FAILED,TIMEOUT,3,0.801,2026-06-29 22:43:15.661676,0.6206,True,0.0,0.613466313967907,1236.5211064231323,REVIEW
pay_001463,cust_02939,1529.63,INR,WALLET,FAILED,BANK_ERROR,2,0.827,2026-08-19 13:04:15.661676,0.7662000000000001,True,1.0,0.8065780420299085,1233.7659704302089,RECOVER
pay_009119,cust_02152,1691.65,INR,UPI,FAILED,BANK_ERROR,1,0.602,2026-06-09 02:13:15.661676,0.7312000000000001,True,0.0,0.7253702798960244,1227.0726339861098,REVIEW
pay_005244,cust_00403,3051.98,INR,NETBANKING,FAILED,USER_CANCELLED,3,0.538,2026-07-31 11:30:15.661676,0.3228,True,1.0,0.4001659330691259,1221.298424408311,DO_NOT_ACT
pay_006750,cust_00436,1566.17,INR,UPI,FAILED,TIMEOUT,2,0.939,2026-08-02 14:11:15.661676,0.7834,True,1.0,0.7790761948813729,1220.16576413736,RECOVER
pay_007098,cust_02883,1718.15,INR,CARD,FAILED,USER_CANCELLED,2,0.916,2026-07-20 23:11:15.661676,0.6496000000000001,True,1.0,0.709116588309956,1218.368666204751,REVIEW
pay_006330,cust_00583,1976.15,INR,WALLET,FAILED,BANK_ERROR,2,0.531,2026-08-20 17:32:15.661676,0.5886000000000001,True,1.0,0.6157661591735418,1216.8462954507947,REVIEW
pay_002679,cust_01893,1951.35,INR,NETBANKING,FAILED,NETWORK_ERROR,3,0.807,2026-08-08 21:46:15.661676,0.6042,True,0.0,0.620163883602843,1210.1567942684076,REVIEW
pay_000687,cust_00304,1491.8,INR,NETBANKING,FAILED,BANK_ERROR,1,0.745,2026-06-16 05:22:15.661676,0.757,True,0.0,0.8093221683281036,1207.346810711865,RECOVER
pay_002007,cust_00313,1809.79,INR,UPI,FAILED,BANK_ERROR,2,0.623,2026-08-18 04:12:15.661676,0.6638000000000001,True,0.0,0.6646952553671641,1202.9588262109398,REVIEW
pay_008743,cust_00024,2008.0,INR,UPI,FAILED,NETWORK_ERROR,2,0.673,2026-07-30 20:42:15.661676,0.6638000000000001,True,0.0,0.5987565698144266,1202.3031921873685,REVIEW
pay_005870,cust_01618,1327.12,INR,NETBANKING,FAILED,BANK_ERROR,1,0.985,2026-07-13 09:41:15.661676,0.901,True,1.0,0.9025527634815494,1197.7958234716339,RECOVER
pay_008598,cust_01319,4181.78,INR,UPI,FAILED,LIMIT_EXCEEDED,3,0.716,2026-08-13 02:26:15.661676,0.2696,True,0.0,0.2857955052236533,1195.1339278341688,DO_NOT_ACT
pay_005514,cust_00895,2223.9,INR,UPI,FAILED,BANK_ERROR,4,0.675,2026-06-27 18:15:15.661676,0.5350000000000001,True,1.0,0.5367992904397737,1193.7879420090128,ESCALATE
pay_001044,cust_00567,1753.19,INR,NETBANKING,FAILED,NETWORK_ERROR,3,0.888,2026-07-04 03:40:15.661676,0.6527999999999999,True,0.0,0.6791883263200211,1190.746181820998,REVIEW
pay_008331,cust_02461,1522.09,INR,WALLET,FAILED,USER_CANCELLED,1,0.821,2026-06-15 00:54:15.661676,0.6926,True,1.0,0.7809256195661649,1188.639076285464,RECOVER
pay_009721,cust_02380,1394.52,INR,NETBANKING,FAILED,USER_CANCELLED,1,0.989,2026-08-23 10:09:15.661676,0.7534,True,0.0,0.8513286574811006,1187.1948394305446,RECOVER
pay_007891,cust_02252,2065.88,INR,WALLET,FAILED,LIMIT_EXCEEDED,1,0.858,2026-08-07 16:00:15.661676,0.4948,True,1.0,0.5735784698230185,1184.9442892379775,REVIEW
pay_001111,cust_00700,1552.24,INR,NETBANKING,FAILED,USER_CANCELLED,2,0.919,2026-07-22 05:06:15.661676,0.6314000000000001,True,1.0,0.7616334004676417,1182.237829541892,RECOVER
pay_001822,cust_00786,1922.69,INR,NETBANKING,FAILED,INSUFFICIENT_FUNDS,1,0.919,2026-08-29 05:02:15.661676,0.5614,True,0.0,0.614055157556049,1180.63771088144,REVIEW
pay_004859,cust_01913,2007.31,INR,CARD,FAILED,INSUFFICIENT_FUNDS,1,0.966,2026-06-19 06:52:15.661676,0.6096,True,0.0,0.587884059874714,1180.0655522271122,REVIEW
pay_002680,cust_02374,1464.46,INR,UPI,FAILED,NETWORK_ERROR,1,0.879,2026-08-07 19:39:15.661676,0.8674000000000001,True,1.0,0.805115111625081,1179.0588763704661,RECOVER
pay_006284,cust_00995,4085.25,INR,UPI,FAILED,CARD_EXPIRED,1,0.704,2026-08-04 12:38:15.661676,0.3424,True,1.0,0.28839208815975037,1178.15377815462,DO_NOT_ACT
pay_001749,cust_00179,2104.15,INR,CARD,FAILED,NETWORK_ERROR,3,0.81,2026-08-20 08:15:15.661676,0.626,True,1.0,0.5594596409779775,1177.1870035638115,REVIEW
pay_000498,cust_00985,1552.67,INR,WALLET,FAILED,NETWORK_ERROR,2,0.877,2026-08-01 08:46:15.661676,0.7662000000000001,True,1.0,0.7575988700945905,1176.301037629768,RECOVER
pay_006733,cust_02125,2034.16,INR,UPI,FAILED,USER_CANCELLED,1,0.55,2026-06-10 09:10:15.661676,0.55,True,1.0,0.5779170766067433,1175.575800550373,REVIEW
pay_009654,cust_01308,6092.04,INR,WALLET,FAILED,FRAUD_SUSPECTED,2,0.888,2026-06-07 19:12:15.661676,0.1028,True,1.0,0.19277422303526223,1174.3882776997389,ESCALATE
pay_000896,cust_01058,3038.04,INR,CARD,FAILED,CARD_EXPIRED,1,0.924,2026-07-17 18:23:15.661676,0.4344,True,0.0,0.3862299401260619,1173.382007300581,DO_NOT_ACT
pay_005333,cust_02624,2219.28,INR,UPI,FAILED,NETWORK_ERROR,1,0.474,2026-06-08 06:14:15.661676,0.6244000000000001,True,1.0,0.528393235614211,1172.6525399339064,REVIEW
pay_001307,cust_02570,1849.27,INR,UPI,FAILED,NETWORK_ERROR,1,0.61,2026-07-05 18:32:15.661676,0.7060000000000001,True,1.0,0.633897498551602,1172.2476271465212,REVIEW
pay_007683,cust_01020,1522.2,INR,NETBANKING,FAILED,NETWORK_ERROR,2,0.913,2026-08-28 07:59:15.661676,0.7478,True,1.0,0.7657643670767295,1165.6465195641977,RECOVER
pay_005728,cust_00184,1503.47,INR,NETBANKING,FAILED,USER_CANCELLED,1,0.832,2026-08-01 08:27:15.661676,0.6592,True,1.0,0.7746299190090454,1164.6328443325297,RECOVER
pay_007065,cust_02439,2184.14,INR,CARD,FAILED,BANK_ERROR,4,0.747,2026-08-21 09:33:15.661676,0.5382,True,1.0,0.5321718016465169,1162.3377188482234,ESCALATE
pay_004262,cust_01345,1437.36,INR,NETBANKING,FAILED,TIMEOUT,1,0.877,2026-08-23 02:35:15.661676,0.7662,True,0.0,0.8061130023588666,1158.6745850705404,RECOVER
pay_000403,cust_01143,1815.64,INR,NETBANKING,FAILED,TIMEOUT,3,0.831,2026-06-21 04:59:15.661676,0.5785999999999999,True,0.0,0.6380547237946979,1158.4776787106052,REVIEW
pay_002138,cust_02934,6243.0,INR,UPI,FAILED,INSUFFICIENT_FUNDS,4,0.622,2026-07-22 23:34:15.661676,0.2032,True,0.0,0.18448134104214683,1151.7170121261227,ESCALATE
pay_004382,cust_00337,2081.72,INR,WALLET,FAILED,NETWORK_ERROR,1,0.477,2026-07-14 10:24:15.661676,0.6062000000000001,True,1.0,0.5508101877067214,1146.632583952836,REVIEW
pay_004062,cust_02256,2260.66,INR,NETBANKING,FAILED,NETWORK_ERROR,2,0.553,2026-06-05 02:45:15.661676,0.5318,True,1.0,0.5065833045332184,1145.2126132260655,REVIEW
pay_005129,cust_01985,2037.91,INR,UPI,FAILED,BANK_ERROR,4,0.707,2026-08-10 01:33:15.661676,0.5542,True,1.0,0.5615407579666017,1144.3695260677175,ESCALATE
pay_006877,cust_02698,2809.65,INR,UPI,FAILED,INSUFFICIENT_FUNDS,1,0.656,2026-07-01 22:14:15.661676,0.4636,True,0.0,0.4049101369074786,1137.6557661620973,DO_NOT_ACT
pay_009865,cust_00680,1983.22,INR,WALLET,FAILED,NETWORK_ERROR,2,0.61,2026-07-19 15:20:15.661676,0.6060000000000001,True,1.0,0.5689661199953421,1128.3849884971623,REVIEW
pay_007915,cust_02365,1379.81,INR,NETBANKING,FAILED,BANK_ERROR,2,0.872,2026-08-21 07:42:15.661676,0.7532000000000001,True,1.0,0.8174782567830906,1127.9646734918763,RECOVER
pay_002574,cust_01486,1736.86,INR,NETBANKING,FAILED,BANK_ERROR,3,0.707,2026-06-28 15:40:15.661676,0.5741999999999999,True,0.0,0.6480370905256958,1125.54970105046,REVIEW
pay_009869,cust_01750,2449.8,INR,NETBANKING,FAILED,INSUFFICIENT_FUNDS,2,0.831,2026-07-16 18:25:15.661676,0.4285999999999999,True,1.0,0.4579392559339131,1121.8595891869004,DO_NOT_ACT
pay_004718,cust_02875,4662.96,INR,NETBANKING,FAILED,INSUFFICIENT_FUNDS,2,0.514,2026-08-16 05:38:15.661676,0.2384,True,0.0,0.24056728563339266,1121.7556302170847,DO_NOT_ACT
pay_002162,cust_02419,2202.18,INR,NETBANKING,FAILED,LIMIT_EXCEEDED,2,0.908,2026-08-08 23:04:15.661676,0.4048,True,1.0,0.5082034082465791,1119.1553815724515,REVIEW
pay_008140,cust_00198,2385.23,INR,NETBANKING,FAILED,LIMIT_EXCEEDED,3,0.967,2026-07-05 00:34:15.661676,0.3601999999999999,True,0.0,0.46795945583193144,1116.1909328339977,DO_NOT_ACT
pay_005069,cust_02745,1778.55,INR,WALLET,FAILED,USER_CANCELLED,3,0.807,2026-07-27 15:19:15.661676,0.5242,True,1.0,0.6258850635064968,1113.1678796994797,REVIEW
pay_006593,cust_00050,5859.55,INR,UPI,FAILED,FRAUD_SUSPECTED,1,0.8,2026-07-08 12:08:15.661676,0.15,True,1.0,0.18987614774850162,1112.5887815397327,ESCALATE
pay_008164,cust_02362,1776.46,INR,CARD,FAILED,BANK_ERROR,2,0.649,2026-06-29 03:58:15.661676,0.6394000000000001,True,1.0,0.6260962683323787,1112.2349768417375,REVIEW
pay_007378,cust_00066,2943.36,INR,NETBANKING,FAILED,LIMIT_EXCEEDED,2,0.737,2026-06-01 08:04:15.661676,0.3021999999999999,True,1.0,0.3757546440142692,1105.9811890058395,DO_NOT_ACT
pay_006997,cust_00504,3345.01,INR,WALLET,FAILED,LIMIT_EXCEEDED,2,0.651,2026-07-21 13:16:15.661676,0.2906,True,0.0,0.33031424576667723,1104.904455231993,DO_NOT_ACT
pay_007582,cust_02818,3083.42,INR,CARD,FAILED,USER_CANCELLED,3,0.564,2026-07-10 00:14:15.661676,0.3583999999999999,True,0.0,0.3580357799140458,1103.974684502567,DO_NOT_ACT
pay_005303,cust_00582,3591.48,INR,UPI,FAILED,LIMIT_EXCEEDED,3,0.752,2026-07-13 08:24:15.661676,0.2911999999999999,True,1.0,0.3072645604378154,1103.5345235212053,DO_NOT_ACT
pay_008673,cust_01137,1713.07,INR,WALLET,FAILED,TIMEOUT,1,0.597,2026-07-14 04:48:15.661676,0.6382,True,1.0,0.643041806184152,1101.575626919885,REVIEW
pay_000949,cust_00222,1743.29,INR,WALLET,FAILED,BANK_ERROR,3,0.663,2026-07-14 06:40:15.661676,0.5878,True,0.0,0.631507505249651,1100.9007188266642,REVIEW
pay_007551,cust_01733,2377.21,INR,CARD,FAILED,NETWORK_ERROR,4,0.799,2026-07-28 11:03:15.661676,0.5394,True,0.0,0.46288635202031453,1100.3780648862119,ESCALATE
pay_000657,cust_02154,1828.3,INR,CARD,FAILED,INSUFFICIENT_FUNDS,1,0.984,2026-07-28 03:40:15.661676,0.6204000000000001,True,1.0,0.6009908938392573,1098.791651206314,REVIEW
pay_006271,cust_01332,1353.06,INR,UPI,FAILED,BANK_ERROR,3,0.973,2026-06-08 17:29:15.661676,0.7938,True,1.0,0.8112706822320068,1097.697909300839,RECOVER
pay_007688,cust_02164,2791.76,INR,WALLET,FAILED,BANK_ERROR,4,0.467,2026-06-17 07:14:15.661676,0.3902000000000001,True,0.0,0.3930914305814002,1097.41693223993,ESCALATE
pay_004247,cust_00666,2062.01,INR,WALLET,FAILED,TIMEOUT,2,0.563,2026-07-24 08:07:15.661676,0.5378,True,0.0,0.5318597218869415,1096.7000651280923,REVIEW
pay_007822,cust_02431,3578.43,INR,CARD,FAILED,LIMIT_EXCEEDED,4,0.938,2026-06-08 03:51:15.661676,0.2827999999999999,True,0.0,0.3064375254230968,1096.5652340997724,ESCALATE
pay_009513,cust_00110,3957.66,INR,UPI,FAILED,LIMIT_EXCEEDED,2,0.592,2026-07-02 17:19:15.661676,0.2752,True,0.0,0.2752384139669683,1089.3000614205116,DO_NOT_ACT
pay_002726,cust_01348,1813.4,INR,UPI,FAILED,USER_CANCELLED,4,0.909,2026-06-27 08:15:15.661676,0.5254000000000001,True,1.0,0.6002302610385941,1088.4575553673867,ESCALATE
pay_006549,cust_01169,2472.46,INR,CARD,FAILED,BANK_ERROR,4,0.631,2026-07-27 10:50:15.661676,0.4686,True,1.0,0.4395271166926563,1086.7132149379252,ESCALATE
pay_005733,cust_02374,4098.08,INR,UPI,FAILED,LIMIT_EXCEEDED,3,0.685,2026-06-24 03:34:15.661676,0.251,True,1.0,0.2651642713435421,1086.664397107543,DO_NOT_ACT
pay_004834,cust_01760,2968.44,INR,NETBANKING,FAILED,CARD_EXPIRED,2,0.926,2026-07-06 02:06:15.661676,0.3356,True,0.0,0.36538963554562603,1084.637209739058,DO_NOT_ACT
pay_004680,cust_02724,2210.68,INR,CARD,FAILED,LIMIT_EXCEEDED,2,0.967,2026-08-28 06:10:15.661676,0.4602,True,1.0,0.49024502586423957,1083.774873777557,DO_NOT_ACT
pay_006694,cust_00840,2625.81,INR,CARD,FAILED,BANK_ERROR,4,0.595,2026-06-16 05:09:15.661676,0.447,True,1.0,0.4117049095229507,1081.0588684744591,ESCALATE
pay_007890,cust_01030,1458.97,INR,UPI,FAILED,TIMEOUT,3,0.983,2026-07-24 11:23:15.661676,0.7297999999999999,True,1.0,0.7394051927994296,1078.7699941385838,REVIEW
pay_003500,cust_00614,1359.21,INR,UPI,FAILED,USER_CANCELLED,1,0.869,2026-06-26 13:02:15.661676,0.7414000000000001,True,1.0,0.792493266488074,1077.164772743255,RECOVER
pay_006199,cust_02078,1423.6,INR,UPI,FAILED,BANK_ERROR,3,0.873,2026-08-19 02:54:15.661676,0.7338,True,1.0,0.7564306395296116,1076.854658434355,RECOVER
pay_003701,cust_01815,4239.23,INR,NETBANKING,FAILED,CARD_EXPIRED,3,0.865,2026-07-19 15:59:15.661676,0.219,True,0.0,0.25382707742358473,1076.031361426383,DO_NOT_ACT
pay_006424,cust_01859,2018.54,INR,NETBANKING,FAILED,TIMEOUT,2,0.586,2026-07-31 03:10:15.661676,0.5115999999999999,True,0.0,0.5324010180560801,1074.67275098692,REVIEW
pay_005361,cust_01614,1742.35,INR,CARD,FAILED,BANK_ERROR,1,0.526,2026-07-19 07:50:15.661676,0.6456000000000001,True,1.0,0.6156667857145404,1072.7070240897294,REVIEW
pay_002684,cust_02365,3247.03,INR,WALLET,FAILED,INSUFFICIENT_FUNDS,3,0.745,2026-07-11 21:24:15.661676,0.3370000000000001,True,0.0,0.32816606283770083,1065.5650510158998,DO_NOT_ACT
pay_003881,cust_00701,2301.6,INR,UPI,FAILED,INSUFFICIENT_FUNDS,1,0.732,2026-07-02 19:58:15.661676,0.5092,True,0.0,0.4627417673824681,1065.0464518074884,DO_NOT_ACT
pay_006084,cust_01402,2012.57,INR,NETBANKING,FAILED,INSUFFICIENT_FUNDS,1,0.81,2026-07-24 10:19:15.661676,0.496,True,0.0,0.5275665218394182,1061.7645548583578,REVIEW
pay_008901,cust_00097,1647.05,INR,UPI,FAILED,NETWORK_ERROR,2,0.729,2026-06-29 08:39:15.661676,0.6974,True,1.0,0.639759880786773,1053.7165116498545,REVIEW
pay_008632,cust_00201,1435.36,INR,UPI,FAILED,BANK_ERROR,3,0.835,2026-06-04 09:35:15.661676,0.711,True,1.0,0.7328839725608733,1051.952338854975,REVIEW
pay_003280,cust_02407,2816.49,INR,WALLET,FAILED,LIMIT_EXCEEDED,4,0.932,2026-06-11 16:31:15.661676,0.2992000000000001,True,0.0,0.3731750885700783,1051.0439052067397,ESCALATE
pay_008264,cust_00889,1687.38,INR,UPI,FAILED,NETWORK_ERROR,2,0.704,2026-06-20 01:12:15.661676,0.6824,True,1.0,0.6209583327226297,1047.7926714695109,REVIEW
pay_005761,cust_02606,1851.12,INR,CARD,FAILED,NETWORK_ERROR,3,0.819,2026-06-08 03:03:15.661676,0.6314,True,1.0,0.5651476207200914,1046.1560636673755,REVIEW
pay_007996,cust_02799,10592.32,INR,NETBANKING,FAILED,FRAUD_SUSPECTED,2,0.637,2026-06-14 15:43:15.661676,0.02,True,0.0,0.09865727132750762,1045.0093882277856,ESCALATE
pay_007014,cust_01218,3247.58,INR,NETBANKING,FAILED,INSUFFICIENT_FUNDS,4,0.867,2026-08-26 10:44:15.661676,0.2902,True,0.0,0.32121336281069096,1043.1660927967437,ESCALATE
pay_002582,cust_01556,2468.4,INR,UPI,FAILED,NETWORK_ERROR,3,0.561,2026-07-31 14:39:15.661676,0.5166000000000001,True,1.0,0.4224197748870316,1042.7009723311487,DO_NOT_ACT
pay_007725,cust_01320,6699.37,INR,NETBANKING,FAILED,LIMIT_EXCEEDED,4,0.565,2026-07-12 08:00:15.661676,0.0389999999999999,True,1.0,0.15534469213727647,1040.7115701637058,ESCALATE
pay_004742,cust_02733,2688.25,INR,CARD,FAILED,NETWORK_ERROR,2,0.48,2026-06-27 18:14:15.661676,0.508,True,0.0,0.3854475723141856,1036.1794362736093,DO_NOT_ACT
pay_001552,cust_00414,1536.19,INR,WALLET,FAILED,NETWORK_ERROR,2,0.751,2026-08-25 13:54:15.661676,0.6906000000000001,True,0.0,0.6742203413165775,1035.7305461271133,REVIEW
pay_005578,cust_00267,2110.55,INR,NETBANKING,FAILED,BANK_ERROR,3,0.506,2026-07-08 15:41:15.661676,0.4536,True,1.0,0.49069895497581306,1035.6446794242024,DO_NOT_ACT
pay_003974,cust_01530,1937.9,INR,NETBANKING,FAILED,LIMIT_EXCEEDED,2,0.941,2026-08-15 00:54:15.661676,0.4245999999999999,True,1.0,0.5334718740968266,1033.8151448122403,REVIEW
pay_003672,cust_02457,3633.14,INR,CARD,FAILED,LIMIT_EXCEEDED,1,0.576,2026-08-14 10:43:15.661676,0.3056,True,0.0,0.28435400373730024,1033.097905138135,DO_NOT_ACT
pay_009816,cust_00085,2131.09,INR,WALLET,FAILED,BANK_ERROR,3,0.474,2026-06-21 12:59:15.661676,0.4744,True,0.0,0.4826646486859394,1028.6018061681186,DO_NOT_ACT
pay_002130,cust_00819,3211.68,INR,NETBANKING,FAILED,USER_CANCELLED,4,0.54,2026-07-04 18:41:15.661676,0.244,True,1.0,0.3202100040000609,1028.4120656469156,ESCALATE
pay_007735,cust_01259,1986.57,INR,WALLET,FAILED,BANK_ERROR,4,0.626,2026-08-22 07:34:15.661676,0.4856,True,1.0,0.5163123552939345,1025.6906356562713,ESCALATE
pay_004993,cust_00371,1649.39,INR,WALLET,FAILED,NETWORK_ERROR,3,0.788,2026-08-17 12:31:15.661676,0.6328,True,1.0,0.6207038515922964,1023.7827257778177,REVIEW
pay_009118,cust_02241,3240.2,INR,UPI,FAILED,INSUFFICIENT_FUNDS,4,0.862,2026-08-01 09:29:15.661676,0.3472,True,1.0,0.3150351102735178,1020.7767643082524,ESCALATE
pay_008847,cust_02225,1373.33,INR,NETBANKING,FAILED,NETWORK_ERROR,2,0.876,2026-06-10 15:34:15.661676,0.7256,True,1.0,0.7426730338630091,1019.9351575950863,REVIEW
pay_004559,cust_01358,1176.01,INR,NETBANKING,FAILED,BANK_ERROR,2,0.984,2026-08-17 10:16:15.661676,0.8204,True,1.0,0.86533587950207,1017.6436476532293,RECOVER
pay_003822,cust_01216,2242.7,INR,CARD,FAILED,USER_CANCELLED,3,0.686,2026-08-28 02:33:15.661676,0.4316,True,0.0,0.44865517429301505,1006.1989593869448,DO_NOT_ACT
pay_003698,cust_01537,2359.22,INR,NETBANKING,FAILED,USER_CANCELLED,4,0.683,2026-08-11 05:45:15.661676,0.3298,True,0.0,0.4239277802752397,1000.1388977809509,ESCALATE
pay_003713,cust_00246,2263.82,INR,UPI,FAILED,INSUFFICIENT_FUNDS,1,0.706,2026-08-08 23:05:15.661676,0.4936,True,1.0,0.4414625589380805,999.3917701752055,DO_NOT_ACT
pay_005624,cust_00533,2647.37,INR,NETBANKING,FAILED,LIMIT_EXCEEDED,2,0.741,2026-06-05 19:26:15.661676,0.3046,True,1.0,0.3770923300196977,998.3029217242471,DO_NOT_ACT
pay_001361,cust_00599,1786.03,INR,NETBANKING,FAILED,BANK_ERROR,2,0.479,2026-07-12 16:55:15.661676,0.5174000000000001,True,1.0,0.556016125686221,993.0614809593613,REVIEW
pay_006182,cust_00512,1416.07,INR,WALLET,FAILED,TIMEOUT,2,0.789,2026-08-01 07:05:15.661676,0.6734,True,1.0,0.7006024607126644,992.1021265413826,REVIEW
pay_006510,cust_02898,5651.65,INR,UPI,FAILED,INSUFFICIENT_FUNDS,3,0.498,2026-06-26 10:29:15.661676,0.2088,True,0.0,0.1754132407497904,991.3742420835529,DO_NOT_ACT
pay_002497,cust_02403,1446.4,INR,UPI,FAILED,BANK_ERROR,2,0.649,2026-06-20 22:03:15.661676,0.6794000000000001,True,1.0,0.68139985921072,985.5767563623855,REVIEW
pay_005417,cust_01308,1331.47,INR,UPI,FAILED,BANK_ERROR,2,0.737,2026-07-03 14:46:15.661676,0.7322000000000001,True,1.0,0.7398068655347759,985.0306472535881,REVIEW
pay_001726,cust_00770,4310.4,INR,WALLET,FAILED,INSUFFICIENT_FUNDS,4,0.693,2026-08-09 20:08:15.661676,0.2258,True,0.0,0.22820031476175318,983.6346367490609,ESCALATE
pay_000969,cust_02586,1750.88,INR,WALLET,FAILED,BANK_ERROR,3,0.573,2026-08-17 00:13:15.661676,0.5337999999999999,True,0.0,0.5608779318201143,982.0299532652017,REVIEW
pay_003067,cust_00209,7360.97,INR,WALLET,FAILED,CARD_EXPIRED,4,0.686,2026-07-27 21:53:15.661676,0.0716,True,0.0,0.13328775424758135,981.1271603838189,ESCALATE
pay_006278,cust_01010,1561.15,INR,WALLET,FAILED,USER_CANCELLED,2,0.702,2026-07-23 06:55:15.661676,0.5412,True,0.0,0.6282128990967312,980.7345674248619,REVIEW
pay_000811,cust_00018,1556.98,INR,UPI,FAILED,USER_CANCELLED,4,0.949,2026-07-21 02:18:15.661676,0.5494,True,0.0,0.6296627918401233,980.3723736392352,ESCALATE
pay_008349,cust_01964,2884.5,INR,CARD,FAILED,INSUFFICIENT_FUNDS,2,0.756,2026-05-31 23:16:15.661676,0.4036,True,1.0,0.3389840524144419,977.7994991894577,DO_NOT_ACT
pay_004315,cust_02551,1303.17,INR,UPI,FAILED,BANK_ERROR,4,0.973,2026-08-25 11:46:15.661676,0.7138,True,1.0,0.7499782290953333,977.3491288101656,ESCALATE
pay_008014,cust_00982,1729.03,INR,CARD,FAILED,NETWORK_ERROR,2,0.71,2026-07-16 18:45:15.661676,0.646,True,1.0,0.5649645856107867,976.8407174586184,REVIEW
pay_001201,cust_02917,1998.55,INR,NETBANKING,FAILED,CARD_EXPIRED,1,0.978,2026-07-08 03:15:15.661676,0.4468,True,0.0,0.48807524268013663,975.4427762583871,DO_NOT_ACT
pay_002801,cust_00186,2094.49,INR,WALLET,FAILED,BANK_ERROR,3,0.453,2026-06-19 11:50:15.661676,0.4618,True,0.0,0.46532655842132487,974.6218233478806,DO_NOT_ACT
pay_006004,cust_02439,1166.31,INR,UPI,FAILED,TIMEOUT,1,0.943,2026-08-05 01:53:15.661676,0.8657999999999999,True,1.0,0.8350639776735741,973.9434678004661,RECOVER
pay_003810,cust_00179,3458.67,INR,NETBANKING,FAILED,USER_CANCELLED,4,0.479,2026-06-21 10:33:15.661676,0.2074,True,1.0,0.2796852706000559,967.3390548662953,ESCALATE
pay_000270,cust_01787,2007.39,INR,UPI,FAILED,USER_CANCELLED,4,0.76,2026-07-12 14:06:15.661676,0.436,True,0.0,0.48107696696949426,965.7090927248931,ESCALATE
pay_007285,cust_02206,4913.63,INR,UPI,FAILED,CARD_EXPIRED,4,0.871,2026-07-16 03:02:15.661676,0.2026,True,0.0,0.19585632978525067,962.3655377227012,ESCALATE
pay_003840,cust_02318,1410.58,INR,NETBANKING,FAILED,BANK_ERROR,4,0.86,2026-08-19 02:30:15.661676,0.586,True,1.0,0.6778270690114313,956.1293070061447,ESCALATE
pay_002200,cust_01422,2671.24,INR,NETBANKING,FAILED,INSUFFICIENT_FUNDS,2,0.702,2026-06-10 18:28:15.661676,0.3511999999999999,True,1.0,0.35784190248431574,955.8816035922035,DO_NOT_ACT
pay_007656,cust_02922,1384.69,INR,NETBANKING,FAILED,USER_CANCELLED,1,0.699,2026-08-17 15:25:15.661676,0.5793999999999999,True,1.0,0.6893301945358397,954.5086270718318,REVIEW
pay_006090,cust_00645,1750.63,INR,NETBANKING,FAILED,TIMEOUT,4,0.823,2026-07-27 00:48:15.661676,0.4937999999999999,True,1.0,0.5450315546275939,954.1485904777047,ESCALATE
pay_005860,cust_01299,1091.0,INR,NETBANKING,FAILED,BANK_ERROR,1,0.881,2026-06-26 19:26:15.661676,0.8386,True,1.0,0.8676252919522109,946.5791935198621,RECOVER
pay_009054,cust_02141,1382.8,INR,UPI,FAILED,NETWORK_ERROR,1,0.682,2026-08-20 23:32:15.661676,0.7492000000000001,True,1.0,0.6840990482005095,945.9721638516645,REVIEW
pay_004372,cust_00608,1168.14,INR,UPI,FAILED,BANK_ERROR,2,0.861,2026-07-03 10:37:15.661676,0.8066000000000001,True,1.0,0.809408710628255,945.50269123329,RECOVER
pay_007844,cust_00475,1317.87,INR,CARD,FAILED,USER_CANCELLED,1,0.821,2026-06-01 21:52:15.661676,0.6726,True,1.0,0.7169086217074244,944.7923652895633,REVIEW
pay_006722,cust_01564,4311.77,INR,WALLET,FAILED,CARD_EXPIRED,1,0.564,2026-05-31 19:16:15.661676,0.2383999999999999,True,0.0,0.2190413653981285,944.4559880826886,DO_NOT_ACT
pay_004079,cust_00278,1325.21,INR,UPI,FAILED,USER_CANCELLED,3,0.954,2026-07-31 18:07:15.661676,0.6324,True,1.0,0.7109261761139498,942.1264778479674,REVIEW
pay_004024,cust_02307,3384.2,INR,WALLET,FAILED,INSUFFICIENT_FUNDS,1,0.451,2026-08-12 12:23:15.661676,0.3206000000000001,True,0.0,0.2775042639470675,939.1299300496659,DO_NOT_ACT
pay_005883,cust_02712,3095.9,INR,UPI,FAILED,INSUFFICIENT_FUNDS,1,0.517,2026-08-03 22:13:15.661676,0.3802,True,0.0,0.30317631251121996,938.603545903486,DO_NOT_ACT
pay_009186,cust_00802,1714.9,INR,NETBANKING,FAILED,NETWORK_ERROR,4,0.821,2026-07-09 09:35:15.661676,0.5326,True,0.0,0.5427853733067844,930.8226366838047,ESCALATE
pay_007882,cust_02597,1493.68,INR,CARD,FAILED,BANK_ERROR,1,0.535,2026-07-20 20:31:15.661676,0.651,True,0.0,0.6211460866631355,927.7934867269923,REVIEW
pay_007407,cust_00694,1338.9,INR,NETBANKING,FAILED,TIMEOUT,1,0.69,2026-06-11 19:45:15.661676,0.6539999999999999,True,1.0,0.6923888628005537,927.0394484036614,REVIEW
pay_001918,cust_00347,1100.28,INR,NETBANKING,FAILED,USER_CANCELLED,1,0.97,2026-07-21 04:20:15.661676,0.742,True,1.0,0.8423250353112325,926.7933898522429,RECOVER
pay_000146,cust_00519,3379.42,INR,NETBANKING,FAILED,CARD_EXPIRED,2,0.794,2026-06-04 21:11:15.661676,0.2564,True,0.0,0.274236891310089,926.761635231141,DO_NOT_ACT
pay_002216,cust_01681,2236.58,INR,WALLET,FAILED,BANK_ERROR,4,0.498,2026-06-03 06:13:15.661676,0.4088,True,0.0,0.4141467477043692,926.2723329806381,ESCALATE
pay_004714,cust_01839,2405.66,INR,UPI,FAILED,NETWORK_ERROR,4,0.622,2026-06-12 17:49:15.661676,0.4732,True,1.0,0.38376699735407116,923.2129148547948,ESCALATE
pay_007388,cust_00794,2324.99,INR,NETBANKING,FAILED,INSUFFICIENT_FUNDS,4,0.974,2026-08-26 13:17:15.661676,0.3544,True,0.0,0.39616440216265786,921.0782733841578,ESCALATE
pay_002909,cust_01997,1261.42,INR,UPI,FAILED,BANK_ERROR,3,0.831,2026-07-02 21:42:15.661676,0.7086,True,0.0,0.7294624728410288,920.1585524911306,REVIEW
pay_009882,cust_02112,1489.11,INR,CARD,FAILED,TIMEOUT,3,0.887,2026-08-22 18:07:15.661676,0.6322,True,1.0,0.6170243861565684,918.8171836696075,REVIEW
pay_001814,cust_01036,3705.12,INR,NETBANKING,FAILED,LIMIT_EXCEEDED,4,0.766,2026-07-16 07:26:15.661676,0.1596,True,0.0,0.24769515830641023,917.7402849442467,ESCALATE
pay_007982,cust_02785,1207.97,INR,UPI,FAILED,BANK_ERROR,1,0.66,2026-06-21 13:27:15.661676,0.7660000000000001,True,1.0,0.7592866811598535,917.1955322406683,RECOVER
pay_001548,cust_02691,2301.77,INR,WALLET,FAILED,LIMIT_EXCEEDED,4,0.968,2026-06-12 16:17:15.661676,0.3208,True,0.0,0.39800544857878417,916.117001375188,ESCALATE
pay_009490,cust_00389,2241.9,INR,WALLET,FAILED,TIMEOUT,3,0.519,2026-07-08 13:35:15.661676,0.4314,True,1.0,0.40847746795028894,915.7656353977528,DO_NOT_ACT
pay_001731,cust_00132,1512.06,INR,CARD,FAILED,TIMEOUT,4,0.979,2026-06-14 17:30:15.661676,0.6073999999999999,True,1.0,0.6033994286914939,912.3761401472602,ESCALATE
pay_003334,cust_02637,2861.95,INR,CARD,FAILED,INSUFFICIENT_FUNDS,2,0.728,2026-07-20 13:44:15.661676,0.3868,True,0.0,0.3186677782061126,912.0112478369839,DO_NOT_ACT
pay_002742,cust_01204,2619.22,INR,UPI,FAILED,INSUFFICIENT_FUNDS,1,0.583,2026-06-30 05:11:15.661676,0.4198,True,1.0,0.34787741892337987,911.1674931924949,DO_NOT_ACT
pay_005811,cust_00196,4370.24,INR,UPI,FAILED,LIMIT_EXCEEDED,4,0.696,2026-06-11 22:36:15.661676,0.1776,True,0.0,0.20831481581732136,910.3857406774905,ESCALATE
pay_005122,cust_00252,1275.48,INR,WALLET,FAILED,BANK_ERROR,1,0.561,2026-07-22 05:03:15.661676,0.6866000000000001,True,0.0,0.7131553352084068,909.6153669516187,REVIEW
pay_000688,cust_00382,1339.62,INR,NETBANKING,FAILED,USER_CANCELLED,1,0.683,2026-07-24 19:26:15.661676,0.5698,True,1.0,0.6777766840386011,907.9632014717907,REVIEW
pay_002285,cust_02028,1246.98,INR,NETBANKING,FAILED,NETWORK_ERROR,3,0.958,2026-08-21 10:41:15.661676,0.6948,True,1.0,0.7243649061769163,903.2685507044911,REVIEW
pay_002895,cust_02934,2715.18,INR,WALLET,FAILED,LIMIT_EXCEEDED,3,0.768,2026-06-01 19:58:15.661676,0.2808,True,0.0,0.332121245205391,901.7689625567734,DO_NOT_ACT
pay_001107,cust_00733,2951.94,INR,WALLET,FAILED,USER_CANCELLED,4,0.499,2026-07-24 11:19:15.661676,0.2594,True,0.0,0.3054737587805761,901.7402074947338,ESCALATE
pay_000581,cust_01237,2370.36,INR,CARD,FAILED,NETWORK_ERROR,3,0.585,2026-08-19 07:58:15.661676,0.491,True,0.0,0.37994542593076036,900.6074398092371,DO_NOT_ACT
pay_005072,cust_00728,1516.66,INR,WALLET,FAILED,NETWORK_ERROR,3,0.754,2026-08-29 02:37:15.661676,0.6123999999999999,True,0.0,0.593416079555095,900.0104312180305,REVIEW
pay_008103,cust_00135,1230.95,INR,CARD,FAILED,NETWORK_ERROR,1,0.829,2026-07-06 12:00:15.661676,0.7974,True,0.0,0.7303521528081078,899.0269824991403,REVIEW
pay_006674,cust_01872,1997.05,INR,WALLET,FAILED,LIMIT_EXCEEDED,2,0.816,2026-08-22 21:47:15.661676,0.3896,True,1.0,0.4499015331585981,898.4758567943783,DO_NOT_ACT
pay_005765,cust_01193,1969.96,INR,WALLET,FAILED,TIMEOUT,4,0.69,2026-08-01 23:46:15.661676,0.4539999999999999,True,0.0,0.45594032901749226,898.1842105512991,ESCALATE
pay_005594,cust_01520,2455.59,INR,UPI,FAILED,INSUFFICIENT_FUNDS,4,0.937,2026-08-25 05:11:15.661676,0.3922,True,1.0,0.3656081300465312,897.7836680609616,ESCALATE
pay_001841,cust_02757,1631.36,INR,WALLET,FAILED,TIMEOUT,4,0.808,2026-06-16 00:53:15.661676,0.5248,True,1.0,0.5499660942291239,897.1926874816235,ESCALATE
pay_006847,cust_00634,1946.22,INR,UPI,FAILED,USER_CANCELLED,2,0.515,2026-08-18 12:23:15.661676,0.4489999999999999,True,0.0,0.45986058326773843,894.9898643673379,DO_NOT_ACT
pay_007766,cust_01971,1764.79,INR,UPI,FAILED,NETWORK_ERROR,2,0.559,2026-08-12 23:06:15.661676,0.5954000000000002,True,0.0,0.5054082349176587,891.9393989003349,REVIEW
pay_006053,cust_01731,1352.21,INR,UPI,FAILED,BANK_ERROR,1,0.509,2026-08-22 20:02:15.661676,0.6754000000000001,True,0.0,0.6590005637781624,891.107152346469,REVIEW
pay_003463,cust_02946,2049.51,INR,NETBANKING,FAILED,LIMIT_EXCEEDED,3,0.927,2026-07-16 22:06:15.661676,0.3361999999999999,True,1.0,0.43353640306064467,888.537193436822,DO_NOT_ACT
pay_007313,cust_02172,2162.76,INR,WALLET,FAILED,CARD_EXPIRED,1,0.858,2026-07-30 13:35:15.661676,0.4148,True,1.0,0.4100145385404067,886.7630433736501,DO_NOT_ACT
pay_004509,cust_01947,3060.12,INR,UPI,FAILED,LIMIT_EXCEEDED,3,0.729,2026-07-07 17:38:15.661676,0.2774,True,0.0,0.28877310335937034,883.6803490520764,DO_NOT_ACT
pay_006372,cust_02807,1555.75,INR,WALLET,FAILED,BANK_ERROR,2,0.471,2026-07-14 23:13:15.661676,0.5526000000000001,True,0.0,0.5658747955330397,880.3597131505264,REVIEW
pay_002894,cust_00258,2148.05,INR,WALLET,FAILED,BANK_ERROR,4,0.493,2026-07-02 01:44:15.661676,0.4058,True,1.0,0.4096538547026746,879.9569625940803,ESCALATE
pay_000070,cust_00459,1079.12,INR,UPI,FAILED,TIMEOUT,1,0.901,2026-08-25 18:15:15.661676,0.8406,True,1.0,0.8149509606882467,879.4298806979007,RECOVER
pay_003856,cust_01630,1601.92,INR,WALLET,FAILED,USER_CANCELLED,1,0.49,2026-08-25 13:34:15.661676,0.494,True,1.0,0.5476621416274372,877.3109379158243,REVIEW
pay_006538,cust_00225,3155.01,INR,NETBANKING,FAILED,FRAUD_SUSPECTED,1,0.965,2026-08-09 21:02:15.661676,0.189,True,0.0,0.2754864068429798,869.1623684536698,ESCALATE
pay_008831,cust_00418,1331.08,INR,CARD,FAILED,TIMEOUT,1,0.716,2026-06-02 17:58:15.661676,0.6896,True,1.0,0.6527631530581963,868.8799777727039,REVIEW
pay_005660,cust_02586,1056.58,INR,UPI,FAILED,NETWORK_ERROR,1,0.912,2026-08-18 04:10:15.661676,0.8872,True,0.0,0.819988541863403,866.3834935620342,RECOVER
pay_004343,cust_01040,8592.75,INR,NETBANKING,FAILED,FRAUD_SUSPECTED,4,0.878,2026-08-18 22:36:15.661676,0.02,True,0.0,0.100518669159095,863.7317944168136,ESCALATE
pay_004109,cust_00007,1540.28,INR,CARD,FAILED,NETWORK_ERROR,4,0.924,2026-06-19 03:49:15.661676,0.6144000000000001,True,1.0,0.5594586223371412,861.7229268134517,ESCALATE
pay_007110,cust_02720,2399.5,INR,WALLET,FAILED,NETWORK_ERROR,3,0.454,2026-08-17 08:03:15.661676,0.4324,True,1.0,0.3588387916468783,861.0336805566845,DO_NOT_ACT
pay_008585,cust_00695,1461.57,INR,UPI,FAILED,BANK_ERROR,2,0.526,2026-06-21 05:42:15.661676,0.6056000000000001,True,1.0,0.588697057769781,860.4219587245788,REVIEW
pay_006640,cust_02057,1749.04,INR,UPI,FAILED,NETWORK_ERROR,4,0.762,2026-07-11 09:42:15.661676,0.5572,True,1.0,0.4919061238328352,860.363486828582,ESCALATE
pay_002953,cust_02875,2626.31,INR,UPI,FAILED,INSUFFICIENT_FUNDS,2,0.664,2026-07-23 16:15:15.661676,0.3884,True,1.0,0.32694897193538014,858.6693544836082,DO_NOT_ACT
pay_004657,cust_01755,1404.96,INR,UPI,FAILED,NETWORK_ERROR,2,0.69,2026-07-01 10:57:15.661676,0.674,True,0.0,0.6084554167606059,854.8555223319809,REVIEW
pay_001491,cust_00524,1162.72,INR,WALLET,FAILED,NETWORK_ERROR,3,0.95,2026-08-19 01:58:15.661676,0.73,True,0.0,0.7329978993695203,852.2713175549287,REVIEW
pay_000684,cust_00682,2674.45,INR,WALLET,FAILED,NETWORK_ERROR,4,0.505,2026-07-15 14:55:15.661676,0.383,True,0.0,0.31747078866212186,849.0597507374117,ESCALATE
pay_002471,cust_02585,4265.79,INR,CARD,FAILED,CARD_EXPIRED,2,0.74,2026-06-04 02:00:15.661676,0.244,True,0.0,0.19900484196881846,848.9128648221661,DO_NOT_ACT
pay_003355,cust_00507,1124.34,INR,UPI,FAILED,NETWORK_ERROR,1,0.791,2026-07-25 22:35:15.661676,0.8146000000000001,True,1.0,0.7544495711481359,848.2578308246951,RECOVER
pay_002901,cust_01652,1743.4,INR,WALLET,FAILED,INSUFFICIENT_FUNDS,2,0.848,2026-08-18 19:25:15.661676,0.4788,True,1.0,0.4853131868612684,846.0950099739354,DO_NOT_ACT
pay_002240,cust_02051,3130.83,INR,CARD,FAILED,INSUFFICIENT_FUNDS,1,0.544,2026-07-02 11:48:15.661676,0.3564,True,1.0,0.2697223080531783,844.4546937221322,DO_NOT_ACT
pay_002536,cust_00341,1427.85,INR,CARD,FAILED,NETWORK_ERROR,3,0.855,2026-08-07 19:49:15.661676,0.6529999999999999,True,0.0,0.5912646103807214,844.237173932113,REVIEW
pay_002602,cust_01265,2968.37,INR,WALLET,FAILED,TIMEOUT,4,0.454,2026-06-10 21:16:15.661676,0.3124,True,0.0,0.2843153929410516,843.9532829444294,ESCALATE
pay_005028,cust_02985,1271.3,INR,CARD,FAILED,TIMEOUT,3,0.95,2026-08-15 10:44:15.661676,0.6699999999999999,True,1.0,0.6631620451398912,843.0779079863437,REVIEW
pay_003206,cust_00638,1051.95,INR,UPI,FAILED,TIMEOUT,1,0.87,2026-08-17 09:14:15.661676,0.822,True,1.0,0.7990730338882583,840.5848779987534,RECOVER
pay_006239,cust_01781,987.56,INR,CARD,FAILED,BANK_ERROR,1,0.92,2026-08-17 01:21:15.661676,0.882,True,0.0,0.8507030241550556,840.1202785345666,RECOVER
pay_006026,cust_02417,1984.78,INR,CARD,FAILED,NETWORK_ERROR,4,0.751,2026-08-11 18:08:15.661676,0.5106,True,0.0,0.4218003818108275,837.1809618104942,ESCALATE
pay_009381,cust_01558,1804.81,INR,CARD,FAILED,LIMIT_EXCEEDED,1,0.828,2026-06-05 03:29:15.661676,0.4568,True,0.0,0.4638405149671012,837.1439998177739,DO_NOT_ACT
pay_007215,cust_00552,1828.41,INR,CARD,FAILED,TIMEOUT,4,0.795,2026-07-30 01:40:15.661676,0.497,True,0.0,0.45664730020456457,834.9384901670279,ESCALATE
pay_007251,cust_00162,2366.16,INR,CARD,FAILED,LIMIT_EXCEEDED,2,0.792,2026-08-20 03:50:15.661676,0.3552,True,0.0,0.35271765361173274,834.5864032699375,DO_NOT_ACT
pay_006045,cust_01287,1973.68,INR,NETBANKING,FAILED,USER_CANCELLED,4,0.683,2026-07-15 21:40:15.661676,0.3298,True,0.0,0.42158366625294647,832.0712504101155,ESCALATE
pay_000244,cust_02917,3614.12,INR,NETBANKING,FAILED,INSUFFICIENT_FUNDS,4,0.723,2026-07-05 09:51:15.661676,0.2038,True,0.0,0.22975178613505973,830.350525306442,ESCALATE
pay_002475,cust_01916,2305.5,INR,NETBANKING,FAILED,INSUFFICIENT_FUNDS,2,0.707,2026-06-03 14:27:15.661676,0.3541999999999999,True,1.0,0.35950485653838293,828.8384467492418,DO_NOT_ACT
pay_008116,cust_01492,1591.13,INR,CARD,FAILED,BANK_ERROR,4,0.737,2026-07-27 10:30:15.661676,0.5322,True,1.0,0.5203404569683233,827.9293112960083,ESCALATE
pay_003786,cust_02267,1163.93,INR,UPI,FAILED,USER_CANCELLED,3,0.955,2026-08-09 00:18:15.661676,0.633,True,0.0,0.7107720337125814,827.2888931990849,REVIEW
pay_003988,cust_00888,1166.12,INR,CARD,FAILED,TIMEOUT,1,0.793,2026-06-13 15:10:15.661676,0.7358,True,1.0,0.7065654614062993,823.9401158551136,REVIEW
pay_004222,cust_02938,3553.97,INR,WALLET,FAILED,LIMIT_EXCEEDED,4,0.717,2026-06-22 07:07:15.661676,0.1702,True,1.0,0.2309520151983059,820.7965334543233,ESCALATE
pay_006177,cust_02107,1594.6,INR,UPI,FAILED,USER_CANCELLED,1,0.475,2026-06-13 10:06:15.661676,0.505,True,1.0,0.5145333251260316,820.4748402459699,REVIEW
pay_005955,cust_01983,2764.78,INR,CARD,FAILED,INSUFFICIENT_FUNDS,1,0.586,2026-08-23 10:51:15.661676,0.3816,True,0.0,0.29569545760282423,817.5328872711365,DO_NOT_ACT
pay_009313,cust_01471,4283.39,INR,UPI,FAILED,INSUFFICIENT_FUNDS,4,0.647,2026-06-06 17:51:15.661676,0.2182000000000001,True,0.0,0.189480299907984,811.6180218228596,ESCALATE
pay_007884,cust_00901,1727.36,INR,WALLET,FAILED,BANK_ERROR,4,0.571,2026-06-15 15:47:15.661676,0.4526,True,0.0,0.46980039518104916,811.514410619937,ESCALATE
pay_009442,cust_02184,1478.98,INR,NETBANKING,FAILED,BANK_ERROR,2,0.472,2026-07-14 10:21:15.661676,0.5132,True,1.0,0.5484674212642091,811.17234670134,REVIEW
pay_007493,cust_02677,1116.44,INR,CARD,FAILED,NETWORK_ERROR,1,0.824,2026-06-30 12:09:15.661676,0.7944,True,0.0,0.7265552908642441,811.1553889324767,REVIEW
pay_007703,cust_01392,1068.89,INR,WALLET,FAILED,BANK_ERROR,3,0.85,2026-08-13 17:16:15.661676,0.7,True,0.0,0.7564051599075963,808.5139113736307,RECOVER
pay_003412,cust_02085,1309.68,INR,NETBANKING,FAILED,USER_CANCELLED,2,0.708,2026-07-27 17:22:15.661676,0.5048,True,0.0,0.6144335886851019,804.7113824291043,REVIEW
pay_002519,cust_01766,1504.42,INR,NETBANKING,FAILED,LIMIT_EXCEEDED,2,0.946,2026-07-02 04:16:15.661676,0.4275999999999999,True,1.0,0.5348508211219495,804.6402723122833,REVIEW
pay_000856,cust_00355,1145.28,INR,NETBANKING,FAILED,NETWORK_ERROR,1,0.706,2026-08-09 09:32:15.661676,0.7036,True,1.0,0.702065583808966,804.0616718247326,REVIEW
pay_004530,cust_02330,1163.53,INR,UPI,FAILED,USER_CANCELLED,2,0.816,2026-06-09 10:43:15.661676,0.6296,True,0.0,0.6906954956540822,803.6449300583942,REVIEW
pay_000223,cust_00478,3130.69,INR,CARD,FAILED,NETWORK_ERROR,4,0.513,2026-06-04 20:49:15.661676,0.3678,True,1.0,0.25641093282207256,802.7431432767344,ESCALATE
pay_002111,cust_00589,1169.94,INR,UPI,FAILED,USER_CANCELLED,1,0.698,2026-07-28 20:20:15.661676,0.6388,True,1.0,0.6849068144166426,801.2998784586068,REVIEW
pay_007695,cust_00662,2965.17,INR,UPI,FAILED,INSUFFICIENT_FUNDS,4,0.797,2026-06-11 22:30:15.661676,0.3082000000000001,True,0.0,0.26973263353355836,799.8031129747013,ESCALATE
pay_004387,cust_02349,1044.17,INR,NETBANKING,FAILED,BANK_ERROR,3,0.885,2026-06-14 09:37:15.661676,0.6809999999999999,True,0.0,0.7640354286018697,797.7828734832143,RECOVER
pay_000666,cust_01441,1968.73,INR,CARD,FAILED,USER_CANCELLED,4,0.743,2026-07-21 23:53:15.661676,0.3858,True,1.0,0.4048772323595522,797.0939536632212,ESCALATE
pay_009949,cust_00393,1543.09,INR,UPI,FAILED,INSUFFICIENT_FUNDS,2,0.913,2026-07-02 05:18:15.661676,0.5378000000000001,True,1.0,0.5161985983404926,796.5408951132307,REVIEW
pay_008092,cust_01335,3557.79,INR,UPI,FAILED,FRAUD_SUSPECTED,2,0.99,2026-07-08 02:22:15.661676,0.184,True,0.0,0.22344135572445234,794.9574209828993,ESCALATE
pay_004533,cust_00080,2699.08,INR,CARD,FAILED,INSUFFICIENT_FUNDS,2,0.691,2026-08-13 02:59:15.661676,0.3646,True,0.0,0.2921658319121043,788.5789535973225,DO_NOT_ACT
pay_008955,cust_00914,1442.61,INR,NETBANKING,FAILED,NETWORK_ERROR,4,0.824,2026-06-19 08:40:15.661676,0.5344,True,0.0,0.5435349914484033,784.109014013381,ESCALATE
pay_002125,cust_02031,1840.83,INR,WALLET,FAILED,TIMEOUT,3,0.543,2026-07-17 09:40:15.661676,0.4458,True,0.0,0.4251138621997256,782.5623509531208,DO_NOT_ACT
pay_008222,cust_02626,3918.9,INR,NETBANKING,FAILED,LIMIT_EXCEEDED,4,0.679,2026-08-19 12:39:15.661676,0.1074,True,0.0,0.1994134826128377,781.4814970114497,ESCALATE
pay_006960,cust_00134,1954.18,INR,CARD,FAILED,TIMEOUT,3,0.611,2026-08-22 13:47:15.661676,0.4665999999999999,True,0.0,0.39806266172219223,777.8860922842737,DO_NOT_ACT
pay_008001,cust_01035,1760.9,INR,NETBANKING,FAILED,LIMIT_EXCEEDED,1,0.72,2026-06-22 00:54:15.661676,0.372,True,1.0,0.4417453780318666,777.8694361763139,DO_NOT_ACT
pay_001188,cust_02387,1510.65,INR,UPI,FAILED,INSUFFICIENT_FUNDS,2,0.91,2026-07-26 09:35:15.661676,0.536,True,1.0,0.5135476188751975,775.7907104538172,REVIEW
pay_004159,cust_00879,1075.07,INR,WALLET,FAILED,BANK_ERROR,3,0.793,2026-07-07 19:59:15.661676,0.6658000000000001,True,0.0,0.7204969647684011,774.5846719135649,REVIEW
pay_002096,cust_02642,1701.71,INR,WALLET,FAILED,USER_CANCELLED,3,0.595,2026-06-01 10:22:15.661676,0.397,True,1.0,0.4550705479585193,774.3981021664919,DO_NOT_ACT
pay_001377,cust_00243,1058.64,INR,WALLET,FAILED,BANK_ERROR,3,0.81,2026-06-11 13:33:15.661676,0.676,True,1.0,0.7314675075831818,774.3607622278596,REVIEW
pay_000743,cust_02615,1096.79,INR,WALLET,FAILED,NETWORK_ERROR,3,0.907,2026-08-22 06:06:15.661676,0.7042,True,1.0,0.7042677291195738,772.4338026210573,REVIEW
pay_007004,cust_01572,1499.7,INR,UPI,FAILED,LIMIT_EXCEEDED,2,0.92,2026-08-10 14:17:15.661676,0.472,True,1.0,0.5106429204377952,765.8111877805616,REVIEW
pay_006524,cust_00788,3448.3,INR,NETBANKING,FAILED,LIMIT_EXCEEDED,2,0.501,2026-07-06 11:18:15.661676,0.1606,True,1.0,0.21988093821926327,758.2154392614856,DO_NOT_ACT
pay_005281,cust_00004,1082.62,INR,UPI,FAILED,NETWORK_ERROR,1,0.707,2026-06-10 14:18:15.661676,0.7642,True,1.0,0.6999173033332481,757.744470934641,REVIEW
pay_007805,cust_00315,1590.1,INR,WALLET,FAILED,BANK_ERROR,4,0.58,2026-07-14 18:06:15.661676,0.4580000000000001,True,0.0,0.4762802687554879,757.3332553481013,ESCALATE
pay_002299,cust_02955,3042.27,INR,NETBANKING,FAILED,INSUFFICIENT_FUNDS,4,0.759,2026-08-17 21:13:15.661676,0.2254,True,0.0,0.24856135624985756,756.1907572782542,ESCALATE
pay_003227,cust_01667,918.3,INR,UPI,FAILED,NETWORK_ERROR,1,0.92,2026-06-03 02:53:15.661676,0.892,True,1.0,0.8233151652568489,756.0503162553644,RECOVER
pay_005961,cust_02805,943.85,INR,UPI,FAILED,BANK_ERROR,2,0.845,2026-06-14 09:35:15.661676,0.797,True,0.0,0.8003192227898875,755.3812984302353,RECOVER
pay_005461,cust_01169,1755.88,INR,NETBANKING,FAILED,INSUFFICIENT_FUNDS,2,0.799,2026-06-18 09:44:15.661676,0.4094,True,0.0,0.42787701199062256,751.3006878140944,DO_NOT_ACT
pay_007371,cust_00448,2136.84,INR,WALLET,FAILED,LIMIT_EXCEEDED,2,0.687,2026-08-04 07:58:15.661676,0.3122000000000001,True,0.0,0.3499623760567741,747.8136036531572,DO_NOT_ACT
pay_008417,cust_02062,1716.74,INR,UPI,FAILED,LIMIT_EXCEEDED,2,0.826,2026-07-17 05:05:15.661676,0.4155999999999999,True,0.0,0.43555041495598396,747.726819371536,DO_NOT_ACT
pay_003612,cust_00196,1976.53,INR,NETBANKING,FAILED,TIMEOUT,4,0.612,2026-07-03 14:38:15.661676,0.3671999999999999,True,1.0,0.37674649628418605,744.6507523005822,ESCALATE
pay_003360,cust_01668,825.69,INR,UPI,FAILED,BANK_ERROR,1,0.989,2026-06-01 17:04:15.661676,0.9634,True,1.0,0.9015476189681342,744.3988535057988,RECOVER
pay_000988,cust_01531,3647.84,INR,CARD,FAILED,INSUFFICIENT_FUNDS,2,0.538,2026-07-08 05:13:15.661676,0.2728,True,0.0,0.20402754723921074,744.2598479210825,DO_NOT_ACT
pay_008415,cust_02733,1138.46,INR,NETBANKING,FAILED,USER_CANCELLED,3,0.867,2026-06-25 14:30:15.661676,0.5202,True,1.0,0.6508647563304858,740.9834904920049,REVIEW
pay_009405,cust_01368,2977.44,INR,CARD,FAILED,LIMIT_EXCEEDED,2,0.635,2026-07-01 15:44:15.661676,0.261,True,1.0,0.24880089995487192,740.7897515616339,DO_NOT_ACT
pay_004614,cust_00024,1200.03,INR,UPI,FAILED,TIMEOUT,2,0.699,2026-07-08 22:59:15.661676,0.6394,True,0.0,0.6146169190836184,737.5587414079146,REVIEW
pay_007491,cust_01738,1463.4,INR,WALLET,FAILED,LIMIT_EXCEEDED,2,0.886,2026-08-28 08:08:15.661676,0.4316,True,1.0,0.5036051906340376,736.9758359738507,REVIEW
pay_002001,cust_00452,1053.48,INR,CARD,FAILED,NETWORK_ERROR,1,0.782,2026-06-10 00:00:15.661676,0.7692,True,1.0,0.6981229086871019,735.4585218436881,REVIEW
pay_003634,cust_00886,3279.18,INR,WALLET,FAILED,INSUFFICIENT_FUNDS,3,0.584,2026-06-26 19:58:15.661676,0.2404,True,1.0,0.22410596581128503,734.8838009690496,DO_NOT_ACT
pay_009045,cust_01673,1420.52,INR,CARD,FAILED,BANK_ERROR,2,0.514,2026-07-13 10:42:15.661676,0.5584000000000001,True,1.0,0.5163462819679883,733.4802204611667,REVIEW
pay_008053,cust_01926,1288.26,INR,CARD,FAILED,INSUFFICIENT_FUNDS,1,0.948,2026-08-22 10:28:15.661676,0.5988,True,0.0,0.5691733770258467,733.2432946873173,REVIEW
pay_009248,cust_00427,818.22,INR,WALLET,FAILED,BANK_ERROR,1,0.931,2026-07-04 17:44:15.661676,0.9086,True,0.0,0.8917420732237038,729.6411991530989,RECOVER
pay_001999,cust_01702,1586.91,INR,CARD,FAILED,BANK_ERROR,4,0.658,2026-05-31 20:24:15.661676,0.4848,True,1.0,0.45589018968465955,723.4567009124831,ESCALATE
pay_006373,cust_01915,4425.4,INR,UPI,FAILED,INSUFFICIENT_FUNDS,3,0.481,2026-08-05 16:31:15.661676,0.1986,True,0.0,0.16330335764547407,722.6826789242809,DO_NOT_ACT
pay_008531,cust_02625,892.86,INR,WALLET,FAILED,NETWORK_ERROR,1,0.859,2026-08-07 08:30:15.661676,0.8354,True,1.0,0.8057831245927798,719.4515206239093,RECOVER
pay_006826,cust_01588,1121.05,INR,UPI,FAILED,NETWORK_ERROR,4,0.953,2026-06-25 23:40:15.661676,0.6718,True,1.0,0.6402001022141928,717.6963245872208,ESCALATE
pay_005163,cust_01288,1679.81,INR,CARD,FAILED,TIMEOUT,2,0.539,2026-06-29 17:56:15.661676,0.5034000000000001,True,1.0,0.42625353781959946,716.0249553647413,DO_NOT_ACT
pay_003483,cust_01980,1354.18,INR,CARD,FAILED,NETWORK_ERROR,2,0.668,2026-08-22 22:19:15.661676,0.6208,True,0.0,0.5286498191743593,715.8870121295339,REVIEW
pay_002868,cust_00097,889.5,INR,WALLET,FAILED,BANK_ERROR,2,0.828,2026-06-29 17:41:15.661676,0.7668,True,0.0,0.8045920673922102,715.684643945371,RECOVER
pay_001275,cust_02938,4771.8,INR,WALLET,FAILED,CARD_EXPIRED,3,0.638,2026-07-26 10:48:15.661676,0.1228,True,0.0,0.14994422741167907,715.5038643630502,DO_NOT_ACT
pay_000444,cust_02988,1683.62,INR,WALLET,FAILED,NETWORK_ERROR,4,0.653,2026-07-04 19:47:15.661676,0.4718,True,0.0,0.4239965740503843,713.849112002708,ESCALATE
pay_006376,cust_00276,4353.73,INR,UPI,FAILED,CARD_EXPIRED,1,0.478,2026-06-03 22:11:15.661676,0.2068,True,0.0,0.16312374812701913,710.1967559330469,DO_NOT_ACT
pay_003738,cust_00049,1591.62,INR,UPI,FAILED,LIMIT_EXCEEDED,1,0.728,2026-08-17 19:44:15.661676,0.4368,True,0.0,0.4442061345539131,707.0073678786991,DO_NOT_ACT
pay_006331,cust_02312,5190.36,INR,WALLET,FAILED,LIMIT_EXCEEDED,4,0.506,2026-07-04 19:55:15.661676,0.0436,True,1.0,0.13566199216199917,704.134577637954,ESCALATE
pay_006660,cust_02683,2296.79,INR,CARD,FAILED,BANK_ERROR,4,0.456,2026-06-23 14:02:15.661676,0.3636,True,0.0,0.3058863865031027,702.5567936564612,ESCALATE
pay_002976,cust_00717,1967.67,INR,UPI,FAILED,LIMIT_EXCEEDED,3,0.833,2026-07-23 05:43:15.661676,0.3397999999999999,True,0.0,0.35694264404199644,702.3453324021151,DO_NOT_ACT
pay_008605,cust_02855,2953.1,INR,UPI,FAILED,CARD_EXPIRED,3,0.852,2026-06-10 05:43:15.661676,0.2712,True,0.0,0.23779740220145007,702.2395084411022,DO_NOT_ACT
pay_004450,cust_02582,5987.14,INR,WALLET,FAILED,FRAUD_SUSPECTED,3,0.819,2026-08-20 05:07:15.661676,0.02,True,0.0,0.1172469424746177,701.9738591674826,ESCALATE
pay_007676,cust_00066,998.26,INR,CARD,FAILED,BANK_ERROR,2,0.761,2026-08-03 11:00:15.661676,0.7066000000000001,True,1.0,0.7031145920196591,701.8911726295448,REVIEW
pay_002167,cust_00452,945.12,INR,CARD,FAILED,BANK_ERROR,1,0.707,2026-06-02 06:00:15.661676,0.7542,True,1.0,0.7394104842392293,698.8316368641804,REVIEW
pay_008915,cust_01324,1599.93,INR,NETBANKING,FAILED,TIMEOUT,2,0.471,2026-07-01 16:06:15.661676,0.4425999999999999,True,0.0,0.43622291537478397,697.9261289955781,DO_NOT_ACT
pay_005559,cust_00216,1766.27,INR,CARD,FAILED,USER_CANCELLED,4,0.732,2026-06-01 12:43:15.661676,0.3792,True,1.0,0.3950388519800571,697.7452730868155,ESCALATE
pay_005180,cust_00003,1830.89,INR,WALLET,FAILED,CARD_EXPIRED,1,0.822,2026-07-25 14:28:15.661676,0.3932,True,0.0,0.37993245893274913,695.6145397353811,DO_NOT_ACT
pay_006299,cust_02841,1370.02,INR,CARD,FAILED,LIMIT_EXCEEDED,1,0.885,2026-06-05 21:49:15.661676,0.491,True,1.0,0.5076426656396616,695.4806047796493,REVIEW
pay_006114,cust_00513,899.29,INR,NETBANKING,FAILED,TIMEOUT,2,0.93,2026-08-16 20:03:15.661676,0.718,True,1.0,0.7731557613349807,695.2912446109348,RECOVER
pay_008401,cust_02795,2180.03,INR,CARD,FAILED,INSUFFICIENT_FUNDS,3,0.843,2026-07-25 07:36:15.661676,0.3758,True,0.0,0.3187379146276408,694.8582160256958,DO_NOT_ACT
pay_005365,cust_02941,1552.79,INR,CARD,FAILED,USER_CANCELLED,1,0.47,2026-06-07 10:39:15.661676,0.4619999999999999,True,0.0,0.4471570817204121,694.3410449246386,DO_NOT_ACT
pay_006143,cust_01821,1784.24,INR,WALLET,FAILED,USER_CANCELLED,4,0.619,2026-08-26 04:23:15.661676,0.3314,True,1.0,0.3873997056524225,691.2140508132783,ESCALATE
pay_005409,cust_01216,1534.21,INR,CARD,FAILED,NETWORK_ERROR,4,0.79,2026-07-30 22:30:15.661676,0.534,True,1.0,0.4503772004928768,690.9732047681765,ESCALATE
pay_000731,cust_02795,2114.72,INR,UPI,FAILED,LIMIT_EXCEEDED,1,0.571,2026-07-13 21:26:15.661676,0.3425999999999999,True,1.0,0.32646684805314213,690.3859729149407,DO_NOT_ACT
pay_006633,cust_02894,1319.88,INR,UPI,FAILED,USER_CANCELLED,2,0.597,2026-07-22 16:20:15.661676,0.4982,True,0.0,0.5228582134387963,690.1100987535985,REVIEW
pay_004576,cust_00525,1514.39,INR,WALLET,FAILED,INSUFFICIENT_FUNDS,2,0.811,2026-08-17 13:28:15.661676,0.4566,True,1.0,0.453782460523211,687.2036203917455,DO_NOT_ACT
pay_000420,cust_01373,1908.39,INR,NETBANKING,FAILED,INSUFFICIENT_FUNDS,4,0.93,2026-07-12 02:18:15.661676,0.328,True,0.0,0.35993177242985586,686.8901951874127,ESCALATE
pay_008502,cust_01022,1259.77,INR,UPI,FAILED,NETWORK_ERROR,1,0.501,2026-07-14 04:33:15.661676,0.6406000000000001,True,1.0,0.5443915268388348,685.808113765759,REVIEW
pay_004870,cust_01462,1190.7,INR,WALLET,FAILED,NETWORK_ERROR,4,0.844,2026-08-20 02:47:15.661676,0.5864,True,1.0,0.5758080075374489,685.6145945748405,ESCALATE
pay_004357,cust_02356,2168.15,INR,UPI,FAILED,INSUFFICIENT_FUNDS,1,0.542,2026-06-29 20:05:15.661676,0.3952,True,1.0,0.31569574852476273,684.4757371639644,DO_NOT_ACT
pay_000568,cust_02108,807.17,INR,UPI,FAILED,USER_CANCELLED,1,0.986,2026-06-13 01:57:15.661676,0.8116,True,0.0,0.8466630076691185,683.4009799002823,RECOVER
pay_006861,cust_01481,933.87,INR,NETBANKING,FAILED,BANK_ERROR,2,0.72,2026-07-22 20:53:15.661676,0.662,True,1.0,0.7293748456843377,681.1412871392325,REVIEW
pay_001094,cust_00133,1884.76,INR,WALLET,FAILED,TIMEOUT,4,0.57,2026-08-09 07:55:15.661676,0.382,True,0.0,0.3610007176851169,680.3997126642009,ESCALATE
pay_006852,cust_01648,988.42,INR,WALLET,FAILED,BANK_ERROR,3,0.743,2026-07-30 19:50:15.661676,0.6358,True,1.0,0.685971208436823,678.0276618431246,REVIEW
pay_000360,cust_02120,932.82,INR,NETBANKING,FAILED,USER_CANCELLED,2,0.865,2026-06-12 10:07:15.661676,0.599,True,1.0,0.7250658816493922,676.3559557201861,REVIEW
pay_003043,cust_00245,1130.91,INR,WALLET,FAILED,USER_CANCELLED,1,0.554,2026-06-04 15:30:15.661676,0.5324000000000001,True,1.0,0.5959623068203466,673.9797324061982,REVIEW
pay_002986,cust_02768,838.79,INR,WALLET,FAILED,BANK_ERROR,3,0.928,2026-07-03 12:55:15.661676,0.7468,True,1.0,0.7993553611317714,670.4912833637185,RECOVER
pay_008552,cust_02505,998.38,INR,UPI,FAILED,TIMEOUT,1,0.663,2026-07-17 05:01:15.661676,0.6978,True,1.0,0.6687694855396841,667.6860789731098,REVIEW
pay_007433,cust_00904,2615.0,INR,CARD,FAILED,TIMEOUT,4,0.514,2026-07-13 11:40:15.661676,0.3284,True,0.0,0.2548976272421025,666.557295238098,ESCALATE
pay_008686,cust_02079,2348.98,INR,WALLET,FAILED,CARD_EXPIRED,3,0.904,2026-06-06 05:15:15.661676,0.2824,True,1.0,0.2837331919141037,666.4835931423912,DO_NOT_ACT
pay_007894,cust_00722,804.23,INR,WALLET,FAILED,BANK_ERROR,3,0.982,2026-08-16 02:51:15.661676,0.7792,True,0.0,0.8260519253093304,664.3357398915227,RECOVER
pay_007570,cust_00288,1133.45,INR,NETBANKING,FAILED,NETWORK_ERROR,1,0.55,2026-06-13 20:10:15.661676,0.61,True,1.0,0.5858884341149377,664.0752456475763,REVIEW
pay_001506,cust_00180,1258.18,INR,WALLET,FAILED,TIMEOUT,2,0.564,2026-06-30 07:33:15.661676,0.5384,True,1.0,0.5276848345638968,663.9225051516037,REVIEW
pay_008601,cust_01208,1329.63,INR,UPI,FAILED,USER_CANCELLED,2,0.567,2026-06-29 23:16:15.661676,0.4801999999999999,True,0.0,0.498422166036299,662.7170646268443,DO_NOT_ACT
pay_000598,cust_02433,826.33,INR,UPI,FAILED,BANK_ERROR,3,0.954,2026-07-18 19:49:15.661676,0.7824,True,0.0,0.7994828917264647,660.6366979203297,RECOVER
pay_005732,cust_01955,1871.38,INR,NETBANKING,FAILED,NETWORK_ERROR,3,0.472,2026-07-11 19:19:15.661676,0.4031999999999999,True,0.0,0.3528236660631599,660.2671521972762,DO_NOT_ACT
pay_001493,cust_02118,1151.25,INR,NETBANKING,FAILED,NETWORK_ERROR,4,0.862,2026-07-10 09:43:15.661676,0.5572,True,1.0,0.5723683657291747,658.9390810457124,ESCALATE
pay_004556,cust_00142,1421.73,INR,CARD,FAILED,NETWORK_ERROR,2,0.584,2026-06-16 12:27:15.661676,0.5704,True,0.0,0.46054852908159505,654.7756602511762,DO_NOT_ACT
pay_007134,cust_01074,1957.55,INR,WALLET,FAILED,INSUFFICIENT_FUNDS,2,0.652,2026-08-25 15:41:15.661676,0.3612000000000001,True,0.0,0.33313764980226296,652.1336063704198,DO_NOT_ACT
pay_005681,cust_00423,844.76,INR,UPI,FAILED,USER_CANCELLED,2,0.945,2026-08-24 09:25:15.661676,0.7070000000000001,True,0.0,0.7715439112749473,651.7694344886245,RECOVER
pay_004777,cust_02229,1773.33,INR,WALLET,FAILED,CARD_EXPIRED,1,0.806,2026-08-02 01:03:15.661676,0.3836,True,1.0,0.36735916513177075,651.449028303123,DO_NOT_ACT
pay_003161,cust_00162,1112.98,INR,UPI,FAILED,USER_CANCELLED,4,0.895,2026-08-14 12:12:15.661676,0.517,True,1.0,0.5849716514101921,651.0617485865157,ESCALATE
pay_007986,cust_01550,922.77,INR,CARD,FAILED,NETWORK_ERROR,1,0.792,2026-06-15 13:29:15.661676,0.7752,True,1.0,0.7042881795531599,649.8960034462693,REVIEW
pay_001831,cust_00411,3186.16,INR,UPI,FAILED,INSUFFICIENT_FUNDS,2,0.464,2026-07-12 07:55:15.661676,0.2684,True,1.0,0.2039574730659243,649.8411423837254,DO_NOT_ACT
pay_006805,cust_00889,905.8,INR,WALLET,FAILED,USER_CANCELLED,1,0.721,2026-07-27 10:05:15.661676,0.6326,True,1.0,0.7168474710391729,649.3204392672828,REVIEW
pay_009220,cust_01202,1298.86,INR,NETBANKING,FAILED,NETWORK_ERROR,4,0.769,2026-07-02 10:44:15.661676,0.5014,True,0.0,0.49781014066862894,646.5856793088553,ESCALATE
pay_008194,cust_01155,1944.77,INR,NETBANKING,FAILED,NETWORK_ERROR,4,0.552,2026-07-10 01:25:15.661676,0.3712,True,0.0,0.3313907636630063,644.4788154489047,ESCALATE
pay_004137,cust_01591,1728.94,INR,CARD,FAILED,TIMEOUT,4,0.689,2026-07-22 14:59:15.661676,0.4333999999999999,True,0.0,0.37220423608944764,643.5187919444896,ESCALATE
pay_009756,cust_01014,4177.09,INR,UPI,FAILED,FRAUD_SUSPECTED,2,0.842,2026-07-27 02:12:15.661676,0.0951999999999999,True,0.0,0.15264417710739886,637.6084657535447,ESCALATE
pay_003599,cust_01662,2365.91,INR,WALLET,FAILED,LIMIT_EXCEEDED,3,0.679,2026-07-22 02:46:15.661676,0.2274,True,0.0,0.26929685042015356,637.1321113775455,DO_NOT_ACT
pay_007662,cust_00409,2025.63,INR,NETBANKING,FAILED,LIMIT_EXCEEDED,4,0.88,2026-08-14 11:09:15.661676,0.228,True,0.0,0.314278102393197,636.6111525507316,ESCALATE
pay_003475,cust_00123,1018.81,INR,NETBANKING,FAILED,NETWORK_ERROR,3,0.82,2026-08-08 12:19:15.661676,0.6119999999999999,True,1.0,0.6246888731663519,636.4392708706109,REVIEW
pay_004823,cust_00632,919.16,INR,WALLET,FAILED,BANK_ERROR,2,0.641,2026-08-21 19:46:15.661676,0.6546000000000001,True,0.0,0.6910005321592884,635.1400491395315,REVIEW
pay_000889,cust_01975,2900.17,INR,UPI,FAILED,INSUFFICIENT_FUNDS,2,0.492,2026-07-16 10:02:15.661676,0.2852,True,0.0,0.2180012467504299,632.2406757881943,DO_NOT_ACT
pay_003414,cust_02460,929.23,INR,WALLET,FAILED,BANK_ERROR,1,0.513,2026-08-22 07:52:15.661676,0.6578,True,0.0,0.6781428507458206,630.1506811985389,REVIEW
pay_008638,cust_01358,728.87,INR,UPI,FAILED,BANK_ERROR,1,0.878,2026-06-08 20:34:15.661676,0.8968,True,1.0,0.8640495030028518,629.7797612536885,RECOVER
pay_001082,cust_02347,1367.3,INR,CARD,FAILED,TIMEOUT,3,0.693,2026-07-09 13:23:15.661676,0.5157999999999999,True,0.0,0.46004531680965227,629.0199616738375,DO_NOT_ACT
pay_000535,cust_00352,1073.34,INR,UPI,FAILED,BANK_ERROR,3,0.635,2026-08-15 09:48:15.661676,0.5910000000000001,True,0.0,0.5857957113486959,628.7579688190092,REVIEW
pay_007270,cust_01685,927.58,INR,NETBANKING,FAILED,USER_CANCELLED,3,0.905,2026-06-06 18:41:15.661676,0.5429999999999999,True,1.0,0.6773863364292089,628.3300179450056,REVIEW
pay_000102,cust_02947,1291.4,INR,WALLET,FAILED,INSUFFICIENT_FUNDS,2,0.852,2026-08-15 08:10:15.661676,0.4812,True,1.0,0.485765775571882,627.3179225735284,DO_NOT_ACT
pay_000920,cust_00374,2111.75,INR,CARD,FAILED,INSUFFICIENT_FUNDS,1,0.592,2026-07-13 16:08:15.661676,0.3852,True,0.0,0.2963915053032412,625.9047613241196,DO_NOT_ACT
pay_001224,cust_01294,2517.54,INR,UPI,FAILED,LIMIT_EXCEEDED,4,0.78,2026-06-09 14:27:15.661676,0.228,True,0.0,0.24848086418758597,625.5605148268152,ESCALATE
pay_000117,cust_01339,1758.52,INR,NETBANKING,FAILED,NETWORK_ERROR,4,0.586,2026-08-09 00:41:15.661676,0.3915999999999999,True,0.0,0.3553927706840276,624.9652951032762,ESCALATE
pay_000612,cust_01101,1729.4,INR,UPI,FAILED,NETWORK_ERROR,4,0.597,2026-08-09 22:58:15.661676,0.4582,True,1.0,0.3607414094826807,623.8661935593481,ESCALATE
pay_000786,cust_00653,4292.5,INR,UPI,FAILED,INSUFFICIENT_FUNDS,4,0.548,2026-07-08 14:35:15.661676,0.1588,True,0.0,0.14470718304200966,621.1555832078265,ESCALATE
pay_005314,cust_01868,2102.29,INR,UPI,FAILED,INSUFFICIENT_FUNDS,2,0.622,2026-06-11 17:48:15.661676,0.3632,True,0.0,0.2947667411865959,619.6851723291687,DO_NOT_ACT
pay_005081,cust_02897,816.58,INR,WALLET,FAILED,BANK_ERROR,1,0.633,2026-07-15 16:36:15.661676,0.7298,True,1.0,0.7566954872912515,617.9024010122902,RECOVER
pay_005493,cust_02316,1335.41,INR,UPI,FAILED,INSUFFICIENT_FUNDS,2,0.849,2026-07-29 18:27:15.661676,0.4993999999999999,True,0.0,0.46268636505825095,617.8759987624389,DO_NOT_ACT
pay_000922,cust_01642,795.35,INR,NETBANKING,FAILED,BANK_ERROR,2,0.796,2026-08-04 12:17:15.661676,0.7076000000000001,True,1.0,0.7749363304439357,616.3456104185843,RECOVER
pay_006934,cust_01657,1794.12,INR,NETBANKING,FAILED,USER_CANCELLED,3,0.472,2026-06-11 13:57:15.661676,0.2832,True,0.0,0.3425783138403647,614.6266044272751,DO_NOT_ACT
pay_001869,cust_01810,755.38,INR,WALLET,FAILED,BANK_ERROR,2,0.847,2026-06-27 05:38:15.661676,0.7782000000000001,True,1.0,0.8136651165906967,614.6263557702805,RECOVER
pay_006489,cust_01508,2494.43,INR,WALLET,FAILED,LIMIT_EXCEEDED,3,0.641,2026-08-03 04:01:15.661676,0.2046,True,1.0,0.24616179736764007,614.0333722077623,DO_NOT_ACT
pay_003762,cust_02662,1792.07,INR,CARD,FAILED,CARD_EXPIRED,1,0.875,2026-07-29 02:23:15.661676,0.405,True,0.0,0.34200304923448216,612.8934044416384,DO_NOT_ACT
pay_003825,cust_02410,1057.76,INR,CARD,FAILED,USER_CANCELLED,2,0.745,2026-08-05 01:42:15.661676,0.547,True,1.0,0.5782890258812989,611.6910000162028,REVIEW
pay_000325,cust_02080,808.5,INR,UPI,FAILED,BANK_ERROR,4,0.98,2026-07-06 06:43:15.661676,0.7180000000000001,True,0.0,0.7519519631155619,607.9531621789318,ESCALATE
pay_003893,cust_02199,953.41,INR,CARD,FAILED,TIMEOUT,2,0.808,2026-07-27 15:41:15.661676,0.6648000000000001,True,1.0,0.6373632952842359,607.6685393569433,REVIEW
pay_006374,cust_00927,5011.76,INR,CARD,FAILED,CARD_EXPIRED,4,0.772,2026-07-09 09:25:15.661676,0.1032,True,0.0,0.12063296432884003,604.5834653047074,ESCALATE
pay_004185,cust_01662,1232.74,INR,NETBANKING,FAILED,BANK_ERROR,3,0.511,2026-06-07 14:11:15.661676,0.4566,True,0.0,0.48931730134888696,603.201010064827,DO_NOT_ACT
pay_005851,cust_01404,2196.25,INR,CARD,FAILED,INSUFFICIENT_FUNDS,4,0.887,2026-08-26 01:58:15.661676,0.3222,True,1.0,0.27410093801860813,601.9941851233681,ESCALATE
pay_000425,cust_01642,3029.95,INR,UPI,FAILED,INSUFFICIENT_FUNDS,2,0.454,2026-06-17 13:25:15.661676,0.2624,True,0.0,0.1980833594339072,600.182674916767,DO_NOT_ACT
pay_004676,cust_02878,837.05,INR,NETBANKING,FAILED,BANK_ERROR,2,0.7,2026-08-27 15:32:15.661676,0.65,True,1.0,0.7157900308677995,599.1520453378915,REVIEW
pay_001562,cust_02073,994.49,INR,WALLET,FAILED,BANK_ERROR,3,0.631,2026-08-06 10:03:15.661676,0.5686,True,0.0,0.6023928826441826,599.0736978608131,REVIEW
pay_009424,cust_01591,1982.03,INR,CARD,FAILED,LIMIT_EXCEEDED,3,0.832,2026-06-03 00:36:15.661676,0.2992,True,0.0,0.3005879793351489,595.7743926816452,DO_NOT_ACT
pay_008251,cust_01611,1303.13,INR,WALLET,FAILED,BANK_ERROR,4,0.558,2026-06-20 13:21:15.661676,0.4448000000000001,True,1.0,0.45660841259672513,595.0201207071705,ESCALATE
pay_009057,cust_00669,1561.13,INR,UPI,FAILED,INSUFFICIENT_FUNDS,1,0.635,2026-07-07 23:44:15.661676,0.451,True,0.0,0.3811217256435932,594.9805595539827,DO_NOT_ACT
pay_009139,cust_01624,1108.98,INR,UPI,FAILED,BANK_ERROR,3,0.572,2026-07-21 02:19:15.661676,0.5532,True,1.0,0.5353391957586807,593.6804613124617,REVIEW
pay_008494,cust_02160,1159.54,INR,WALLET,FAILED,BANK_ERROR,4,0.626,2026-07-14 08:01:15.661676,0.4856,True,1.0,0.5111649251869589,592.7161773512863,ESCALATE
pay_004238,cust_00982,1369.44,INR,CARD,FAILED,INSUFFICIENT_FUNDS,2,0.889,2026-07-09 14:49:15.661676,0.4834,True,0.0,0.43269100290048895,592.5443670120457,DO_NOT_ACT
pay_001320,cust_00607,1556.85,INR,WALLET,FAILED,INSUFFICIENT_FUNDS,1,0.608,2026-06-14 10:32:15.661676,0.4148,True,0.0,0.38006541850694564,591.7048468025383,DO_NOT_ACT
pay_005262,cust_02825,969.5,INR,UPI,FAILED,TIMEOUT,4,0.913,2026-06-26 20:27:15.661676,0.6078,True,0.0,0.6090569692979177,590.4807317343312,ESCALATE
pay_006463,cust_00698,1580.28,INR,NETBANKING,FAILED,INSUFFICIENT_FUNDS,1,0.619,2026-08-13 23:56:15.661676,0.3814,True,1.0,0.3717655634149437,587.4936845533672,DO_NOT_ACT
pay_006895,cust_01437,1026.55,INR,WALLET,FAILED,NETWORK_ERROR,3,0.73,2026-08-13 07:54:15.661676,0.598,True,0.0,0.5713726248620534,586.542568052141,REVIEW
pay_009444,cust_00415,1926.89,INR,WALLET,FAILED,LIMIT_EXCEEDED,1,0.515,2026-06-08 02:04:15.661676,0.289,True,0.0,0.3040585430903469,585.8873660953586,DO_NOT_ACT
pay_007158,cust_02407,972.59,INR,CARD,FAILED,BANK_ERROR,3,0.728,2026-08-21 15:41:15.661676,0.6068,True,1.0,0.5975168656817331,581.1389283933968,REVIEW
pay_000654,cust_01127,746.04,INR,NETBANKING,FAILED,BANK_ERROR,2,0.8,2026-07-11 08:05:15.661676,0.7100000000000001,True,0.0,0.7769954689943,579.6696996885075,RECOVER
pay_001859,cust_02821,2277.78,INR,UPI,FAILED,LIMIT_EXCEEDED,4,0.791,2026-06-25 15:07:15.661676,0.2346,True,0.0,0.25412107576296705,578.8319039513711,ESCALATE
pay_009173,cust_01408,2995.84,INR,UPI,FAILED,CARD_EXPIRED,2,0.661,2026-08-23 09:39:15.661676,0.2366,True,1.0,0.1931863956593676,578.7555315721598,DO_NOT_ACT
pay_003831,cust_00040,1537.6,INR,UPI,FAILED,TIMEOUT,3,0.508,2026-07-19 23:15:15.661676,0.4447999999999999,True,1.0,0.37574825473821954,577.7505164854863,DO_NOT_ACT
pay_000995,cust_02192,811.35,INR,UPI,FAILED,NETWORK_ERROR,2,0.836,2026-06-17 15:57:15.661676,0.7616,True,0.0,0.7116098509250055,577.3646525480033,REVIEW
pay_002332,cust_00514,1707.39,INR,CARD,FAILED,LIMIT_EXCEEDED,2,0.777,2026-08-10 09:56:15.661676,0.3462,True,1.0,0.33792532349076837,576.970318074903,DO_NOT_ACT
pay_003054,cust_01184,965.84,INR,CARD,FAILED,NETWORK_ERROR,2,0.756,2026-06-29 05:38:15.661676,0.6736000000000001,True,0.0,0.5969241874061857,576.5332571643904,REVIEW
pay_007067,cust_01884,1329.41,INR,UPI,FAILED,NETWORK_ERROR,2,0.474,2026-06-26 10:55:15.661676,0.5444000000000001,True,1.0,0.43363769065751007,576.4822823370005,DO_NOT_ACT
pay_002318,cust_02487,1103.45,INR,NETBANKING,FAILED,USER_CANCELLED,3,0.704,2026-07-01 05:33:15.661676,0.4223999999999999,True,1.0,0.5222919514825901,576.3230538634641,REVIEW
pay_004959,cust_02242,1735.03,INR,UPI,FAILED,LIMIT_EXCEEDED,4,0.908,2026-06-14 19:41:15.661676,0.3048,True,0.0,0.33006821905560896,572.6782621080532,ESCALATE
pay_003630,cust_02450,1089.85,INR,WALLET,FAILED,USER_CANCELLED,4,0.795,2026-08-24 07:46:15.661676,0.437,True,0.0,0.5248982861298837,572.0603971386537,ESCALATE
pay_003392,cust_02459,951.22,INR,WALLET,FAILED,NETWORK_ERROR,3,0.763,2026-06-08 21:37:15.661676,0.6178,True,0.0,0.5971087975627226,567.981830417613,REVIEW
pay_001318,cust_02840,1416.32,INR,UPI,FAILED,INSUFFICIENT_FUNDS,1,0.661,2026-06-17 21:13:15.661676,0.4666,True,0.0,0.4004908594792277,567.2232140976197,DO_NOT_ACT
pay_007720,cust_02608,672.79,INR,WALLET,FAILED,BANK_ERROR,1,0.8,2026-07-16 17:30:15.661676,0.8300000000000001,True,1.0,0.8424911240330931,566.8196033382247,RECOVER
pay_002866,cust_00341,1413.4,INR,NETBANKING,FAILED,INSUFFICIENT_FUNDS,4,0.986,2026-07-25 14:37:15.661676,0.3616,True,0.0,0.4001201281617922,565.5297891438771,ESCALATE
pay_003512,cust_01362,896.57,INR,UPI,FAILED,BANK_ERROR,1,0.473,2026-06-13 03:08:15.661676,0.6538,True,1.0,0.6294435077971711,564.3401657857097,REVIEW
pay_005166,cust_01473,3939.85,INR,WALLET,FAILED,CARD_EXPIRED,4,0.733,2026-07-21 09:30:15.661676,0.0998,True,0.0,0.14138659604272294,557.041980418922,ESCALATE
pay_002415,cust_01793,4081.13,INR,UPI,FAILED,INSUFFICIENT_FUNDS,4,0.526,2026-06-04 07:05:15.661676,0.1456000000000001,True,0.0,0.13541541993385553,552.6479327546558,ESCALATE
pay_007180,cust_00255,1012.88,INR,NETBANKING,FAILED,INSUFFICIENT_FUNDS,1,0.839,2026-08-15 13:55:15.661676,0.5134,True,0.0,0.5449417004544951,551.960549556349,REVIEW
pay_004505,cust_00043,1523.47,INR,WALLET,FAILED,LIMIT_EXCEEDED,2,0.708,2026-07-30 03:37:15.661676,0.3248,True,1.0,0.36219471778993195,551.7927867114277,DO_NOT_ACT
pay_004333,cust_00696,3306.97,INR,UPI,FAILED,FRAUD_SUSPECTED,1,0.771,2026-08-24 18:40:15.661676,0.1326,True,0.0,0.16670037460951967,551.2731378224432,ESCALATE
pay_000759,cust_01020,909.88,INR,CARD,FAILED,NETWORK_ERROR,1,0.657,2026-08-02 20:47:15.661676,0.6942,True,1.0,0.6049783189893224,550.4576728820047,REVIEW
pay_007589,cust_02214,2482.68,INR,CARD,FAILED,LIMIT_EXCEEDED,3,0.702,2026-07-13 20:18:15.661676,0.2211999999999999,True,1.0,0.22150574242293253,549.9278765985661,DO_NOT_ACT
pay_007230,cust_02666,3071.16,INR,CARD,FAILED,INSUFFICIENT_FUNDS,2,0.493,2026-07-02 19:20:15.661676,0.2458,True,0.0,0.17905635003422735,549.9106999711177,DO_NOT_ACT
pay_007121,cust_02161,1275.85,INR,UPI,FAILED,USER_CANCELLED,4,0.701,2026-07-02 02:49:15.661676,0.4006,True,0.0,0.42879037855327556,547.0722044771966,ESCALATE
pay_000064,cust_02718,694.39,INR,UPI,FAILED,NETWORK_ERROR,1,0.851,2026-08-25 04:53:15.661676,0.8506,True,1.0,0.7871574683618157,546.5942744557611,RECOVER
pay_008611,cust_00209,1252.35,INR,UPI,FAILED,NETWORK_ERROR,2,0.474,2026-06-26 20:16:15.661676,0.5444000000000001,True,0.0,0.4331662185985205,542.4757138618571,DO_NOT_ACT
pay_002118,cust_02324,816.09,INR,UPI,FAILED,TIMEOUT,4,0.987,2026-06-11 09:48:15.661676,0.6522,True,1.0,0.6640481153730718,541.9230264748102,ESCALATE
pay_001319,cust_00733,1110.31,INR,NETBANKING,FAILED,BANK_ERROR,3,0.51,2026-08-26 23:06:15.661676,0.4559999999999999,True,0.0,0.4877384572051256,541.540886419423,DO_NOT_ACT
pay_006586,cust_01032,1964.18,INR,NETBANKING,FAILED,TIMEOUT,4,0.468,2026-06-17 22:14:15.661676,0.2807999999999999,True,0.0,0.274017711409095,538.2201083955161,ESCALATE
pay_006446,cust_02838,881.46,INR,NETBANKING,FAILED,NETWORK_ERROR,1,0.581,2026-07-11 14:38:15.661676,0.6285999999999999,True,1.0,0.6087438011489703,536.5833109607714,REVIEW
pay_002238,cust_02540,842.9,INR,WALLET,FAILED,NETWORK_ERROR,2,0.703,2026-06-04 14:53:15.661676,0.6618,True,1.0,0.6348732760786795,535.134684406719,REVIEW
pay_004605,cust_00695,754.67,INR,CARD,FAILED,BANK_ERROR,2,0.771,2026-06-23 02:28:15.661676,0.7126000000000001,True,1.0,0.7086400444958094,534.7893823796525,REVIEW
pay_004028,cust_01424,1468.74,INR,WALLET,FAILED,NETWORK_ERROR,3,0.468,2026-08-02 14:27:15.661676,0.4407999999999999,True,1.0,0.3640472771755382,534.6907978788,DO_NOT_ACT
pay_004407,cust_00368,1648.83,INR,CARD,FAILED,BANK_ERROR,4,0.487,2026-06-18 23:46:15.661676,0.3822000000000001,True,1.0,0.32426354079168646,534.6554539635564,ESCALATE
pay_007344,cust_00124,873.28,INR,NETBANKING,FAILED,INSUFFICIENT_FUNDS,1,0.921,2026-06-03 06:58:15.661676,0.5626,True,1.0,0.6093976464789859,532.1747767171688,REVIEW
pay_006036,cust_02903,1911.17,INR,UPI,FAILED,NETWORK_ERROR,4,0.479,2026-07-04 00:30:15.661676,0.3874,True,0.0,0.2782245056187295,531.7343284033474,ESCALATE
pay_009857,cust_01125,910.34,INR,NETBANKING,FAILED,TIMEOUT,1,0.545,2026-06-18 01:14:15.661676,0.567,True,1.0,0.5809613292669371,528.8723364848636,REVIEW
pay_009568,cust_00697,2733.83,INR,CARD,FAILED,CARD_EXPIRED,4,0.96,2026-06-19 09:44:15.661676,0.2159999999999999,True,0.0,0.19329320118787482,528.4307522034478,ESCALATE
pay_003468,cust_02690,2009.3,INR,CARD,FAILED,INSUFFICIENT_FUNDS,4,0.871,2026-06-03 03:02:15.661676,0.3126,True,1.0,0.26291620262291854,528.2775259302302,ESCALATE
pay_000795,cust_01314,761.4,INR,CARD,FAILED,BANK_ERROR,2,0.747,2026-06-30 20:37:15.661676,0.6982,True,0.0,0.6922192772634473,527.0557577083888,REVIEW
pay_008446,cust_02254,915.12,INR,CARD,FAILED,INSUFFICIENT_FUNDS,1,0.959,2026-08-18 19:44:15.661676,0.6054,True,1.0,0.5756972213017958,526.8320411576993,REVIEW
pay_005100,cust_01885,1909.23,INR,CARD,FAILED,USER_CANCELLED,3,0.456,2026-08-07 19:54:15.661676,0.2935999999999999,True,0.0,0.27565097454258086,526.2811101259317,DO_NOT_ACT
pay_005689,cust_02255,655.56,INR,NETBANKING,FAILED,USER_CANCELLED,1,0.887,2026-07-02 00:39:15.661676,0.6922,True,1.0,0.8011146993279197,525.178752291411,RECOVER
pay_004452,cust_02655,1214.32,INR,NETBANKING,FAILED,INSUFFICIENT_FUNDS,3,0.918,2026-08-16 16:34:15.661676,0.4008,True,0.0,0.4320174675405193,524.6074511838034,DO_NOT_ACT
pay_009526,cust_00915,938.69,INR,UPI,FAILED,NETWORK_ERROR,1,0.521,2026-08-18 03:51:15.661676,0.6526000000000001,True,1.0,0.5585803435673652,524.3337827032501,REVIEW
pay_002644,cust_02353,1073.12,INR,NETBANKING,FAILED,USER_CANCELLED,2,0.552,2026-08-21 01:05:15.661676,0.4111999999999999,True,1.0,0.4875597609929423,523.2101307167462,DO_NOT_ACT
pay_003278,cust_00298,2013.11,INR,UPI,FAILED,INSUFFICIENT_FUNDS,2,0.569,2026-08-01 17:20:15.661676,0.3314,True,0.0,0.2596498090202587,522.7036270367729,DO_NOT_ACT
pay_004854,cust_00520,2036.73,INR,WALLET,FAILED,INSUFFICIENT_FUNDS,4,0.757,2026-06-05 23:32:15.661676,0.2642,True,0.0,0.2561693842026565,521.7478698870766,ESCALATE
pay_008762,cust_01568,641.49,INR,UPI,FAILED,BANK_ERROR,1,0.756,2026-07-04 08:03:15.661676,0.8236000000000001,True,0.0,0.8097554278964157,519.4500094412717,RECOVER
pay_008252,cust_00595,776.74,INR,UPI,FAILED,NETWORK_ERROR,1,0.66,2026-08-11 21:06:15.661676,0.7360000000000001,True,1.0,0.6650030060653085,516.5344349311678,REVIEW
pay_008122,cust_02406,703.32,INR,WALLET,FAILED,BANK_ERROR,2,0.706,2026-08-02 23:33:15.661676,0.6936000000000001,True,1.0,0.7333853693833994,515.8045979947325,REVIEW
pay_005852,cust_01084,1241.2,INR,UPI,FAILED,USER_CANCELLED,4,0.682,2026-06-13 14:51:15.661676,0.3892,True,1.0,0.41344297438552896,513.1654198073186,ESCALATE
pay_002532,cust_02218,861.69,INR,WALLET,FAILED,BANK_ERROR,3,0.623,2026-07-14 00:44:15.661676,0.5638,True,1.0,0.5953169689860793,512.9786790056147,REVIEW
pay_000368,cust_02532,1826.35,INR,UPI,FAILED,INSUFFICIENT_FUNDS,3,0.711,2026-07-16 01:44:15.661676,0.3365999999999999,True,0.0,0.2795119623082831,510.4866723617329,DO_NOT_ACT
pay_006910,cust_00895,886.73,INR,CARD,FAILED,NETWORK_ERROR,1,0.62,2026-08-13 12:58:15.661676,0.672,True,0.0,0.575602238315173,510.4037727812134,REVIEW
pay_007773,cust_02963,1433.17,INR,WALLET,FAILED,USER_CANCELLED,4,0.58,2026-07-16 03:07:15.661676,0.308,True,0.0,0.35561016711991333,509.6498232112462,ESCALATE
pay_007074,cust_00992,4646.89,INR,WALLET,FAILED,FRAUD_SUSPECTED,2,0.696,2026-07-27 23:57:15.661676,0.02,True,0.0,0.10952370469209773,508.944608096662,ESCALATE
pay_005545,cust_02831,1349.93,INR,CARD,FAILED,USER_CANCELLED,2,0.492,2026-07-09 02:44:15.661676,0.3952,True,0.0,0.376633283654475,508.4285686036855,DO_NOT_ACT
pay_002288,cust_01420,1478.48,INR,WALLET,FAILED,INSUFFICIENT_FUNDS,1,0.56,2026-08-03 22:57:15.661676,0.3860000000000001,True,1.0,0.3434167857132061,507.734849341261,DO_NOT_ACT
pay_009427,cust_01813,826.87,INR,CARD,FAILED,NETWORK_ERROR,2,0.775,2026-08-15 16:19:15.661676,0.685,True,0.0,0.6109487329374,505.175178803948,REVIEW
pay_009751,cust_02976,1226.96,INR,CARD,FAILED,LIMIT_EXCEEDED,3,0.984,2026-06-13 12:06:15.661676,0.3903999999999999,True,0.0,0.4093819800462661,502.29531423756663,DO_NOT_ACT
pay_008937,cust_01122,819.9,INR,CARD,FAILED,NETWORK_ERROR,2,0.776,2026-06-02 14:29:15.661676,0.6856000000000001,True,1.0,0.6116840617249606,501.51976220829516,REVIEW
pay_006419,cust_01753,2678.89,INR,WALLET,FAILED,INSUFFICIENT_FUNDS,4,0.629,2026-07-24 09:56:15.661676,0.1874,True,0.0,0.18719725011548385,501.4808413618685,ESCALATE
pay_006375,cust_01856,1576.02,INR,CARD,FAILED,INSUFFICIENT_FUNDS,1,0.627,2026-07-29 17:35:15.661676,0.4062,True,0.0,0.3178877626681419,500.99747172024496,DO_NOT_ACT
pay_009817,cust_01602,1981.18,INR,WALLET,FAILED,INSUFFICIENT_FUNDS,3,0.641,2026-07-29 05:54:15.661676,0.2746,True,0.0,0.2520064054990085,499.27005044652566,DO_NOT_ACT
pay_009214,cust_01774,2769.2,INR,WALLET,FAILED,FRAUD_SUSPECTED,2,0.888,2026-06-20 16:51:15.661676,0.1028,True,0.0,0.18021783832023716,499.0592378764007,ESCALATE
pay_002196,cust_02232,1064.66,INR,WALLET,FAILED,INSUFFICIENT_FUNDS,3,0.942,2026-08-29 14:37:15.661676,0.4551999999999999,True,0.0,0.4682932158208828,498.5730551558611,DO_NOT_ACT
pay_006422,cust_02501,936.87,INR,CARD,FAILED,TIMEOUT,2,0.675,2026-08-05 11:05:15.661676,0.5850000000000001,True,0.0,0.5321639823050643,498.5684701021456,REVIEW
pay_008504,cust_02875,1464.8,INR,NETBANKING,FAILED,TIMEOUT,4,0.567,2026-07-03 21:30:15.661676,0.3401999999999999,True,1.0,0.34001958780639857,498.0606922188126,ESCALATE
pay_009632,cust_02736,1672.63,INR,WALLET,FAILED,INSUFFICIENT_FUNDS,1,0.494,2026-08-16 20:23:15.661676,0.3464,True,0.0,0.2975526297394663,497.6954550811235,DO_NOT_ACT
pay_001260,cust_02003,1729.15,INR,UPI,FAILED,CARD_EXPIRED,2,0.829,2026-07-13 15:09:15.661676,0.3373999999999999,True,1.0,0.28660881132716554,495.5896261063683,DO_NOT_ACT
pay_008109,cust_00917,4382.7,INR,CARD,FAILED,FRAUD_SUSPECTED,1,0.702,2026-08-25 18:15:15.661676,0.0511999999999999,True,0.0,0.11296157032097918,495.07667424575544,ESCALATE
pay_006116,cust_00866,792.49,INR,NETBANKING,FAILED,NETWORK_ERROR,1,0.602,2026-06-06 12:14:15.661676,0.6412,True,1.0,0.6244439519917497,494.86558751394176,REVIEW
pay_000810,cust_02754,883.87,INR,UPI,FAILED,INSUFFICIENT_FUNDS,2,0.97,2026-08-10 00:32:15.661676,0.5720000000000001,True,1.0,0.5584045067704116,493.55699139916373,REVIEW
pay_004912,cust_00199,5219.83,INR,CARD,FAILED,FRAUD_SUSPECTED,3,0.853,2026-06-03 12:10:15.661676,0.02,True,0.0,0.09418636608731623,491.6368192935559,ESCALATE
pay_006057,cust_01601,1919.09,INR,UPI,FAILED,CARD_EXPIRED,1,0.67,2026-07-05 20:43:15.661676,0.322,True,0.0,0.25572644236635406,490.76205828084636,DO_NOT_ACT
pay_006163,cust_02873,664.5,INR,UPI,FAILED,NETWORK_ERROR,2,0.877,2026-08-23 23:18:15.661676,0.7862000000000001,True,1.0,0.7376054342081377,490.1388110313075,REVIEW
pay_005866,cust_00552,1118.95,INR,CARD,FAILED,NETWORK_ERROR,2,0.557,2026-06-03 06:43:15.661676,0.5542,True,1.0,0.43685786139890115,488.8221040123005,DO_NOT_ACT
pay_008655,cust_01227,3375.04,INR,NETBANKING,FAILED,CARD_EXPIRED,3,0.658,2026-06-02 13:29:15.661676,0.0948,True,0.0,0.14474987522062732,488.536618864626,DO_NOT_ACT
pay_002668,cust_01928,674.51,INR,UPI,FAILED,TIMEOUT,1,0.741,2026-08-06 15:17:15.661676,0.7446,True,0.0,0.7210122041282546,486.329941806549,REVIEW
pay_007497,cust_00803,1196.44,INR,WALLET,FAILED,TIMEOUT,3,0.524,2026-08-12 17:07:15.661676,0.4344,True,0.0,0.40613441050650717,485.91545410640543,DO_NOT_ACT
pay_008763,cust_02750,699.21,INR,NETBANKING,FAILED,BANK_ERROR,2,0.667,2026-07-02 23:21:15.661676,0.6302000000000001,True,1.0,0.6926171367881192,484.28482821362087,REVIEW
pay_006557,cust_02601,1658.2,INR,CARD,FAILED,INSUFFICIENT_FUNDS,1,0.589,2026-06-13 23:19:15.661676,0.3834,True,1.0,0.2920091265372371,484.20953362404657,DO_NOT_ACT
pay_005888,cust_02985,927.65,INR,CARD,FAILED,TIMEOUT,4,0.88,2026-08-10 19:47:15.661676,0.5479999999999999,True,0.0,0.5203690057786282,482.72030821054443,ESCALATE
pay_002657,cust_00410,754.8,INR,NETBANKING,FAILED,USER_CANCELLED,4,0.961,2026-07-03 13:03:15.661676,0.4965999999999999,True,1.0,0.6369061645971106,480.736773037899,ESCALATE
pay_008737,cust_01815,2133.91,INR,CARD,FAILED,USER_CANCELLED,4,0.481,2026-08-26 14:40:15.661676,0.2286,True,1.0,0.22489242602853698,479.9001968265553,ESCALATE
pay_005675,cust_00992,629.44,INR,WALLET,FAILED,BANK_ERROR,1,0.641,2026-06-16 15:28:15.661676,0.7346,True,1.0,0.7606290644522256,478.77035832880887,RECOVER
pay_002832,cust_02608,863.01,INR,WALLET,FAILED,BANK_ERROR,3,0.571,2026-07-14 08:26:15.661676,0.5326,True,1.0,0.5538077868054029,477.94165809093073,REVIEW
pay_008480,cust_02532,615.13,INR,CARD,FAILED,NETWORK_ERROR,1,0.909,2026-08-23 14:20:15.661676,0.8454,True,1.0,0.7760051181251636,477.3440283123319,RECOVER
pay_009064,cust_02502,962.5,INR,NETBANKING,FAILED,INSUFFICIENT_FUNDS,1,0.779,2026-07-28 10:02:15.661676,0.4774,True,0.0,0.4957241636842852,477.1345075461245,DO_NOT_ACT
pay_001274,cust_01845,1403.71,INR,WALLET,FAILED,CARD_EXPIRED,1,0.772,2026-06-22 12:25:15.661676,0.3632,True,0.0,0.3398649081971783,477.0717702854612,DO_NOT_ACT
pay_009939,cust_02968,658.28,INR,WALLET,FAILED,NETWORK_ERROR,1,0.721,2026-07-14 09:17:15.661676,0.7526,True,1.0,0.7243135945658212,476.8011530307888,REVIEW
pay_000359,cust_02355,2340.63,INR,UPI,FAILED,LIMIT_EXCEEDED,4,0.702,2026-06-12 03:32:15.661676,0.1812,True,1.0,0.20325539099521747,475.7456658251359,ESCALATE
pay_000442,cust_02217,1761.36,INR,UPI,FAILED,TIMEOUT,4,0.467,2026-08-24 19:23:15.661676,0.3402,True,0.0,0.2700022749723342,475.5712070452705,ESCALATE
pay_009990,cust_02865,975.89,INR,CARD,FAILED,USER_CANCELLED,3,0.743,2026-06-02 09:14:15.661676,0.4658,True,0.0,0.4871599039739793,475.41447868916663,DO_NOT_ACT
pay_001503,cust_01615,939.59,INR,NETBANKING,FAILED,BANK_ERROR,3,0.533,2026-07-24 11:22:15.661676,0.4698,True,1.0,0.5054654991236278,474.93032832156945,REVIEW
pay_002799,cust_00879,1356.0,INR,UPI,FAILED,USER_CANCELLED,3,0.489,2026-07-12 08:36:15.661676,0.3534,True,0.0,0.3499780990100621,474.5703022576442,DO_NOT_ACT
pay_008346,cust_01843,2358.78,INR,UPI,FAILED,INSUFFICIENT_FUNDS,3,0.571,2026-08-15 02:26:15.661676,0.2526,True,1.0,0.19921798588340028,469.91140074204696,DO_NOT_ACT
pay_003125,cust_02100,1617.25,INR,WALLET,FAILED,USER_CANCELLED,4,0.487,2026-06-04 10:17:15.661676,0.2522,True,0.0,0.29031797196498854,469.5167401603777,ESCALATE
pay_005619,cust_01140,2470.79,INR,NETBANKING,FAILED,LIMIT_EXCEEDED,4,0.671,2026-08-08 20:51:15.661676,0.1026,True,0.0,0.18966464133717653,468.6214991694824,ESCALATE
pay_003842,cust_02947,1024.71,INR,CARD,FAILED,TIMEOUT,3,0.688,2026-08-22 06:03:15.661676,0.5127999999999999,True,0.0,0.45387212210762135,465.0873022449007,DO_NOT_ACT
pay_006152,cust_00663,891.61,INR,CARD,FAILED,INSUFFICIENT_FUNDS,1,0.892,2026-07-22 09:35:15.661676,0.5652,True,1.0,0.5213790685466143,464.8667913068468,REVIEW
pay_008226,cust_01049,1231.79,INR,CARD,FAILED,NETWORK_ERROR,4,0.7,2026-08-08 19:32:15.661676,0.48,True,0.0,0.37734462627720006,464.80933720199226,ESCALATE
pay_001779,cust_01373,1282.49,INR,UPI,FAILED,INSUFFICIENT_FUNDS,2,0.722,2026-07-26 03:07:15.661676,0.4231999999999999,True,0.0,0.3621757383625266,464.48676269255674,DO_NOT_ACT
pay_000846,cust_00338,2681.04,INR,UPI,FAILED,FRAUD_SUSPECTED,1,0.789,2026-06-15 23:26:15.661676,0.1434,True,1.0,0.1727931256413077,463.26528156937155,ESCALATE
pay_000905,cust_02209,2106.7,INR,UPI,FAILED,LIMIT_EXCEEDED,4,0.732,2026-08-21 09:13:15.661676,0.1992,True,0.0,0.21859918583683816,460.5229048024669,ESCALATE
pay_000350,cust_00879,1524.23,INR,NETBANKING,FAILED,INSUFFICIENT_FUNDS,1,0.523,2026-08-02 21:47:15.661676,0.3238,True,0.0,0.3015749382793482,459.66956817353093,DO_NOT_ACT
pay_003855,cust_00137,1349.64,INR,UPI,FAILED,CARD_EXPIRED,1,0.798,2026-07-07 20:05:15.661676,0.3988,True,0.0,0.3398107554885992,458.622188037633,DO_NOT_ACT
pay_002076,cust_00659,1404.09,INR,WALLET,FAILED,CARD_EXPIRED,1,0.753,2026-07-03 00:36:15.661676,0.3518,True,1.0,0.3260762485816306,457.8403998709817,DO_NOT_ACT
pay_002249,cust_00970,1554.18,INR,UPI,FAILED,LIMIT_EXCEEDED,4,0.858,2026-08-21 15:23:15.661676,0.2748,True,0.0,0.2940487544542394,457.0046931976898,ESCALATE
pay_000727,cust_02434,1834.9,INR,WALLET,FAILED,INSUFFICIENT_FUNDS,3,0.636,2026-06-16 21:42:15.661676,0.2716,True,1.0,0.24825769347155918,455.52804175096395,DO_NOT_ACT
pay_008330,cust_00227,1636.09,INR,NETBANKING,FAILED,LIMIT_EXCEEDED,4,0.83,2026-06-25 23:50:15.661676,0.198,True,0.0,0.2782181448384136,455.1899245886801,ESCALATE
pay_001982,cust_01457,599.63,INR,CARD,FAILED,BANK_ERROR,1,0.74,2026-08-06 05:31:15.661676,0.774,True,1.0,0.758075062867535,454.56454994726,RECOVER
pay_009052,cust_00382,732.96,INR,UPI,FAILED,BANK_ERROR,1,0.461,2026-07-27 09:05:15.661676,0.6466000000000001,True,0.0,0.6192894720310764,453.9144114198978,REVIEW
pay_003147,cust_00897,1026.49,INR,CARD,FAILED,TIMEOUT,3,0.673,2026-07-13 00:08:15.661676,0.5037999999999999,True,0.0,0.4417608520614653,453.46309703257356,DO_NOT_ACT
pay_003205,cust_01481,844.0,INR,UPI,FAILED,NETWORK_ERROR,1,0.491,2026-08-09 09:08:15.661676,0.6346,True,1.0,0.533696925947467,450.4402054996621,REVIEW
pay_007692,cust_02359,1121.48,INR,NETBANKING,FAILED,NETWORK_ERROR,3,0.54,2026-06-27 09:53:15.661676,0.4439999999999999,True,0.0,0.4005712579166358,449.2326543283487,DO_NOT_ACT
pay_009542,cust_02217,1142.47,INR,UPI,FAILED,LIMIT_EXCEEDED,3,0.886,2026-07-05 22:57:15.661676,0.3716,True,0.0,0.3926955968003351,448.6429384764789,DO_NOT_ACT
pay_003740,cust_00275,614.96,INR,WALLET,FAILED,NETWORK_ERROR,3,0.945,2026-07-02 04:10:15.661676,0.727,True,1.0,0.72708778761914,447.12990587426634,REVIEW
pay_000127,cust_02803,818.58,INR,UPI,FAILED,USER_CANCELLED,3,0.738,2026-08-12 05:09:15.661676,0.5028,True,1.0,0.545200573219608,446.29028522610673,REVIEW
pay_008908,cust_02272,528.39,INR,UPI,FAILED,BANK_ERROR,1,0.831,2026-07-21 16:08:15.661676,0.8686,True,1.0,0.8443202932639804,446.13039975775456,RECOVER
pay_001738,cust_01683,769.51,INR,WALLET,FAILED,BANK_ERROR,4,0.708,2026-06-15 00:48:15.661676,0.5348,True,0.0,0.5751648160213905,442.59507757662016,ESCALATE
pay_009021,cust_02011,2102.55,INR,UPI,FAILED,INSUFFICIENT_FUNDS,2,0.484,2026-07-28 12:49:15.661676,0.2804,True,0.0,0.2102578303583271,442.07760121990066,DO_NOT_ACT
pay_003834,cust_01589,579.18,INR,UPI,FAILED,BANK_ERROR,3,0.885,2026-07-25 10:43:15.661676,0.741,True,1.0,0.7597648468540866,440.0406040009499,RECOVER
pay_009527,cust_02296,698.44,INR,WALLET,FAILED,NETWORK_ERROR,1,0.588,2026-07-06 13:03:15.661676,0.6728,True,1.0,0.6300120835163016,440.0256396111257,REVIEW
pay_008517,cust_02961,861.01,INR,UPI,FAILED,INSUFFICIENT_FUNDS,2,0.91,2026-08-04 07:55:15.661676,0.536,True,0.0,0.5095033443965667,438.6874745588879,REVIEW
pay_009718,cust_00679,770.75,INR,CARD,FAILED,USER_CANCELLED,2,0.732,2026-06-15 08:38:15.661676,0.5392,True,0.0,0.5661386549770502,436.3513683235614,REVIEW
pay_002883,cust_00231,1112.66,INR,CARD,FAILED,TIMEOUT,2,0.5,2026-06-18 21:37:15.661676,0.4799999999999999,True,0.0,0.39203886019193834,436.20595818116215,DO_NOT_ACT
pay_007885,cust_01025,2024.9,INR,CARD,FAILED,NETWORK_ERROR,4,0.451,2026-08-29 13:44:15.661676,0.3306,True,0.0,0.215025179799054,435.40448657510444,ESCALATE
pay_003093,cust_01103,1676.45,INR,NETBANKING,FAILED,INSUFFICIENT_FUNDS,2,0.568,2026-08-22 17:11:15.661676,0.2708,True,0.0,0.25970753698163,435.3867003728536,DO_NOT_ACT
pay_009236,cust_00893,632.72,INR,UPI,FAILED,BANK_ERROR,1,0.552,2026-07-18 13:48:15.661676,0.7012,True,1.0,0.6859940681045454,434.042166771108,REVIEW
pay_007209,cust_01650,654.39,INR,CARD,FAILED,NETWORK_ERROR,3,0.954,2026-08-20 11:54:15.661676,0.7123999999999999,True,0.0,0.662284838987538,433.392575785055,REVIEW
pay_002000,cust_01448,996.33,INR,NETBANKING,FAILED,LIMIT_EXCEEDED,1,0.716,2026-06-21 07:13:15.661676,0.3696,True,0.0,0.4338391835910448,432.2469937872657,DO_NOT_ACT
pay_008065,cust_02760,893.24,INR,UPI,FAILED,BANK_ERROR,3,0.504,2026-07-27 14:03:15.661676,0.5124000000000001,True,0.0,0.478505500069317,427.4202528819167,DO_NOT_ACT
pay_006008,cust_01345,508.52,INR,WALLET,FAILED,BANK_ERROR,1,0.792,2026-07-22 18:23:15.661676,0.8252,True,0.0,0.8384366386197994,426.3617994709404,RECOVER
pay_000348,cust_01288,586.42,INR,NETBANKING,FAILED,BANK_ERROR,2,0.719,2026-06-23 11:03:15.661676,0.6614,True,1.0,0.7270145588982366,426.3358776291039,REVIEW
pay_009367,cust_01968,1396.24,INR,WALLET,FAILED,INSUFFICIENT_FUNDS,1,0.507,2026-05-31 18:41:15.661676,0.3542,True,0.0,0.3050473090620243,425.91925480476084,DO_NOT_ACT
pay_000034,cust_00677,775.75,INR,NETBANKING,FAILED,INSUFFICIENT_FUNDS,2,0.952,2026-07-18 18:29:15.661676,0.5012,True,1.0,0.5461486597215623,423.674822779002,REVIEW
pay_005174,cust_02039,815.55,INR,UPI,FAILED,INSUFFICIENT_FUNDS,1,0.811,2026-08-01 01:27:15.661676,0.5566000000000001,True,1.0,0.5179587916572598,422.42129253607817,REVIEW
pay_009239,cust_01176,924.55,INR,WALLET,FAILED,BANK_ERROR,4,0.561,2026-07-05 11:43:15.661676,0.4466000000000001,True,0.0,0.45670090393043183,422.24282072888076,ESCALATE
pay_007967,cust_01241,4122.44,INR,UPI,FAILED,CARD_EXPIRED,4,0.645,2026-06-28 19:22:15.661676,0.067,True,0.0,0.10240722100574493,422.16762416292306,ESCALATE
pay_005084,cust_01328,768.62,INR,NETBANKING,FAILED,NETWORK_ERROR,3,0.72,2026-06-20 01:59:15.661676,0.5519999999999999,True,0.0,0.5439930739437882,418.1239564946745,REVIEW
pay_008074,cust_00209,957.27,INR,WALLET,FAILED,BANK_ERROR,4,0.536,2026-06-29 04:06:15.661676,0.4316000000000001,True,0.0,0.436710017513211,418.04939846487144,ESCALATE
pay_003800,cust_01402,802.15,INR,WALLET,FAILED,INSUFFICIENT_FUNDS,2,0.897,2026-06-25 18:45:15.661676,0.5082,True,1.0,0.5194737468477825,416.6958660339487,REVIEW
pay_002805,cust_01732,1675.1,INR,NETBANKING,FAILED,LIMIT_EXCEEDED,3,0.671,2026-06-19 09:19:15.661676,0.1826,True,0.0,0.24722517637782382,414.1268929504927,DO_NOT_ACT
pay_001871,cust_00605,746.53,INR,WALLET,FAILED,LIMIT_EXCEEDED,2,0.95,2026-08-26 05:56:15.661676,0.47,True,1.0,0.5512532102087013,411.5270590171018,REVIEW
pay_004779,cust_02859,752.79,INR,NETBANKING,FAILED,NETWORK_ERROR,4,0.833,2026-06-08 23:33:15.661676,0.5398,True,0.0,0.5465672632767093,411.450370122074,ESCALATE
pay_001890,cust_02230,1787.26,INR,CARD,FAILED,LIMIT_EXCEEDED,2,0.612,2026-07-09 05:56:15.661676,0.2472,True,1.0,0.2297287497595391,410.5850052952339,DO_NOT_ACT
pay_008027,cust_01616,725.2,INR,NETBANKING,FAILED,NETWORK_ERROR,4,0.857,2026-08-23 01:23:15.661676,0.5542,True,1.0,0.5657578334741555,410.2875808354576,ESCALATE
pay_001211,cust_02347,668.42,INR,UPI,FAILED,USER_CANCELLED,1,0.605,2026-07-30 11:31:15.661676,0.5830000000000001,True,0.0,0.613004965328602,409.74477892494417,REVIEW
pay_009579,cust_01428,760.81,INR,WALLET,FAILED,USER_CANCELLED,2,0.592,2026-08-16 16:12:15.661676,0.4752,True,1.0,0.536210807271796,407.95454428045514,REVIEW
pay_000256,cust_01758,1227.35,INR,UPI,FAILED,USER_CANCELLED,3,0.466,2026-07-26 04:08:15.661676,0.3395999999999999,True,1.0,0.3323638231288534,407.92673831719816,DO_NOT_ACT
pay_007579,cust_02206,1153.38,INR,CARD,FAILED,NETWORK_ERROR,4,0.668,2026-07-30 17:52:15.661676,0.4608,True,1.0,0.3526581097884325,406.7488106677823,ESCALATE
pay_002928,cust_00820,2146.88,INR,CARD,FAILED,CARD_EXPIRED,3,0.846,2026-08-26 21:57:15.661676,0.2276,True,1.0,0.18886215101456968,405.4643747701594,DO_NOT_ACT
pay_008781,cust_02200,1004.52,INR,UPI,FAILED,TIMEOUT,3,0.547,2026-06-01 05:39:15.661676,0.4681999999999999,True,1.0,0.4028870958056571,404.70814547869867,DO_NOT_ACT
pay_004198,cust_00435,516.71,INR,NETBANKING,FAILED,NETWORK_ERROR,2,0.95,2026-07-08 14:31:15.661676,0.77,True,1.0,0.7825220412564419,404.33696393761613,RECOVER
pay_009181,cust_01194,1675.52,INR,CARD,FAILED,USER_CANCELLED,4,0.512,2026-08-05 12:16:15.661676,0.2472,True,0.0,0.24094945995629782,403.7156391459761,ESCALATE
pay_003784,cust_00970,707.84,INR,CARD,FAILED,BANK_ERROR,3,0.695,2026-06-02 18:25:15.661676,0.587,True,1.0,0.5697122081789557,403.265089437392,REVIEW
pay_008802,cust_00790,718.41,INR,WALLET,FAILED,BANK_ERROR,3,0.581,2026-08-17 15:28:15.661676,0.5386,True,1.0,0.5609820892033253,403.0151427045609,REVIEW
pay_007049,cust_02162,653.77,INR,NETBANKING,FAILED,BANK_ERROR,3,0.671,2026-07-31 18:52:15.661676,0.5526,True,0.0,0.6143834694379673,401.66548081445984,REVIEW
pay_005273,cust_02225,692.44,INR,CARD,FAILED,BANK_ERROR,4,0.815,2026-06-19 08:42:15.661676,0.579,True,0.0,0.5778486907905888,400.1255474510353,ESCALATE
pay_001187,cust_01228,823.87,INR,NETBANKING,FAILED,INSUFFICIENT_FUNDS,3,0.985,2026-08-23 08:15:15.661676,0.4409999999999999,True,0.0,0.4839124689099675,398.6809657608549,DO_NOT_ACT
pay_002933,cust_01820,887.68,INR,NETBANKING,FAILED,INSUFFICIENT_FUNDS,2,0.831,2026-06-10 13:08:15.661676,0.4285999999999999,True,1.0,0.44829505646086404,397.9425557191798,DO_NOT_ACT
pay_009128,cust_02335,942.45,INR,WALLET,FAILED,NETWORK_ERROR,3,0.545,2026-06-30 17:27:15.661676,0.487,True,1.0,0.42084903325869577,396.6291713946579,DO_NOT_ACT
pay_008306,cust_01037,3423.69,INR,NETBANKING,FAILED,LIMIT_EXCEEDED,4,0.485,2026-06-24 18:21:15.661676,0.02,True,0.0,0.11543740480258759,395.2218884485711,ESCALATE
pay_000762,cust_01777,1993.42,INR,CARD,FAILED,INSUFFICIENT_FUNDS,2,0.539,2026-07-01 22:28:15.661676,0.2734,True,0.0,0.19793339244828106,394.56438317425244,DO_NOT_ACT
pay_002849,cust_01994,1111.76,INR,NETBANKING,FAILED,CARD_EXPIRED,1,0.815,2026-07-26 07:06:15.661676,0.349,True,0.0,0.35376148613306013,393.2978698232909,DO_NOT_ACT
pay_008135,cust_00451,531.54,INR,WALLET,FAILED,NETWORK_ERROR,1,0.731,2026-08-08 09:04:15.661676,0.7586,True,1.0,0.7301702144388805,388.11467578284254,REVIEW
pay_005237,cust_00089,590.96,INR,UPI,FAILED,NETWORK_ERROR,3,0.867,2026-06-03 08:56:15.661676,0.7002,True,1.0,0.654865356903813,386.99923131587735,REVIEW
pay_003805,cust_00985,885.16,INR,UPI,FAILED,BANK_ERROR,3,0.453,2026-06-13 03:24:15.661676,0.4817999999999999,True,1.0,0.43710519350203714,386.9080330802632,DO_NOT_ACT
pay_009932,cust_00793,918.89,INR,WALLET,FAILED,BANK_ERROR,4,0.516,2026-08-10 22:10:15.661676,0.4196000000000001,True,1.0,0.42046893341132435,386.3646982223318,ESCALATE
pay_001090,cust_00757,1545.22,INR,UPI,FAILED,CARD_EXPIRED,2,0.772,2026-08-09 03:21:15.661676,0.3031999999999999,True,0.0,0.24921730877379103,385.0955698634374,DO_NOT_ACT
pay_009477,cust_00097,2246.99,INR,CARD,FAILED,INSUFFICIENT_FUNDS,3,0.591,2026-07-06 11:31:15.661676,0.2246,True,0.0,0.17057788168515306,383.28679436772205,DO_NOT_ACT
pay_009604,cust_00476,1334.48,INR,UPI,FAILED,INSUFFICIENT_FUNDS,2,0.616,2026-07-06 12:36:15.661676,0.3596,True,0.0,0.28677797626581086,382.69947376719927,DO_NOT_ACT
pay_006504,cust_00992,604.24,INR,CARD,FAILED,USER_CANCELLED,3,0.924,2026-08-05 14:15:15.661676,0.5744,True,1.0,0.629702903820663,380.4916826045974,REVIEW
pay_000840,cust_01478,1523.57,INR,NETBANKING,FAILED,CARD_EXPIRED,4,0.988,2026-06-20 14:58:15.661676,0.2128,True,1.0,0.2492708527525819,379.7815931282512,ESCALATE
pay_006810,cust_01850,636.6,INR,NETBANKING,FAILED,NETWORK_ERROR,2,0.675,2026-08-10 09:37:15.661676,0.6050000000000001,True,1.0,0.5949848903922491,378.7673812237058,REVIEW
pay_000280,cust_01839,1328.42,INR,NETBANKING,FAILED,NETWORK_ERROR,4,0.487,2026-08-18 09:44:15.661676,0.3322,True,0.0,0.282985265762135,375.9232867437354,ESCALATE
pay_006189,cust_01735,1775.01,INR,CARD,FAILED,CARD_EXPIRED,1,0.673,2026-06-29 13:58:15.661676,0.2838,True,0.0,0.21164883746116006,375.6788029819337,DO_NOT_ACT
pay_001235,cust_01207,950.57,INR,WALLET,FAILED,LIMIT_EXCEEDED,3,0.865,2026-07-30 20:36:15.661676,0.3390000000000001,True,0.0,0.3951917076034768,375.657381496637,DO_NOT_ACT
pay_006665,cust_02427,1016.39,INR,NETBANKING,FAILED,LIMIT_EXCEEDED,4,0.963,2026-08-08 06:09:15.661676,0.2778,True,1.0,0.36956931047204006,375.6265514706768,ESCALATE
pay_005059,cust_00573,1618.4,INR,UPI,FAILED,FRAUD_SUSPECTED,1,0.909,2026-06-09 10:37:15.661676,0.2154,True,0.0,0.2314339855045932,374.55276214063366,ESCALATE
pay_006050,cust_00004,907.92,INR,WALLET,FAILED,NETWORK_ERROR,3,0.533,2026-07-10 09:49:15.661676,0.4798,True,1.0,0.4111121568843577,373.256949478446,DO_NOT_ACT
pay_003949,cust_01172,1445.2,INR,UPI,FAILED,LIMIT_EXCEEDED,2,0.584,2026-07-31 12:22:15.661676,0.2704,True,0.0,0.2578927554063023,372.7066101131881,DO_NOT_ACT
pay_000877,cust_02260,1195.01,INR,NETBANKING,FAILED,INSUFFICIENT_FUNDS,2,0.648,2026-07-20 04:59:15.661676,0.3188,True,0.0,0.3104502516905269,370.9911552726966,DO_NOT_ACT
pay_008428,cust_01420,876.0,INR,WALLET,FAILED,USER_CANCELLED,4,0.671,2026-06-15 00:42:15.661676,0.3626,True,0.0,0.4228878548501403,370.4497608487229,ESCALATE
pay_006597,cust_00665,1207.81,INR,WALLET,FAILED,INSUFFICIENT_FUNDS,4,0.838,2026-06-26 02:09:15.661676,0.3128000000000001,True,0.0,0.30536270770541574,368.82013199367816,ESCALATE
pay_005135,cust_00312,509.9,INR,CARD,FAILED,BANK_ERROR,1,0.672,2026-06-08 05:46:15.661676,0.7332000000000001,True,0.0,0.7145672274704037,364.35782928715884,REVIEW
pay_009681,cust_02296,1315.49,INR,UPI,FAILED,LIMIT_EXCEEDED,4,0.834,2026-06-04 17:26:15.661676,0.2604,True,0.0,0.27684049882705614,364.18090780200407,ESCALATE
pay_008047,cust_02949,1092.94,INR,NETBANKING,FAILED,NETWORK_ERROR,4,0.559,2026-07-12 04:22:15.661676,0.3754,True,1.0,0.3317576086691929,362.5911608189077,ESCALATE
pay_006652,cust_00860,1372.54,INR,WALLET,FAILED,INSUFFICIENT_FUNDS,2,0.555,2026-08-05 13:54:15.661676,0.3030000000000001,True,0.0,0.263931285273672,362.25624628952573,DO_NOT_ACT
pay_006770,cust_02786,1092.94,INR,NETBANKING,FAILED,INSUFFICIENT_FUNDS,4,0.897,2026-08-15 03:56:15.661676,0.3082,True,0.0,0.33096290023244074,361.7225921800438,ESCALATE
pay_007526,cust_01918,960.43,INR,UPI,FAILED,INSUFFICIENT_FUNDS,1,0.633,2026-06-17 02:22:15.661676,0.4498,True,1.0,0.376062942581807,361.18213194384487,DO_NOT_ACT
pay_001256,cust_01261,686.97,INR,WALLET,FAILED,USER_CANCELLED,1,0.47,2026-07-19 08:10:15.661676,0.482,True,1.0,0.5257436980837362,361.1701482725843,REVIEW
pay_008683,cust_01368,468.8,INR,UPI,FAILED,TIMEOUT,1,0.82,2026-07-22 04:40:15.661676,0.7919999999999999,True,1.0,0.7689804998335924,360.49805832198814,RECOVER
pay_009403,cust_02765,507.88,INR,UPI,FAILED,TIMEOUT,2,0.831,2026-06-07 16:04:15.661676,0.7186,True,1.0,0.7070170577318929,359.07982328087377,REVIEW
pay_002224,cust_02029,1564.03,INR,CARD,FAILED,LIMIT_EXCEEDED,2,0.612,2026-06-21 02:06:15.661676,0.2472,True,1.0,0.2287460537431272,357.76569043586323,DO_NOT_ACT
pay_001804,cust_02410,538.63,INR,UPI,FAILED,TIMEOUT,1,0.658,2026-07-07 22:46:15.661676,0.6948,True,1.0,0.6625834719567733,356.8873355000768,REVIEW
pay_004422,cust_00314,758.36,INR,WALLET,FAILED,USER_CANCELLED,4,0.726,2026-08-20 04:37:15.661676,0.3956,True,1.0,0.46652500455482854,353.7939024541998,ESCALATE
pay_002597,cust_02383,1112.81,INR,WALLET,FAILED,LIMIT_EXCEEDED,4,0.87,2026-08-18 02:57:15.661676,0.262,True,0.0,0.31784234927684885,353.69814469877014,ESCALATE
pay_002248,cust_02725,623.75,INR,UPI,FAILED,INSUFFICIENT_FUNDS,2,0.98,2026-07-16 04:47:15.661676,0.5780000000000001,True,1.0,0.564855571511824,352.3286627305002,REVIEW
pay_002581,cust_01534,2434.96,INR,WALLET,FAILED,LIMIT_EXCEEDED,4,0.545,2026-08-18 12:16:15.661676,0.067,True,0.0,0.14270749852451237,347.48705060724666,ESCALATE
pay_009495,cust_01937,861.84,INR,CARD,FAILED,USER_CANCELLED,4,0.747,2026-07-02 14:10:15.661676,0.3882,True,0.0,0.4013871725482088,345.9315207889483,ESCALATE
pay_007168,cust_02623,1650.69,INR,WALLET,FAILED,CARD_EXPIRED,1,0.566,2026-07-26 09:09:15.661676,0.2395999999999999,True,0.0,0.20898975397476985,344.97729698861286,DO_NOT_ACT
pay_005814,cust_01444,922.0,INR,NETBANKING,FAILED,NETWORK_ERROR,3,0.506,2026-07-13 08:46:15.661676,0.4236,True,0.0,0.3730440338970143,343.94659925304717,DO_NOT_ACT
pay_000384,cust_01845,1187.25,INR,NETBANKING,FAILED,LIMIT_EXCEEDED,1,0.519,2026-08-14 20:41:15.661676,0.2514,True,1.0,0.2879594658866997,341.8798758739842,DO_NOT_ACT
pay_004486,cust_02010,504.82,INR,WALLET,FAILED,NETWORK_ERROR,2,0.748,2026-08-17 14:41:15.661676,0.6888000000000001,True,1.0,0.6663747916072912,336.3993222991927,REVIEW
pay_009178,cust_00675,1179.96,INR,UPI,FAILED,NETWORK_ERROR,4,0.493,2026-06-13 16:22:15.661676,0.3958,True,0.0,0.28378839438169956,334.8589538346302,ESCALATE
pay_008868,cust_01635,917.84,INR,UPI,FAILED,INSUFFICIENT_FUNDS,1,0.618,2026-08-19 09:45:15.661676,0.4408,True,0.0,0.3643855753338203,334.4476564643937,DO_NOT_ACT
pay_003819,cust_02206,1315.35,INR,UPI,FAILED,LIMIT_EXCEEDED,1,0.469,2026-06-20 03:32:15.661676,0.2814,True,0.0,0.2539797478909523,334.0722613883641,DO_NOT_ACT
pay_002055,cust_01939,616.03,INR,NETBANKING,FAILED,LIMIT_EXCEEDED,2,0.958,2026-08-09 04:53:15.661676,0.4347999999999999,True,1.0,0.5390989654149455,332.10113566456886,REVIEW
pay_006229,cust_02860,3510.31,INR,WALLET,FAILED,CARD_EXPIRED,3,0.486,2026-08-09 02:27:15.661676,0.0316,True,0.0,0.09421181694999405,330.7126831577336,DO_NOT_ACT
pay_001487,cust_02067,581.32,INR,WALLET,FAILED,LIMIT_EXCEEDED,2,0.973,2026-06-28 06:36:15.661676,0.4838,True,0.0,0.5687594718889335,330.63125619847483,REVIEW
pay_002264,cust_00093,767.51,INR,CARD,FAILED,TIMEOUT,3,0.661,2026-08-14 11:59:15.661676,0.4965999999999999,True,0.0,0.43052937938726904,330.43560397352286,DO_NOT_ACT
pay_000979,cust_00144,509.22,INR,NETBANKING,FAILED,USER_CANCELLED,4,0.976,2026-08-18 01:16:15.661676,0.5055999999999999,True,1.0,0.646769205228731,329.34781468657445,ESCALATE
pay_007954,cust_02095,594.77,INR,WALLET,FAILED,TIMEOUT,3,0.71,2026-07-23 12:48:15.661676,0.5459999999999999,True,1.0,0.5530387523948433,328.930858761881,REVIEW
pay_005993,cust_01404,813.51,INR,NETBANKING,FAILED,INSUFFICIENT_FUNDS,2,0.776,2026-07-27 09:56:15.661676,0.3956,True,0.0,0.40391719337368415,328.59067598142576,DO_NOT_ACT
pay_008203,cust_02725,1173.44,INR,WALLET,FAILED,INSUFFICIENT_FUNDS,4,0.798,2026-07-24 15:07:15.661676,0.2888,True,0.0,0.27818541885183745,326.4338978975002,ESCALATE
pay_001519,cust_01957,796.84,INR,NETBANKING,FAILED,LIMIT_EXCEEDED,3,0.904,2026-06-14 06:24:15.661676,0.3224,True,0.0,0.40761837077358815,324.806622567226,DO_NOT_ACT
pay_005874,cust_02608,872.61,INR,WALLET,FAILED,INSUFFICIENT_FUNDS,1,0.602,2026-06-17 15:05:15.661676,0.4112,True,0.0,0.37146697821315994,324.1457998585855,DO_NOT_ACT
pay_001218,cust_00632,2260.17,INR,WALLET,FAILED,FRAUD_SUSPECTED,2,0.807,2026-08-08 06:11:15.661676,0.0542,True,1.0,0.14279191555786216,322.7340037864133,ESCALATE
pay_002907,cust_00649,1296.01,INR,NETBANKING,FAILED,INSUFFICIENT_FUNDS,2,0.553,2026-08-15 06:26:15.661676,0.2618,True,0.0,0.24861861390442647,322.2122098062757,DO_NOT_ACT
pay_008521,cust_01788,1499.84,INR,CARD,FAILED,INSUFFICIENT_FUNDS,2,0.574,2026-06-25 17:58:15.661676,0.2944,True,0.0,0.21464237671819522,321.92922229701793,DO_NOT_ACT
pay_005517,cust_02179,2707.19,INR,WALLET,FAILED,INSUFFICIENT_FUNDS,4,0.465,2026-06-19 14:25:15.661676,0.089,True,0.0,0.11882209865139816,321.6739972480786,ESCALATE
pay_007439,cust_02378,538.58,INR,UPI,FAILED,TIMEOUT,2,0.67,2026-08-19 10:14:15.661676,0.6220000000000001,True,1.0,0.5879503718361935,316.6583112635371,REVIEW
pay_005791,cust_02037,492.53,INR,WALLET,FAILED,INSUFFICIENT_FUNDS,1,0.944,2026-07-01 16:54:15.661676,0.6164000000000001,True,1.0,0.6416153387465381,316.01480279283237,REVIEW
pay_008713,cust_02954,710.31,INR,WALLET,FAILED,LIMIT_EXCEEDED,3,0.929,2026-07-03 06:11:15.661676,0.3774,True,0.0,0.4446400561770313,315.83227830310705,DO_NOT_ACT
pay_008338,cust_02268,612.6,INR,UPI,FAILED,USER_CANCELLED,4,0.812,2026-08-04 23:22:15.661676,0.4672,True,1.0,0.5148644692762423,315.40597387862607,ESCALATE
pay_006855,cust_02369,1840.65,INR,UPI,FAILED,LIMIT_EXCEEDED,4,0.64,2026-06-10 23:27:15.661676,0.144,True,0.0,0.17063034508619904,314.0707446829123,ESCALATE
pay_001167,cust_00812,5472.1,INR,UPI,FAILED,FRAUD_SUSPECTED,2,0.5,2026-08-28 08:48:15.661676,0.02,True,0.0,0.05734977817363937,313.823721143972,ESCALATE
pay_008049,cust_02411,642.59,INR,UPI,FAILED,INSUFFICIENT_FUNDS,1,0.776,2026-07-23 03:53:15.661676,0.5356000000000001,True,1.0,0.48829315325144856,313.77229734784834,DO_NOT_ACT
pay_009918,cust_01630,1174.94,INR,NETBANKING,FAILED,LIMIT_EXCEEDED,1,0.487,2026-07-16 15:29:15.661676,0.2322,True,0.0,0.2669388622968752,313.63714686709056,DO_NOT_ACT
pay_001178,cust_02421,1671.25,INR,WALLET,FAILED,CARD_EXPIRED,3,0.744,2026-08-11 03:07:15.661676,0.1864,True,1.0,0.18757539600311307,313.4853805702027,DO_NOT_ACT
pay_009826,cust_02582,529.91,INR,UPI,FAILED,NETWORK_ERROR,2,0.673,2026-08-07 06:38:15.661676,0.6638000000000001,True,1.0,0.5898777906869329,312.58214006291263,REVIEW
pay_009832,cust_02629,942.23,INR,CARD,FAILED,NETWORK_ERROR,4,0.641,2026-08-06 21:32:15.661676,0.4446,True,0.0,0.331616674677587,312.4591793814628,ESCALATE
pay_003065,cust_00273,538.3,INR,CARD,FAILED,TIMEOUT,4,0.955,2026-08-13 15:35:15.661676,0.593,True,1.0,0.5785802173305487,311.4497309890343,ESCALATE
pay_004540,cust_01066,3337.56,INR,UPI,FAILED,CARD_EXPIRED,3,0.509,2026-06-14 23:09:15.661676,0.0654,True,0.0,0.09310800092615228,310.75353957108877,DO_NOT_ACT
pay_001048,cust_00230,512.29,INR,NETBANKING,FAILED,INSUFFICIENT_FUNDS,1,0.92,2026-07-02 09:49:15.661676,0.562,True,0.0,0.6064749089875224,310.6910311252178,REVIEW
pay_004887,cust_02156,975.14,INR,CARD,FAILED,BANK_ERROR,4,0.481,2026-08-22 11:29:15.661676,0.3786,True,0.0,0.31634030165201615,308.47608175294704,ESCALATE
pay_009105,cust_00628,818.52,INR,UPI,FAILED,LIMIT_EXCEEDED,3,0.867,2026-07-20 01:01:15.661676,0.3602,True,0.0,0.37609284379539615,307.83951450340766,DO_NOT_ACT
pay_003379,cust_01313,2710.19,INR,CARD,FAILED,FRAUD_SUSPECTED,3,0.935,2026-06-09 20:06:15.661676,0.031,True,0.0,0.11323848186553306,306.89780116714905,ESCALATE
pay_001371,cust_00570,1574.42,INR,WALLET,FAILED,INSUFFICIENT_FUNDS,3,0.543,2026-08-20 17:24:15.661676,0.2158,True,0.0,0.19491661931852222,306.88062378746775,DO_NOT_ACT
pay_004027,cust_01844,967.85,INR,NETBANKING,FAILED,INSUFFICIENT_FUNDS,2,0.658,2026-08-20 06:40:15.661676,0.3248,True,0.0,0.31626472140519396,306.096810612017,DO_NOT_ACT
pay_002365,cust_00561,1092.9,INR,WALLET,FAILED,LIMIT_EXCEEDED,3,0.704,2026-08-19 02:55:15.661676,0.2424,True,0.0,0.2792467695069571,305.18879439415343,DO_NOT_ACT
pay_008320,cust_01012,1218.85,INR,UPI,FAILED,INSUFFICIENT_FUNDS,2,0.559,2026-08-10 06:17:15.661676,0.3254,True,0.0,0.24969078752594456,304.3356163759975,DO_NOT_ACT
pay_007155,cust_01232,1328.23,INR,CARD,FAILED,LIMIT_EXCEEDED,2,0.613,2026-06-07 11:46:15.661676,0.2478,True,0.0,0.2282865199546532,303.21700439936905,DO_NOT_ACT
pay_006907,cust_01668,712.49,INR,WALLET,FAILED,INSUFFICIENT_FUNDS,3,0.888,2026-06-28 07:33:15.661676,0.4228,True,1.0,0.42256233881951855,301.07144078551875,DO_NOT_ACT
pay_004692,cust_01346,2196.18,INR,UPI,FAILED,FRAUD_SUSPECTED,1,0.707,2026-06-18 22:02:15.661676,0.0941999999999999,True,0.0,0.136337828032305,299.42241116798755,ESCALATE
pay_006305,cust_02383,380.74,INR,NETBANKING,FAILED,NETWORK_ERROR,1,0.843,2026-06-12 13:31:15.661676,0.7857999999999999,True,1.0,0.783447449404634,298.2897818863203,RECOVER
pay_007031,cust_02128,607.11,INR,UPI,FAILED,LIMIT_EXCEEDED,2,0.903,2026-08-27 00:09:15.661676,0.4618,True,0.0,0.49119517096685517,298.2095002456874,DO_NOT_ACT
pay_009636,cust_00636,586.77,INR,WALLET,FAILED,NETWORK_ERROR,4,0.76,2026-06-09 18:49:15.661676,0.536,True,1.0,0.5039995773318777,295.7318319910259,ESCALATE
pay_000790,cust_02777,478.78,INR,CARD,FAILED,USER_CANCELLED,1,0.684,2026-08-28 18:00:15.661676,0.5904,True,1.0,0.6131344184303195,293.55649685606835,REVIEW
pay_009418,cust_01551,2458.65,INR,NETBANKING,FAILED,CARD_EXPIRED,3,0.597,2026-06-21 11:37:15.661676,0.0581999999999999,True,0.0,0.11935117238714368,293.4427599896508,DO_NOT_ACT
pay_003686,cust_02717,915.59,INR,CARD,FAILED,NETWORK_ERROR,4,0.618,2026-08-03 08:29:15.661676,0.4307999999999999,True,1.0,0.3150276107086498,288.4361300887327,ESCALATE
pay_007535,cust_00178,1184.17,INR,CARD,FAILED,LIMIT_EXCEEDED,1,0.53,2026-07-11 16:38:15.661676,0.278,True,0.0,0.2433635427180867,288.1838063804767,DO_NOT_ACT
pay_000950,cust_02812,2196.61,INR,CARD,FAILED,LIMIT_EXCEEDED,4,0.62,2026-07-12 08:31:15.661676,0.092,True,0.0,0.13117662891184056,288.1438948340381,ESCALATE
pay_000660,cust_02446,1610.84,INR,CARD,FAILED,FRAUD_SUSPECTED,1,0.887,2026-06-03 09:46:15.661676,0.1622,True,0.0,0.17868910387408912,287.8395560845377,ESCALATE
pay_006737,cust_02370,3461.18,INR,UPI,FAILED,CARD_EXPIRED,3,0.47,2026-06-18 00:09:15.661676,0.042,True,0.0,0.08312318701414009,287.7043124296014,DO_NOT_ACT
pay_000732,cust_02492,826.58,INR,NETBANKING,FAILED,LIMIT_EXCEEDED,4,0.934,2026-08-04 14:46:15.661676,0.2604000000000001,True,1.0,0.3467000015725108,286.575287299806,ESCALATE
pay_002964,cust_02949,776.47,INR,NETBANKING,FAILED,CARD_EXPIRED,2,0.947,2026-07-12 10:01:15.661676,0.3481999999999999,True,0.0,0.36864731202724155,286.24357836979226,DO_NOT_ACT
pay_009443,cust_01221,830.7,INR,NETBANKING,FAILED,NETWORK_ERROR,4,0.577,2026-08-14 19:20:15.661676,0.3862,True,1.0,0.3434517553321451,285.30537315441296,ESCALATE
pay_009725,cust_00904,991.78,INR,CARD,FAILED,LIMIT_EXCEEDED,1,0.601,2026-08-22 02:53:15.661676,0.3206,True,0.0,0.2876005810909383,285.23650431437073,DO_NOT_ACT
pay_009811,cust_02640,1152.2,INR,WALLET,FAILED,CARD_EXPIRED,4,0.964,2026-06-06 00:21:15.661676,0.2384,True,0.0,0.2463298837284586,283.82129203193,ESCALATE
pay_001081,cust_02990,1367.96,INR,WALLET,FAILED,CARD_EXPIRED,2,0.675,2026-07-18 03:17:15.661676,0.225,True,0.0,0.20744970547241234,283.7828990980412,DO_NOT_ACT
pay_009195,cust_00116,806.94,INR,NETBANKING,FAILED,INSUFFICIENT_FUNDS,3,0.817,2026-06-27 23:18:15.661676,0.3401999999999999,True,1.0,0.35117479713940974,283.3769908036753,DO_NOT_ACT
pay_005789,cust_00700,446.85,INR,UPI,FAILED,NETWORK_ERROR,3,0.84,2026-08-19 19:01:15.661676,0.6839999999999999,True,0.0,0.6338243480631289,283.22440993200917,REVIEW
pay_001733,cust_00445,1780.17,INR,NETBANKING,FAILED,LIMIT_EXCEEDED,3,0.5,2026-07-22 13:53:15.661676,0.08,True,0.0,0.1584589875321249,282.0839358350628,DO_NOT_ACT
pay_005402,cust_00102,1315.72,INR,NETBANKING,FAILED,LIMIT_EXCEEDED,3,0.615,2026-07-15 18:42:15.661676,0.149,True,0.0,0.21324940456669453,280.57650657649134,DO_NOT_ACT
pay_006024,cust_00921,1450.85,INR,CARD,FAILED,LIMIT_EXCEEDED,4,0.767,2026-06-28 13:44:15.661676,0.1802,True,1.0,0.1932972220104274,280.4452745538286,ESCALATE
pay_009007,cust_01697,1537.5,INR,WALLET,FAILED,CARD_EXPIRED,4,0.843,2026-08-26 07:50:15.661676,0.1657999999999999,True,0.0,0.18180658094252414,279.52761819913087,ESCALATE
pay_006092,cust_02638,1948.51,INR,WALLET,FAILED,INSUFFICIENT_FUNDS,4,0.532,2026-06-29 07:54:15.661676,0.1292,True,0.0,0.14141895460467968,275.5562472367644,ESCALATE
pay_008087,cust_00083,369.54,INR,NETBANKING,FAILED,BANK_ERROR,4,0.965,2026-06-06 07:36:15.661676,0.649,True,1.0,0.7428900816881837,274.5276007870514,ESCALATE
pay_003984,cust_01451,735.98,INR,CARD,FAILED,LIMIT_EXCEEDED,2,0.831,2026-08-21 00:26:15.661676,0.3786,True,0.0,0.3727903936707692,274.36627393381275,DO_NOT_ACT
pay_001775,cust_01236,998.27,INR,WALLET,FAILED,LIMIT_EXCEEDED,2,0.586,2026-08-29 05:23:15.661676,0.2516,True,1.0,0.27335299957412224,272.880098884859,DO_NOT_ACT
pay_002969,cust_00782,421.37,INR,WALLET,FAILED,BANK_ERROR,4,0.803,2026-08-07 06:21:15.661676,0.5918000000000001,True,1.0,0.646748213876053,272.52029488095246,ESCALATE
pay_000228,cust_00968,763.42,INR,NETBANKING,FAILED,NETWORK_ERROR,3,0.483,2026-06-09 18:48:15.661676,0.4097999999999999,True,1.0,0.3547319840994199,270.80949130117915,DO_NOT_ACT
pay_009886,cust_01247,753.26,INR,WALLET,FAILED,NETWORK_ERROR,3,0.463,2026-08-08 06:12:15.661676,0.4377999999999999,True,0.0,0.35617414556687105,268.29173688970127,DO_NOT_ACT
pay_001160,cust_01121,1394.28,INR,UPI,FAILED,CARD_EXPIRED,1,0.562,2026-06-02 03:05:15.661676,0.2572,True,0.0,0.1924203656941825,268.28786748008474,DO_NOT_ACT
pay_006552,cust_02810,4561.77,INR,NETBANKING,FAILED,FRAUD_SUSPECTED,3,0.621,2026-07-20 20:09:15.661676,0.02,True,0.0,0.05878264563868018,268.1529093951621,ESCALATE
pay_004296,cust_01892,532.86,INR,NETBANKING,FAILED,NETWORK_ERROR,3,0.671,2026-07-28 12:05:15.661676,0.5226,True,0.0,0.5026011602600773,267.81605425618477,REVIEW
pay_003089,cust_00946,379.6,INR,WALLET,FAILED,TIMEOUT,2,0.799,2026-07-25 09:26:15.661676,0.6794,True,1.0,0.7020394171689721,266.4941627573418,REVIEW
pay_008321,cust_00798,362.07,INR,NETBANKING,FAILED,NETWORK_ERROR,1,0.758,2026-07-26 11:51:15.661676,0.7348,True,1.0,0.7325491580430148,265.2340736526344,REVIEW
pay_003707,cust_00220,1188.38,INR,UPI,FAILED,INSUFFICIENT_FUNDS,2,0.514,2026-08-02 23:33:15.661676,0.2984,True,0.0,0.22302962231408296,265.04394256560994,DO_NOT_ACT
pay_009068,cust_00549,2860.52,INR,CARD,FAILED,INSUFFICIENT_FUNDS,4,0.48,2026-07-11 01:39:15.661676,0.078,True,0.0,0.09215612554120066,263.6144402331153,ESCALATE
pay_000563,cust_00357,3629.68,INR,WALLET,FAILED,FRAUD_SUSPECTED,2,0.563,2026-08-18 12:01:15.661676,0.02,True,0.0,0.07204771948848326,261.5101664729579,ESCALATE
pay_009770,cust_00165,437.46,INR,NETBANKING,FAILED,BANK_ERROR,3,0.65,2026-08-02 02:17:15.661676,0.54,True,0.0,0.5967041077580987,261.0341789798578,REVIEW
pay_003957,cust_01486,1678.48,INR,NETBANKING,FAILED,INSUFFICIENT_FUNDS,4,0.59,2026-08-07 00:24:15.661676,0.124,True,0.0,0.15543000182450917,260.88614946240216,ESCALATE
pay_004371,cust_00040,448.64,INR,CARD,FAILED,BANK_ERROR,4,0.821,2026-06-06 17:46:15.661676,0.5826,True,0.0,0.5811471071568373,260.7258381548435,ESCALATE
pay_000613,cust_00262,2261.93,INR,NETBANKING,FAILED,CARD_EXPIRED,4,0.696,2026-08-04 13:51:15.661676,0.0375999999999999,True,0.0,0.11522253597895768,260.6253108068837,ESCALATE
pay_000705,cust_02341,520.45,INR,CARD,FAILED,INSUFFICIENT_FUNDS,2,0.975,2026-06-11 16:31:15.661676,0.535,True,0.0,0.49726163028069226,258.7998154795863,DO_NOT_ACT
pay_008980,cust_00791,1512.29,INR,CARD,FAILED,INSUFFICIENT_FUNDS,2,0.488,2026-06-07 04:09:15.661676,0.2428,True,0.0,0.1710881367703672,258.7348783564586,DO_NOT_ACT
pay_005126,cust_00067,1046.38,INR,CARD,FAILED,LIMIT_EXCEEDED,1,0.537,2026-06-28 08:40:15.661676,0.2822,True,1.0,0.24696203875955616,258.4161381172244,DO_NOT_ACT
pay_000751,cust_00821,863.86,INR,NETBANKING,FAILED,USER_CANCELLED,4,0.527,2026-07-07 23:39:15.661676,0.2362,True,0.0,0.2986380960675993,257.98150566895634,ESCALATE
pay_005220,cust_01578,692.87,INR,WALLET,FAILED,INSUFFICIENT_FUNDS,1,0.604,2026-07-13 02:36:15.661676,0.4124,True,0.0,0.3719477231342368,257.71141892801865,DO_NOT_ACT
pay_008681,cust_02741,735.61,INR,WALLET,FAILED,TIMEOUT,4,0.564,2026-07-06 06:33:15.661676,0.3783999999999999,True,0.0,0.3499487138344217,257.42577338373894,ESCALATE
pay_007876,cust_02312,1361.9,INR,NETBANKING,FAILED,CARD_EXPIRED,2,0.657,2026-08-27 01:19:15.661676,0.1742,True,0.0,0.1867506112686425,254.33565748676426,DO_NOT_ACT
pay_008635,cust_01665,742.59,INR,UPI,FAILED,CARD_EXPIRED,2,0.914,2026-06-26 09:55:15.661676,0.3883999999999999,True,0.0,0.34103599068686397,253.24991632415833,DO_NOT_ACT
pay_001459,cust_01047,5073.58,INR,NETBANKING,FAILED,FRAUD_SUSPECTED,3,0.564,2026-06-08 22:55:15.661676,0.02,True,0.0,0.04988453881486671,253.09319844033143,ESCALATE
pay_004447,cust_00055,895.51,INR,CARD,FAILED,INSUFFICIENT_FUNDS,1,0.58,2026-06-27 20:21:15.661676,0.378,True,0.0,0.2821009757860177,252.62424482613673,DO_NOT_ACT
pay_004730,cust_01848,1836.24,INR,CARD,FAILED,INSUFFICIENT_FUNDS,3,0.516,2026-07-04 14:46:15.661676,0.1796,True,0.0,0.13741853195427817,252.33340511572374,DO_NOT_ACT
pay_004013,cust_01663,822.22,INR,UPI,FAILED,INSUFFICIENT_FUNDS,1,0.539,2026-07-22 07:04:15.661676,0.3934,True,0.0,0.30640878476390804,251.93543100858048,DO_NOT_ACT
pay_006920,cust_02121,1763.02,INR,NETBANKING,FAILED,INSUFFICIENT_FUNDS,4,0.559,2026-07-24 14:47:15.661676,0.1054,True,0.0,0.14284665810201932,251.8415151670221,ESCALATE
pay_000018,cust_01097,2324.82,INR,UPI,FAILED,CARD_EXPIRED,3,0.565,2026-06-19 22:39:15.661676,0.0989999999999999,True,0.0,0.10731481131241101,249.4876196353194,DO_NOT_ACT
pay_008736,cust_00259,1086.26,INR,UPI,FAILED,LIMIT_EXCEEDED,3,0.649,2026-06-03 12:04:15.661676,0.2294,True,0.0,0.22934770731549628,249.131240548531,DO_NOT_ACT
pay_002031,cust_02137,3448.51,INR,WALLET,FAILED,FRAUD_SUSPECTED,4,0.784,2026-08-28 18:04:15.661676,0.02,True,0.0,0.07209433185323191,248.6180243391888,ESCALATE
pay_000749,cust_02543,1108.53,INR,UPI,FAILED,INSUFFICIENT_FUNDS,4,0.736,2026-07-13 17:20:15.661676,0.2716,True,1.0,0.22415623382500863,248.4839098820368,ESCALATE
pay_002344,cust_00752,1186.99,INR,UPI,FAILED,CARD_EXPIRED,3,0.814,2026-06-14 14:22:15.661676,0.2483999999999999,True,0.0,0.20866458627830134,247.6827772664809,DO_NOT_ACT
pay_006904,cust_01146,1245.2,INR,UPI,FAILED,INSUFFICIENT_FUNDS,3,0.574,2026-08-10 02:05:15.661676,0.2544,True,0.0,0.1963714878670963,244.52177669210832,DO_NOT_ACT
pay_008106,cust_01799,370.68,INR,WALLET,FAILED,NETWORK_ERROR,1,0.625,2026-07-07 16:34:15.661676,0.6950000000000001,True,0.0,0.6558900555763445,243.1253258010394,REVIEW
pay_007711,cust_00262,2359.43,INR,WALLET,FAILED,CARD_EXPIRED,4,0.633,2026-07-25 03:30:15.661676,0.0398,True,0.0,0.10247396537853677,241.78014813308098,ESCALATE
pay_008846,cust_01291,999.05,INR,NETBANKING,FAILED,CARD_EXPIRED,1,0.649,2026-07-04 16:13:15.661676,0.2494,True,1.0,0.24087245006744903,240.64362123988494,DO_NOT_ACT
pay_002547,cust_01841,600.59,INR,CARD,FAILED,INSUFFICIENT_FUNDS,1,0.738,2026-08-23 20:04:15.661676,0.4728,True,0.0,0.39531844759314616,237.42430643996767,DO_NOT_ACT
pay_009206,cust_01253,462.28,INR,CARD,FAILED,TIMEOUT,2,0.642,2026-08-12 00:55:15.661676,0.5652,True,0.0,0.5022883388199931,232.1978532697064,REVIEW
pay_002267,cust_00455,435.78,INR,WALLET,FAILED,NETWORK_ERROR,1,0.467,2026-08-25 00:30:15.661676,0.6002000000000001,True,0.0,0.5325171581916874,232.06032719677353,REVIEW
pay_005277,cust_02774,557.58,INR,NETBANKING,FAILED,USER_CANCELLED,2,0.463,2026-07-25 22:52:15.661676,0.3577999999999999,True,1.0,0.41253387101068945,230.02063579814023,DO_NOT_ACT
pay_000719,cust_00934,1351.69,INR,CARD,FAILED,INSUFFICIENT_FUNDS,3,0.595,2026-06-28 02:10:15.661676,0.227,True,1.0,0.1692755639159649,228.80808698957063,DO_NOT_ACT
pay_009946,cust_00620,434.55,INR,UPI,FAILED,USER_CANCELLED,2,0.608,2026-08-29 00:58:15.661676,0.5047999999999999,True,0.0,0.5263232964143472,228.71378845685456,REVIEW
pay_006922,cust_01080,1091.52,INR,NETBANKING,FAILED,INSUFFICIENT_FUNDS,3,0.596,2026-06-20 07:21:15.661676,0.2076,True,0.0,0.2093087205301938,228.46465463311714,DO_NOT_ACT
pay_001039,cust_01537,2163.67,INR,NETBANKING,FAILED,INSUFFICIENT_FUNDS,4,0.45,2026-07-03 12:13:15.661676,0.04,True,0.0,0.10544710914611996,228.1527466461854,ESCALATE
pay_003196,cust_00010,401.82,INR,WALLET,FAILED,USER_CANCELLED,3,0.739,2026-06-05 02:06:15.661676,0.4833999999999999,True,1.0,0.5641577912705992,226.68988368835215,REVIEW
pay_007190,cust_02122,357.8,INR,NETBANKING,FAILED,USER_CANCELLED,1,0.628,2026-08-28 23:45:15.661676,0.5367999999999999,True,0.0,0.6316614239750292,226.00845749826547,REVIEW
pay_003871,cust_00558,594.56,INR,UPI,FAILED,NETWORK_ERROR,4,0.63,2026-06-26 08:54:15.661676,0.478,True,1.0,0.3792892192709907,225.5101982097602,ESCALATE
pay_002698,cust_01141,632.84,INR,UPI,FAILED,INSUFFICIENT_FUNDS,4,0.937,2026-08-27 00:51:15.661676,0.3922,True,1.0,0.3551405839632808,224.74716715532264,ESCALATE
pay_006217,cust_00608,1825.81,INR,NETBANKING,FAILED,INSUFFICIENT_FUNDS,4,0.506,2026-07-06 12:10:15.661676,0.0736,True,0.0,0.12308833898150866,224.73592019582833,ESCALATE
pay_000133,cust_01321,772.91,INR,CARD,FAILED,NETWORK_ERROR,4,0.582,2026-08-15 08:31:15.661676,0.4092,True,0.0,0.2894752033614325,223.7382794300848,ESCALATE
pay_001656,cust_01750,1427.5,INR,UPI,FAILED,INSUFFICIENT_FUNDS,4,0.598,2026-08-17 11:03:15.661676,0.1888,True,0.0,0.15647478297806164,223.36775270118298,ESCALATE
pay_008923,cust_02180,757.33,INR,WALLET,FAILED,USER_CANCELLED,4,0.5,2026-08-08 02:22:15.661676,0.26,True,1.0,0.29467691291751974,223.16766645982523,ESCALATE
pay_000672,cust_00298,344.22,INR,NETBANKING,FAILED,NETWORK_ERROR,1,0.632,2026-08-03 20:51:15.661676,0.6592,True,1.0,0.6445885590118159,221.88027378304727,REVIEW
pay_002087,cust_02143,1204.1,INR,NETBANKING,FAILED,INSUFFICIENT_FUNDS,3,0.546,2026-06-11 01:26:15.661676,0.1776000000000001,True,1.0,0.1839651750979121,221.51246733539594,DO_NOT_ACT
pay_000487,cust_01764,1077.87,INR,CARD,FAILED,INSUFFICIENT_FUNDS,2,0.554,2026-06-10 11:32:15.661676,0.2824,True,0.0,0.2021280738292191,217.86778693830038,DO_NOT_ACT
pay_008482,cust_00224,1761.67,INR,CARD,FAILED,FRAUD_SUSPECTED,2,0.861,2026-06-07 18:32:15.661676,0.0666,True,0.0,0.1229245184968248,216.55243650030135,ESCALATE
pay_005077,cust_01520,1868.76,INR,CARD,FAILED,FRAUD_SUSPECTED,3,0.949,2026-06-27 00:05:15.661676,0.0393999999999999,True,0.0,0.11575204308631878,216.3127880379891,ESCALATE
pay_005694,cust_01275,782.33,INR,UPI,FAILED,FRAUD_SUSPECTED,1,0.986,2026-07-20 14:18:15.661676,0.2616,True,1.0,0.2750004148390012,215.1410745409958,ESCALATE
pay_003606,cust_01633,960.33,INR,NETBANKING,FAILED,INSUFFICIENT_FUNDS,4,0.729,2026-08-09 05:32:15.661676,0.2074,True,0.0,0.22162488704827416,212.83302777906914,ESCALATE
pay_009196,cust_00395,531.76,INR,WALLET,FAILED,INSUFFICIENT_FUNDS,1,0.64,2026-06-23 06:03:15.661676,0.434,True,0.0,0.3988586375849175,212.09706912215574,DO_NOT_ACT
pay_006818,cust_01937,552.85,INR,WALLET,FAILED,LIMIT_EXCEEDED,2,0.742,2026-07-05 07:12:15.661676,0.3452,True,0.0,0.3825096128142135,211.47043944433793,DO_NOT_ACT
pay_006817,cust_02160,375.54,INR,CARD,FAILED,BANK_ERROR,3,0.688,2026-07-17 05:35:15.661676,0.5828,True,0.0,0.5620581718511671,211.07532585698732,REVIEW
pay_003200,cust_00475,2565.35,INR,CARD,FAILED,CARD_EXPIRED,3,0.546,2026-08-23 23:50:15.661676,0.0476,True,0.0,0.08109931455241691,208.0481265870427,DO_NOT_ACT
pay_006574,cust_00112,1241.64,INR,CARD,FAILED,LIMIT_EXCEEDED,3,0.602,2026-06-27 03:25:15.661676,0.1612,True,0.0,0.16594125601940454,206.03930112393348,DO_NOT_ACT
pay_002886,cust_01950,1212.23,INR,CARD,FAILED,CARD_EXPIRED,2,0.703,2026-08-04 04:56:15.661676,0.2218,True,0.0,0.16944937463621348,205.41161541525707,DO_NOT_ACT
pay_007229,cust_01747,2056.0,INR,UPI,FAILED,FRAUD_SUSPECTED,1,0.598,2026-07-14 06:12:15.661676,0.0288,True,0.0,0.09923174188255943,204.02046131054217,ESCALATE
pay_005009,cust_00767,1004.87,INR,UPI,FAILED,INSUFFICIENT_FUNDS,4,0.698,2026-07-21 12:21:15.661676,0.2488,True,0.0,0.20288035017283737,203.8683774781791,ESCALATE
pay_007297,cust_00148,934.78,INR,WALLET,FAILED,INSUFFICIENT_FUNDS,4,0.696,2026-08-08 19:29:15.661676,0.2276,True,0.0,0.21537930327407345,201.3322651145384,ESCALATE
pay_001597,cust_00643,2967.05,INR,NETBANKING,FAILED,CARD_EXPIRED,4,0.51,2026-08-23 15:14:15.661676,0.02,True,0.0,0.06730659077782943,199.7020201673588,ESCALATE
pay_009261,cust_02274,387.43,INR,UPI,FAILED,TIMEOUT,4,0.8,2026-06-19 06:14:15.661676,0.54,True,0.0,0.5148762550900523,199.47850750953896,ESCALATE
pay_001014,cust_01468,1041.74,INR,CARD,FAILED,INSUFFICIENT_FUNDS,4,0.752,2026-06-23 13:25:15.661676,0.2412,True,0.0,0.19094086031843804,198.91073182812966,ESCALATE
pay_001045,cust_00377,1574.82,INR,WALLET,FAILED,FRAUD_SUSPECTED,3,0.878,2026-07-22 12:54:15.661676,0.02,True,0.0,0.12610308599970044,198.58966189404825,ESCALATE
pay_005957,cust_02361,1638.43,INR,UPI,FAILED,CARD_EXPIRED,3,0.612,2026-07-13 20:59:15.661676,0.1272,True,0.0,0.12111052083886419,198.43111065802026,DO_NOT_ACT
pay_009592,cust_01724,1408.91,INR,CARD,FAILED,INSUFFICIENT_FUNDS,4,0.637,2026-07-21 00:59:15.661676,0.1722,True,0.0,0.1405629627111811,198.04056379341017,ESCALATE
pay_004733,cust_00777,782.98,INR,UPI,FAILED,INSUFFICIENT_FUNDS,1,0.452,2026-06-14 19:50:15.661676,0.3412,True,1.0,0.24931144603538496,195.20587601678574,DO_NOT_ACT
pay_009639,cust_02589,1108.91,INR,UPI,FAILED,LIMIT_EXCEEDED,4,0.657,2026-08-03 12:16:15.661676,0.1542000000000001,True,0.0,0.17597838374669517,195.14418952054774,ESCALATE
pay_005446,cust_01055,1513.97,INR,UPI,FAILED,LIMIT_EXCEEDED,4,0.536,2026-07-17 06:25:15.661676,0.0816,True,0.0,0.1268374351208138,192.02807164985848,ESCALATE
pay_002793,cust_01593,1299.33,INR,NETBANKING,FAILED,FRAUD_SUSPECTED,1,0.735,2026-07-16 00:49:15.661676,0.051,True,0.0,0.1461751944171832,189.92981536207864,ESCALATE
pay_006582,cust_02585,2199.6,INR,WALLET,FAILED,CARD_EXPIRED,3,0.466,2026-06-02 16:40:15.661676,0.02,True,0.0,0.0861730693715813,189.5462833897302,DO_NOT_ACT
pay_007077,cust_00012,3430.84,INR,NETBANKING,FAILED,FRAUD_SUSPECTED,2,0.495,2026-07-12 19:48:15.661676,0.02,True,0.0,0.05443529279198772,186.75877992246316,ESCALATE
pay_003017,cust_02856,536.21,INR,WALLET,FAILED,LIMIT_EXCEEDED,1,0.587,2026-08-12 16:14:15.661676,0.3322,True,0.0,0.3481066887692605,186.65828758496517,DO_NOT_ACT
pay_009420,cust_00251,1480.43,INR,CARD,FAILED,FRAUD_SUSPECTED,1,0.76,2026-08-10 16:53:15.661676,0.086,True,0.0,0.12525446672614052,185.4304701753802,ESCALATE
pay_007786,cust_01721,1896.48,INR,NETBANKING,FAILED,FRAUD_SUSPECTED,3,0.807,2026-07-21 22:32:15.661676,0.02,True,0.0,0.0969294302677152,183.82472591411653,ESCALATE
pay_009013,cust_00571,240.64,INR,WALLET,FAILED,BANK_ERROR,1,0.632,2026-07-14 09:40:15.661676,0.7292000000000001,True,1.0,0.7534372475477059,181.30713924987995,RECOVER
pay_009436,cust_02623,580.62,INR,WALLET,FAILED,TIMEOUT,4,0.504,2026-06-01 01:30:15.661676,0.3424,True,0.0,0.30592754870840944,177.6276533310767,ESCALATE
pay_006838,cust_00900,438.61,INR,CARD,FAILED,CARD_EXPIRED,1,0.964,2026-07-15 10:28:15.661676,0.4584,True,1.0,0.40198098927674847,176.31288170667466,DO_NOT_ACT
pay_008139,cust_02918,495.84,INR,UPI,FAILED,CARD_EXPIRED,1,0.825,2026-07-01 16:19:15.661676,0.415,True,1.0,0.35499272879719956,176.01959464680343,DO_NOT_ACT
pay_006358,cust_02049,525.34,INR,WALLET,FAILED,INSUFFICIENT_FUNDS,2,0.665,2026-08-26 12:42:15.661676,0.369,True,0.0,0.3346511856348185,175.80565386139557,DO_NOT_ACT
pay_000036,cust_02662,680.84,INR,NETBANKING,FAILED,INSUFFICIENT_FUNDS,2,0.571,2026-07-10 14:48:15.661676,0.2726,True,0.0,0.2568339516828442,174.86282766374762,DO_NOT_ACT
pay_002604,cust_01770,698.03,INR,NETBANKING,FAILED,INSUFFICIENT_FUNDS,2,0.555,2026-06-09 08:21:15.661676,0.263,True,1.0,0.2470598255089923,172.4551700000419,DO_NOT_ACT
pay_001817,cust_01631,323.29,INR,NETBANKING,FAILED,USER_CANCELLED,1,0.502,2026-06-01 07:47:15.661676,0.4612,True,0.0,0.5316270506234353,171.8697091960504,REVIEW
pay_005664,cust_02244,554.0,INR,UPI,FAILED,INSUFFICIENT_FUNDS,4,0.875,2026-08-01 21:28:15.661676,0.355,True,1.0,0.3097856793524075,171.62126636123375,ESCALATE
pay_001667,cust_00137,812.86,INR,WALLET,FAILED,LIMIT_EXCEEDED,2,0.483,2026-06-29 06:08:15.661676,0.1898,True,0.0,0.21099507789881802,171.50945902083322,DO_NOT_ACT
pay_007368,cust_00372,1242.06,INR,WALLET,FAILED,CARD_EXPIRED,3,0.632,2026-07-24 13:59:15.661676,0.1192,True,0.0,0.13674500112778334,169.84549610077457,DO_NOT_ACT
pay_006171,cust_00406,891.41,INR,WALLET,FAILED,CARD_EXPIRED,2,0.646,2026-07-06 22:11:15.661676,0.2075999999999999,True,0.0,0.19046017772061796,169.77810702193605,DO_NOT_ACT
pay_005055,cust_00581,683.16,INR,UPI,FAILED,INSUFFICIENT_FUNDS,2,0.561,2026-06-09 10:16:15.661676,0.3266,True,1.0,0.24841714315394728,169.7086555170506,DO_NOT_ACT
pay_009004,cust_01432,382.22,INR,UPI,FAILED,USER_CANCELLED,2,0.498,2026-07-29 13:39:15.661676,0.4387999999999999,True,1.0,0.43648666362109834,166.8339325692562,DO_NOT_ACT
pay_005522,cust_00323,1065.04,INR,NETBANKING,FAILED,FRAUD_SUSPECTED,2,0.871,2026-07-23 05:29:15.661676,0.0526,True,0.0,0.15645975311884702,166.63589546169683,ESCALATE
pay_000251,cust_02279,659.38,INR,UPI,FAILED,CARD_EXPIRED,1,0.672,2026-07-24 02:55:15.661676,0.3232,True,0.0,0.25102570443274275,165.5213289888619,DO_NOT_ACT
pay_001208,cust_01921,1063.88,INR,WALLET,FAILED,CARD_EXPIRED,3,0.677,2026-07-17 09:41:15.661676,0.1462,True,0.0,0.15447111203345937,164.33872667015677,DO_NOT_ACT
pay_007580,cust_02815,576.44,INR,UPI,FAILED,INSUFFICIENT_FUNDS,2,0.618,2026-06-05 07:38:15.661676,0.3608,True,1.0,0.2842586496122523,163.85805598248672,DO_NOT_ACT
pay_007687,cust_01047,1212.09,INR,NETBANKING,FAILED,INSUFFICIENT_FUNDS,4,0.543,2026-06-16 20:32:15.661676,0.0958,True,0.0,0.1349520577945187,163.57403973215816,ESCALATE
pay_004164,cust_02215,416.09,INR,CARD,FAILED,INSUFFICIENT_FUNDS,1,0.735,2026-07-02 12:53:15.661676,0.471,True,1.0,0.3918810311638361,163.05777825696055,DO_NOT_ACT
pay_008271,cust_00902,554.84,INR,NETBANKING,FAILED,LIMIT_EXCEEDED,3,0.75,2026-07-03 15:32:15.661676,0.23,True,1.0,0.2925198310696257,162.30170307067112,DO_NOT_ACT
pay_002098,cust_01699,767.02,INR,CARD,FAILED,INSUFFICIENT_FUNDS,1,0.464,2026-06-01 02:50:15.661676,0.3084,True,0.0,0.2114186365010569,162.16232256904067,DO_NOT_ACT
pay_003318,cust_01553,823.99,INR,UPI,FAILED,LIMIT_EXCEEDED,3,0.591,2026-08-12 01:47:15.661676,0.1946,True,0.0,0.19653428552282806,161.94228592795508,DO_NOT_ACT
pay_001347,cust_02982,234.36,INR,WALLET,FAILED,BANK_ERROR,1,0.528,2026-08-06 01:25:15.661676,0.6668000000000001,True,1.0,0.6850251829495074,160.54250187604657,REVIEW
pay_000019,cust_02045,874.44,INR,WALLET,FAILED,INSUFFICIENT_FUNDS,3,0.525,2026-08-20 06:23:15.661676,0.205,True,0.0,0.18322563192239588,160.21982157821986,DO_NOT_ACT
pay_003827,cust_02584,705.61,INR,NETBANKING,FAILED,INSUFFICIENT_FUNDS,3,0.63,2026-07-07 16:27:15.661676,0.228,True,0.0,0.22660387967938858,159.89396354057337,DO_NOT_ACT
pay_005781,cust_02159,674.5,INR,WALLET,FAILED,INSUFFICIENT_FUNDS,3,0.626,2026-07-07 04:06:15.661676,0.2656,True,0.0,0.23694152103130464,159.81705593561497,DO_NOT_ACT
pay_004781,cust_00542,2260.33,INR,CARD,FAILED,CARD_EXPIRED,4,0.612,2026-06-05 18:59:15.661676,0.02,True,0.0,0.07057173763419983,159.5154157267109,ESCALATE
pay_005485,cust_00395,268.42,INR,UPI,FAILED,USER_CANCELLED,2,0.691,2026-06-07 14:44:15.661676,0.5546000000000001,True,1.0,0.5920691305758251,158.923196029163,REVIEW
pay_003233,cust_01654,767.64,INR,UPI,FAILED,INSUFFICIENT_FUNDS,3,0.595,2026-06-29 03:06:15.661676,0.267,True,0.0,0.20547963707486736,157.73438860415118,DO_NOT_ACT
pay_006626,cust_02945,350.86,INR,CARD,FAILED,USER_CANCELLED,3,0.698,2026-07-20 17:45:15.661676,0.4387999999999999,True,1.0,0.44669813387225504,156.7285072504194,DO_NOT_ACT
pay_007492,cust_02223,973.25,INR,NETBANKING,FAILED,INSUFFICIENT_FUNDS,3,0.487,2026-08-04 10:04:15.661676,0.1422,True,0.0,0.1560001110830319,151.82710811156082,DO_NOT_ACT
pay_004165,cust_01333,1278.93,INR,UPI,FAILED,INSUFFICIENT_FUNDS,4,0.501,2026-07-07 16:49:15.661676,0.1306,True,0.0,0.11863421160388841,151.72485224656103,ESCALATE
pay_001064,cust_00461,449.54,INR,UPI,FAILED,TIMEOUT,3,0.457,2026-06-22 20:42:15.661676,0.4141999999999999,True,1.0,0.33149527403683055,149.02038549051682,DO_NOT_ACT
pay_006680,cust_02647,1164.64,INR,WALLET,FAILED,INSUFFICIENT_FUNDS,4,0.501,2026-06-21 01:15:15.661676,0.1106,True,0.0,0.12737130223819187,148.3417134386878,ESCALATE
pay_000859,cust_02988,1162.38,INR,NETBANKING,FAILED,CARD_EXPIRED,2,0.517,2026-08-26 21:13:15.661676,0.0902,True,0.0,0.12632994782524423,146.8434047531074,DO_NOT_ACT
pay_004798,cust_00012,380.13,INR,NETBANKING,FAILED,BANK_ERROR,4,0.49,2026-06-21 20:46:15.661676,0.364,True,1.0,0.3796192830288467,144.3046780577555,ESCALATE
pay_004895,cust_00208,771.72,INR,UPI,FAILED,INSUFFICIENT_FUNDS,4,0.666,2026-07-22 23:32:15.661676,0.2296,True,0.0,0.18561101298070626,143.23973093747063,ESCALATE
pay_000534,cust_02784,686.21,INR,CARD,FAILED,INSUFFICIENT_FUNDS,3,0.675,2026-07-02 03:21:15.661676,0.275,True,0.0,0.20654450538409302,141.7329050396185,DO_NOT_ACT
pay_001747,cust_01701,3944.82,INR,CARD,FAILED,FRAUD_SUSPECTED,4,0.658,2026-06-17 02:03:15.661676,0.02,True,0.0,0.035874155042343536,141.51708429413765,ESCALATE
pay_006167,cust_02857,4486.19,INR,CARD,FAILED,FRAUD_SUSPECTED,4,0.613,2026-08-24 19:07:15.661676,0.02,True,0.0,0.03152954798583093,141.44754287855486,ESCALATE
pay_004728,cust_02500,1223.19,INR,CARD,FAILED,CARD_EXPIRED,2,0.566,2026-07-24 06:14:15.661676,0.1396,True,0.0,0.11536976454286829,141.11914229119108,DO_NOT_ACT
pay_008058,cust_02945,1435.8,INR,WALLET,FAILED,CARD_EXPIRED,4,0.623,2026-08-26 11:22:15.661676,0.0338,True,0.0,0.0974636705780393,139.93833821594882,ESCALATE
pay_007046,cust_01196,1159.7,INR,CARD,FAILED,INSUFFICIENT_FUNDS,4,0.585,2026-06-08 17:31:15.661676,0.141,True,1.0,0.12059730059575452,139.85668950089652,ESCALATE
pay_006803,cust_02229,275.79,INR,CARD,FAILED,BANK_ERROR,2,0.502,2026-08-02 11:17:15.661676,0.5512,True,1.0,0.4994167790015369,137.73415348083387,DO_NOT_ACT
pay_006432,cust_00535,222.63,INR,WALLET,FAILED,NETWORK_ERROR,1,0.565,2026-07-28 14:23:15.661676,0.659,True,0.0,0.609507258798529,135.6946010263165,REVIEW
pay_007416,cust_01327,441.16,INR,UPI,FAILED,NETWORK_ERROR,4,0.529,2026-08-01 19:34:15.661676,0.4174,True,0.0,0.30438713645504745,134.28342911850874,ESCALATE
pay_002357,cust_01514,1345.58,INR,CARD,FAILED,CARD_EXPIRED,4,0.731,2026-06-26 09:27:15.661676,0.0786,True,0.0,0.09869622932650081,132.80367225715295,ESCALATE
pay_005666,cust_01927,573.06,INR,WALLET,FAILED,INSUFFICIENT_FUNDS,4,0.726,2026-07-09 10:18:15.661676,0.2456,True,0.0,0.23080681633342653,132.2661541680334,ESCALATE
pay_006164,cust_01973,530.59,INR,WALLET,FAILED,INSUFFICIENT_FUNDS,3,0.646,2026-07-10 19:39:15.661676,0.2776,True,0.0,0.24829254578051518,131.74154186568356,DO_NOT_ACT
pay_006741,cust_02630,460.13,INR,NETBANKING,FAILED,CARD_EXPIRED,2,0.832,2026-07-26 07:01:15.661676,0.2791999999999999,True,0.0,0.28459785354832695,130.95201035319167,DO_NOT_ACT
pay_009277,cust_02116,1287.32,INR,CARD,FAILED,FRAUD_SUSPECTED,1,0.687,2026-06-22 20:32:15.661676,0.0422,True,0.0,0.10092511636150121,129.92292079448774,ESCALATE
pay_008893,cust_01266,855.2,INR,UPI,FAILED,INSUFFICIENT_FUNDS,4,0.587,2026-08-23 15:00:15.661676,0.1822,True,1.0,0.14996115029540238,128.24677573262812,ESCALATE
pay_006967,cust_02163,1138.23,INR,UPI,FAILED,CARD_EXPIRED,2,0.479,2026-07-01 08:57:15.661676,0.1274,True,0.0,0.11199116366420449,127.47170221750747,DO_NOT_ACT
pay_004377,cust_00011,271.15,INR,UPI,FAILED,USER_CANCELLED,4,0.757,2026-07-23 12:01:15.661676,0.4342,True,0.0,0.46784647571286625,126.85657188954367,ESCALATE
pay_006623,cust_02273,2421.92,INR,UPI,FAILED,FRAUD_SUSPECTED,4,0.711,2026-07-20 20:34:15.661676,0.02,True,0.0,0.05200573872074361,125.95373872254338,ESCALATE
pay_005744,cust_00497,559.73,INR,NETBANKING,FAILED,CARD_EXPIRED,3,0.844,2026-08-17 17:33:15.661676,0.2063999999999999,True,1.0,0.22467723561450964,125.75858909050949,DO_NOT_ACT
pay_002300,cust_02328,543.23,INR,NETBANKING,FAILED,INSUFFICIENT_FUNDS,2,0.521,2026-06-15 12:51:15.661676,0.2426,True,0.0,0.22629758058830887,122.93163470298703,DO_NOT_ACT
pay_004208,cust_01112,184.25,INR,NETBANKING,FAILED,NETWORK_ERROR,1,0.662,2026-06-28 07:42:15.661676,0.6772,True,1.0,0.6658337450812091,122.67986753121278,REVIEW
pay_000109,cust_02393,2221.73,INR,UPI,FAILED,CARD_EXPIRED,4,0.453,2026-08-17 17:19:15.661676,0.02,True,0.0,0.05490706215821872,121.98866720877928,ESCALATE
pay_002485,cust_01232,1164.86,INR,CARD,FAILED,FRAUD_SUSPECTED,2,0.808,2026-08-26 08:20:15.661676,0.0348,True,0.0,0.1040404630492743,121.19257378757766,ESCALATE
pay_005268,cust_01298,1166.4,INR,UPI,FAILED,INSUFFICIENT_FUNDS,4,0.456,2026-08-05 01:45:15.661676,0.1036000000000001,True,0.0,0.10383626243251373,121.11461650128403,ESCALATE
pay_003956,cust_02249,1108.64,INR,WALLET,FAILED,CARD_EXPIRED,3,0.534,2026-06-09 03:34:15.661676,0.0604,True,0.0,0.10282558885027293,113.99656082296659,DO_NOT_ACT
pay_000576,cust_00260,308.31,INR,WALLET,FAILED,USER_CANCELLED,4,0.595,2026-06-20 13:37:15.661676,0.317,True,0.0,0.360436706137791,111.12624086934234,ESCALATE
pay_003478,cust_01100,335.45,INR,NETBANKING,FAILED,NETWORK_ERROR,4,0.556,2026-06-17 08:33:15.661676,0.3736,True,0.0,0.32543082182384653,109.16576918080932,ESCALATE
pay_003669,cust_01619,1613.7,INR,WALLET,FAILED,FRAUD_SUSPECTED,4,0.775,2026-06-14 12:22:15.661676,0.02,True,0.0,0.06722716840929673,108.48448166208213,ESCALATE
pay_007705,cust_01657,982.98,INR,NETBANKING,FAILED,FRAUD_SUSPECTED,4,0.957,2026-08-22 00:46:15.661676,0.02,True,0.0,0.10689361810948984,105.07428872926633,ESCALATE
pay_006049,cust_02743,616.46,INR,NETBANKING,FAILED,INSUFFICIENT_FUNDS,3,0.521,2026-08-20 21:53:15.661676,0.1626,True,0.0,0.16993885014328125,104.76050355932716,DO_NOT_ACT
pay_000776,cust_00453,514.82,INR,WALLET,FAILED,FRAUD_SUSPECTED,1,0.841,2026-06-14 07:34:15.661676,0.1546,True,0.0,0.2032499452615899,104.63713681957172,ESCALATE
pay_002039,cust_00985,1771.43,INR,NETBANKING,FAILED,CARD_EXPIRED,4,0.475,2026-06-08 11:32:15.661676,0.02,True,0.0,0.058800764518487494,104.16143829098431,ESCALATE
pay_003586,cust_00271,642.39,INR,UPI,FAILED,LIMIT_EXCEEDED,3,0.519,2026-08-13 01:06:15.661676,0.1514,True,0.0,0.16138696792405838,103.67337432473586,DO_NOT_ACT
pay_007802,cust_01234,1049.52,INR,WALLET,FAILED,FRAUD_SUSPECTED,2,0.679,2026-07-11 19:55:15.661676,0.02,True,0.0,0.09614546194691956,100.906585222531,ESCALATE
pay_002565,cust_01489,883.35,INR,WALLET,FAILED,CARD_EXPIRED,4,0.681,2026-08-04 23:15:15.661676,0.0686,True,0.0,0.11405961131459708,100.75455765474933,ESCALATE
pay_002363,cust_00304,534.92,INR,NETBANKING,FAILED,INSUFFICIENT_FUNDS,3,0.553,2026-08-20 22:57:15.661676,0.1818,True,0.0,0.18489864792733265,98.90598474928878,DO_NOT_ACT
pay_006703,cust_01700,306.18,INR,NETBANKING,FAILED,LIMIT_EXCEEDED,3,0.795,2026-08-23 01:15:15.661676,0.257,True,0.0,0.32250224582939413,98.7437376280439,DO_NOT_ACT
pay_005159,cust_00638,1560.38,INR,CARD,FAILED,CARD_EXPIRED,3,0.467,2026-07-03 07:38:15.661676,0.02,True,0.0,0.062342398410901494,97.27783163240248,DO_NOT_ACT
pay_004136,cust_00240,1325.32,INR,WALLET,FAILED,FRAUD_SUSPECTED,1,0.473,2026-06-28 21:27:15.661676,0.02,True,0.0,0.0725159704696317,96.10686598281227,ESCALATE
pay_008083,cust_00246,1184.25,INR,NETBANKING,FAILED,FRAUD_SUSPECTED,2,0.641,2026-06-17 19:23:15.661676,0.02,True,0.0,0.08064894442021203,95.5085124296361,ESCALATE
pay_003304,cust_00464,795.84,INR,WALLET,FAILED,CARD_EXPIRED,2,0.479,2026-07-06 15:47:15.661676,0.1074,True,0.0,0.1197056325785132,95.26653063128396,DO_NOT_ACT
pay_003729,cust_02995,692.45,INR,WALLET,FAILED,FRAUD_SUSPECTED,1,0.693,2026-08-01 19:59:15.661676,0.0657999999999999,True,0.0,0.13641428226978466,94.4600697577124,ESCALATE
pay_009204,cust_01567,1442.01,INR,CARD,FAILED,CARD_EXPIRED,3,0.481,2026-06-30 20:36:15.661676,0.02,True,0.0,0.06489215032541938,93.575129690758,DO_NOT_ACT
pay_003747,cust_02402,316.82,INR,CARD,FAILED,LIMIT_EXCEEDED,1,0.615,2026-08-20 06:38:15.661676,0.329,True,0.0,0.29356634436191836,93.00768922074298,DO_NOT_ACT
pay_009366,cust_02496,544.22,INR,UPI,FAILED,CARD_EXPIRED,3,0.739,2026-08-01 06:26:15.661676,0.2034,True,0.0,0.16880282852405207,91.86587533935962,DO_NOT_ACT
pay_009106,cust_01051,1373.95,INR,NETBANKING,FAILED,CARD_EXPIRED,4,0.516,2026-08-12 13:21:15.661676,0.02,True,0.0,0.06605682154501126,90.75876996176822,ESCALATE
pay_005369,cust_02484,1222.79,INR,CARD,FAILED,FRAUD_SUSPECTED,3,0.8,2026-07-13 22:02:15.661676,0.02,True,0.0,0.0733476700010239,89.68879740055202,ESCALATE
pay_008066,cust_02850,1943.5,INR,NETBANKING,FAILED,FRAUD_SUSPECTED,3,0.554,2026-08-01 09:32:15.661676,0.02,True,0.0,0.04489297782153453,87.24950239615235,ESCALATE
pay_002853,cust_00271,747.03,INR,NETBANKING,FAILED,CARD_EXPIRED,4,0.707,2026-07-27 11:14:15.661676,0.0441999999999999,True,0.0,0.11503999986470237,85.93833109892861,ESCALATE
pay_005372,cust_00514,734.75,INR,CARD,FAILED,INSUFFICIENT_FUNDS,3,0.463,2026-07-07 23:36:15.661676,0.1478,True,0.0,0.11531488513537504,84.72761185321681,DO_NOT_ACT
pay_003018,cust_00482,187.59,INR,WALLET,FAILED,NETWORK_ERROR,2,0.472,2026-06-16 13:41:15.661676,0.5232,True,0.0,0.44568069236175173,83.60524108014101,DO_NOT_ACT
pay_008470,cust_02578,1149.69,INR,CARD,FAILED,FRAUD_SUSPECTED,2,0.666,2026-08-06 18:33:15.661676,0.02,True,0.0,0.06801420696317628,78.19525360349414,ESCALATE
pay_002971,cust_01872,391.58,INR,CARD,FAILED,FRAUD_SUSPECTED,1,0.925,2026-06-11 16:37:15.661676,0.185,True,0.0,0.1928752978911688,75.52610914822388,ESCALATE
pay_009927,cust_00249,927.51,INR,CARD,FAILED,FRAUD_SUSPECTED,1,0.613,2026-07-26 17:53:15.661676,0.02,True,0.0,0.08033448234570158,74.51103572046166,ESCALATE
pay_009355,cust_02074,320.84,INR,WALLET,FAILED,INSUFFICIENT_FUNDS,4,0.73,2026-07-25 13:59:15.661676,0.248,True,0.0,0.23201437343221357,74.4394915719914,ESCALATE
pay_006875,cust_01613,615.35,INR,UPI,FAILED,FRAUD_SUSPECTED,3,0.896,2026-08-12 13:53:15.661676,0.0476,True,0.0,0.12080712401927939,74.33866376526358,ESCALATE
pay_000272,cust_01331,573.24,INR,CARD,FAILED,INSUFFICIENT_FUNDS,3,0.498,2026-08-12 16:16:15.661676,0.1688,True,0.0,0.12706120377205132,72.8365644502907,DO_NOT_ACT
pay_008204,cust_02152,952.24,INR,UPI,FAILED,CARD_EXPIRED,4,0.566,2026-07-18 01:19:15.661676,0.02,True,0.0,0.07530304092821456,71.70656769348304,ESCALATE
pay_000096,cust_00299,560.7,INR,WALLET,FAILED,CARD_EXPIRED,4,0.717,2026-07-08 11:07:15.661676,0.0901999999999999,True,0.0,0.12561422275804024,70.43189470043316,ESCALATE
pay_004497,cust_02672,949.43,INR,WALLET,FAILED,FRAUD_SUSPECTED,4,0.809,2026-07-19 02:58:15.661676,0.02,True,0.0,0.07340597693865253,69.69383668486486,ESCALATE
pay_004650,cust_01915,1504.92,INR,CARD,FAILED,FRAUD_SUSPECTED,4,0.749,2026-08-01 14:01:15.661676,0.02,True,0.0,0.04502042197411176,67.75213343728028,ESCALATE
pay_006998,cust_02696,1185.7,INR,WALLET,FAILED,FRAUD_SUSPECTED,4,0.725,2026-08-03 09:31:15.661676,0.02,True,0.0,0.05709946574399536,67.7028365326553,ESCALATE
pay_009146,cust_00968,462.28,INR,WALLET,FAILED,INSUFFICIENT_FUNDS,4,0.535,2026-06-04 00:05:15.661676,0.1310000000000001,True,0.0,0.13814554247907312,63.86192137722592,ESCALATE
pay_008525,cust_00610,447.73,INR,CARD,FAILED,INSUFFICIENT_FUNDS,3,0.529,2026-06-26 03:25:15.661676,0.1874,True,1.0,0.13835692430649407,61.946545719746595,DO_NOT_ACT
pay_006483,cust_00219,889.95,INR,NETBANKING,FAILED,FRAUD_SUSPECTED,1,0.471,2026-08-20 20:23:15.661676,0.02,True,0.0,0.06673448688605972,59.39035660424885,ESCALATE
pay_008849,cust_01683,1212.5,INR,CARD,FAILED,FRAUD_SUSPECTED,2,0.557,2026-06-22 13:44:15.661676,0.02,True,0.0,0.04869364187575455,59.04104077435239,ESCALATE
pay_003676,cust_00679,1916.58,INR,NETBANKING,FAILED,FRAUD_SUSPECTED,4,0.528,2026-08-22 05:53:15.661676,0.02,True,0.0,0.029262793006597218,56.0844838205841,ESCALATE
pay_008582,cust_02884,1102.64,INR,WALLET,FAILED,FRAUD_SUSPECTED,3,0.562,2026-06-06 03:09:15.661676,0.02,True,0.0,0.04831785243950782,53.27719681389891,ESCALATE
pay_001356,cust_01709,227.5,INR,CARD,FAILED,LIMIT_EXCEEDED,1,0.514,2026-07-15 12:18:15.661676,0.2684,True,0.0,0.22962041740961567,52.238644960687566,DO_NOT_ACT
pay_002049,cust_01476,1390.87,INR,WALLET,FAILED,FRAUD_SUSPECTED,4,0.579,2026-06-04 09:10:15.661676,0.02,True,0.0,0.03639551679562554,50.62143244553169,ESCALATE
pay_003980,cust_01924,780.77,INR,WALLET,FAILED,CARD_EXPIRED,4,0.475,2026-06-09 01:57:15.661676,0.02,True,0.0,0.061469909164425546,47.99386097830853,ESCALATE
pay_006433,cust_01803,552.66,INR,CARD,FAILED,LIMIT_EXCEEDED,4,0.486,2026-08-13 07:48:15.661676,0.02,True,0.0,0.08552707394202458,47.2673926847993,ESCALATE
pay_005908,cust_00920,177.75,INR,NETBANKING,FAILED,LIMIT_EXCEEDED,4,0.815,2026-06-30 06:51:15.661676,0.189,True,0.0,0.26140525882955806,46.46478475695395,ESCALATE
pay_007698,cust_01324,585.73,INR,CARD,FAILED,CARD_EXPIRED,4,0.652,2026-07-30 01:40:15.661676,0.0312,True,0.0,0.07663802220309143,44.889188745016746,ESCALATE
pay_005027,cust_02243,791.89,INR,NETBANKING,FAILED,FRAUD_SUSPECTED,3,0.635,2026-05-31 23:11:15.661676,0.02,True,0.0,0.05617351651543411,44.48324599340712,ESCALATE
pay_000025,cust_02787,1169.69,INR,UPI,FAILED,FRAUD_SUSPECTED,3,0.51,2026-08-01 18:59:15.661676,0.02,True,0.0,0.03795770031547468,44.39874248200758,ESCALATE
pay_006400,cust_00998,574.19,INR,NETBANKING,FAILED,FRAUD_SUSPECTED,1,0.502,2026-06-13 23:18:15.661676,0.02,True,0.0,0.07279578612869819,41.79861243723722,ESCALATE
pay_005815,cust_01404,257.69,INR,NETBANKING,FAILED,LIMIT_EXCEEDED,3,0.501,2026-07-29 17:41:15.661676,0.0806,True,0.0,0.15389105859261987,39.656186888732215,DO_NOT_ACT
pay_003549,cust_02041,743.03,INR,UPI,FAILED,CARD_EXPIRED,4,0.451,2026-06-17 03:59:15.661676,0.02,True,0.0,0.05269902817505072,39.15695890490793,ESCALATE
pay_006256,cust_02036,309.75,INR,WALLET,FAILED,FRAUD_SUSPECTED,2,0.772,2026-06-16 14:39:15.661676,0.0332,True,0.0,0.12397879864891134,38.40243288150029,ESCALATE
pay_009224,cust_01740,531.75,INR,NETBANKING,FAILED,CARD_EXPIRED,4,0.547,2026-07-25 07:18:15.661676,0.02,True,0.0,0.07118916654012217,37.85483930770996,ESCALATE
pay_006067,cust_01640,926.53,INR,WALLET,FAILED,FRAUD_SUSPECTED,3,0.506,2026-08-26 10:05:15.661676,0.02,True,0.0,0.04039382110321727,37.4260870667639,ESCALATE
pay_003577,cust_01793,929.3,INR,CARD,FAILED,FRAUD_SUSPECTED,2,0.47,2026-06-18 18:11:15.661676,0.02,True,0.0,0.036838015697295036,34.23356798749627,ESCALATE
pay_007396,cust_02119,416.29,INR,NETBANKING,FAILED,FRAUD_SUSPECTED,4,0.812,2026-06-05 10:38:15.661676,0.02,True,0.0,0.06843998391761907,28.490880905065644,ESCALATE
pay_005551,cust_00893,830.3,INR,CARD,FAILED,FRAUD_SUSPECTED,3,0.507,2026-06-13 23:36:15.661676,0.02,True,0.0,0.02920495018194027,24.248870136065005,ESCALATE
pay_005390,cust_02435,316.6,INR,CARD,FAILED,CARD_EXPIRED,4,0.639,2026-07-18 07:57:15.661676,0.0234,True,0.0,0.07322851640289042,23.18414829315511,ESCALATE
pay_008284,cust_00446,171.66,INR,UPI,FAILED,CARD_EXPIRED,4,0.713,2026-07-21 21:30:15.661676,0.1078,True,1.0,0.11436151180037375,19.631297115652156,ESCALATE
pay_003212,cust_02191,704.56,INR,CARD,FAILED,FRAUD_SUSPECTED,3,0.466,2026-07-14 07:28:15.661676,0.02,True,0.0,0.025558043428906083,18.00717507827007,ESCALATE
